node_id,node_name,ccaa,provincia,municipio,voltage,lat,lng,technology,status,grid,capacidad_acceso_mw,potencia_instalada_mw
6682.0,BENAHADUX 220,Andalucía,Almería,Benahadux,220.0,36.908045353068,-2.4654367923142,almacenamiento,Con permisos,RdD,,9.0
6682.0,BENAHADUX 220,Andalucía,Almería,Benahadux,220.0,36.908045353068,-2.4654367923142,almacenamiento,Con permisos,RdT,,
6682.0,BENAHADUX 220,Andalucía,Almería,Benahadux,220.0,36.908045353068,-2.4654367923142,fotovoltaica,Con permisos,RdD,50.0,60.0
6682.0,BENAHADUX 220,Andalucía,Almería,Benahadux,220.0,36.908045353068,-2.4654367923142,fotovoltaica,Con permisos,RdT,,
6682.0,BENAHADUX 220,Andalucía,Almería,Benahadux,220.0,36.908045353068,-2.4654367923142,fotovoltaica,Puesta en servicio,RdD,41.9,52.46
6682.0,BENAHADUX 220,Andalucía,Almería,Benahadux,220.0,36.908045353068,-2.4654367923142,fotovoltaica,Puesta en servicio,RdT,,
6682.0,BENAHADUX 220,Andalucía,Almería,Benahadux,220.0,36.908045353068,-2.4654367923142,hibridacion,Puesta en servicio,RdD,8.73,
6682.0,BENAHADUX 220,Andalucía,Almería,Benahadux,220.0,36.908045353068,-2.4654367923142,hibridacion,Puesta en servicio,RdT,,
7331.0,BERJA 220,Andalucía,Almería,Berja,220.0,36.834340444559,-2.9204953612487,almacenamiento,Con permisos,RdD,,
7331.0,BERJA 220,Andalucía,Almería,Berja,220.0,36.834340444559,-2.9204953612487,almacenamiento,Con permisos,RdT,378.0,427.0
7331.0,BERJA 220,Andalucía,Almería,Berja,220.0,36.834340444559,-2.9204953612487,almacenamiento,En curso,RdD,,
7331.0,BERJA 220,Andalucía,Almería,Berja,220.0,36.834340444559,-2.9204953612487,almacenamiento,En curso,RdT,25.0,25.0
7331.0,BERJA 220,Andalucía,Almería,Berja,220.0,36.834340444559,-2.9204953612487,bombeo,En curso,RdD,,
7331.0,BERJA 220,Andalucía,Almería,Berja,220.0,36.834340444559,-2.9204953612487,bombeo,En curso,RdT,50.0,50.0
7331.0,BERJA 220,Andalucía,Almería,Berja,220.0,36.834340444559,-2.9204953612487,eolica,Con permisos,RdD,,
7331.0,BERJA 220,Andalucía,Almería,Berja,220.0,36.834340444559,-2.9204953612487,eolica,Con permisos,RdT,111.0,117.0
7331.0,BERJA 220,Andalucía,Almería,Berja,220.0,36.834340444559,-2.9204953612487,eolica,Puesta en servicio,RdD,13.2,13.2
7331.0,BERJA 220,Andalucía,Almería,Berja,220.0,36.834340444559,-2.9204953612487,eolica,Puesta en servicio,RdT,,
7331.0,BERJA 220,Andalucía,Almería,Berja,220.0,36.834340444559,-2.9204953612487,fotovoltaica,Con permisos,RdD,12.0,15.0
7331.0,BERJA 220,Andalucía,Almería,Berja,220.0,36.834340444559,-2.9204953612487,fotovoltaica,Con permisos,RdT,45.0,75.0
7331.0,BERJA 220,Andalucía,Almería,Berja,220.0,36.834340444559,-2.9204953612487,fotovoltaica,Puesta en servicio,RdD,15.35,16.21
7331.0,BERJA 220,Andalucía,Almería,Berja,220.0,36.834340444559,-2.9204953612487,fotovoltaica,Puesta en servicio,RdT,,
7331.0,BERJA 220,Andalucía,Almería,Berja,220.0,36.834340444559,-2.9204953612487,hibridacion,Con permisos,RdD,,
7331.0,BERJA 220,Andalucía,Almería,Berja,220.0,36.834340444559,-2.9204953612487,hibridacion,Con permisos,RdT,49.0,
7331.0,BERJA 220,Andalucía,Almería,Berja,220.0,36.834340444559,-2.9204953612487,otras,Puesta en servicio,RdD,3.22,3.22
7331.0,BERJA 220,Andalucía,Almería,Berja,220.0,36.834340444559,-2.9204953612487,otras,Puesta en servicio,RdT,,
13332.0,LITORAL 400,Andalucía,Almería,Carboneras,400.0,36.978303067443,-1.9080669713052,almacenamiento,Con permisos,RdD,,119.0
13332.0,LITORAL 400,Andalucía,Almería,Carboneras,400.0,36.978303067443,-1.9080669713052,almacenamiento,Con permisos,RdT,,
13332.0,LITORAL 400,Andalucía,Almería,Carboneras,400.0,36.978303067443,-1.9080669713052,eolica,Con permisos,RdD,86.0,119.0
13332.0,LITORAL 400,Andalucía,Almería,Carboneras,400.0,36.978303067443,-1.9080669713052,eolica,Con permisos,RdT,,
13332.0,LITORAL 400,Andalucía,Almería,Carboneras,400.0,36.978303067443,-1.9080669713052,eolica,Puesta en servicio,RdD,177.9,273.4
13332.0,LITORAL 400,Andalucía,Almería,Carboneras,400.0,36.978303067443,-1.9080669713052,eolica,Puesta en servicio,RdT,,
13332.0,LITORAL 400,Andalucía,Almería,Carboneras,400.0,36.978303067443,-1.9080669713052,fotovoltaica,Con permisos,RdD,44.0,190.0
13332.0,LITORAL 400,Andalucía,Almería,Carboneras,400.0,36.978303067443,-1.9080669713052,fotovoltaica,Con permisos,RdT,,
13332.0,LITORAL 400,Andalucía,Almería,Carboneras,400.0,36.978303067443,-1.9080669713052,fotovoltaica,En curso,RdD,10.0,10.0
13332.0,LITORAL 400,Andalucía,Almería,Carboneras,400.0,36.978303067443,-1.9080669713052,fotovoltaica,En curso,RdT,,
13332.0,LITORAL 400,Andalucía,Almería,Carboneras,400.0,36.978303067443,-1.9080669713052,fotovoltaica,Puesta en servicio,RdD,175.23,325.45
13332.0,LITORAL 400,Andalucía,Almería,Carboneras,400.0,36.978303067443,-1.9080669713052,fotovoltaica,Puesta en servicio,RdT,,
13332.0,LITORAL 400,Andalucía,Almería,Carboneras,400.0,36.978303067443,-1.9080669713052,hibridacion,Con permisos,RdD,63.0,
13332.0,LITORAL 400,Andalucía,Almería,Carboneras,400.0,36.978303067443,-1.9080669713052,hibridacion,Con permisos,RdT,,
13332.0,LITORAL 400,Andalucía,Almería,Carboneras,400.0,36.978303067443,-1.9080669713052,hibridacion,Puesta en servicio,RdD,200.14,
13332.0,LITORAL 400,Andalucía,Almería,Carboneras,400.0,36.978303067443,-1.9080669713052,hibridacion,Puesta en servicio,RdT,,
13332.0,LITORAL 400,Andalucía,Almería,Carboneras,400.0,36.978303067443,-1.9080669713052,otras,Puesta en servicio,RdD,50.6,50.6
13332.0,LITORAL 400,Andalucía,Almería,Carboneras,400.0,36.978303067443,-1.9080669713052,otras,Puesta en servicio,RdT,,
6727.0,TABERNAS 220,Andalucía,Almería,Tabernas,220.0,37.070880564929,-2.3123478469677,almacenamiento,Con permisos,RdD,,
6727.0,TABERNAS 220,Andalucía,Almería,Tabernas,220.0,37.070880564929,-2.3123478469677,almacenamiento,Con permisos,RdT,,42.0
6727.0,TABERNAS 220,Andalucía,Almería,Tabernas,220.0,37.070880564929,-2.3123478469677,almacenamiento,En curso,RdD,,
6727.0,TABERNAS 220,Andalucía,Almería,Tabernas,220.0,37.070880564929,-2.3123478469677,almacenamiento,En curso,RdT,,39.93
6727.0,TABERNAS 220,Andalucía,Almería,Tabernas,220.0,37.070880564929,-2.3123478469677,fotovoltaica,En curso,RdD,,
6727.0,TABERNAS 220,Andalucía,Almería,Tabernas,220.0,37.070880564929,-2.3123478469677,fotovoltaica,En curso,RdT,,0.07
6727.0,TABERNAS 220,Andalucía,Almería,Tabernas,220.0,37.070880564929,-2.3123478469677,fotovoltaica,Puesta en servicio,RdD,,
6727.0,TABERNAS 220,Andalucía,Almería,Tabernas,220.0,37.070880564929,-2.3123478469677,fotovoltaica,Puesta en servicio,RdT,110.44,214.98
6727.0,TABERNAS 220,Andalucía,Almería,Tabernas,220.0,37.070880564929,-2.3123478469677,hibridacion,Con permisos,RdD,,
6727.0,TABERNAS 220,Andalucía,Almería,Tabernas,220.0,37.070880564929,-2.3123478469677,hibridacion,Con permisos,RdT,90.0,
6727.0,TABERNAS 220,Andalucía,Almería,Tabernas,220.0,37.070880564929,-2.3123478469677,hibridacion,En curso,RdD,,
6727.0,TABERNAS 220,Andalucía,Almería,Tabernas,220.0,37.070880564929,-2.3123478469677,hibridacion,En curso,RdT,15.0,
6728.0,TABERNAS 400,Andalucía,Almería,Tabernas,400.0,37.070880564929,-2.3123478469677,almacenamiento,Con permisos,RdD,,
6728.0,TABERNAS 400,Andalucía,Almería,Tabernas,400.0,37.070880564929,-2.3123478469677,almacenamiento,Con permisos,RdT,,20.0
6728.0,TABERNAS 400,Andalucía,Almería,Tabernas,400.0,37.070880564929,-2.3123478469677,fotovoltaica,Con permisos,RdD,,
6728.0,TABERNAS 400,Andalucía,Almería,Tabernas,400.0,37.070880564929,-2.3123478469677,fotovoltaica,Con permisos,RdT,431.0,497.0
6728.0,TABERNAS 400,Andalucía,Almería,Tabernas,400.0,37.070880564929,-2.3123478469677,fotovoltaica,Puesta en servicio,RdD,,
6728.0,TABERNAS 400,Andalucía,Almería,Tabernas,400.0,37.070880564929,-2.3123478469677,fotovoltaica,Puesta en servicio,RdT,339.54,395.22
6728.0,TABERNAS 400,Andalucía,Almería,Tabernas,400.0,37.070880564929,-2.3123478469677,hibridacion,Con permisos,RdD,,
6728.0,TABERNAS 400,Andalucía,Almería,Tabernas,400.0,37.070880564929,-2.3123478469677,hibridacion,Con permisos,RdT,44.0,
12797.0,GAZULES 220,Andalucía,Cádiz,Alcalá de los Gazules,220.0,36.496317910638,-5.7848126066059,almacenamiento,Con permisos,RdD,,
12797.0,GAZULES 220,Andalucía,Cádiz,Alcalá de los Gazules,220.0,36.496317910638,-5.7848126066059,almacenamiento,Con permisos,RdT,,184.0
12797.0,GAZULES 220,Andalucía,Cádiz,Alcalá de los Gazules,220.0,36.496317910638,-5.7848126066059,eolica,Con permisos,RdD,,
12797.0,GAZULES 220,Andalucía,Cádiz,Alcalá de los Gazules,220.0,36.496317910638,-5.7848126066059,eolica,Con permisos,RdT,,22.0
12797.0,GAZULES 220,Andalucía,Cádiz,Alcalá de los Gazules,220.0,36.496317910638,-5.7848126066059,eolica,Puesta en servicio,RdD,,
12797.0,GAZULES 220,Andalucía,Cádiz,Alcalá de los Gazules,220.0,36.496317910638,-5.7848126066059,eolica,Puesta en servicio,RdT,58.0,58.0
12797.0,GAZULES 220,Andalucía,Cádiz,Alcalá de los Gazules,220.0,36.496317910638,-5.7848126066059,fotovoltaica,Puesta en servicio,RdD,,
12797.0,GAZULES 220,Andalucía,Cádiz,Alcalá de los Gazules,220.0,36.496317910638,-5.7848126066059,fotovoltaica,Puesta en servicio,RdT,41.0,327.21
12797.0,GAZULES 220,Andalucía,Cádiz,Alcalá de los Gazules,220.0,36.496317910638,-5.7848126066059,hibridacion,Puesta en servicio,RdD,,
12797.0,GAZULES 220,Andalucía,Cádiz,Alcalá de los Gazules,220.0,36.496317910638,-5.7848126066059,hibridacion,Puesta en servicio,RdT,249.94,
6678.0,ARCOS DE LA FRONTERA 400,Andalucía,Cádiz,Arcos de la Frontera,400.0,36.671460558482,-5.819938859834,almacenamiento,Con permisos,RdD,,
6678.0,ARCOS DE LA FRONTERA 400,Andalucía,Cádiz,Arcos de la Frontera,400.0,36.671460558482,-5.819938859834,almacenamiento,Con permisos,RdT,,84.0
6678.0,ARCOS DE LA FRONTERA 400,Andalucía,Cádiz,Arcos de la Frontera,400.0,36.671460558482,-5.819938859834,eolica,Con permisos,RdD,,
6678.0,ARCOS DE LA FRONTERA 400,Andalucía,Cádiz,Arcos de la Frontera,400.0,36.671460558482,-5.819938859834,eolica,Con permisos,RdT,,68.0
6678.0,ARCOS DE LA FRONTERA 400,Andalucía,Cádiz,Arcos de la Frontera,400.0,36.671460558482,-5.819938859834,eolica,Puesta en servicio,RdD,,
6678.0,ARCOS DE LA FRONTERA 400,Andalucía,Cádiz,Arcos de la Frontera,400.0,36.671460558482,-5.819938859834,eolica,Puesta en servicio,RdT,209.66,368.96
6678.0,ARCOS DE LA FRONTERA 400,Andalucía,Cádiz,Arcos de la Frontera,400.0,36.671460558482,-5.819938859834,fotovoltaica,Con permisos,RdD,,
6678.0,ARCOS DE LA FRONTERA 400,Andalucía,Cádiz,Arcos de la Frontera,400.0,36.671460558482,-5.819938859834,fotovoltaica,Con permisos,RdT,,51.0
6678.0,ARCOS DE LA FRONTERA 400,Andalucía,Cádiz,Arcos de la Frontera,400.0,36.671460558482,-5.819938859834,fotovoltaica,En curso,RdD,,
6678.0,ARCOS DE LA FRONTERA 400,Andalucía,Cádiz,Arcos de la Frontera,400.0,36.671460558482,-5.819938859834,fotovoltaica,En curso,RdT,,204.63
6678.0,ARCOS DE LA FRONTERA 400,Andalucía,Cádiz,Arcos de la Frontera,400.0,36.671460558482,-5.819938859834,fotovoltaica,Puesta en servicio,RdD,,
6678.0,ARCOS DE LA FRONTERA 400,Andalucía,Cádiz,Arcos de la Frontera,400.0,36.671460558482,-5.819938859834,fotovoltaica,Puesta en servicio,RdT,343.78,584.25
6678.0,ARCOS DE LA FRONTERA 400,Andalucía,Cádiz,Arcos de la Frontera,400.0,36.671460558482,-5.819938859834,hibridacion,En curso,RdD,,
6678.0,ARCOS DE LA FRONTERA 400,Andalucía,Cádiz,Arcos de la Frontera,400.0,36.671460558482,-5.819938859834,hibridacion,En curso,RdT,389.2,
6678.0,ARCOS DE LA FRONTERA 400,Andalucía,Cádiz,Arcos de la Frontera,400.0,36.671460558482,-5.819938859834,hibridacion,Puesta en servicio,RdD,,
6678.0,ARCOS DE LA FRONTERA 400,Andalucía,Cádiz,Arcos de la Frontera,400.0,36.671460558482,-5.819938859834,hibridacion,Puesta en servicio,RdT,682.72,
6678.0,ARCOS DE LA FRONTERA 400,Andalucía,Cádiz,Arcos de la Frontera,400.0,36.671460558482,-5.819938859834,otras,En curso,RdD,,
6678.0,ARCOS DE LA FRONTERA 400,Andalucía,Cádiz,Arcos de la Frontera,400.0,36.671460558482,-5.819938859834,otras,En curso,RdT,373.0,762.53
6678.0,ARCOS DE LA FRONTERA 400,Andalucía,Cádiz,Arcos de la Frontera,400.0,36.671460558482,-5.819938859834,otras,Puesta en servicio,RdD,,
6678.0,ARCOS DE LA FRONTERA 400,Andalucía,Cádiz,Arcos de la Frontera,400.0,36.671460558482,-5.819938859834,otras,Puesta en servicio,RdT,1195.86,1585.39
6678.0,ARCOS DE LA FRONTERA 400,Andalucía,Cádiz,Arcos de la Frontera,400.0,36.671460558482,-5.819938859834,termosolar,Puesta en servicio,RdD,,
6678.0,ARCOS DE LA FRONTERA 400,Andalucía,Cádiz,Arcos de la Frontera,400.0,36.671460558482,-5.819938859834,termosolar,Puesta en servicio,RdT,100.0,100.0
13408.0,LOS BARRIOS 220,Andalucía,Cádiz,"Barrios, Los",220.0,36.18439435021,-5.4202919065035,almacenamiento,Con permisos,RdD,35.0,36.0
13408.0,LOS BARRIOS 220,Andalucía,Cádiz,"Barrios, Los",220.0,36.18439435021,-5.4202919065035,almacenamiento,Con permisos,RdT,,
13408.0,LOS BARRIOS 220,Andalucía,Cádiz,"Barrios, Los",220.0,36.18439435021,-5.4202919065035,fotovoltaica,Puesta en servicio,RdD,4.0,4.0
13408.0,LOS BARRIOS 220,Andalucía,Cádiz,"Barrios, Los",220.0,36.18439435021,-5.4202919065035,fotovoltaica,Puesta en servicio,RdT,,
13409.0,CAÑUELO 220,Andalucía,Cádiz,"Barrios, Los",220.0,36.213727844687,-5.4526081889298,almacenamiento,Con permisos,RdD,39.0,39.0
13409.0,CAÑUELO 220,Andalucía,Cádiz,"Barrios, Los",220.0,36.213727844687,-5.4526081889298,almacenamiento,Con permisos,RdT,,
13409.0,CAÑUELO 220,Andalucía,Cádiz,"Barrios, Los",220.0,36.213727844687,-5.4526081889298,eolica,En curso,RdD,31.0,31.0
13409.0,CAÑUELO 220,Andalucía,Cádiz,"Barrios, Los",220.0,36.213727844687,-5.4526081889298,eolica,En curso,RdT,,
13409.0,CAÑUELO 220,Andalucía,Cádiz,"Barrios, Los",220.0,36.213727844687,-5.4526081889298,eolica,Puesta en servicio,RdD,,
13409.0,CAÑUELO 220,Andalucía,Cádiz,"Barrios, Los",220.0,36.213727844687,-5.4526081889298,eolica,Puesta en servicio,RdT,36.0,37.2
13409.0,CAÑUELO 220,Andalucía,Cádiz,"Barrios, Los",220.0,36.213727844687,-5.4526081889298,fotovoltaica,Con permisos,RdD,23.0,23.0
13409.0,CAÑUELO 220,Andalucía,Cádiz,"Barrios, Los",220.0,36.213727844687,-5.4526081889298,fotovoltaica,Con permisos,RdT,,
13409.0,CAÑUELO 220,Andalucía,Cádiz,"Barrios, Los",220.0,36.213727844687,-5.4526081889298,fotovoltaica,En curso,RdD,50.0,50.0
13409.0,CAÑUELO 220,Andalucía,Cádiz,"Barrios, Los",220.0,36.213727844687,-5.4526081889298,fotovoltaica,En curso,RdT,,
13337.0,CASTELLAR DE LA FRONTERA 400,Andalucía,Cádiz,Castellar de la Frontera,400.0,36.286329410118,-5.423444683403,eolica,En curso,RdD,,
13337.0,CASTELLAR DE LA FRONTERA 400,Andalucía,Cádiz,Castellar de la Frontera,400.0,36.286329410118,-5.423444683403,eolica,En curso,RdT,25.0,25.0
13337.0,CASTELLAR DE LA FRONTERA 400,Andalucía,Cádiz,Castellar de la Frontera,400.0,36.286329410118,-5.423444683403,fotovoltaica,Con permisos,RdD,,
13337.0,CASTELLAR DE LA FRONTERA 400,Andalucía,Cádiz,Castellar de la Frontera,400.0,36.286329410118,-5.423444683403,fotovoltaica,Con permisos,RdT,316.0,347.0
13337.0,CASTELLAR DE LA FRONTERA 400,Andalucía,Cádiz,Castellar de la Frontera,400.0,36.286329410118,-5.423444683403,fotovoltaica,En curso,RdD,,
13337.0,CASTELLAR DE LA FRONTERA 400,Andalucía,Cádiz,Castellar de la Frontera,400.0,36.286329410118,-5.423444683403,fotovoltaica,En curso,RdT,61.5,66.0
6673.0,ALGECIRAS 220,Andalucía,Cádiz,San Roque,220.0,36.183198710567,-5.3883097249159,eolica,En curso,RdD,,
6673.0,ALGECIRAS 220,Andalucía,Cádiz,San Roque,220.0,36.183198710567,-5.3883097249159,eolica,En curso,RdT,15.0,15.0
6673.0,ALGECIRAS 220,Andalucía,Cádiz,San Roque,220.0,36.183198710567,-5.3883097249159,fotovoltaica,En curso,RdD,,
6673.0,ALGECIRAS 220,Andalucía,Cádiz,San Roque,220.0,36.183198710567,-5.3883097249159,fotovoltaica,En curso,RdT,5.0,5.0
6673.0,ALGECIRAS 220,Andalucía,Cádiz,San Roque,220.0,36.183198710567,-5.3883097249159,otras,Puesta en servicio,RdD,154.62,154.89
6673.0,ALGECIRAS 220,Andalucía,Cádiz,San Roque,220.0,36.183198710567,-5.3883097249159,otras,Puesta en servicio,RdT,820.54,820.54
13333.0,PINAR DE REY 400,Andalucía,Cádiz,San Roque,400.0,36.248298540621,-5.4115462422769,fotovoltaica,Con permisos,RdD,,
13333.0,PINAR DE REY 400,Andalucía,Cádiz,San Roque,400.0,36.248298540621,-5.4115462422769,fotovoltaica,Con permisos,RdT,173.0,199.0
13333.0,PINAR DE REY 400,Andalucía,Cádiz,San Roque,400.0,36.248298540621,-5.4115462422769,otras,En curso,RdD,,
13333.0,PINAR DE REY 400,Andalucía,Cádiz,San Roque,400.0,36.248298540621,-5.4115462422769,otras,En curso,RdT,771.47,780.66
13333.0,PINAR DE REY 400,Andalucía,Cádiz,San Roque,400.0,36.248298540621,-5.4115462422769,otras,Puesta en servicio,RdD,,
13333.0,PINAR DE REY 400,Andalucía,Cádiz,San Roque,400.0,36.248298540621,-5.4115462422769,otras,Puesta en servicio,RdT,771.47,1350.71
13413.0,PINAR DE REY 220,Andalucía,Cádiz,San Roque,220.0,36.248298540621,-5.4115462422769,eolica,Con permisos,RdD,5.0,5.0
13413.0,PINAR DE REY 220,Andalucía,Cádiz,San Roque,220.0,36.248298540621,-5.4115462422769,eolica,Con permisos,RdT,,
13413.0,PINAR DE REY 220,Andalucía,Cádiz,San Roque,220.0,36.248298540621,-5.4115462422769,eolica,Puesta en servicio,RdD,111.17,111.17
13413.0,PINAR DE REY 220,Andalucía,Cádiz,San Roque,220.0,36.248298540621,-5.4115462422769,eolica,Puesta en servicio,RdT,,
13413.0,PINAR DE REY 220,Andalucía,Cádiz,San Roque,220.0,36.248298540621,-5.4115462422769,fotovoltaica,Con permisos,RdD,122.0,134.0
13413.0,PINAR DE REY 220,Andalucía,Cádiz,San Roque,220.0,36.248298540621,-5.4115462422769,fotovoltaica,Con permisos,RdT,,
13413.0,PINAR DE REY 220,Andalucía,Cádiz,San Roque,220.0,36.248298540621,-5.4115462422769,fotovoltaica,Puesta en servicio,RdD,12.3,12.3
13413.0,PINAR DE REY 220,Andalucía,Cádiz,San Roque,220.0,36.248298540621,-5.4115462422769,fotovoltaica,Puesta en servicio,RdT,,
13413.0,PINAR DE REY 220,Andalucía,Cádiz,San Roque,220.0,36.248298540621,-5.4115462422769,otras,En curso,RdD,,
13413.0,PINAR DE REY 220,Andalucía,Cádiz,San Roque,220.0,36.248298540621,-5.4115462422769,otras,En curso,RdT,368.29,389.86
13413.0,PINAR DE REY 220,Andalucía,Cádiz,San Roque,220.0,36.248298540621,-5.4115462422769,otras,Puesta en servicio,RdD,,
13413.0,PINAR DE REY 220,Andalucía,Cádiz,San Roque,220.0,36.248298540621,-5.4115462422769,otras,Puesta en servicio,RdT,770.09,791.68
12767.0,FACINAS 220,Andalucía,Cádiz,Tarifa,220.0,36.145096283737,-5.717783953031,almacenamiento,Con permisos,RdD,,
12767.0,FACINAS 220,Andalucía,Cádiz,Tarifa,220.0,36.145096283737,-5.717783953031,almacenamiento,Con permisos,RdT,,32.0
12767.0,FACINAS 220,Andalucía,Cádiz,Tarifa,220.0,36.145096283737,-5.717783953031,almacenamiento,En curso,RdD,,
12767.0,FACINAS 220,Andalucía,Cádiz,Tarifa,220.0,36.145096283737,-5.717783953031,almacenamiento,En curso,RdT,144.0,148.49
12767.0,FACINAS 220,Andalucía,Cádiz,Tarifa,220.0,36.145096283737,-5.717783953031,eolica,Puesta en servicio,RdD,,
12767.0,FACINAS 220,Andalucía,Cádiz,Tarifa,220.0,36.145096283737,-5.717783953031,eolica,Puesta en servicio,RdT,315.8,401.8
12767.0,FACINAS 220,Andalucía,Cádiz,Tarifa,220.0,36.145096283737,-5.717783953031,fotovoltaica,Con permisos,RdD,,
12767.0,FACINAS 220,Andalucía,Cádiz,Tarifa,220.0,36.145096283737,-5.717783953031,fotovoltaica,Con permisos,RdT,,34.0
12767.0,FACINAS 220,Andalucía,Cádiz,Tarifa,220.0,36.145096283737,-5.717783953031,hibridacion,Puesta en servicio,RdD,,
12767.0,FACINAS 220,Andalucía,Cádiz,Tarifa,220.0,36.145096283737,-5.717783953031,hibridacion,Puesta en servicio,RdT,80.0,
13091.0,PUERTO DE LA CRUZ 220,Andalucía,Cádiz,Tarifa,220.0,36.07221984291,-5.6151198921531,almacenamiento,Con permisos,RdD,,
13091.0,PUERTO DE LA CRUZ 220,Andalucía,Cádiz,Tarifa,220.0,36.07221984291,-5.6151198921531,almacenamiento,Con permisos,RdT,266.0,266.0
13091.0,PUERTO DE LA CRUZ 220,Andalucía,Cádiz,Tarifa,220.0,36.07221984291,-5.6151198921531,almacenamiento,En curso,RdD,,
13091.0,PUERTO DE LA CRUZ 220,Andalucía,Cádiz,Tarifa,220.0,36.07221984291,-5.6151198921531,almacenamiento,En curso,RdT,45.0,49.69
13091.0,PUERTO DE LA CRUZ 220,Andalucía,Cádiz,Tarifa,220.0,36.07221984291,-5.6151198921531,eolica,En curso,RdD,,
13091.0,PUERTO DE LA CRUZ 220,Andalucía,Cádiz,Tarifa,220.0,36.07221984291,-5.6151198921531,eolica,En curso,RdT,145.0,150.0
13091.0,PUERTO DE LA CRUZ 220,Andalucía,Cádiz,Tarifa,220.0,36.07221984291,-5.6151198921531,eolica,Puesta en servicio,RdD,,
13091.0,PUERTO DE LA CRUZ 220,Andalucía,Cádiz,Tarifa,220.0,36.07221984291,-5.6151198921531,eolica,Puesta en servicio,RdT,42.65,42.65
13091.0,PUERTO DE LA CRUZ 220,Andalucía,Cádiz,Tarifa,220.0,36.07221984291,-5.6151198921531,fotovoltaica,Con permisos,RdD,,
13091.0,PUERTO DE LA CRUZ 220,Andalucía,Cádiz,Tarifa,220.0,36.07221984291,-5.6151198921531,fotovoltaica,Con permisos,RdT,46.0,49.0
12756.0,EL ZUMAJO 220,Andalucía,Cádiz,Vejer de la Frontera,220.0,36.297780214169,-5.9893641649141,almacenamiento,Con permisos,RdD,19.0,19.0
12756.0,EL ZUMAJO 220,Andalucía,Cádiz,Vejer de la Frontera,220.0,36.297780214169,-5.9893641649141,almacenamiento,Con permisos,RdT,,47.0
12756.0,EL ZUMAJO 220,Andalucía,Cádiz,Vejer de la Frontera,220.0,36.297780214169,-5.9893641649141,almacenamiento,En curso,RdD,5.3,9.6
12756.0,EL ZUMAJO 220,Andalucía,Cádiz,Vejer de la Frontera,220.0,36.297780214169,-5.9893641649141,almacenamiento,En curso,RdT,,
12756.0,EL ZUMAJO 220,Andalucía,Cádiz,Vejer de la Frontera,220.0,36.297780214169,-5.9893641649141,eolica,Con permisos,RdD,,30.0
12756.0,EL ZUMAJO 220,Andalucía,Cádiz,Vejer de la Frontera,220.0,36.297780214169,-5.9893641649141,eolica,Con permisos,RdT,,
12756.0,EL ZUMAJO 220,Andalucía,Cádiz,Vejer de la Frontera,220.0,36.297780214169,-5.9893641649141,eolica,En curso,RdD,64.48,64.48
12756.0,EL ZUMAJO 220,Andalucía,Cádiz,Vejer de la Frontera,220.0,36.297780214169,-5.9893641649141,eolica,En curso,RdT,,
12756.0,EL ZUMAJO 220,Andalucía,Cádiz,Vejer de la Frontera,220.0,36.297780214169,-5.9893641649141,eolica,Puesta en servicio,RdD,7.8,7.8
12756.0,EL ZUMAJO 220,Andalucía,Cádiz,Vejer de la Frontera,220.0,36.297780214169,-5.9893641649141,eolica,Puesta en servicio,RdT,85.38,109.38
12756.0,EL ZUMAJO 220,Andalucía,Cádiz,Vejer de la Frontera,220.0,36.297780214169,-5.9893641649141,fotovoltaica,Con permisos,RdD,52.0,67.0
12756.0,EL ZUMAJO 220,Andalucía,Cádiz,Vejer de la Frontera,220.0,36.297780214169,-5.9893641649141,fotovoltaica,Con permisos,RdT,24.0,105.0
12756.0,EL ZUMAJO 220,Andalucía,Cádiz,Vejer de la Frontera,220.0,36.297780214169,-5.9893641649141,fotovoltaica,Puesta en servicio,RdD,9.94,9.94
12756.0,EL ZUMAJO 220,Andalucía,Cádiz,Vejer de la Frontera,220.0,36.297780214169,-5.9893641649141,fotovoltaica,Puesta en servicio,RdT,88.03,102.39
12756.0,EL ZUMAJO 220,Andalucía,Cádiz,Vejer de la Frontera,220.0,36.297780214169,-5.9893641649141,hibridacion,Con permisos,RdD,30.0,
12756.0,EL ZUMAJO 220,Andalucía,Cádiz,Vejer de la Frontera,220.0,36.297780214169,-5.9893641649141,hibridacion,Con permisos,RdT,64.0,
12756.0,EL ZUMAJO 220,Andalucía,Cádiz,Vejer de la Frontera,220.0,36.297780214169,-5.9893641649141,hibridacion,Puesta en servicio,RdD,,
12756.0,EL ZUMAJO 220,Andalucía,Cádiz,Vejer de la Frontera,220.0,36.297780214169,-5.9893641649141,hibridacion,Puesta en servicio,RdT,24.0,
6676.0,ALMODOVAR DEL RIO 220,Andalucía,Córdoba,Almodóvar del Río,220.0,37.750799286373,-5.0202174743246,almacenamiento,Con permisos,RdD,,
6676.0,ALMODOVAR DEL RIO 220,Andalucía,Córdoba,Almodóvar del Río,220.0,37.750799286373,-5.0202174743246,almacenamiento,Con permisos,RdT,56.0,145.0
6676.0,ALMODOVAR DEL RIO 220,Andalucía,Córdoba,Almodóvar del Río,220.0,37.750799286373,-5.0202174743246,fotovoltaica,Con permisos,RdD,,
6676.0,ALMODOVAR DEL RIO 220,Andalucía,Córdoba,Almodóvar del Río,220.0,37.750799286373,-5.0202174743246,fotovoltaica,Con permisos,RdT,69.0,108.0
6676.0,ALMODOVAR DEL RIO 220,Andalucía,Córdoba,Almodóvar del Río,220.0,37.750799286373,-5.0202174743246,fotovoltaica,En curso,RdD,,
6676.0,ALMODOVAR DEL RIO 220,Andalucía,Córdoba,Almodóvar del Río,220.0,37.750799286373,-5.0202174743246,fotovoltaica,En curso,RdT,70.0,89.23
6676.0,ALMODOVAR DEL RIO 220,Andalucía,Córdoba,Almodóvar del Río,220.0,37.750799286373,-5.0202174743246,fotovoltaica,Puesta en servicio,RdD,,
6676.0,ALMODOVAR DEL RIO 220,Andalucía,Córdoba,Almodóvar del Río,220.0,37.750799286373,-5.0202174743246,fotovoltaica,Puesta en servicio,RdT,70.0,112.92
6676.0,ALMODOVAR DEL RIO 220,Andalucía,Córdoba,Almodóvar del Río,220.0,37.750799286373,-5.0202174743246,hibridacion,Con permisos,RdD,,
6676.0,ALMODOVAR DEL RIO 220,Andalucía,Córdoba,Almodóvar del Río,220.0,37.750799286373,-5.0202174743246,hibridacion,Con permisos,RdT,25.0,
6676.0,ALMODOVAR DEL RIO 220,Andalucía,Córdoba,Almodóvar del Río,220.0,37.750799286373,-5.0202174743246,hibridacion,Puesta en servicio,RdD,,
6676.0,ALMODOVAR DEL RIO 220,Andalucía,Córdoba,Almodóvar del Río,220.0,37.750799286373,-5.0202174743246,hibridacion,Puesta en servicio,RdT,20.0,
6676.0,ALMODOVAR DEL RIO 220,Andalucía,Córdoba,Almodóvar del Río,220.0,37.750799286373,-5.0202174743246,hidraulica,Puesta en servicio,RdD,,
6676.0,ALMODOVAR DEL RIO 220,Andalucía,Córdoba,Almodóvar del Río,220.0,37.750799286373,-5.0202174743246,hidraulica,Puesta en servicio,RdT,,34.1
6676.0,ALMODOVAR DEL RIO 220,Andalucía,Córdoba,Almodóvar del Río,220.0,37.750799286373,-5.0202174743246,otras,Puesta en servicio,RdD,,
6676.0,ALMODOVAR DEL RIO 220,Andalucía,Córdoba,Almodóvar del Río,220.0,37.750799286373,-5.0202174743246,otras,Puesta en servicio,RdT,34.0,
6683.0,CABRA 400,Andalucía,Córdoba,Cabra,400.0,37.457007281502,-4.4944798384836,almacenamiento,Con permisos,RdD,,
6683.0,CABRA 400,Andalucía,Córdoba,Cabra,400.0,37.457007281502,-4.4944798384836,almacenamiento,Con permisos,RdT,,7.0
6683.0,CABRA 400,Andalucía,Córdoba,Cabra,400.0,37.457007281502,-4.4944798384836,fotovoltaica,Con permisos,RdD,,
6683.0,CABRA 400,Andalucía,Córdoba,Cabra,400.0,37.457007281502,-4.4944798384836,fotovoltaica,Con permisos,RdT,421.0,529.0
6683.0,CABRA 400,Andalucía,Córdoba,Cabra,400.0,37.457007281502,-4.4944798384836,fotovoltaica,En curso,RdD,,
6683.0,CABRA 400,Andalucía,Córdoba,Cabra,400.0,37.457007281502,-4.4944798384836,fotovoltaica,En curso,RdT,335.55,415.01
6683.0,CABRA 400,Andalucía,Córdoba,Cabra,400.0,37.457007281502,-4.4944798384836,hibridacion,Con permisos,RdD,,
6683.0,CABRA 400,Andalucía,Córdoba,Cabra,400.0,37.457007281502,-4.4944798384836,hibridacion,Con permisos,RdT,18.0,
6688.0,CASILLAS 220,Andalucía,Córdoba,Córdoba,220.0,37.857756011283,-4.8130649375748,fotovoltaica,Con permisos,RdD,162.0,172.0
6688.0,CASILLAS 220,Andalucía,Córdoba,Córdoba,220.0,37.857756011283,-4.8130649375748,fotovoltaica,Con permisos,RdT,,
6688.0,CASILLAS 220,Andalucía,Córdoba,Córdoba,220.0,37.857756011283,-4.8130649375748,fotovoltaica,Puesta en servicio,RdD,166.27,179.99
6688.0,CASILLAS 220,Andalucía,Córdoba,Córdoba,220.0,37.857756011283,-4.8130649375748,fotovoltaica,Puesta en servicio,RdT,,
6688.0,CASILLAS 220,Andalucía,Córdoba,Córdoba,220.0,37.857756011283,-4.8130649375748,otras,Puesta en servicio,RdD,2.8,2.8
6688.0,CASILLAS 220,Andalucía,Córdoba,Córdoba,220.0,37.857756011283,-4.8130649375748,otras,Puesta en servicio,RdT,,
12881.0,LANCHA 220,Andalucía,Córdoba,Córdoba,220.0,37.917510858544,-4.7097498482548,fotovoltaica,Con permisos,RdD,77.0,79.0
12881.0,LANCHA 220,Andalucía,Córdoba,Córdoba,220.0,37.917510858544,-4.7097498482548,fotovoltaica,Con permisos,RdT,,
12881.0,LANCHA 220,Andalucía,Córdoba,Córdoba,220.0,37.917510858544,-4.7097498482548,fotovoltaica,En curso,RdD,435.78,296.31
12881.0,LANCHA 220,Andalucía,Córdoba,Córdoba,220.0,37.917510858544,-4.7097498482548,fotovoltaica,En curso,RdT,,
12881.0,LANCHA 220,Andalucía,Córdoba,Córdoba,220.0,37.917510858544,-4.7097498482548,fotovoltaica,Puesta en servicio,RdD,210.33,226.11
12881.0,LANCHA 220,Andalucía,Córdoba,Córdoba,220.0,37.917510858544,-4.7097498482548,fotovoltaica,Puesta en servicio,RdT,,
12881.0,LANCHA 220,Andalucía,Córdoba,Córdoba,220.0,37.917510858544,-4.7097498482548,hidraulica,Puesta en servicio,RdD,12.52,12.52
12881.0,LANCHA 220,Andalucía,Córdoba,Córdoba,220.0,37.917510858544,-4.7097498482548,hidraulica,Puesta en servicio,RdT,,
12881.0,LANCHA 220,Andalucía,Córdoba,Córdoba,220.0,37.917510858544,-4.7097498482548,otras,Con permisos,RdD,50.0,50.0
12881.0,LANCHA 220,Andalucía,Córdoba,Córdoba,220.0,37.917510858544,-4.7097498482548,otras,Con permisos,RdT,,
12881.0,LANCHA 220,Andalucía,Córdoba,Córdoba,220.0,37.917510858544,-4.7097498482548,otras,Puesta en servicio,RdD,98.66,98.66
12881.0,LANCHA 220,Andalucía,Córdoba,Córdoba,220.0,37.917510858544,-4.7097498482548,otras,Puesta en servicio,RdT,,
12881.0,LANCHA 220,Andalucía,Córdoba,Córdoba,220.0,37.917510858544,-4.7097498482548,termosolar,Puesta en servicio,RdD,149.9,149.9
12881.0,LANCHA 220,Andalucía,Córdoba,Córdoba,220.0,37.917510858544,-4.7097498482548,termosolar,Puesta en servicio,RdT,,
6679.0,ATARFE 220,Andalucía,Granada,Atarfe,220.0,37.225246408505,-3.6972806168243,almacenamiento,Con permisos,RdD,,1.0
6679.0,ATARFE 220,Andalucía,Granada,Atarfe,220.0,37.225246408505,-3.6972806168243,almacenamiento,Con permisos,RdT,,38.0
6679.0,ATARFE 220,Andalucía,Granada,Atarfe,220.0,37.225246408505,-3.6972806168243,eolica,Puesta en servicio,RdD,15.18,15.18
6679.0,ATARFE 220,Andalucía,Granada,Atarfe,220.0,37.225246408505,-3.6972806168243,eolica,Puesta en servicio,RdT,,
6679.0,ATARFE 220,Andalucía,Granada,Atarfe,220.0,37.225246408505,-3.6972806168243,fotovoltaica,Con permisos,RdD,52.0,61.0
6679.0,ATARFE 220,Andalucía,Granada,Atarfe,220.0,37.225246408505,-3.6972806168243,fotovoltaica,Con permisos,RdT,78.0,256.0
6679.0,ATARFE 220,Andalucía,Granada,Atarfe,220.0,37.225246408505,-3.6972806168243,fotovoltaica,En curso,RdD,130.9,130.9
6679.0,ATARFE 220,Andalucía,Granada,Atarfe,220.0,37.225246408505,-3.6972806168243,fotovoltaica,En curso,RdT,,
6679.0,ATARFE 220,Andalucía,Granada,Atarfe,220.0,37.225246408505,-3.6972806168243,fotovoltaica,Puesta en servicio,RdD,24.81,24.98
6679.0,ATARFE 220,Andalucía,Granada,Atarfe,220.0,37.225246408505,-3.6972806168243,fotovoltaica,Puesta en servicio,RdT,,
6679.0,ATARFE 220,Andalucía,Granada,Atarfe,220.0,37.225246408505,-3.6972806168243,hibridacion,Con permisos,RdD,1.0,
6679.0,ATARFE 220,Andalucía,Granada,Atarfe,220.0,37.225246408505,-3.6972806168243,hibridacion,Con permisos,RdT,101.0,
6679.0,ATARFE 220,Andalucía,Granada,Atarfe,220.0,37.225246408505,-3.6972806168243,otras,Con permisos,RdD,,1.0
6679.0,ATARFE 220,Andalucía,Granada,Atarfe,220.0,37.225246408505,-3.6972806168243,otras,Con permisos,RdT,,
6679.0,ATARFE 220,Andalucía,Granada,Atarfe,220.0,37.225246408505,-3.6972806168243,otras,Puesta en servicio,RdD,77.2,77.2
6679.0,ATARFE 220,Andalucía,Granada,Atarfe,220.0,37.225246408505,-3.6972806168243,otras,Puesta en servicio,RdT,,
6684.0,CAPARACENA 220,Andalucía,Granada,Atarfe,220.0,37.26786802166,-3.7261709619107,almacenamiento,Con permisos,RdD,,30.0
6684.0,CAPARACENA 220,Andalucía,Granada,Atarfe,220.0,37.26786802166,-3.7261709619107,almacenamiento,Con permisos,RdT,,
6684.0,CAPARACENA 220,Andalucía,Granada,Atarfe,220.0,37.26786802166,-3.7261709619107,eolica,Con permisos,RdD,,9.0
6684.0,CAPARACENA 220,Andalucía,Granada,Atarfe,220.0,37.26786802166,-3.7261709619107,eolica,Con permisos,RdT,,
6684.0,CAPARACENA 220,Andalucía,Granada,Atarfe,220.0,37.26786802166,-3.7261709619107,eolica,Puesta en servicio,RdD,35.7,35.7
6684.0,CAPARACENA 220,Andalucía,Granada,Atarfe,220.0,37.26786802166,-3.7261709619107,eolica,Puesta en servicio,RdT,,
6684.0,CAPARACENA 220,Andalucía,Granada,Atarfe,220.0,37.26786802166,-3.7261709619107,fotovoltaica,Con permisos,RdD,19.0,69.0
6684.0,CAPARACENA 220,Andalucía,Granada,Atarfe,220.0,37.26786802166,-3.7261709619107,fotovoltaica,Con permisos,RdT,298.0,363.0
6684.0,CAPARACENA 220,Andalucía,Granada,Atarfe,220.0,37.26786802166,-3.7261709619107,fotovoltaica,Puesta en servicio,RdD,56.13,61.84
6684.0,CAPARACENA 220,Andalucía,Granada,Atarfe,220.0,37.26786802166,-3.7261709619107,fotovoltaica,Puesta en servicio,RdT,,
6684.0,CAPARACENA 220,Andalucía,Granada,Atarfe,220.0,37.26786802166,-3.7261709619107,hibridacion,Con permisos,RdD,39.0,
6684.0,CAPARACENA 220,Andalucía,Granada,Atarfe,220.0,37.26786802166,-3.7261709619107,hibridacion,Con permisos,RdT,,
6684.0,CAPARACENA 220,Andalucía,Granada,Atarfe,220.0,37.26786802166,-3.7261709619107,otras,Puesta en servicio,RdD,25.06,25.06
6684.0,CAPARACENA 220,Andalucía,Granada,Atarfe,220.0,37.26786802166,-3.7261709619107,otras,Puesta en servicio,RdT,,
12590.0,CAPARACENA 400,Andalucía,Granada,Atarfe,400.0,37.26786802166,-3.7261709619107,almacenamiento,Con permisos,RdD,,
12590.0,CAPARACENA 400,Andalucía,Granada,Atarfe,400.0,37.26786802166,-3.7261709619107,almacenamiento,Con permisos,RdT,,356.0
12590.0,CAPARACENA 400,Andalucía,Granada,Atarfe,400.0,37.26786802166,-3.7261709619107,fotovoltaica,Puesta en servicio,RdD,,
12590.0,CAPARACENA 400,Andalucía,Granada,Atarfe,400.0,37.26786802166,-3.7261709619107,fotovoltaica,Puesta en servicio,RdT,125.0,667.74
12590.0,CAPARACENA 400,Andalucía,Granada,Atarfe,400.0,37.26786802166,-3.7261709619107,hibridacion,Puesta en servicio,RdD,,
12590.0,CAPARACENA 400,Andalucía,Granada,Atarfe,400.0,37.26786802166,-3.7261709619107,hibridacion,Puesta en servicio,RdT,422.5,
20677.0,BAZA 400,Andalucía,Granada,Baza,400.0,37.55904310693,-2.747342273717,almacenamiento,En curso,RdD,,
20677.0,BAZA 400,Andalucía,Granada,Baza,400.0,37.55904310693,-2.747342273717,almacenamiento,En curso,RdT,,25.0
20677.0,BAZA 400,Andalucía,Granada,Baza,400.0,37.55904310693,-2.747342273717,eolica,Con permisos,RdD,,
20677.0,BAZA 400,Andalucía,Granada,Baza,400.0,37.55904310693,-2.747342273717,eolica,Con permisos,RdT,221.0,345.0
20677.0,BAZA 400,Andalucía,Granada,Baza,400.0,37.55904310693,-2.747342273717,fotovoltaica,Con permisos,RdD,,
20677.0,BAZA 400,Andalucía,Granada,Baza,400.0,37.55904310693,-2.747342273717,fotovoltaica,Con permisos,RdT,257.0,384.0
20677.0,BAZA 400,Andalucía,Granada,Baza,400.0,37.55904310693,-2.747342273717,fotovoltaica,En curso,RdD,,
20677.0,BAZA 400,Andalucía,Granada,Baza,400.0,37.55904310693,-2.747342273717,fotovoltaica,En curso,RdT,,24.0
20677.0,BAZA 400,Andalucía,Granada,Baza,400.0,37.55904310693,-2.747342273717,hibridacion,Con permisos,RdD,,
20677.0,BAZA 400,Andalucía,Granada,Baza,400.0,37.55904310693,-2.747342273717,hibridacion,Con permisos,RdT,114.0,
20677.0,BAZA 400,Andalucía,Granada,Baza,400.0,37.55904310693,-2.747342273717,hibridacion,En curso,RdD,,
20677.0,BAZA 400,Andalucía,Granada,Baza,400.0,37.55904310693,-2.747342273717,hibridacion,En curso,RdT,25.0,
12785.0,GABIAS 220,Andalucía,Granada,"Gabias, Las",220.0,37.145501273194,-3.6706240072872,almacenamiento,En curso,RdD,,1.92
12785.0,GABIAS 220,Andalucía,Granada,"Gabias, Las",220.0,37.145501273194,-3.6706240072872,almacenamiento,En curso,RdT,,
12785.0,GABIAS 220,Andalucía,Granada,"Gabias, Las",220.0,37.145501273194,-3.6706240072872,eolica,Con permisos,RdD,51.0,51.0
12785.0,GABIAS 220,Andalucía,Granada,"Gabias, Las",220.0,37.145501273194,-3.6706240072872,eolica,Con permisos,RdT,,
12785.0,GABIAS 220,Andalucía,Granada,"Gabias, Las",220.0,37.145501273194,-3.6706240072872,eolica,Puesta en servicio,RdD,22.0,22.0
12785.0,GABIAS 220,Andalucía,Granada,"Gabias, Las",220.0,37.145501273194,-3.6706240072872,eolica,Puesta en servicio,RdT,,
12785.0,GABIAS 220,Andalucía,Granada,"Gabias, Las",220.0,37.145501273194,-3.6706240072872,fotovoltaica,Con permisos,RdD,58.0,62.0
12785.0,GABIAS 220,Andalucía,Granada,"Gabias, Las",220.0,37.145501273194,-3.6706240072872,fotovoltaica,Con permisos,RdT,96.0,99.0
12785.0,GABIAS 220,Andalucía,Granada,"Gabias, Las",220.0,37.145501273194,-3.6706240072872,fotovoltaica,En curso,RdD,45.0,81.2
12785.0,GABIAS 220,Andalucía,Granada,"Gabias, Las",220.0,37.145501273194,-3.6706240072872,fotovoltaica,En curso,RdT,,
12785.0,GABIAS 220,Andalucía,Granada,"Gabias, Las",220.0,37.145501273194,-3.6706240072872,fotovoltaica,Puesta en servicio,RdD,61.42,67.46
12785.0,GABIAS 220,Andalucía,Granada,"Gabias, Las",220.0,37.145501273194,-3.6706240072872,fotovoltaica,Puesta en servicio,RdT,,
12785.0,GABIAS 220,Andalucía,Granada,"Gabias, Las",220.0,37.145501273194,-3.6706240072872,hibridacion,En curso,RdD,36.2,
12785.0,GABIAS 220,Andalucía,Granada,"Gabias, Las",220.0,37.145501273194,-3.6706240072872,hibridacion,En curso,RdT,,
12770.0,FARGUE 220,Andalucía,Granada,Granada,220.0,37.196290234315,-3.5749492016883,fotovoltaica,Con permisos,RdD,71.0,77.0
12770.0,FARGUE 220,Andalucía,Granada,Granada,220.0,37.196290234315,-3.5749492016883,fotovoltaica,Con permisos,RdT,,
12770.0,FARGUE 220,Andalucía,Granada,Granada,220.0,37.196290234315,-3.5749492016883,fotovoltaica,En curso,RdD,95.18,95.18
12770.0,FARGUE 220,Andalucía,Granada,Granada,220.0,37.196290234315,-3.5749492016883,fotovoltaica,En curso,RdT,,
12770.0,FARGUE 220,Andalucía,Granada,Granada,220.0,37.196290234315,-3.5749492016883,otras,Puesta en servicio,RdD,1.9,1.9
12770.0,FARGUE 220,Andalucía,Granada,Granada,220.0,37.196290234315,-3.5749492016883,otras,Puesta en servicio,RdT,,
12837.0,HUENEJA 400,Andalucía,Granada,Huéneja,400.0,37.21622346581,-2.9425180963388,almacenamiento,Con permisos,RdD,,
12837.0,HUENEJA 400,Andalucía,Granada,Huéneja,400.0,37.21622346581,-2.9425180963388,almacenamiento,Con permisos,RdT,,40.0
12837.0,HUENEJA 400,Andalucía,Granada,Huéneja,400.0,37.21622346581,-2.9425180963388,eolica,Puesta en servicio,RdD,,
12837.0,HUENEJA 400,Andalucía,Granada,Huéneja,400.0,37.21622346581,-2.9425180963388,eolica,Puesta en servicio,RdT,334.15,416.15
12837.0,HUENEJA 400,Andalucía,Granada,Huéneja,400.0,37.21622346581,-2.9425180963388,fotovoltaica,Con permisos,RdD,,
12837.0,HUENEJA 400,Andalucía,Granada,Huéneja,400.0,37.21622346581,-2.9425180963388,fotovoltaica,Con permisos,RdT,,109.0
12837.0,HUENEJA 400,Andalucía,Granada,Huéneja,400.0,37.21622346581,-2.9425180963388,fotovoltaica,Puesta en servicio,RdD,,
12837.0,HUENEJA 400,Andalucía,Granada,Huéneja,400.0,37.21622346581,-2.9425180963388,fotovoltaica,Puesta en servicio,RdT,126.9,141.57
12837.0,HUENEJA 400,Andalucía,Granada,Huéneja,400.0,37.21622346581,-2.9425180963388,hibridacion,Con permisos,RdD,,
12837.0,HUENEJA 400,Andalucía,Granada,Huéneja,400.0,37.21622346581,-2.9425180963388,hibridacion,Con permisos,RdT,87.0,
12837.0,HUENEJA 400,Andalucía,Granada,Huéneja,400.0,37.21622346581,-2.9425180963388,hibridacion,Puesta en servicio,RdD,,
12837.0,HUENEJA 400,Andalucía,Granada,Huéneja,400.0,37.21622346581,-2.9425180963388,hibridacion,Puesta en servicio,RdT,77.5,
12837.0,HUENEJA 400,Andalucía,Granada,Huéneja,400.0,37.21622346581,-2.9425180963388,termosolar,Puesta en servicio,RdD,,
12837.0,HUENEJA 400,Andalucía,Granada,Huéneja,400.0,37.21622346581,-2.9425180963388,termosolar,Puesta en servicio,RdT,149.7,149.7
13195.0,SALERES 220,Andalucía,Granada,"Valle, El",220.0,36.962475207891,-3.616397258806,bombeo,Con permisos,RdD,,
13195.0,SALERES 220,Andalucía,Granada,"Valle, El",220.0,36.962475207891,-3.616397258806,bombeo,Con permisos,RdT,356.0,356.0
13195.0,SALERES 220,Andalucía,Granada,"Valle, El",220.0,36.962475207891,-3.616397258806,eolica,Con permisos,RdD,,
13195.0,SALERES 220,Andalucía,Granada,"Valle, El",220.0,36.962475207891,-3.616397258806,eolica,Con permisos,RdT,10.0,10.0
13195.0,SALERES 220,Andalucía,Granada,"Valle, El",220.0,36.962475207891,-3.616397258806,otras,Puesta en servicio,RdD,48.8,48.8
13195.0,SALERES 220,Andalucía,Granada,"Valle, El",220.0,36.962475207891,-3.616397258806,otras,Puesta en servicio,RdT,,
12842.0,ILLORA 220,Andalucía,Granada,Íllora,220.0,37.240274261757,-3.8849938491705,eolica,Con permisos,RdD,1.0,1.0
12842.0,ILLORA 220,Andalucía,Granada,Íllora,220.0,37.240274261757,-3.8849938491705,eolica,Con permisos,RdT,,
12842.0,ILLORA 220,Andalucía,Granada,Íllora,220.0,37.240274261757,-3.8849938491705,fotovoltaica,Con permisos,RdD,84.0,99.0
12842.0,ILLORA 220,Andalucía,Granada,Íllora,220.0,37.240274261757,-3.8849938491705,fotovoltaica,Con permisos,RdT,81.0,99.0
12842.0,ILLORA 220,Andalucía,Granada,Íllora,220.0,37.240274261757,-3.8849938491705,fotovoltaica,En curso,RdD,49.9,49.9
12842.0,ILLORA 220,Andalucía,Granada,Íllora,220.0,37.240274261757,-3.8849938491705,fotovoltaica,En curso,RdT,40.7,49.99
12842.0,ILLORA 220,Andalucía,Granada,Íllora,220.0,37.240274261757,-3.8849938491705,fotovoltaica,Puesta en servicio,RdD,,
12842.0,ILLORA 220,Andalucía,Granada,Íllora,220.0,37.240274261757,-3.8849938491705,fotovoltaica,Puesta en servicio,RdT,121.6,140.39
13026.0,ORGIVA 220,Andalucía,Granada,Órgiva,220.0,36.89513514332,-3.4197545834481,almacenamiento,Con permisos,RdD,,15.0
13026.0,ORGIVA 220,Andalucía,Granada,Órgiva,220.0,36.89513514332,-3.4197545834481,almacenamiento,Con permisos,RdT,,
13026.0,ORGIVA 220,Andalucía,Granada,Órgiva,220.0,36.89513514332,-3.4197545834481,eolica,Con permisos,RdD,,15.0
13026.0,ORGIVA 220,Andalucía,Granada,Órgiva,220.0,36.89513514332,-3.4197545834481,eolica,Con permisos,RdT,,
13026.0,ORGIVA 220,Andalucía,Granada,Órgiva,220.0,36.89513514332,-3.4197545834481,eolica,Puesta en servicio,RdD,113.9,132.3
13026.0,ORGIVA 220,Andalucía,Granada,Órgiva,220.0,36.89513514332,-3.4197545834481,eolica,Puesta en servicio,RdT,,
13026.0,ORGIVA 220,Andalucía,Granada,Órgiva,220.0,36.89513514332,-3.4197545834481,fotovoltaica,Con permisos,RdD,51.0,59.0
13026.0,ORGIVA 220,Andalucía,Granada,Órgiva,220.0,36.89513514332,-3.4197545834481,fotovoltaica,Con permisos,RdT,,
13026.0,ORGIVA 220,Andalucía,Granada,Órgiva,220.0,36.89513514332,-3.4197545834481,fotovoltaica,Puesta en servicio,RdD,28.57,32.22
13026.0,ORGIVA 220,Andalucía,Granada,Órgiva,220.0,36.89513514332,-3.4197545834481,fotovoltaica,Puesta en servicio,RdT,,
13026.0,ORGIVA 220,Andalucía,Granada,Órgiva,220.0,36.89513514332,-3.4197545834481,hibridacion,Con permisos,RdD,19.0,
13026.0,ORGIVA 220,Andalucía,Granada,Órgiva,220.0,36.89513514332,-3.4197545834481,hibridacion,Con permisos,RdT,,
13026.0,ORGIVA 220,Andalucía,Granada,Órgiva,220.0,36.89513514332,-3.4197545834481,hibridacion,Puesta en servicio,RdD,18.4,
13026.0,ORGIVA 220,Andalucía,Granada,Órgiva,220.0,36.89513514332,-3.4197545834481,hibridacion,Puesta en servicio,RdT,,
13026.0,ORGIVA 220,Andalucía,Granada,Órgiva,220.0,36.89513514332,-3.4197545834481,hidraulica,Puesta en servicio,RdD,3.2,4.36
13026.0,ORGIVA 220,Andalucía,Granada,Órgiva,220.0,36.89513514332,-3.4197545834481,hidraulica,Puesta en servicio,RdT,,
13026.0,ORGIVA 220,Andalucía,Granada,Órgiva,220.0,36.89513514332,-3.4197545834481,otras,Puesta en servicio,RdD,60.55,60.55
13026.0,ORGIVA 220,Andalucía,Granada,Órgiva,220.0,36.89513514332,-3.4197545834481,otras,Puesta en servicio,RdT,,
6675.0,ALJARAFE 220,Andalucía,Huelva,"Granado, El",220.0,37.344492083784,-12.094539206386,almacenamiento,Con permisos,RdD,,7.0
6675.0,ALJARAFE 220,Andalucía,Huelva,"Granado, El",220.0,37.344492083784,-12.094539206386,almacenamiento,Con permisos,RdT,,
6675.0,ALJARAFE 220,Andalucía,Huelva,"Granado, El",220.0,37.344492083784,-12.094539206386,fotovoltaica,Con permisos,RdD,125.0,162.0
6675.0,ALJARAFE 220,Andalucía,Huelva,"Granado, El",220.0,37.344492083784,-12.094539206386,fotovoltaica,Con permisos,RdT,,
6675.0,ALJARAFE 220,Andalucía,Huelva,"Granado, El",220.0,37.344492083784,-12.094539206386,fotovoltaica,Puesta en servicio,RdD,74.77,81.49
6675.0,ALJARAFE 220,Andalucía,Huelva,"Granado, El",220.0,37.344492083784,-12.094539206386,fotovoltaica,Puesta en servicio,RdT,,
6675.0,ALJARAFE 220,Andalucía,Huelva,"Granado, El",220.0,37.344492083784,-12.094539206386,hibridacion,Con permisos,RdD,17.0,
6675.0,ALJARAFE 220,Andalucía,Huelva,"Granado, El",220.0,37.344492083784,-12.094539206386,hibridacion,Con permisos,RdT,,
6686.0,CARTUJA 220,Andalucía,Huelva,"Granado, El",220.0,36.618295881987,-12.119791983107,almacenamiento,Con permisos,RdD,,18.0
6686.0,CARTUJA 220,Andalucía,Huelva,"Granado, El",220.0,36.618295881987,-12.119791983107,almacenamiento,Con permisos,RdT,,132.0
6686.0,CARTUJA 220,Andalucía,Huelva,"Granado, El",220.0,36.618295881987,-12.119791983107,eolica,Con permisos,RdD,,
6686.0,CARTUJA 220,Andalucía,Huelva,"Granado, El",220.0,36.618295881987,-12.119791983107,eolica,Con permisos,RdT,57.0,108.0
6686.0,CARTUJA 220,Andalucía,Huelva,"Granado, El",220.0,36.618295881987,-12.119791983107,eolica,Puesta en servicio,RdD,24.0,52.8
6686.0,CARTUJA 220,Andalucía,Huelva,"Granado, El",220.0,36.618295881987,-12.119791983107,eolica,Puesta en servicio,RdT,84.05,126.55
6686.0,CARTUJA 220,Andalucía,Huelva,"Granado, El",220.0,36.618295881987,-12.119791983107,fotovoltaica,Con permisos,RdD,58.0,99.0
6686.0,CARTUJA 220,Andalucía,Huelva,"Granado, El",220.0,36.618295881987,-12.119791983107,fotovoltaica,Con permisos,RdT,255.0,636.0
6686.0,CARTUJA 220,Andalucía,Huelva,"Granado, El",220.0,36.618295881987,-12.119791983107,fotovoltaica,En curso,RdD,,
6686.0,CARTUJA 220,Andalucía,Huelva,"Granado, El",220.0,36.618295881987,-12.119791983107,fotovoltaica,En curso,RdT,108.0,375.0
6686.0,CARTUJA 220,Andalucía,Huelva,"Granado, El",220.0,36.618295881987,-12.119791983107,fotovoltaica,Puesta en servicio,RdD,21.54,21.54
6686.0,CARTUJA 220,Andalucía,Huelva,"Granado, El",220.0,36.618295881987,-12.119791983107,fotovoltaica,Puesta en servicio,RdT,241.0,385.14
6686.0,CARTUJA 220,Andalucía,Huelva,"Granado, El",220.0,36.618295881987,-12.119791983107,hibridacion,Con permisos,RdD,9.0,
6686.0,CARTUJA 220,Andalucía,Huelva,"Granado, El",220.0,36.618295881987,-12.119791983107,hibridacion,Con permisos,RdT,41.0,
6686.0,CARTUJA 220,Andalucía,Huelva,"Granado, El",220.0,36.618295881987,-12.119791983107,hibridacion,Puesta en servicio,RdD,28.8,
6686.0,CARTUJA 220,Andalucía,Huelva,"Granado, El",220.0,36.618295881987,-12.119791983107,hibridacion,Puesta en servicio,RdT,133.25,
6686.0,CARTUJA 220,Andalucía,Huelva,"Granado, El",220.0,36.618295881987,-12.119791983107,otras,Con permisos,RdD,1.0,2.0
6686.0,CARTUJA 220,Andalucía,Huelva,"Granado, El",220.0,36.618295881987,-12.119791983107,otras,Con permisos,RdT,,
6686.0,CARTUJA 220,Andalucía,Huelva,"Granado, El",220.0,36.618295881987,-12.119791983107,otras,Puesta en servicio,RdD,45.49,45.49
6686.0,CARTUJA 220,Andalucía,Huelva,"Granado, El",220.0,36.618295881987,-12.119791983107,otras,Puesta en servicio,RdT,,
6687.0,CASAQUEMADA 220,Andalucía,Huelva,"Granado, El",220.0,37.440374537913,-12.266255373254,almacenamiento,Con permisos,RdD,,
6687.0,CASAQUEMADA 220,Andalucía,Huelva,"Granado, El",220.0,37.440374537913,-12.266255373254,almacenamiento,Con permisos,RdT,,22.0
6687.0,CASAQUEMADA 220,Andalucía,Huelva,"Granado, El",220.0,37.440374537913,-12.266255373254,fotovoltaica,Con permisos,RdD,,
6687.0,CASAQUEMADA 220,Andalucía,Huelva,"Granado, El",220.0,37.440374537913,-12.266255373254,fotovoltaica,Con permisos,RdT,8.0,10.0
6687.0,CASAQUEMADA 220,Andalucía,Huelva,"Granado, El",220.0,37.440374537913,-12.266255373254,fotovoltaica,Puesta en servicio,RdD,,
6687.0,CASAQUEMADA 220,Andalucía,Huelva,"Granado, El",220.0,37.440374537913,-12.266255373254,fotovoltaica,Puesta en servicio,RdT,212.7,242.69
6687.0,CASAQUEMADA 220,Andalucía,Huelva,"Granado, El",220.0,37.440374537913,-12.266255373254,hibridacion,Puesta en servicio,RdD,,
6687.0,CASAQUEMADA 220,Andalucía,Huelva,"Granado, El",220.0,37.440374537913,-12.266255373254,hibridacion,Puesta en servicio,RdT,50.0,
6687.0,CASAQUEMADA 220,Andalucía,Huelva,"Granado, El",220.0,37.440374537913,-12.266255373254,termosolar,Puesta en servicio,RdD,,
6687.0,CASAQUEMADA 220,Andalucía,Huelva,"Granado, El",220.0,37.440374537913,-12.266255373254,termosolar,Puesta en servicio,RdT,100.0,150.0
6726.0,SANTIPONCE 220,Andalucía,Huelva,"Granado, El",220.0,37.42560965711,-12.03981135682,almacenamiento,Con permisos,RdD,,84.0
6726.0,SANTIPONCE 220,Andalucía,Huelva,"Granado, El",220.0,37.42560965711,-12.03981135682,almacenamiento,Con permisos,RdT,,
6726.0,SANTIPONCE 220,Andalucía,Huelva,"Granado, El",220.0,37.42560965711,-12.03981135682,fotovoltaica,Con permisos,RdD,139.0,168.0
6726.0,SANTIPONCE 220,Andalucía,Huelva,"Granado, El",220.0,37.42560965711,-12.03981135682,fotovoltaica,Con permisos,RdT,42.0,45.0
6726.0,SANTIPONCE 220,Andalucía,Huelva,"Granado, El",220.0,37.42560965711,-12.03981135682,fotovoltaica,En curso,RdD,,
6726.0,SANTIPONCE 220,Andalucía,Huelva,"Granado, El",220.0,37.42560965711,-12.03981135682,fotovoltaica,En curso,RdT,27.0,27.0
6726.0,SANTIPONCE 220,Andalucía,Huelva,"Granado, El",220.0,37.42560965711,-12.03981135682,fotovoltaica,Puesta en servicio,RdD,176.52,264.93
6726.0,SANTIPONCE 220,Andalucía,Huelva,"Granado, El",220.0,37.42560965711,-12.03981135682,fotovoltaica,Puesta en servicio,RdT,69.6,76.82
6726.0,SANTIPONCE 220,Andalucía,Huelva,"Granado, El",220.0,37.42560965711,-12.03981135682,hibridacion,Con permisos,RdD,38.0,
6726.0,SANTIPONCE 220,Andalucía,Huelva,"Granado, El",220.0,37.42560965711,-12.03981135682,hibridacion,Con permisos,RdT,,
6726.0,SANTIPONCE 220,Andalucía,Huelva,"Granado, El",220.0,37.42560965711,-12.03981135682,hibridacion,Puesta en servicio,RdD,56.5,
6726.0,SANTIPONCE 220,Andalucía,Huelva,"Granado, El",220.0,37.42560965711,-12.03981135682,hibridacion,Puesta en servicio,RdT,,
6726.0,SANTIPONCE 220,Andalucía,Huelva,"Granado, El",220.0,37.42560965711,-12.03981135682,otras,Puesta en servicio,RdD,12.4,12.4
6726.0,SANTIPONCE 220,Andalucía,Huelva,"Granado, El",220.0,37.42560965711,-12.03981135682,otras,Puesta en servicio,RdT,,
6726.0,SANTIPONCE 220,Andalucía,Huelva,"Granado, El",220.0,37.42560965711,-12.03981135682,termosolar,Con permisos,RdD,,31.0
6726.0,SANTIPONCE 220,Andalucía,Huelva,"Granado, El",220.0,37.42560965711,-12.03981135682,termosolar,Con permisos,RdT,,
6730.0,TORREARENILLAS 220,Andalucía,Huelva,"Granado, El",220.0,37.191164257444,-12.903029163904,fotovoltaica,Con permisos,RdD,122.0,133.0
6730.0,TORREARENILLAS 220,Andalucía,Huelva,"Granado, El",220.0,37.191164257444,-12.903029163904,fotovoltaica,Con permisos,RdT,,
6730.0,TORREARENILLAS 220,Andalucía,Huelva,"Granado, El",220.0,37.191164257444,-12.903029163904,otras,Puesta en servicio,RdD,102.37,102.37
6730.0,TORREARENILLAS 220,Andalucía,Huelva,"Granado, El",220.0,37.191164257444,-12.903029163904,otras,Puesta en servicio,RdT,,
6978.0,BALBOA 220,Andalucía,Huelva,"Granado, El",220.0,38.325317271215,-12.712599102765,almacenamiento,Con permisos,RdD,,52.0
6978.0,BALBOA 220,Andalucía,Huelva,"Granado, El",220.0,38.325317271215,-12.712599102765,almacenamiento,Con permisos,RdT,,
6978.0,BALBOA 220,Andalucía,Huelva,"Granado, El",220.0,38.325317271215,-12.712599102765,eolica,Con permisos,RdD,,12.0
6978.0,BALBOA 220,Andalucía,Huelva,"Granado, El",220.0,38.325317271215,-12.712599102765,eolica,Con permisos,RdT,,
6978.0,BALBOA 220,Andalucía,Huelva,"Granado, El",220.0,38.325317271215,-12.712599102765,fotovoltaica,Con permisos,RdD,3.0,4.0
6978.0,BALBOA 220,Andalucía,Huelva,"Granado, El",220.0,38.325317271215,-12.712599102765,fotovoltaica,Con permisos,RdT,,
6978.0,BALBOA 220,Andalucía,Huelva,"Granado, El",220.0,38.325317271215,-12.712599102765,fotovoltaica,Puesta en servicio,RdD,148.57,255.51
6978.0,BALBOA 220,Andalucía,Huelva,"Granado, El",220.0,38.325317271215,-12.712599102765,fotovoltaica,Puesta en servicio,RdT,,
6978.0,BALBOA 220,Andalucía,Huelva,"Granado, El",220.0,38.325317271215,-12.712599102765,hibridacion,Puesta en servicio,RdD,87.13,
6978.0,BALBOA 220,Andalucía,Huelva,"Granado, El",220.0,38.325317271215,-12.712599102765,hibridacion,Puesta en servicio,RdT,,
6978.0,BALBOA 220,Andalucía,Huelva,"Granado, El",220.0,38.325317271215,-12.712599102765,otras,Puesta en servicio,RdD,1.48,1.48
6978.0,BALBOA 220,Andalucía,Huelva,"Granado, El",220.0,38.325317271215,-12.712599102765,otras,Puesta en servicio,RdT,,
6979.0,BIENVENIDA 400,Andalucía,Huelva,"Granado, El",400.0,38.317273785268,-12.197892115492,almacenamiento,Con permisos,RdD,,
6979.0,BIENVENIDA 400,Andalucía,Huelva,"Granado, El",400.0,38.317273785268,-12.197892115492,almacenamiento,Con permisos,RdT,,358.0
6979.0,BIENVENIDA 400,Andalucía,Huelva,"Granado, El",400.0,38.317273785268,-12.197892115492,almacenamiento,En curso,RdD,,
6979.0,BIENVENIDA 400,Andalucía,Huelva,"Granado, El",400.0,38.317273785268,-12.197892115492,almacenamiento,En curso,RdT,,358.88
6979.0,BIENVENIDA 400,Andalucía,Huelva,"Granado, El",400.0,38.317273785268,-12.197892115492,fotovoltaica,En curso,RdD,,
6979.0,BIENVENIDA 400,Andalucía,Huelva,"Granado, El",400.0,38.317273785268,-12.197892115492,fotovoltaica,En curso,RdT,,431.34
6979.0,BIENVENIDA 400,Andalucía,Huelva,"Granado, El",400.0,38.317273785268,-12.197892115492,fotovoltaica,Puesta en servicio,RdD,,
6979.0,BIENVENIDA 400,Andalucía,Huelva,"Granado, El",400.0,38.317273785268,-12.197892115492,fotovoltaica,Puesta en servicio,RdT,150.0,611.49
6979.0,BIENVENIDA 400,Andalucía,Huelva,"Granado, El",400.0,38.317273785268,-12.197892115492,hibridacion,En curso,RdD,,
6979.0,BIENVENIDA 400,Andalucía,Huelva,"Granado, El",400.0,38.317273785268,-12.197892115492,hibridacion,En curso,RdT,391.0,
6979.0,BIENVENIDA 400,Andalucía,Huelva,"Granado, El",400.0,38.317273785268,-12.197892115492,hibridacion,Puesta en servicio,RdD,,
6979.0,BIENVENIDA 400,Andalucía,Huelva,"Granado, El",400.0,38.317273785268,-12.197892115492,hibridacion,Puesta en servicio,RdT,391.0,
6980.0,BROVALES 400,Andalucía,Huelva,"Granado, El",400.0,38.319984637262,-12.702724918656,almacenamiento,Con permisos,RdD,,
6980.0,BROVALES 400,Andalucía,Huelva,"Granado, El",400.0,38.319984637262,-12.702724918656,almacenamiento,Con permisos,RdT,,334.0
6980.0,BROVALES 400,Andalucía,Huelva,"Granado, El",400.0,38.319984637262,-12.702724918656,fotovoltaica,Puesta en servicio,RdD,,
6980.0,BROVALES 400,Andalucía,Huelva,"Granado, El",400.0,38.319984637262,-12.702724918656,fotovoltaica,Puesta en servicio,RdT,323.75,820.11
6980.0,BROVALES 400,Andalucía,Huelva,"Granado, El",400.0,38.319984637262,-12.702724918656,hibridacion,Puesta en servicio,RdD,,
6980.0,BROVALES 400,Andalucía,Huelva,"Granado, El",400.0,38.319984637262,-12.702724918656,hibridacion,Puesta en servicio,RdT,382.22,
12686.0,CENTENARIO 220,Andalucía,Huelva,"Granado, El",220.0,37.392030702476,-12.012514677568,fotovoltaica,Con permisos,RdD,434.0,467.0
12686.0,CENTENARIO 220,Andalucía,Huelva,"Granado, El",220.0,37.392030702476,-12.012514677568,fotovoltaica,Con permisos,RdT,,
12696.0,CHUCENA 220,Andalucía,Huelva,"Granado, El",220.0,37.342325931256,-12.38475463981,almacenamiento,Con permisos,RdD,,89.0
12696.0,CHUCENA 220,Andalucía,Huelva,"Granado, El",220.0,37.342325931256,-12.38475463981,almacenamiento,Con permisos,RdT,,88.0
12696.0,CHUCENA 220,Andalucía,Huelva,"Granado, El",220.0,37.342325931256,-12.38475463981,fotovoltaica,Con permisos,RdD,116.0,147.0
12696.0,CHUCENA 220,Andalucía,Huelva,"Granado, El",220.0,37.342325931256,-12.38475463981,fotovoltaica,Con permisos,RdT,,99.0
12696.0,CHUCENA 220,Andalucía,Huelva,"Granado, El",220.0,37.342325931256,-12.38475463981,fotovoltaica,En curso,RdD,9.27,
12696.0,CHUCENA 220,Andalucía,Huelva,"Granado, El",220.0,37.342325931256,-12.38475463981,fotovoltaica,En curso,RdT,128.0,135.67
12696.0,CHUCENA 220,Andalucía,Huelva,"Granado, El",220.0,37.342325931256,-12.38475463981,fotovoltaica,Puesta en servicio,RdD,29.99,39.26
12696.0,CHUCENA 220,Andalucía,Huelva,"Granado, El",220.0,37.342325931256,-12.38475463981,fotovoltaica,Puesta en servicio,RdT,88.0,95.67
12696.0,CHUCENA 220,Andalucía,Huelva,"Granado, El",220.0,37.342325931256,-12.38475463981,hibridacion,Con permisos,RdD,89.0,
12696.0,CHUCENA 220,Andalucía,Huelva,"Granado, El",220.0,37.342325931256,-12.38475463981,hibridacion,Con permisos,RdT,88.0,
12717.0,COSTA DE LA LUZ 220,Andalucía,Huelva,"Granado, El",220.0,37.307022526712,-13.207600433192,almacenamiento,Con permisos,RdD,,20.0
12717.0,COSTA DE LA LUZ 220,Andalucía,Huelva,"Granado, El",220.0,37.307022526712,-13.207600433192,almacenamiento,Con permisos,RdT,,
12717.0,COSTA DE LA LUZ 220,Andalucía,Huelva,"Granado, El",220.0,37.307022526712,-13.207600433192,eolica,Con permisos,RdD,,77.0
12717.0,COSTA DE LA LUZ 220,Andalucía,Huelva,"Granado, El",220.0,37.307022526712,-13.207600433192,eolica,Con permisos,RdT,,
12717.0,COSTA DE LA LUZ 220,Andalucía,Huelva,"Granado, El",220.0,37.307022526712,-13.207600433192,eolica,Puesta en servicio,RdD,48.0,48.0
12717.0,COSTA DE LA LUZ 220,Andalucía,Huelva,"Granado, El",220.0,37.307022526712,-13.207600433192,eolica,Puesta en servicio,RdT,,
12717.0,COSTA DE LA LUZ 220,Andalucía,Huelva,"Granado, El",220.0,37.307022526712,-13.207600433192,fotovoltaica,Con permisos,RdD,76.0,139.0
12717.0,COSTA DE LA LUZ 220,Andalucía,Huelva,"Granado, El",220.0,37.307022526712,-13.207600433192,fotovoltaica,Con permisos,RdT,,
12717.0,COSTA DE LA LUZ 220,Andalucía,Huelva,"Granado, El",220.0,37.307022526712,-13.207600433192,fotovoltaica,En curso,RdD,18.8,18.8
12717.0,COSTA DE LA LUZ 220,Andalucía,Huelva,"Granado, El",220.0,37.307022526712,-13.207600433192,fotovoltaica,En curso,RdT,,
12717.0,COSTA DE LA LUZ 220,Andalucía,Huelva,"Granado, El",220.0,37.307022526712,-13.207600433192,fotovoltaica,Puesta en servicio,RdD,19.26,19.26
12717.0,COSTA DE LA LUZ 220,Andalucía,Huelva,"Granado, El",220.0,37.307022526712,-13.207600433192,fotovoltaica,Puesta en servicio,RdT,,
12717.0,COSTA DE LA LUZ 220,Andalucía,Huelva,"Granado, El",220.0,37.307022526712,-13.207600433192,hibridacion,Con permisos,RdD,51.0,
12717.0,COSTA DE LA LUZ 220,Andalucía,Huelva,"Granado, El",220.0,37.307022526712,-13.207600433192,hibridacion,Con permisos,RdT,,
12720.0,CRISTOBAL COLON 220,Andalucía,Huelva,"Granado, El",220.0,37.216900281909,-12.943391393303,almacenamiento,Con permisos,RdD,,
12720.0,CRISTOBAL COLON 220,Andalucía,Huelva,"Granado, El",220.0,37.216900281909,-12.943391393303,almacenamiento,Con permisos,RdT,,190.0
12720.0,CRISTOBAL COLON 220,Andalucía,Huelva,"Granado, El",220.0,37.216900281909,-12.943391393303,fotovoltaica,Con permisos,RdD,,
12720.0,CRISTOBAL COLON 220,Andalucía,Huelva,"Granado, El",220.0,37.216900281909,-12.943391393303,fotovoltaica,Con permisos,RdT,68.0,107.0
12720.0,CRISTOBAL COLON 220,Andalucía,Huelva,"Granado, El",220.0,37.216900281909,-12.943391393303,fotovoltaica,Puesta en servicio,RdD,,
12720.0,CRISTOBAL COLON 220,Andalucía,Huelva,"Granado, El",220.0,37.216900281909,-12.943391393303,fotovoltaica,Puesta en servicio,RdT,15.96,217.1
12720.0,CRISTOBAL COLON 220,Andalucía,Huelva,"Granado, El",220.0,37.216900281909,-12.943391393303,hibridacion,Puesta en servicio,RdD,,
12720.0,CRISTOBAL COLON 220,Andalucía,Huelva,"Granado, El",220.0,37.216900281909,-12.943391393303,hibridacion,Puesta en servicio,RdT,202.24,
12720.0,CRISTOBAL COLON 220,Andalucía,Huelva,"Granado, El",220.0,37.216900281909,-12.943391393303,otras,Puesta en servicio,RdD,24.86,24.86
12720.0,CRISTOBAL COLON 220,Andalucía,Huelva,"Granado, El",220.0,37.216900281909,-12.943391393303,otras,Puesta en servicio,RdT,378.9,409.37
12818.0,GUILLENA 220,Andalucía,Huelva,"Granado, El",220.0,37.636044840533,-12.098751304828,almacenamiento,Con permisos,RdD,,11.0
12818.0,GUILLENA 220,Andalucía,Huelva,"Granado, El",220.0,37.636044840533,-12.098751304828,almacenamiento,Con permisos,RdT,,
12818.0,GUILLENA 220,Andalucía,Huelva,"Granado, El",220.0,37.636044840533,-12.098751304828,almacenamiento,Puesta en servicio,RdD,,0.6
12818.0,GUILLENA 220,Andalucía,Huelva,"Granado, El",220.0,37.636044840533,-12.098751304828,almacenamiento,Puesta en servicio,RdT,,
12818.0,GUILLENA 220,Andalucía,Huelva,"Granado, El",220.0,37.636044840533,-12.098751304828,bombeo,Puesta en servicio,RdD,,
12818.0,GUILLENA 220,Andalucía,Huelva,"Granado, El",220.0,37.636044840533,-12.098751304828,bombeo,Puesta en servicio,RdT,210.0,207.99
12818.0,GUILLENA 220,Andalucía,Huelva,"Granado, El",220.0,37.636044840533,-12.098751304828,eolica,Con permisos,RdD,46.0,46.0
12818.0,GUILLENA 220,Andalucía,Huelva,"Granado, El",220.0,37.636044840533,-12.098751304828,eolica,Con permisos,RdT,,
12818.0,GUILLENA 220,Andalucía,Huelva,"Granado, El",220.0,37.636044840533,-12.098751304828,fotovoltaica,Con permisos,RdD,12.0,12.0
12818.0,GUILLENA 220,Andalucía,Huelva,"Granado, El",220.0,37.636044840533,-12.098751304828,fotovoltaica,Con permisos,RdT,,
12818.0,GUILLENA 220,Andalucía,Huelva,"Granado, El",220.0,37.636044840533,-12.098751304828,fotovoltaica,Puesta en servicio,RdD,146.38,167.4
12818.0,GUILLENA 220,Andalucía,Huelva,"Granado, El",220.0,37.636044840533,-12.098751304828,fotovoltaica,Puesta en servicio,RdT,200.0,239.85
12818.0,GUILLENA 220,Andalucía,Huelva,"Granado, El",220.0,37.636044840533,-12.098751304828,hibridacion,Puesta en servicio,RdD,10.0,
12818.0,GUILLENA 220,Andalucía,Huelva,"Granado, El",220.0,37.636044840533,-12.098751304828,hibridacion,Puesta en servicio,RdT,,
12818.0,GUILLENA 220,Andalucía,Huelva,"Granado, El",220.0,37.636044840533,-12.098751304828,otras,Puesta en servicio,RdD,62.92,62.92
12818.0,GUILLENA 220,Andalucía,Huelva,"Granado, El",220.0,37.636044840533,-12.098751304828,otras,Puesta en servicio,RdT,,
12819.0,GUILLENA 400,Andalucía,Huelva,"Granado, El",400.0,37.636044840533,-12.098751304828,almacenamiento,Con permisos,RdD,,
12819.0,GUILLENA 400,Andalucía,Huelva,"Granado, El",400.0,37.636044840533,-12.098751304828,almacenamiento,Con permisos,RdT,,133.0
12819.0,GUILLENA 400,Andalucía,Huelva,"Granado, El",400.0,37.636044840533,-12.098751304828,fotovoltaica,Con permisos,RdD,,
12819.0,GUILLENA 400,Andalucía,Huelva,"Granado, El",400.0,37.636044840533,-12.098751304828,fotovoltaica,Con permisos,RdT,42.0,49.0
12819.0,GUILLENA 400,Andalucía,Huelva,"Granado, El",400.0,37.636044840533,-12.098751304828,fotovoltaica,Puesta en servicio,RdD,,
12819.0,GUILLENA 400,Andalucía,Huelva,"Granado, El",400.0,37.636044840533,-12.098751304828,fotovoltaica,Puesta en servicio,RdT,349.15,536.74
12819.0,GUILLENA 400,Andalucía,Huelva,"Granado, El",400.0,37.636044840533,-12.098751304828,hibridacion,Puesta en servicio,RdD,,
12819.0,GUILLENA 400,Andalucía,Huelva,"Granado, El",400.0,37.636044840533,-12.098751304828,hibridacion,Puesta en servicio,RdT,127.65,
12974.0,MIRABAL 220,Andalucía,Huelva,"Granado, El",220.0,36.697425094474,-12.065274024581,almacenamiento,Con permisos,RdD,,68.0
12974.0,MIRABAL 220,Andalucía,Huelva,"Granado, El",220.0,36.697425094474,-12.065274024581,almacenamiento,Con permisos,RdT,,
12974.0,MIRABAL 220,Andalucía,Huelva,"Granado, El",220.0,36.697425094474,-12.065274024581,eolica,Con permisos,RdD,,
12974.0,MIRABAL 220,Andalucía,Huelva,"Granado, El",220.0,36.697425094474,-12.065274024581,eolica,Con permisos,RdT,,20.0
12974.0,MIRABAL 220,Andalucía,Huelva,"Granado, El",220.0,36.697425094474,-12.065274024581,fotovoltaica,Con permisos,RdD,24.0,38.0
12974.0,MIRABAL 220,Andalucía,Huelva,"Granado, El",220.0,36.697425094474,-12.065274024581,fotovoltaica,Con permisos,RdT,,
12974.0,MIRABAL 220,Andalucía,Huelva,"Granado, El",220.0,36.697425094474,-12.065274024581,fotovoltaica,En curso,RdD,238.48,238.48
12974.0,MIRABAL 220,Andalucía,Huelva,"Granado, El",220.0,36.697425094474,-12.065274024581,fotovoltaica,En curso,RdT,,
12974.0,MIRABAL 220,Andalucía,Huelva,"Granado, El",220.0,36.697425094474,-12.065274024581,fotovoltaica,Puesta en servicio,RdD,6.97,56.8
12974.0,MIRABAL 220,Andalucía,Huelva,"Granado, El",220.0,36.697425094474,-12.065274024581,fotovoltaica,Puesta en servicio,RdT,80.0,117.58
12974.0,MIRABAL 220,Andalucía,Huelva,"Granado, El",220.0,36.697425094474,-12.065274024581,hibridacion,Con permisos,RdD,12.0,
12974.0,MIRABAL 220,Andalucía,Huelva,"Granado, El",220.0,36.697425094474,-12.065274024581,hibridacion,Con permisos,RdT,,
12974.0,MIRABAL 220,Andalucía,Huelva,"Granado, El",220.0,36.697425094474,-12.065274024581,hibridacion,Puesta en servicio,RdD,45.0,
12974.0,MIRABAL 220,Andalucía,Huelva,"Granado, El",220.0,36.697425094474,-12.065274024581,hibridacion,Puesta en servicio,RdT,20.0,
13024.0,ONUBA 220,Andalucía,Huelva,"Granado, El",220.0,37.299527511829,-12.925034716278,almacenamiento,Con permisos,RdD,,118.0
13024.0,ONUBA 220,Andalucía,Huelva,"Granado, El",220.0,37.299527511829,-12.925034716278,almacenamiento,Con permisos,RdT,,
13024.0,ONUBA 220,Andalucía,Huelva,"Granado, El",220.0,37.299527511829,-12.925034716278,eolica,Puesta en servicio,RdD,4.25,4.25
13024.0,ONUBA 220,Andalucía,Huelva,"Granado, El",220.0,37.299527511829,-12.925034716278,eolica,Puesta en servicio,RdT,,
13024.0,ONUBA 220,Andalucía,Huelva,"Granado, El",220.0,37.299527511829,-12.925034716278,fotovoltaica,Con permisos,RdD,32.0,53.0
13024.0,ONUBA 220,Andalucía,Huelva,"Granado, El",220.0,37.299527511829,-12.925034716278,fotovoltaica,Con permisos,RdT,,
13024.0,ONUBA 220,Andalucía,Huelva,"Granado, El",220.0,37.299527511829,-12.925034716278,fotovoltaica,En curso,RdD,,
13024.0,ONUBA 220,Andalucía,Huelva,"Granado, El",220.0,37.299527511829,-12.925034716278,fotovoltaica,En curso,RdT,1.4,1.63
13024.0,ONUBA 220,Andalucía,Huelva,"Granado, El",220.0,37.299527511829,-12.925034716278,fotovoltaica,Puesta en servicio,RdD,152.23,298.12
13024.0,ONUBA 220,Andalucía,Huelva,"Granado, El",220.0,37.299527511829,-12.925034716278,fotovoltaica,Puesta en servicio,RdT,,
13024.0,ONUBA 220,Andalucía,Huelva,"Granado, El",220.0,37.299527511829,-12.925034716278,hibridacion,Con permisos,RdD,15.0,
13024.0,ONUBA 220,Andalucía,Huelva,"Granado, El",220.0,37.299527511829,-12.925034716278,hibridacion,Con permisos,RdT,,
13024.0,ONUBA 220,Andalucía,Huelva,"Granado, El",220.0,37.299527511829,-12.925034716278,hibridacion,Puesta en servicio,RdD,114.77,
13024.0,ONUBA 220,Andalucía,Huelva,"Granado, El",220.0,37.299527511829,-12.925034716278,hibridacion,Puesta en servicio,RdT,,
13024.0,ONUBA 220,Andalucía,Huelva,"Granado, El",220.0,37.299527511829,-12.925034716278,otras,Puesta en servicio,RdD,10.0,10.0
13024.0,ONUBA 220,Andalucía,Huelva,"Granado, El",220.0,37.299527511829,-12.925034716278,otras,Puesta en servicio,RdT,137.0,137.0
13035.0,PALOS 220,Andalucía,Huelva,"Granado, El",220.0,37.184705561373,-12.882968276194,fotovoltaica,Con permisos,RdD,,
13035.0,PALOS 220,Andalucía,Huelva,"Granado, El",220.0,37.184705561373,-12.882968276194,fotovoltaica,Con permisos,RdT,472.0,1043.0
13035.0,PALOS 220,Andalucía,Huelva,"Granado, El",220.0,37.184705561373,-12.882968276194,otras,Puesta en servicio,RdD,,
13035.0,PALOS 220,Andalucía,Huelva,"Granado, El",220.0,37.184705561373,-12.882968276194,otras,Puesta en servicio,RdT,85.0,85.0
13036.0,PALOS 400,Andalucía,Huelva,"Granado, El",400.0,37.184705561373,-12.882968276194,otras,En curso,RdD,,
13036.0,PALOS 400,Andalucía,Huelva,"Granado, El",400.0,37.184705561373,-12.882968276194,otras,En curso,RdT,773.4,773.58
13036.0,PALOS 400,Andalucía,Huelva,"Granado, El",400.0,37.184705561373,-12.882968276194,otras,Puesta en servicio,RdD,,
13036.0,PALOS 400,Andalucía,Huelva,"Granado, El",400.0,37.184705561373,-12.882968276194,otras,Puesta en servicio,RdT,1162.3,1167.0
13081.0,PUEBLA DE GUZMAN 220,Andalucía,Huelva,"Granado, El",220.0,37.548222119769,-13.241236318391,almacenamiento,Con permisos,RdD,,
13081.0,PUEBLA DE GUZMAN 220,Andalucía,Huelva,"Granado, El",220.0,37.548222119769,-13.241236318391,almacenamiento,Con permisos,RdT,29.0,439.0
13081.0,PUEBLA DE GUZMAN 220,Andalucía,Huelva,"Granado, El",220.0,37.548222119769,-13.241236318391,almacenamiento,Puesta en servicio,RdD,,
13081.0,PUEBLA DE GUZMAN 220,Andalucía,Huelva,"Granado, El",220.0,37.548222119769,-13.241236318391,almacenamiento,Puesta en servicio,RdT,,28.78
13081.0,PUEBLA DE GUZMAN 220,Andalucía,Huelva,"Granado, El",220.0,37.548222119769,-13.241236318391,eolica,Con permisos,RdD,,
13081.0,PUEBLA DE GUZMAN 220,Andalucía,Huelva,"Granado, El",220.0,37.548222119769,-13.241236318391,eolica,Con permisos,RdT,49.0,76.0
13081.0,PUEBLA DE GUZMAN 220,Andalucía,Huelva,"Granado, El",220.0,37.548222119769,-13.241236318391,eolica,En curso,RdD,,
13081.0,PUEBLA DE GUZMAN 220,Andalucía,Huelva,"Granado, El",220.0,37.548222119769,-13.241236318391,eolica,En curso,RdT,99.8,99.8
13081.0,PUEBLA DE GUZMAN 220,Andalucía,Huelva,"Granado, El",220.0,37.548222119769,-13.241236318391,eolica,Puesta en servicio,RdD,39.95,39.95
13081.0,PUEBLA DE GUZMAN 220,Andalucía,Huelva,"Granado, El",220.0,37.548222119769,-13.241236318391,eolica,Puesta en servicio,RdT,,335.15
13081.0,PUEBLA DE GUZMAN 220,Andalucía,Huelva,"Granado, El",220.0,37.548222119769,-13.241236318391,fotovoltaica,Con permisos,RdD,,
13081.0,PUEBLA DE GUZMAN 220,Andalucía,Huelva,"Granado, El",220.0,37.548222119769,-13.241236318391,fotovoltaica,Con permisos,RdT,,706.0
13081.0,PUEBLA DE GUZMAN 220,Andalucía,Huelva,"Granado, El",220.0,37.548222119769,-13.241236318391,fotovoltaica,En curso,RdD,,
13081.0,PUEBLA DE GUZMAN 220,Andalucía,Huelva,"Granado, El",220.0,37.548222119769,-13.241236318391,fotovoltaica,En curso,RdT,88.0,88.0
13081.0,PUEBLA DE GUZMAN 220,Andalucía,Huelva,"Granado, El",220.0,37.548222119769,-13.241236318391,fotovoltaica,Puesta en servicio,RdD,,
13081.0,PUEBLA DE GUZMAN 220,Andalucía,Huelva,"Granado, El",220.0,37.548222119769,-13.241236318391,fotovoltaica,Puesta en servicio,RdT,42.47,92.15
13081.0,PUEBLA DE GUZMAN 220,Andalucía,Huelva,"Granado, El",220.0,37.548222119769,-13.241236318391,hibridacion,Con permisos,RdD,,
13081.0,PUEBLA DE GUZMAN 220,Andalucía,Huelva,"Granado, El",220.0,37.548222119769,-13.241236318391,hibridacion,Con permisos,RdT,389.0,
13081.0,PUEBLA DE GUZMAN 220,Andalucía,Huelva,"Granado, El",220.0,37.548222119769,-13.241236318391,hibridacion,Puesta en servicio,RdD,,
13081.0,PUEBLA DE GUZMAN 220,Andalucía,Huelva,"Granado, El",220.0,37.548222119769,-13.241236318391,hibridacion,Puesta en servicio,RdT,377.15,
13095.0,PUERTO DE SANTA MARIA 220,Andalucía,Huelva,"Granado, El",220.0,36.670434080855,-12.30073789819,eolica,Puesta en servicio,RdD,47.21,69.71
13095.0,PUERTO DE SANTA MARIA 220,Andalucía,Huelva,"Granado, El",220.0,36.670434080855,-12.30073789819,eolica,Puesta en servicio,RdT,,
13095.0,PUERTO DE SANTA MARIA 220,Andalucía,Huelva,"Granado, El",220.0,36.670434080855,-12.30073789819,fotovoltaica,Con permisos,RdD,39.0,39.0
13095.0,PUERTO DE SANTA MARIA 220,Andalucía,Huelva,"Granado, El",220.0,36.670434080855,-12.30073789819,fotovoltaica,Con permisos,RdT,19.0,21.0
13095.0,PUERTO DE SANTA MARIA 220,Andalucía,Huelva,"Granado, El",220.0,36.670434080855,-12.30073789819,fotovoltaica,En curso,RdD,90.98,90.98
13095.0,PUERTO DE SANTA MARIA 220,Andalucía,Huelva,"Granado, El",220.0,36.670434080855,-12.30073789819,fotovoltaica,En curso,RdT,128.5,146.0
13095.0,PUERTO DE SANTA MARIA 220,Andalucía,Huelva,"Granado, El",220.0,36.670434080855,-12.30073789819,fotovoltaica,Puesta en servicio,RdD,8.06,8.06
13095.0,PUERTO DE SANTA MARIA 220,Andalucía,Huelva,"Granado, El",220.0,36.670434080855,-12.30073789819,fotovoltaica,Puesta en servicio,RdT,,
13095.0,PUERTO DE SANTA MARIA 220,Andalucía,Huelva,"Granado, El",220.0,36.670434080855,-12.30073789819,hibridacion,Puesta en servicio,RdD,21.6,
13095.0,PUERTO DE SANTA MARIA 220,Andalucía,Huelva,"Granado, El",220.0,36.670434080855,-12.30073789819,hibridacion,Puesta en servicio,RdT,,
13095.0,PUERTO DE SANTA MARIA 220,Andalucía,Huelva,"Granado, El",220.0,36.670434080855,-12.30073789819,termosolar,Puesta en servicio,RdD,,
13095.0,PUERTO DE SANTA MARIA 220,Andalucía,Huelva,"Granado, El",220.0,36.670434080855,-12.30073789819,termosolar,Puesta en servicio,RdT,49.9,49.9
13097.0,PUERTO REAL 220,Andalucía,Huelva,"Granado, El",220.0,36.517724605159,-12.155405508004,almacenamiento,Con permisos,RdD,,24.0
13097.0,PUERTO REAL 220,Andalucía,Huelva,"Granado, El",220.0,36.517724605159,-12.155405508004,almacenamiento,Con permisos,RdT,,
13097.0,PUERTO REAL 220,Andalucía,Huelva,"Granado, El",220.0,36.517724605159,-12.155405508004,eolica,Con permisos,RdD,12.0,81.0
13097.0,PUERTO REAL 220,Andalucía,Huelva,"Granado, El",220.0,36.517724605159,-12.155405508004,eolica,Con permisos,RdT,,
13097.0,PUERTO REAL 220,Andalucía,Huelva,"Granado, El",220.0,36.517724605159,-12.155405508004,eolica,Puesta en servicio,RdD,,62.5
13097.0,PUERTO REAL 220,Andalucía,Huelva,"Granado, El",220.0,36.517724605159,-12.155405508004,eolica,Puesta en servicio,RdT,,
13097.0,PUERTO REAL 220,Andalucía,Huelva,"Granado, El",220.0,36.517724605159,-12.155405508004,fotovoltaica,Con permisos,RdD,391.0,480.0
13097.0,PUERTO REAL 220,Andalucía,Huelva,"Granado, El",220.0,36.517724605159,-12.155405508004,fotovoltaica,Con permisos,RdT,,
13097.0,PUERTO REAL 220,Andalucía,Huelva,"Granado, El",220.0,36.517724605159,-12.155405508004,fotovoltaica,En curso,RdD,202.63,221.03
13097.0,PUERTO REAL 220,Andalucía,Huelva,"Granado, El",220.0,36.517724605159,-12.155405508004,fotovoltaica,En curso,RdT,,
13097.0,PUERTO REAL 220,Andalucía,Huelva,"Granado, El",220.0,36.517724605159,-12.155405508004,fotovoltaica,Puesta en servicio,RdD,42.72,139.45
13097.0,PUERTO REAL 220,Andalucía,Huelva,"Granado, El",220.0,36.517724605159,-12.155405508004,fotovoltaica,Puesta en servicio,RdT,,
13097.0,PUERTO REAL 220,Andalucía,Huelva,"Granado, El",220.0,36.517724605159,-12.155405508004,hibridacion,Con permisos,RdD,28.0,
13097.0,PUERTO REAL 220,Andalucía,Huelva,"Granado, El",220.0,36.517724605159,-12.155405508004,hibridacion,Con permisos,RdT,,
13097.0,PUERTO REAL 220,Andalucía,Huelva,"Granado, El",220.0,36.517724605159,-12.155405508004,hibridacion,Puesta en servicio,RdD,150.0,
13097.0,PUERTO REAL 220,Andalucía,Huelva,"Granado, El",220.0,36.517724605159,-12.155405508004,hibridacion,Puesta en servicio,RdT,,
13097.0,PUERTO REAL 220,Andalucía,Huelva,"Granado, El",220.0,36.517724605159,-12.155405508004,otras,Puesta en servicio,RdD,4.28,6.0
13097.0,PUERTO REAL 220,Andalucía,Huelva,"Granado, El",220.0,36.517724605159,-12.155405508004,otras,Puesta en servicio,RdT,,
13178.0,ROCIO 220,Andalucía,Huelva,"Granado, El",220.0,37.144728322109,-12.493902390296,almacenamiento,Con permisos,RdD,,1.0
13178.0,ROCIO 220,Andalucía,Huelva,"Granado, El",220.0,37.144728322109,-12.493902390296,almacenamiento,Con permisos,RdT,,16.0
13178.0,ROCIO 220,Andalucía,Huelva,"Granado, El",220.0,37.144728322109,-12.493902390296,fotovoltaica,Con permisos,RdD,8.0,10.0
13178.0,ROCIO 220,Andalucía,Huelva,"Granado, El",220.0,37.144728322109,-12.493902390296,fotovoltaica,Con permisos,RdT,42.0,109.0
13178.0,ROCIO 220,Andalucía,Huelva,"Granado, El",220.0,37.144728322109,-12.493902390296,fotovoltaica,En curso,RdD,75.76,69.75
13178.0,ROCIO 220,Andalucía,Huelva,"Granado, El",220.0,37.144728322109,-12.493902390296,fotovoltaica,En curso,RdT,,
13178.0,ROCIO 220,Andalucía,Huelva,"Granado, El",220.0,37.144728322109,-12.493902390296,fotovoltaica,Puesta en servicio,RdD,75.82,90.03
13178.0,ROCIO 220,Andalucía,Huelva,"Granado, El",220.0,37.144728322109,-12.493902390296,fotovoltaica,Puesta en servicio,RdT,,113.95
13178.0,ROCIO 220,Andalucía,Huelva,"Granado, El",220.0,37.144728322109,-12.493902390296,hibridacion,Puesta en servicio,RdD,,
13178.0,ROCIO 220,Andalucía,Huelva,"Granado, El",220.0,37.144728322109,-12.493902390296,hibridacion,Puesta en servicio,RdT,111.0,
13178.0,ROCIO 220,Andalucía,Huelva,"Granado, El",220.0,37.144728322109,-12.493902390296,otras,Puesta en servicio,RdD,1.1,1.1
13178.0,ROCIO 220,Andalucía,Huelva,"Granado, El",220.0,37.144728322109,-12.493902390296,otras,Puesta en servicio,RdT,,
13197.0,SALTERAS 220,Andalucía,Huelva,"Granado, El",220.0,37.481606340704,-12.069891623278,fotovoltaica,Con permisos,RdD,,
13197.0,SALTERAS 220,Andalucía,Huelva,"Granado, El",220.0,37.481606340704,-12.069891623278,fotovoltaica,Con permisos,RdT,45.0,48.0
13197.0,SALTERAS 220,Andalucía,Huelva,"Granado, El",220.0,37.481606340704,-12.069891623278,fotovoltaica,Puesta en servicio,RdD,,
13197.0,SALTERAS 220,Andalucía,Huelva,"Granado, El",220.0,37.481606340704,-12.069891623278,fotovoltaica,Puesta en servicio,RdT,243.0,277.69
13335.0,FUENTE DE CANTOS 400,Andalucía,Huelva,"Granado, El",400.0,38.247323714655,-12.297456903669,fotovoltaica,En curso,RdD,,
13335.0,FUENTE DE CANTOS 400,Andalucía,Huelva,"Granado, El",400.0,38.247323714655,-12.297456903669,fotovoltaica,En curso,RdT,0.05,0.05
13340.0,LLERENA 400,Andalucía,Huelva,"Granado, El",400.0,38.240004592795,-12.025969376078,fotovoltaica,En curso,RdD,,
13340.0,LLERENA 400,Andalucía,Huelva,"Granado, El",400.0,38.240004592795,-12.025969376078,fotovoltaica,En curso,RdT,0.05,0.05
6677.0,ANDUJAR 220,Andalucía,Jaén,Andújar,220.0,38.043517814159,-3.9958307374844,fotovoltaica,Con permisos,RdD,57.0,67.0
6677.0,ANDUJAR 220,Andalucía,Jaén,Andújar,220.0,38.043517814159,-3.9958307374844,fotovoltaica,Con permisos,RdT,31.0,34.0
6677.0,ANDUJAR 220,Andalucía,Jaén,Andújar,220.0,38.043517814159,-3.9958307374844,fotovoltaica,Puesta en servicio,RdD,71.2,71.93
6677.0,ANDUJAR 220,Andalucía,Jaén,Andújar,220.0,38.043517814159,-3.9958307374844,fotovoltaica,Puesta en servicio,RdT,106.76,126.89
6677.0,ANDUJAR 220,Andalucía,Jaén,Andújar,220.0,38.043517814159,-3.9958307374844,otras,Con permisos,RdD,2.0,2.0
6677.0,ANDUJAR 220,Andalucía,Jaén,Andújar,220.0,38.043517814159,-3.9958307374844,otras,Con permisos,RdT,,
6677.0,ANDUJAR 220,Andalucía,Jaén,Andújar,220.0,38.043517814159,-3.9958307374844,otras,Puesta en servicio,RdD,427.16,427.16
6677.0,ANDUJAR 220,Andalucía,Jaén,Andújar,220.0,38.043517814159,-3.9958307374844,otras,Puesta en servicio,RdT,,
13019.0,OLIVARES 220,Andalucía,Jaén,Jaén,220.0,37.799490326835,-3.8016699925366,almacenamiento,Con permisos,RdD,,40.0
13019.0,OLIVARES 220,Andalucía,Jaén,Jaén,220.0,37.799490326835,-3.8016699925366,almacenamiento,Con permisos,RdT,,
13019.0,OLIVARES 220,Andalucía,Jaén,Jaén,220.0,37.799490326835,-3.8016699925366,fotovoltaica,Con permisos,RdD,32.0,32.0
13019.0,OLIVARES 220,Andalucía,Jaén,Jaén,220.0,37.799490326835,-3.8016699925366,fotovoltaica,Con permisos,RdT,,
13019.0,OLIVARES 220,Andalucía,Jaén,Jaén,220.0,37.799490326835,-3.8016699925366,fotovoltaica,Puesta en servicio,RdD,120.48,171.17
13019.0,OLIVARES 220,Andalucía,Jaén,Jaén,220.0,37.799490326835,-3.8016699925366,fotovoltaica,Puesta en servicio,RdT,,
13019.0,OLIVARES 220,Andalucía,Jaén,Jaén,220.0,37.799490326835,-3.8016699925366,hibridacion,Puesta en servicio,RdD,36.0,
13019.0,OLIVARES 220,Andalucía,Jaén,Jaén,220.0,37.799490326835,-3.8016699925366,hibridacion,Puesta en servicio,RdT,,
13330.0,GUADAME 400,Andalucía,Jaén,Marmolejo,400.0,38.048620837877,-4.1934112076732,almacenamiento,Con permisos,RdD,,
13330.0,GUADAME 400,Andalucía,Jaén,Marmolejo,400.0,38.048620837877,-4.1934112076732,almacenamiento,Con permisos,RdT,,30.0
13330.0,GUADAME 400,Andalucía,Jaén,Marmolejo,400.0,38.048620837877,-4.1934112076732,fotovoltaica,Con permisos,RdD,,
13330.0,GUADAME 400,Andalucía,Jaén,Marmolejo,400.0,38.048620837877,-4.1934112076732,fotovoltaica,Con permisos,RdT,462.0,655.0
13330.0,GUADAME 400,Andalucía,Jaén,Marmolejo,400.0,38.048620837877,-4.1934112076732,hibridacion,Con permisos,RdD,,
13330.0,GUADAME 400,Andalucía,Jaén,Marmolejo,400.0,38.048620837877,-4.1934112076732,hibridacion,Con permisos,RdT,29.0,
13411.0,GUADAME 220,Andalucía,Jaén,Marmolejo,220.0,38.048620837877,-4.1934112076732,fotovoltaica,Con permisos,RdD,,
13411.0,GUADAME 220,Andalucía,Jaén,Marmolejo,220.0,38.048620837877,-4.1934112076732,fotovoltaica,Con permisos,RdT,412.0,489.0
6674.0,ALHAURIN 220,Andalucía,Málaga,Alhaurín de la Torre,220.0,36.655972728618,-4.5754027163852,almacenamiento,Con permisos,RdD,273.0,279.0
6674.0,ALHAURIN 220,Andalucía,Málaga,Alhaurín de la Torre,220.0,36.655972728618,-4.5754027163852,almacenamiento,Con permisos,RdT,,
6674.0,ALHAURIN 220,Andalucía,Málaga,Alhaurín de la Torre,220.0,36.655972728618,-4.5754027163852,eolica,En curso,RdD,14.7,14.7
6674.0,ALHAURIN 220,Andalucía,Málaga,Alhaurín de la Torre,220.0,36.655972728618,-4.5754027163852,eolica,En curso,RdT,,
6674.0,ALHAURIN 220,Andalucía,Málaga,Alhaurín de la Torre,220.0,36.655972728618,-4.5754027163852,eolica,Puesta en servicio,RdD,40.15,40.15
6674.0,ALHAURIN 220,Andalucía,Málaga,Alhaurín de la Torre,220.0,36.655972728618,-4.5754027163852,eolica,Puesta en servicio,RdT,,
6674.0,ALHAURIN 220,Andalucía,Málaga,Alhaurín de la Torre,220.0,36.655972728618,-4.5754027163852,fotovoltaica,Con permisos,RdD,33.0,41.0
6674.0,ALHAURIN 220,Andalucía,Málaga,Alhaurín de la Torre,220.0,36.655972728618,-4.5754027163852,fotovoltaica,Con permisos,RdT,,
6674.0,ALHAURIN 220,Andalucía,Málaga,Alhaurín de la Torre,220.0,36.655972728618,-4.5754027163852,fotovoltaica,En curso,RdD,14.97,14.97
6674.0,ALHAURIN 220,Andalucía,Málaga,Alhaurín de la Torre,220.0,36.655972728618,-4.5754027163852,fotovoltaica,En curso,RdT,,
6674.0,ALHAURIN 220,Andalucía,Málaga,Alhaurín de la Torre,220.0,36.655972728618,-4.5754027163852,fotovoltaica,Puesta en servicio,RdD,26.34,26.38
6674.0,ALHAURIN 220,Andalucía,Málaga,Alhaurín de la Torre,220.0,36.655972728618,-4.5754027163852,fotovoltaica,Puesta en servicio,RdT,,
6674.0,ALHAURIN 220,Andalucía,Málaga,Alhaurín de la Torre,220.0,36.655972728618,-4.5754027163852,hibridacion,Con permisos,RdD,4.0,
6674.0,ALHAURIN 220,Andalucía,Málaga,Alhaurín de la Torre,220.0,36.655972728618,-4.5754027163852,hibridacion,Con permisos,RdT,,
6674.0,ALHAURIN 220,Andalucía,Málaga,Alhaurín de la Torre,220.0,36.655972728618,-4.5754027163852,otras,Puesta en servicio,RdD,55.34,55.34
6674.0,ALHAURIN 220,Andalucía,Málaga,Alhaurín de la Torre,220.0,36.655972728618,-4.5754027163852,otras,Puesta en servicio,RdT,,
7218.0,ARCHIDONA 400,Andalucía,Málaga,Archidona,400.0,37.120000463764,-4.4152854355845,almacenamiento,Con permisos,RdD,,
7218.0,ARCHIDONA 400,Andalucía,Málaga,Archidona,400.0,37.120000463764,-4.4152854355845,almacenamiento,Con permisos,RdT,,142.0
7218.0,ARCHIDONA 400,Andalucía,Málaga,Archidona,400.0,37.120000463764,-4.4152854355845,fotovoltaica,En curso,RdD,,
7218.0,ARCHIDONA 400,Andalucía,Málaga,Archidona,400.0,37.120000463764,-4.4152854355845,fotovoltaica,En curso,RdT,48.0,55.47
7218.0,ARCHIDONA 400,Andalucía,Málaga,Archidona,400.0,37.120000463764,-4.4152854355845,fotovoltaica,Puesta en servicio,RdD,,
7218.0,ARCHIDONA 400,Andalucía,Málaga,Archidona,400.0,37.120000463764,-4.4152854355845,fotovoltaica,Puesta en servicio,RdT,178.0,353.01
7218.0,ARCHIDONA 400,Andalucía,Málaga,Archidona,400.0,37.120000463764,-4.4152854355845,hibridacion,Puesta en servicio,RdD,,
7218.0,ARCHIDONA 400,Andalucía,Málaga,Archidona,400.0,37.120000463764,-4.4152854355845,hibridacion,Puesta en servicio,RdT,135.0,
12853.0,JORDANA 220,Andalucía,Málaga,Casares,220.0,36.444048841278,-5.2186188127015,almacenamiento,Con permisos,RdD,,
12853.0,JORDANA 220,Andalucía,Málaga,Casares,220.0,36.444048841278,-5.2186188127015,almacenamiento,Con permisos,RdT,,42.0
12853.0,JORDANA 220,Andalucía,Málaga,Casares,220.0,36.444048841278,-5.2186188127015,fotovoltaica,Con permisos,RdD,,
12853.0,JORDANA 220,Andalucía,Málaga,Casares,220.0,36.444048841278,-5.2186188127015,fotovoltaica,Con permisos,RdT,,20.0
12853.0,JORDANA 220,Andalucía,Málaga,Casares,220.0,36.444048841278,-5.2186188127015,hibridacion,Con permisos,RdD,,
12853.0,JORDANA 220,Andalucía,Málaga,Casares,220.0,36.444048841278,-5.2186188127015,hibridacion,Con permisos,RdT,42.0,
13014.0,NUEVA CASARES 220,Andalucía,Málaga,Casares,220.0,36.40531938153,-5.2200472691673,almacenamiento,Con permisos,RdD,,
13014.0,NUEVA CASARES 220,Andalucía,Málaga,Casares,220.0,36.40531938153,-5.2200472691673,almacenamiento,Con permisos,RdT,,18.0
13014.0,NUEVA CASARES 220,Andalucía,Málaga,Casares,220.0,36.40531938153,-5.2200472691673,eolica,Puesta en servicio,RdD,67.4,67.4
13014.0,NUEVA CASARES 220,Andalucía,Málaga,Casares,220.0,36.40531938153,-5.2200472691673,eolica,Puesta en servicio,RdT,,
13014.0,NUEVA CASARES 220,Andalucía,Málaga,Casares,220.0,36.40531938153,-5.2200472691673,fotovoltaica,Con permisos,RdD,4.0,4.0
13014.0,NUEVA CASARES 220,Andalucía,Málaga,Casares,220.0,36.40531938153,-5.2200472691673,fotovoltaica,Con permisos,RdT,53.0,91.0
13014.0,NUEVA CASARES 220,Andalucía,Málaga,Casares,220.0,36.40531938153,-5.2200472691673,hibridacion,Con permisos,RdD,4.0,
13014.0,NUEVA CASARES 220,Andalucía,Málaga,Casares,220.0,36.40531938153,-5.2200472691673,hibridacion,Con permisos,RdT,27.0,
13014.0,NUEVA CASARES 220,Andalucía,Málaga,Casares,220.0,36.40531938153,-5.2200472691673,otras,Con permisos,RdD,,4.0
13014.0,NUEVA CASARES 220,Andalucía,Málaga,Casares,220.0,36.40531938153,-5.2200472691673,otras,Con permisos,RdT,,
13014.0,NUEVA CASARES 220,Andalucía,Málaga,Casares,220.0,36.40531938153,-5.2200472691673,otras,Puesta en servicio,RdD,18.76,18.76
13014.0,NUEVA CASARES 220,Andalucía,Málaga,Casares,220.0,36.40531938153,-5.2200472691673,otras,Puesta en servicio,RdT,,
7217.0,CARTAMA 400,Andalucía,Málaga,Cártama,400.0,36.750617868855,-4.605382532298,fotovoltaica,Con permisos,RdD,,
7217.0,CARTAMA 400,Andalucía,Málaga,Cártama,400.0,36.750617868855,-4.605382532298,fotovoltaica,Con permisos,RdT,155.0,170.0
7217.0,CARTAMA 400,Andalucía,Málaga,Cártama,400.0,36.750617868855,-4.605382532298,fotovoltaica,En curso,RdD,,
7217.0,CARTAMA 400,Andalucía,Málaga,Cártama,400.0,36.750617868855,-4.605382532298,fotovoltaica,En curso,RdT,0.05,0.05
7401.0,CARTAMA 220,Andalucía,Málaga,Cártama,220.0,36.750617868855,-4.605382532298,almacenamiento,Con permisos,RdD,,
7401.0,CARTAMA 220,Andalucía,Málaga,Cártama,220.0,36.750617868855,-4.605382532298,almacenamiento,Con permisos,RdT,,35.0
7401.0,CARTAMA 220,Andalucía,Málaga,Cártama,220.0,36.750617868855,-4.605382532298,fotovoltaica,Con permisos,RdD,,
7401.0,CARTAMA 220,Andalucía,Málaga,Cártama,220.0,36.750617868855,-4.605382532298,fotovoltaica,Con permisos,RdT,39.0,157.0
7401.0,CARTAMA 220,Andalucía,Málaga,Cártama,220.0,36.750617868855,-4.605382532298,hibridacion,Con permisos,RdD,,
7401.0,CARTAMA 220,Andalucía,Málaga,Cártama,220.0,36.750617868855,-4.605382532298,hibridacion,Con permisos,RdT,111.0,
12718.0,COSTASOL 220,Andalucía,Málaga,Marbella,220.0,36.522932767973,-4.8596192870204,almacenamiento,Con permisos,RdD,33.0,33.0
12718.0,COSTASOL 220,Andalucía,Málaga,Marbella,220.0,36.522932767973,-4.8596192870204,almacenamiento,Con permisos,RdT,,
12718.0,COSTASOL 220,Andalucía,Málaga,Marbella,220.0,36.522932767973,-4.8596192870204,fotovoltaica,Con permisos,RdD,45.0,50.0
12718.0,COSTASOL 220,Andalucía,Málaga,Marbella,220.0,36.522932767973,-4.8596192870204,fotovoltaica,Con permisos,RdT,,
12919.0,LOS MONTES 220,Andalucía,Málaga,Málaga,220.0,36.745466825783,-4.3889151921186,almacenamiento,Con permisos,RdD,189.0,189.0
12919.0,LOS MONTES 220,Andalucía,Málaga,Málaga,220.0,36.745466825783,-4.3889151921186,almacenamiento,Con permisos,RdT,,
12919.0,LOS MONTES 220,Andalucía,Málaga,Málaga,220.0,36.745466825783,-4.3889151921186,eolica,En curso,RdD,36.0,36.0
12919.0,LOS MONTES 220,Andalucía,Málaga,Málaga,220.0,36.745466825783,-4.3889151921186,eolica,En curso,RdT,,
12922.0,LOS RAMOS 220,Andalucía,Málaga,Málaga,220.0,36.729807263277,-4.4723600853853,almacenamiento,Con permisos,RdD,45.0,50.0
12922.0,LOS RAMOS 220,Andalucía,Málaga,Málaga,220.0,36.729807263277,-4.4723600853853,almacenamiento,Con permisos,RdT,135.0,139.0
12922.0,LOS RAMOS 220,Andalucía,Málaga,Málaga,220.0,36.729807263277,-4.4723600853853,eolica,Con permisos,RdD,6.0,6.0
12922.0,LOS RAMOS 220,Andalucía,Málaga,Málaga,220.0,36.729807263277,-4.4723600853853,eolica,Con permisos,RdT,79.0,87.0
12922.0,LOS RAMOS 220,Andalucía,Málaga,Málaga,220.0,36.729807263277,-4.4723600853853,eolica,Puesta en servicio,RdD,,20.0
12922.0,LOS RAMOS 220,Andalucía,Málaga,Málaga,220.0,36.729807263277,-4.4723600853853,eolica,Puesta en servicio,RdT,,
12922.0,LOS RAMOS 220,Andalucía,Málaga,Málaga,220.0,36.729807263277,-4.4723600853853,fotovoltaica,Con permisos,RdD,62.0,96.0
12922.0,LOS RAMOS 220,Andalucía,Málaga,Málaga,220.0,36.729807263277,-4.4723600853853,fotovoltaica,Con permisos,RdT,,
12922.0,LOS RAMOS 220,Andalucía,Málaga,Málaga,220.0,36.729807263277,-4.4723600853853,fotovoltaica,Puesta en servicio,RdD,76.55,85.25
12922.0,LOS RAMOS 220,Andalucía,Málaga,Málaga,220.0,36.729807263277,-4.4723600853853,fotovoltaica,Puesta en servicio,RdT,,
12922.0,LOS RAMOS 220,Andalucía,Málaga,Málaga,220.0,36.729807263277,-4.4723600853853,hibridacion,Puesta en servicio,RdD,22.4,
12922.0,LOS RAMOS 220,Andalucía,Málaga,Málaga,220.0,36.729807263277,-4.4723600853853,hibridacion,Puesta en servicio,RdT,,
12922.0,LOS RAMOS 220,Andalucía,Málaga,Málaga,220.0,36.729807263277,-4.4723600853853,otras,Puesta en servicio,RdD,135.4,135.4
12922.0,LOS RAMOS 220,Andalucía,Málaga,Málaga,220.0,36.729807263277,-4.4723600853853,otras,Puesta en servicio,RdT,415.51,415.51
13071.0,POLIGONO 220,Andalucía,Málaga,Málaga,220.0,36.69442717356,-4.4660934687224,almacenamiento,Con permisos,RdD,45.0,80.0
13071.0,POLIGONO 220,Andalucía,Málaga,Málaga,220.0,36.69442717356,-4.4660934687224,almacenamiento,Con permisos,RdT,,
13071.0,POLIGONO 220,Andalucía,Málaga,Málaga,220.0,36.69442717356,-4.4660934687224,almacenamiento,En curso,RdD,74.8,89.8
13071.0,POLIGONO 220,Andalucía,Málaga,Málaga,220.0,36.69442717356,-4.4660934687224,almacenamiento,En curso,RdT,,
13071.0,POLIGONO 220,Andalucía,Málaga,Málaga,220.0,36.69442717356,-4.4660934687224,fotovoltaica,Con permisos,RdD,5.0,5.0
13071.0,POLIGONO 220,Andalucía,Málaga,Málaga,220.0,36.69442717356,-4.4660934687224,fotovoltaica,Con permisos,RdT,,
13071.0,POLIGONO 220,Andalucía,Málaga,Málaga,220.0,36.69442717356,-4.4660934687224,fotovoltaica,Puesta en servicio,RdD,1.09,1.09
13071.0,POLIGONO 220,Andalucía,Málaga,Málaga,220.0,36.69442717356,-4.4660934687224,fotovoltaica,Puesta en servicio,RdT,,
13071.0,POLIGONO 220,Andalucía,Málaga,Málaga,220.0,36.69442717356,-4.4660934687224,otras,Puesta en servicio,RdD,12.74,12.74
13071.0,POLIGONO 220,Andalucía,Málaga,Málaga,220.0,36.69442717356,-4.4660934687224,otras,Puesta en servicio,RdT,,
13412.0,VENTILLA 220,Andalucía,Málaga,Málaga,220.0,36.752115259341,-4.4516268623278,almacenamiento,Con permisos,RdD,84.0,87.0
13412.0,VENTILLA 220,Andalucía,Málaga,Málaga,220.0,36.752115259341,-4.4516268623278,almacenamiento,Con permisos,RdT,,
13412.0,VENTILLA 220,Andalucía,Málaga,Málaga,220.0,36.752115259341,-4.4516268623278,fotovoltaica,Con permisos,RdD,6.0,6.0
13412.0,VENTILLA 220,Andalucía,Málaga,Málaga,220.0,36.752115259341,-4.4516268623278,fotovoltaica,Con permisos,RdT,,
13181.0,RONDA 400,Andalucía,Málaga,Ronda,400.0,36.761236575294,-5.1274867061467,fotovoltaica,Con permisos,RdD,,
13181.0,RONDA 400,Andalucía,Málaga,Ronda,400.0,36.761236575294,-5.1274867061467,fotovoltaica,Con permisos,RdT,225.0,235.0
13334.0,TAJO ENCANTADA 400,Andalucía,Málaga,Álora,400.0,36.895071576296,-4.7457559842002,almacenamiento,Con permisos,RdD,,
13334.0,TAJO ENCANTADA 400,Andalucía,Málaga,Álora,400.0,36.895071576296,-4.7457559842002,almacenamiento,Con permisos,RdT,,70.0
13334.0,TAJO ENCANTADA 400,Andalucía,Málaga,Álora,400.0,36.895071576296,-4.7457559842002,fotovoltaica,Con permisos,RdD,,
13334.0,TAJO ENCANTADA 400,Andalucía,Málaga,Álora,400.0,36.895071576296,-4.7457559842002,fotovoltaica,Con permisos,RdT,226.0,497.0
13334.0,TAJO ENCANTADA 400,Andalucía,Málaga,Álora,400.0,36.895071576296,-4.7457559842002,hibridacion,Con permisos,RdD,,
13334.0,TAJO ENCANTADA 400,Andalucía,Málaga,Álora,400.0,36.895071576296,-4.7457559842002,hibridacion,Con permisos,RdT,233.0,
13414.0,TAJO ENCANTADA 220,Andalucía,Málaga,Álora,220.0,36.895071576296,-4.7457559842002,almacenamiento,Con permisos,RdD,,
13414.0,TAJO ENCANTADA 220,Andalucía,Málaga,Álora,220.0,36.895071576296,-4.7457559842002,almacenamiento,Con permisos,RdT,77.0,98.0
13414.0,TAJO ENCANTADA 220,Andalucía,Málaga,Álora,220.0,36.895071576296,-4.7457559842002,almacenamiento,En curso,RdD,,
13414.0,TAJO ENCANTADA 220,Andalucía,Málaga,Álora,220.0,36.895071576296,-4.7457559842002,almacenamiento,En curso,RdT,140.0,140.0
13414.0,TAJO ENCANTADA 220,Andalucía,Málaga,Álora,220.0,36.895071576296,-4.7457559842002,bombeo,En curso,RdD,,
13414.0,TAJO ENCANTADA 220,Andalucía,Málaga,Álora,220.0,36.895071576296,-4.7457559842002,bombeo,En curso,RdT,100.0,100.0
13414.0,TAJO ENCANTADA 220,Andalucía,Málaga,Álora,220.0,36.895071576296,-4.7457559842002,bombeo,Puesta en servicio,RdD,,
13414.0,TAJO ENCANTADA 220,Andalucía,Málaga,Álora,220.0,36.895071576296,-4.7457559842002,bombeo,Puesta en servicio,RdT,360.0,376.88
13414.0,TAJO ENCANTADA 220,Andalucía,Málaga,Álora,220.0,36.895071576296,-4.7457559842002,eolica,Con permisos,RdD,,
13414.0,TAJO ENCANTADA 220,Andalucía,Málaga,Álora,220.0,36.895071576296,-4.7457559842002,eolica,Con permisos,RdT,233.0,256.0
13414.0,TAJO ENCANTADA 220,Andalucía,Málaga,Álora,220.0,36.895071576296,-4.7457559842002,eolica,En curso,RdD,,
13414.0,TAJO ENCANTADA 220,Andalucía,Málaga,Álora,220.0,36.895071576296,-4.7457559842002,eolica,En curso,RdT,231.3,244.73
13414.0,TAJO ENCANTADA 220,Andalucía,Málaga,Álora,220.0,36.895071576296,-4.7457559842002,eolica,Puesta en servicio,RdD,,
13414.0,TAJO ENCANTADA 220,Andalucía,Málaga,Álora,220.0,36.895071576296,-4.7457559842002,eolica,Puesta en servicio,RdT,354.28,357.28
13414.0,TAJO ENCANTADA 220,Andalucía,Málaga,Álora,220.0,36.895071576296,-4.7457559842002,fotovoltaica,Con permisos,RdD,,
13414.0,TAJO ENCANTADA 220,Andalucía,Málaga,Álora,220.0,36.895071576296,-4.7457559842002,fotovoltaica,Con permisos,RdT,32.0,36.0
13414.0,TAJO ENCANTADA 220,Andalucía,Málaga,Álora,220.0,36.895071576296,-4.7457559842002,fotovoltaica,En curso,RdD,,
13414.0,TAJO ENCANTADA 220,Andalucía,Málaga,Álora,220.0,36.895071576296,-4.7457559842002,fotovoltaica,En curso,RdT,140.0,140.0
13414.0,TAJO ENCANTADA 220,Andalucía,Málaga,Álora,220.0,36.895071576296,-4.7457559842002,fotovoltaica,Puesta en servicio,RdD,,
13414.0,TAJO ENCANTADA 220,Andalucía,Málaga,Álora,220.0,36.895071576296,-4.7457559842002,fotovoltaica,Puesta en servicio,RdT,73.3,161.08
13414.0,TAJO ENCANTADA 220,Andalucía,Málaga,Álora,220.0,36.895071576296,-4.7457559842002,hibridacion,Puesta en servicio,RdD,,
13414.0,TAJO ENCANTADA 220,Andalucía,Málaga,Álora,220.0,36.895071576296,-4.7457559842002,hibridacion,Puesta en servicio,RdT,73.3,
6672.0,ALCORES 220,Andalucía,Sevilla,Alcalá de Guadaíra,220.0,37.386393756483,-5.8559410795546,almacenamiento,Con permisos,RdD,,47.0
6672.0,ALCORES 220,Andalucía,Sevilla,Alcalá de Guadaíra,220.0,37.386393756483,-5.8559410795546,almacenamiento,Con permisos,RdT,,
6672.0,ALCORES 220,Andalucía,Sevilla,Alcalá de Guadaíra,220.0,37.386393756483,-5.8559410795546,fotovoltaica,Con permisos,RdD,300.0,322.0
6672.0,ALCORES 220,Andalucía,Sevilla,Alcalá de Guadaíra,220.0,37.386393756483,-5.8559410795546,fotovoltaica,Con permisos,RdT,,
6672.0,ALCORES 220,Andalucía,Sevilla,Alcalá de Guadaíra,220.0,37.386393756483,-5.8559410795546,fotovoltaica,Puesta en servicio,RdD,347.59,396.12
6672.0,ALCORES 220,Andalucía,Sevilla,Alcalá de Guadaíra,220.0,37.386393756483,-5.8559410795546,fotovoltaica,Puesta en servicio,RdT,,
6672.0,ALCORES 220,Andalucía,Sevilla,Alcalá de Guadaíra,220.0,37.386393756483,-5.8559410795546,hibridacion,Con permisos,RdD,8.0,
6672.0,ALCORES 220,Andalucía,Sevilla,Alcalá de Guadaíra,220.0,37.386393756483,-5.8559410795546,hibridacion,Con permisos,RdT,,
6672.0,ALCORES 220,Andalucía,Sevilla,Alcalá de Guadaíra,220.0,37.386393756483,-5.8559410795546,hibridacion,Puesta en servicio,RdD,5.0,
6672.0,ALCORES 220,Andalucía,Sevilla,Alcalá de Guadaíra,220.0,37.386393756483,-5.8559410795546,hibridacion,Puesta en servicio,RdT,,
6672.0,ALCORES 220,Andalucía,Sevilla,Alcalá de Guadaíra,220.0,37.386393756483,-5.8559410795546,otras,Con permisos,RdD,,8.0
6672.0,ALCORES 220,Andalucía,Sevilla,Alcalá de Guadaíra,220.0,37.386393756483,-5.8559410795546,otras,Con permisos,RdT,,
6672.0,ALCORES 220,Andalucía,Sevilla,Alcalá de Guadaíra,220.0,37.386393756483,-5.8559410795546,otras,Puesta en servicio,RdD,8.4,8.4
6672.0,ALCORES 220,Andalucía,Sevilla,Alcalá de Guadaíra,220.0,37.386393756483,-5.8559410795546,otras,Puesta en servicio,RdT,,
12725.0,DON RODRIGO 220,Andalucía,Sevilla,Alcalá de Guadaíra,220.0,37.245467322017,-5.8436541669977,almacenamiento,Con permisos,RdD,,
12725.0,DON RODRIGO 220,Andalucía,Sevilla,Alcalá de Guadaíra,220.0,37.245467322017,-5.8436541669977,almacenamiento,Con permisos,RdT,,16.0
12725.0,DON RODRIGO 220,Andalucía,Sevilla,Alcalá de Guadaíra,220.0,37.245467322017,-5.8436541669977,fotovoltaica,Con permisos,RdD,8.0,11.0
12725.0,DON RODRIGO 220,Andalucía,Sevilla,Alcalá de Guadaíra,220.0,37.245467322017,-5.8436541669977,fotovoltaica,Con permisos,RdT,,
12725.0,DON RODRIGO 220,Andalucía,Sevilla,Alcalá de Guadaíra,220.0,37.245467322017,-5.8436541669977,fotovoltaica,En curso,RdD,50.0,
12725.0,DON RODRIGO 220,Andalucía,Sevilla,Alcalá de Guadaíra,220.0,37.245467322017,-5.8436541669977,fotovoltaica,En curso,RdT,,
12725.0,DON RODRIGO 220,Andalucía,Sevilla,Alcalá de Guadaíra,220.0,37.245467322017,-5.8436541669977,fotovoltaica,Puesta en servicio,RdD,98.61,108.3
12725.0,DON RODRIGO 220,Andalucía,Sevilla,Alcalá de Guadaíra,220.0,37.245467322017,-5.8436541669977,fotovoltaica,Puesta en servicio,RdT,307.5,531.6
12725.0,DON RODRIGO 220,Andalucía,Sevilla,Alcalá de Guadaíra,220.0,37.245467322017,-5.8436541669977,hibridacion,Con permisos,RdD,8.0,
12725.0,DON RODRIGO 220,Andalucía,Sevilla,Alcalá de Guadaíra,220.0,37.245467322017,-5.8436541669977,hibridacion,Con permisos,RdT,,
12725.0,DON RODRIGO 220,Andalucía,Sevilla,Alcalá de Guadaíra,220.0,37.245467322017,-5.8436541669977,hibridacion,Puesta en servicio,RdD,,
12725.0,DON RODRIGO 220,Andalucía,Sevilla,Alcalá de Guadaíra,220.0,37.245467322017,-5.8436541669977,hibridacion,Puesta en servicio,RdT,157.5,
12725.0,DON RODRIGO 220,Andalucía,Sevilla,Alcalá de Guadaíra,220.0,37.245467322017,-5.8436541669977,otras,Puesta en servicio,RdD,13.02,21.02
12725.0,DON RODRIGO 220,Andalucía,Sevilla,Alcalá de Guadaíra,220.0,37.245467322017,-5.8436541669977,otras,Puesta en servicio,RdT,,
12725.0,DON RODRIGO 220,Andalucía,Sevilla,Alcalá de Guadaíra,220.0,37.245467322017,-5.8436541669977,termosolar,Puesta en servicio,RdD,100.0,100.0
12725.0,DON RODRIGO 220,Andalucía,Sevilla,Alcalá de Guadaíra,220.0,37.245467322017,-5.8436541669977,termosolar,Puesta en servicio,RdT,,
12726.0,DON RODRIGO 400,Andalucía,Sevilla,Alcalá de Guadaíra,400.0,37.245467322017,-5.8436541669977,almacenamiento,Con permisos,RdD,,
12726.0,DON RODRIGO 400,Andalucía,Sevilla,Alcalá de Guadaíra,400.0,37.245467322017,-5.8436541669977,almacenamiento,Con permisos,RdT,,697.0
12726.0,DON RODRIGO 400,Andalucía,Sevilla,Alcalá de Guadaíra,400.0,37.245467322017,-5.8436541669977,fotovoltaica,Puesta en servicio,RdD,,
12726.0,DON RODRIGO 400,Andalucía,Sevilla,Alcalá de Guadaíra,400.0,37.245467322017,-5.8436541669977,fotovoltaica,Puesta en servicio,RdT,,780.4
12726.0,DON RODRIGO 400,Andalucía,Sevilla,Alcalá de Guadaíra,400.0,37.245467322017,-5.8436541669977,hibridacion,Puesta en servicio,RdD,,
12726.0,DON RODRIGO 400,Andalucía,Sevilla,Alcalá de Guadaíra,400.0,37.245467322017,-5.8436541669977,hibridacion,Puesta en servicio,RdT,697.99,
6685.0,CARMONA 400,Andalucía,Sevilla,Carmona,400.0,37.55691840287,-5.7591094943323,almacenamiento,Con permisos,RdD,,
6685.0,CARMONA 400,Andalucía,Sevilla,Carmona,400.0,37.55691840287,-5.7591094943323,almacenamiento,Con permisos,RdT,,156.0
6685.0,CARMONA 400,Andalucía,Sevilla,Carmona,400.0,37.55691840287,-5.7591094943323,fotovoltaica,Con permisos,RdD,,
6685.0,CARMONA 400,Andalucía,Sevilla,Carmona,400.0,37.55691840287,-5.7591094943323,fotovoltaica,Con permisos,RdT,60.0,122.0
6685.0,CARMONA 400,Andalucía,Sevilla,Carmona,400.0,37.55691840287,-5.7591094943323,fotovoltaica,En curso,RdD,,
6685.0,CARMONA 400,Andalucía,Sevilla,Carmona,400.0,37.55691840287,-5.7591094943323,fotovoltaica,En curso,RdT,36.72,41.45
6685.0,CARMONA 400,Andalucía,Sevilla,Carmona,400.0,37.55691840287,-5.7591094943323,fotovoltaica,Puesta en servicio,RdD,,
6685.0,CARMONA 400,Andalucía,Sevilla,Carmona,400.0,37.55691840287,-5.7591094943323,fotovoltaica,Puesta en servicio,RdT,311.0,478.44
6685.0,CARMONA 400,Andalucía,Sevilla,Carmona,400.0,37.55691840287,-5.7591094943323,hibridacion,Con permisos,RdD,,
6685.0,CARMONA 400,Andalucía,Sevilla,Carmona,400.0,37.55691840287,-5.7591094943323,hibridacion,Con permisos,RdT,42.0,
6685.0,CARMONA 400,Andalucía,Sevilla,Carmona,400.0,37.55691840287,-5.7591094943323,hibridacion,Puesta en servicio,RdD,,
6685.0,CARMONA 400,Andalucía,Sevilla,Carmona,400.0,37.55691840287,-5.7591094943323,hibridacion,Puesta en servicio,RdT,109.98,
12592.0,CARMONA 220,Andalucía,Sevilla,Carmona,220.0,37.55691840287,-5.7591094943323,fotovoltaica,En curso,RdD,,
12592.0,CARMONA 220,Andalucía,Sevilla,Carmona,220.0,37.55691840287,-5.7591094943323,fotovoltaica,En curso,RdT,40.0,45.0
12592.0,CARMONA 220,Andalucía,Sevilla,Carmona,220.0,37.55691840287,-5.7591094943323,fotovoltaica,Puesta en servicio,RdD,,
12592.0,CARMONA 220,Andalucía,Sevilla,Carmona,220.0,37.55691840287,-5.7591094943323,fotovoltaica,Puesta en servicio,RdT,424.95,504.71
12727.0,DOS HERMANAS 220,Andalucía,Sevilla,Dos Hermanas,220.0,37.298542458486,-5.906006602997,almacenamiento,Con permisos,RdD,,49.0
12727.0,DOS HERMANAS 220,Andalucía,Sevilla,Dos Hermanas,220.0,37.298542458486,-5.906006602997,almacenamiento,Con permisos,RdT,,
12727.0,DOS HERMANAS 220,Andalucía,Sevilla,Dos Hermanas,220.0,37.298542458486,-5.906006602997,eolica,Con permisos,RdD,,
12727.0,DOS HERMANAS 220,Andalucía,Sevilla,Dos Hermanas,220.0,37.298542458486,-5.906006602997,eolica,Con permisos,RdT,154.0,154.0
12727.0,DOS HERMANAS 220,Andalucía,Sevilla,Dos Hermanas,220.0,37.298542458486,-5.906006602997,fotovoltaica,Con permisos,RdD,96.0,111.0
12727.0,DOS HERMANAS 220,Andalucía,Sevilla,Dos Hermanas,220.0,37.298542458486,-5.906006602997,fotovoltaica,Con permisos,RdT,,
12727.0,DOS HERMANAS 220,Andalucía,Sevilla,Dos Hermanas,220.0,37.298542458486,-5.906006602997,fotovoltaica,En curso,RdD,154.66,156.5
12727.0,DOS HERMANAS 220,Andalucía,Sevilla,Dos Hermanas,220.0,37.298542458486,-5.906006602997,fotovoltaica,En curso,RdT,12.0,12.0
12727.0,DOS HERMANAS 220,Andalucía,Sevilla,Dos Hermanas,220.0,37.298542458486,-5.906006602997,fotovoltaica,Puesta en servicio,RdD,62.3,150.62
12727.0,DOS HERMANAS 220,Andalucía,Sevilla,Dos Hermanas,220.0,37.298542458486,-5.906006602997,fotovoltaica,Puesta en servicio,RdT,170.1,188.4
12727.0,DOS HERMANAS 220,Andalucía,Sevilla,Dos Hermanas,220.0,37.298542458486,-5.906006602997,hibridacion,Puesta en servicio,RdD,70.84,
12727.0,DOS HERMANAS 220,Andalucía,Sevilla,Dos Hermanas,220.0,37.298542458486,-5.906006602997,hibridacion,Puesta en servicio,RdT,,
12727.0,DOS HERMANAS 220,Andalucía,Sevilla,Dos Hermanas,220.0,37.298542458486,-5.906006602997,otras,Puesta en servicio,RdD,9.97,9.97
12727.0,DOS HERMANAS 220,Andalucía,Sevilla,Dos Hermanas,220.0,37.298542458486,-5.906006602997,otras,Puesta en servicio,RdT,,
12757.0,ENTRENUCLEOS 220,Andalucía,Sevilla,Dos Hermanas,220.0,37.314522791312,-5.9448004701463,almacenamiento,Con permisos,RdD,,
12757.0,ENTRENUCLEOS 220,Andalucía,Sevilla,Dos Hermanas,220.0,37.314522791312,-5.9448004701463,almacenamiento,Con permisos,RdT,,17.0
12757.0,ENTRENUCLEOS 220,Andalucía,Sevilla,Dos Hermanas,220.0,37.314522791312,-5.9448004701463,almacenamiento,En curso,RdD,,
12757.0,ENTRENUCLEOS 220,Andalucía,Sevilla,Dos Hermanas,220.0,37.314522791312,-5.9448004701463,almacenamiento,En curso,RdT,489.6,494.6
12757.0,ENTRENUCLEOS 220,Andalucía,Sevilla,Dos Hermanas,220.0,37.314522791312,-5.9448004701463,fotovoltaica,Con permisos,RdD,70.0,73.0
12757.0,ENTRENUCLEOS 220,Andalucía,Sevilla,Dos Hermanas,220.0,37.314522791312,-5.9448004701463,fotovoltaica,Con permisos,RdT,304.0,358.0
12757.0,ENTRENUCLEOS 220,Andalucía,Sevilla,Dos Hermanas,220.0,37.314522791312,-5.9448004701463,hibridacion,Con permisos,RdD,,
12757.0,ENTRENUCLEOS 220,Andalucía,Sevilla,Dos Hermanas,220.0,37.314522791312,-5.9448004701463,hibridacion,Con permisos,RdT,17.0,
13336.0,RODA DE ANDALUCIA 400,Andalucía,Sevilla,"Roda de Andalucía, La",400.0,37.254712805986,-4.7769981082472,eolica,Con permisos,RdD,,
13336.0,RODA DE ANDALUCIA 400,Andalucía,Sevilla,"Roda de Andalucía, La",400.0,37.254712805986,-4.7769981082472,eolica,Con permisos,RdT,88.0,88.0
13336.0,RODA DE ANDALUCIA 400,Andalucía,Sevilla,"Roda de Andalucía, La",400.0,37.254712805986,-4.7769981082472,eolica,Puesta en servicio,RdD,,
13336.0,RODA DE ANDALUCIA 400,Andalucía,Sevilla,"Roda de Andalucía, La",400.0,37.254712805986,-4.7769981082472,eolica,Puesta en servicio,RdT,262.5,276.9
13336.0,RODA DE ANDALUCIA 400,Andalucía,Sevilla,"Roda de Andalucía, La",400.0,37.254712805986,-4.7769981082472,fotovoltaica,Con permisos,RdD,,
13336.0,RODA DE ANDALUCIA 400,Andalucía,Sevilla,"Roda de Andalucía, La",400.0,37.254712805986,-4.7769981082472,fotovoltaica,Con permisos,RdT,124.0,149.0
13336.0,RODA DE ANDALUCIA 400,Andalucía,Sevilla,"Roda de Andalucía, La",400.0,37.254712805986,-4.7769981082472,hibridacion,Puesta en servicio,RdD,,
13336.0,RODA DE ANDALUCIA 400,Andalucía,Sevilla,"Roda de Andalucía, La",400.0,37.254712805986,-4.7769981082472,hibridacion,Puesta en servicio,RdT,14.4,
7329.0,SANTA ELVIRA 220,Andalucía,Sevilla,Sevilla,220.0,37.389960733451,-5.9306611037996,almacenamiento,Con permisos,RdD,55.0,55.0
7329.0,SANTA ELVIRA 220,Andalucía,Sevilla,Sevilla,220.0,37.389960733451,-5.9306611037996,almacenamiento,Con permisos,RdT,,
7329.0,SANTA ELVIRA 220,Andalucía,Sevilla,Sevilla,220.0,37.389960733451,-5.9306611037996,fotovoltaica,Con permisos,RdD,76.0,86.0
7329.0,SANTA ELVIRA 220,Andalucía,Sevilla,Sevilla,220.0,37.389960733451,-5.9306611037996,fotovoltaica,Con permisos,RdT,332.0,383.0
7329.0,SANTA ELVIRA 220,Andalucía,Sevilla,Sevilla,220.0,37.389960733451,-5.9306611037996,fotovoltaica,En curso,RdD,19.99,23.7
7329.0,SANTA ELVIRA 220,Andalucía,Sevilla,Sevilla,220.0,37.389960733451,-5.9306611037996,fotovoltaica,En curso,RdT,,
7329.0,SANTA ELVIRA 220,Andalucía,Sevilla,Sevilla,220.0,37.389960733451,-5.9306611037996,fotovoltaica,Puesta en servicio,RdD,1.8,1.8
7329.0,SANTA ELVIRA 220,Andalucía,Sevilla,Sevilla,220.0,37.389960733451,-5.9306611037996,fotovoltaica,Puesta en servicio,RdT,,
7329.0,SANTA ELVIRA 220,Andalucía,Sevilla,Sevilla,220.0,37.389960733451,-5.9306611037996,otras,Puesta en servicio,RdD,6.8,6.8
7329.0,SANTA ELVIRA 220,Andalucía,Sevilla,Sevilla,220.0,37.389960733451,-5.9306611037996,otras,Puesta en servicio,RdT,,
13104.0,QUINTOS 220,Andalucía,Sevilla,Sevilla,220.0,37.349502642917,-5.9523122190511,almacenamiento,Con permisos,RdD,,
13104.0,QUINTOS 220,Andalucía,Sevilla,Sevilla,220.0,37.349502642917,-5.9523122190511,almacenamiento,Con permisos,RdT,,25.0
13104.0,QUINTOS 220,Andalucía,Sevilla,Sevilla,220.0,37.349502642917,-5.9523122190511,almacenamiento,En curso,RdD,,
13104.0,QUINTOS 220,Andalucía,Sevilla,Sevilla,220.0,37.349502642917,-5.9523122190511,almacenamiento,En curso,RdT,342.96,347.96
13104.0,QUINTOS 220,Andalucía,Sevilla,Sevilla,220.0,37.349502642917,-5.9523122190511,fotovoltaica,Con permisos,RdD,153.0,169.0
13104.0,QUINTOS 220,Andalucía,Sevilla,Sevilla,220.0,37.349502642917,-5.9523122190511,fotovoltaica,Con permisos,RdT,137.0,210.0
13104.0,QUINTOS 220,Andalucía,Sevilla,Sevilla,220.0,37.349502642917,-5.9523122190511,hibridacion,Con permisos,RdD,,
13104.0,QUINTOS 220,Andalucía,Sevilla,Sevilla,220.0,37.349502642917,-5.9523122190511,hibridacion,Con permisos,RdT,37.0,
6732.0,VILLANUEVA DEL REY 220,Andalucía,Sevilla,Écija,220.0,37.527578584636,-5.1642026162538,almacenamiento,Con permisos,RdD,,
6732.0,VILLANUEVA DEL REY 220,Andalucía,Sevilla,Écija,220.0,37.527578584636,-5.1642026162538,almacenamiento,Con permisos,RdT,,62.0
6732.0,VILLANUEVA DEL REY 220,Andalucía,Sevilla,Écija,220.0,37.527578584636,-5.1642026162538,eolica,Con permisos,RdD,,28.0
6732.0,VILLANUEVA DEL REY 220,Andalucía,Sevilla,Écija,220.0,37.527578584636,-5.1642026162538,eolica,Con permisos,RdT,,
6732.0,VILLANUEVA DEL REY 220,Andalucía,Sevilla,Écija,220.0,37.527578584636,-5.1642026162538,eolica,Puesta en servicio,RdD,56.0,56.0
6732.0,VILLANUEVA DEL REY 220,Andalucía,Sevilla,Écija,220.0,37.527578584636,-5.1642026162538,eolica,Puesta en servicio,RdT,,
6732.0,VILLANUEVA DEL REY 220,Andalucía,Sevilla,Écija,220.0,37.527578584636,-5.1642026162538,fotovoltaica,Con permisos,RdD,19.0,52.0
6732.0,VILLANUEVA DEL REY 220,Andalucía,Sevilla,Écija,220.0,37.527578584636,-5.1642026162538,fotovoltaica,Con permisos,RdT,,12.0
6732.0,VILLANUEVA DEL REY 220,Andalucía,Sevilla,Écija,220.0,37.527578584636,-5.1642026162538,fotovoltaica,Puesta en servicio,RdD,96.55,108.28
6732.0,VILLANUEVA DEL REY 220,Andalucía,Sevilla,Écija,220.0,37.527578584636,-5.1642026162538,fotovoltaica,Puesta en servicio,RdT,,99.81
6732.0,VILLANUEVA DEL REY 220,Andalucía,Sevilla,Écija,220.0,37.527578584636,-5.1642026162538,hibridacion,Con permisos,RdD,28.0,
6732.0,VILLANUEVA DEL REY 220,Andalucía,Sevilla,Écija,220.0,37.527578584636,-5.1642026162538,hibridacion,Con permisos,RdT,100.0,
6732.0,VILLANUEVA DEL REY 220,Andalucía,Sevilla,Écija,220.0,37.527578584636,-5.1642026162538,hibridacion,Puesta en servicio,RdD,,
6732.0,VILLANUEVA DEL REY 220,Andalucía,Sevilla,Écija,220.0,37.527578584636,-5.1642026162538,hibridacion,Puesta en servicio,RdT,84.85,
6732.0,VILLANUEVA DEL REY 220,Andalucía,Sevilla,Écija,220.0,37.527578584636,-5.1642026162538,otras,Puesta en servicio,RdD,72.0,72.0
6732.0,VILLANUEVA DEL REY 220,Andalucía,Sevilla,Écija,220.0,37.527578584636,-5.1642026162538,otras,Puesta en servicio,RdT,,
6732.0,VILLANUEVA DEL REY 220,Andalucía,Sevilla,Écija,220.0,37.527578584636,-5.1642026162538,termosolar,Puesta en servicio,RdD,17.0,17.0
6732.0,VILLANUEVA DEL REY 220,Andalucía,Sevilla,Écija,220.0,37.527578584636,-5.1642026162538,termosolar,Puesta en servicio,RdT,150.0,250.0
13520.0,VILLANUEVA DEL REY 400,Andalucía,Sevilla,Écija,400.0,37.527578584636,-5.1642026162538,fotovoltaica,En curso,RdD,,
13520.0,VILLANUEVA DEL REY 400,Andalucía,Sevilla,Écija,400.0,37.527578584636,-5.1642026162538,fotovoltaica,En curso,RdT,0.05,0.05
6736.0,BIESCAS 220,Aragón,Huesca,Biescas,220.0,42.628397626166,-0.31568732072195,hidraulica,Puesta en servicio,RdD,,
6736.0,BIESCAS 220,Aragón,Huesca,Biescas,220.0,42.628397626166,-0.31568732072195,hidraulica,Puesta en servicio,RdT,62.0,61.4
12822.0,GURREA 220,Aragón,Huesca,Gurrea de Gállego,220.0,42.037916930912,-0.77361401658415,almacenamiento,Con permisos,RdD,,
12822.0,GURREA 220,Aragón,Huesca,Gurrea de Gállego,220.0,42.037916930912,-0.77361401658415,almacenamiento,Con permisos,RdT,,38.0
12822.0,GURREA 220,Aragón,Huesca,Gurrea de Gállego,220.0,42.037916930912,-0.77361401658415,eolica,Con permisos,RdD,,
12822.0,GURREA 220,Aragón,Huesca,Gurrea de Gállego,220.0,42.037916930912,-0.77361401658415,eolica,Con permisos,RdT,2.0,66.0
12822.0,GURREA 220,Aragón,Huesca,Gurrea de Gállego,220.0,42.037916930912,-0.77361401658415,eolica,Puesta en servicio,RdD,,
12822.0,GURREA 220,Aragón,Huesca,Gurrea de Gállego,220.0,42.037916930912,-0.77361401658415,eolica,Puesta en servicio,RdT,207.64,357.39
12822.0,GURREA 220,Aragón,Huesca,Gurrea de Gállego,220.0,42.037916930912,-0.77361401658415,fotovoltaica,Con permisos,RdD,,
12822.0,GURREA 220,Aragón,Huesca,Gurrea de Gállego,220.0,42.037916930912,-0.77361401658415,fotovoltaica,Con permisos,RdT,,160.0
12822.0,GURREA 220,Aragón,Huesca,Gurrea de Gállego,220.0,42.037916930912,-0.77361401658415,fotovoltaica,Puesta en servicio,RdD,,
12822.0,GURREA 220,Aragón,Huesca,Gurrea de Gállego,220.0,42.037916930912,-0.77361401658415,fotovoltaica,Puesta en servicio,RdT,,8.39
12822.0,GURREA 220,Aragón,Huesca,Gurrea de Gállego,220.0,42.037916930912,-0.77361401658415,hibridacion,Con permisos,RdD,,
12822.0,GURREA 220,Aragón,Huesca,Gurrea de Gállego,220.0,42.037916930912,-0.77361401658415,hibridacion,Con permisos,RdT,75.0,
12822.0,GURREA 220,Aragón,Huesca,Gurrea de Gállego,220.0,42.037916930912,-0.77361401658415,hibridacion,Puesta en servicio,RdD,,
12822.0,GURREA 220,Aragón,Huesca,Gurrea de Gállego,220.0,42.037916930912,-0.77361401658415,hibridacion,Puesta en servicio,RdT,149.75,
13187.0,SABIÑANIGO 220,Aragón,Huesca,Sabiñánigo,220.0,42.51639539302,-0.35809749501731,fotovoltaica,Con permisos,RdD,28.0,34.0
13187.0,SABIÑANIGO 220,Aragón,Huesca,Sabiñánigo,220.0,42.51639539302,-0.35809749501731,fotovoltaica,Con permisos,RdT,,
13187.0,SABIÑANIGO 220,Aragón,Huesca,Sabiñánigo,220.0,42.51639539302,-0.35809749501731,fotovoltaica,Puesta en servicio,RdD,5.84,6.62
13187.0,SABIÑANIGO 220,Aragón,Huesca,Sabiñánigo,220.0,42.51639539302,-0.35809749501731,fotovoltaica,Puesta en servicio,RdT,,
13187.0,SABIÑANIGO 220,Aragón,Huesca,Sabiñánigo,220.0,42.51639539302,-0.35809749501731,otras,Puesta en servicio,RdD,290.6,290.6
13187.0,SABIÑANIGO 220,Aragón,Huesca,Sabiñánigo,220.0,42.51639539302,-0.35809749501731,otras,Puesta en servicio,RdT,,
12766.0,ESQUEDAS 220,Aragón,Huesca,"Sotonera, La",220.0,42.21539280209,-0.57162412738083,eolica,Con permisos,RdD,48.0,48.0
12766.0,ESQUEDAS 220,Aragón,Huesca,"Sotonera, La",220.0,42.21539280209,-0.57162412738083,eolica,Con permisos,RdT,88.0,88.0
12766.0,ESQUEDAS 220,Aragón,Huesca,"Sotonera, La",220.0,42.21539280209,-0.57162412738083,eolica,Puesta en servicio,RdD,39.2,39.2
12766.0,ESQUEDAS 220,Aragón,Huesca,"Sotonera, La",220.0,42.21539280209,-0.57162412738083,eolica,Puesta en servicio,RdT,,
12766.0,ESQUEDAS 220,Aragón,Huesca,"Sotonera, La",220.0,42.21539280209,-0.57162412738083,fotovoltaica,Con permisos,RdD,27.0,33.0
12766.0,ESQUEDAS 220,Aragón,Huesca,"Sotonera, La",220.0,42.21539280209,-0.57162412738083,fotovoltaica,Con permisos,RdT,,
12766.0,ESQUEDAS 220,Aragón,Huesca,"Sotonera, La",220.0,42.21539280209,-0.57162412738083,fotovoltaica,Puesta en servicio,RdD,26.5,30.05
12766.0,ESQUEDAS 220,Aragón,Huesca,"Sotonera, La",220.0,42.21539280209,-0.57162412738083,fotovoltaica,Puesta en servicio,RdT,,
12766.0,ESQUEDAS 220,Aragón,Huesca,"Sotonera, La",220.0,42.21539280209,-0.57162412738083,hidraulica,Con permisos,RdD,10.0,10.0
12766.0,ESQUEDAS 220,Aragón,Huesca,"Sotonera, La",220.0,42.21539280209,-0.57162412738083,hidraulica,Con permisos,RdT,,
12766.0,ESQUEDAS 220,Aragón,Huesca,"Sotonera, La",220.0,42.21539280209,-0.57162412738083,otras,Puesta en servicio,RdD,10.24,10.24
12766.0,ESQUEDAS 220,Aragón,Huesca,"Sotonera, La",220.0,42.21539280209,-0.57162412738083,otras,Puesta en servicio,RdT,,
13003.0,MUDEJAR 400,Aragón,Teruel,Andorra,400.0,41.023175903321,-0.38272842232196,almacenamiento,Con permisos,RdD,,
13003.0,MUDEJAR 400,Aragón,Teruel,Andorra,400.0,41.023175903321,-0.38272842232196,almacenamiento,Con permisos,RdT,,79.0
13003.0,MUDEJAR 400,Aragón,Teruel,Andorra,400.0,41.023175903321,-0.38272842232196,eolica,Con permisos,RdD,,
13003.0,MUDEJAR 400,Aragón,Teruel,Andorra,400.0,41.023175903321,-0.38272842232196,eolica,Con permisos,RdT,232.0,349.0
13003.0,MUDEJAR 400,Aragón,Teruel,Andorra,400.0,41.023175903321,-0.38272842232196,fotovoltaica,Con permisos,RdD,,
13003.0,MUDEJAR 400,Aragón,Teruel,Andorra,400.0,41.023175903321,-0.38272842232196,fotovoltaica,Con permisos,RdT,215.0,923.0
13003.0,MUDEJAR 400,Aragón,Teruel,Andorra,400.0,41.023175903321,-0.38272842232196,fotovoltaica,Puesta en servicio,RdD,,
13003.0,MUDEJAR 400,Aragón,Teruel,Andorra,400.0,41.023175903321,-0.38272842232196,fotovoltaica,Puesta en servicio,RdT,145.66,305.38
13003.0,MUDEJAR 400,Aragón,Teruel,Andorra,400.0,41.023175903321,-0.38272842232196,hibridacion,Con permisos,RdD,,
13003.0,MUDEJAR 400,Aragón,Teruel,Andorra,400.0,41.023175903321,-0.38272842232196,hibridacion,Con permisos,RdT,672.0,
13003.0,MUDEJAR 400,Aragón,Teruel,Andorra,400.0,41.023175903321,-0.38272842232196,hibridacion,Puesta en servicio,RdD,,
13003.0,MUDEJAR 400,Aragón,Teruel,Andorra,400.0,41.023175903321,-0.38272842232196,hibridacion,Puesta en servicio,RdT,235.0,
6737.0,CALAMOCHA 220,Aragón,Teruel,Calamocha,220.0,40.914535651623,-1.2864700494588,almacenamiento,Con permisos,RdD,,8.0
6737.0,CALAMOCHA 220,Aragón,Teruel,Calamocha,220.0,40.914535651623,-1.2864700494588,almacenamiento,Con permisos,RdT,,
6737.0,CALAMOCHA 220,Aragón,Teruel,Calamocha,220.0,40.914535651623,-1.2864700494588,eolica,Con permisos,RdD,5.0,54.0
6737.0,CALAMOCHA 220,Aragón,Teruel,Calamocha,220.0,40.914535651623,-1.2864700494588,eolica,Con permisos,RdT,,
6737.0,CALAMOCHA 220,Aragón,Teruel,Calamocha,220.0,40.914535651623,-1.2864700494588,eolica,Puesta en servicio,RdD,57.7,83.3
6737.0,CALAMOCHA 220,Aragón,Teruel,Calamocha,220.0,40.914535651623,-1.2864700494588,eolica,Puesta en servicio,RdT,,
6737.0,CALAMOCHA 220,Aragón,Teruel,Calamocha,220.0,40.914535651623,-1.2864700494588,fotovoltaica,Con permisos,RdD,5.0,48.0
6737.0,CALAMOCHA 220,Aragón,Teruel,Calamocha,220.0,40.914535651623,-1.2864700494588,fotovoltaica,Con permisos,RdT,,
6737.0,CALAMOCHA 220,Aragón,Teruel,Calamocha,220.0,40.914535651623,-1.2864700494588,fotovoltaica,Puesta en servicio,RdD,84.6,118.34
6737.0,CALAMOCHA 220,Aragón,Teruel,Calamocha,220.0,40.914535651623,-1.2864700494588,fotovoltaica,Puesta en servicio,RdT,,
6737.0,CALAMOCHA 220,Aragón,Teruel,Calamocha,220.0,40.914535651623,-1.2864700494588,hibridacion,Con permisos,RdD,26.0,
6737.0,CALAMOCHA 220,Aragón,Teruel,Calamocha,220.0,40.914535651623,-1.2864700494588,hibridacion,Con permisos,RdT,,
6737.0,CALAMOCHA 220,Aragón,Teruel,Calamocha,220.0,40.914535651623,-1.2864700494588,hibridacion,Puesta en servicio,RdD,45.18,
6737.0,CALAMOCHA 220,Aragón,Teruel,Calamocha,220.0,40.914535651623,-1.2864700494588,hibridacion,Puesta en servicio,RdT,,
6737.0,CALAMOCHA 220,Aragón,Teruel,Calamocha,220.0,40.914535651623,-1.2864700494588,otras,Puesta en servicio,RdD,12.46,12.46
6737.0,CALAMOCHA 220,Aragón,Teruel,Calamocha,220.0,40.914535651623,-1.2864700494588,otras,Puesta en servicio,RdT,,
6733.0,ARAGON 400,Aragón,Teruel,Castelnou,400.0,41.217770756736,-0.28021021562162,almacenamiento,Con permisos,RdD,,
6733.0,ARAGON 400,Aragón,Teruel,Castelnou,400.0,41.217770756736,-0.28021021562162,almacenamiento,Con permisos,RdT,,116.0
6733.0,ARAGON 400,Aragón,Teruel,Castelnou,400.0,41.217770756736,-0.28021021562162,eolica,Con permisos,RdD,,
6733.0,ARAGON 400,Aragón,Teruel,Castelnou,400.0,41.217770756736,-0.28021021562162,eolica,Con permisos,RdT,,1492.0
6733.0,ARAGON 400,Aragón,Teruel,Castelnou,400.0,41.217770756736,-0.28021021562162,fotovoltaica,Con permisos,RdD,,
6733.0,ARAGON 400,Aragón,Teruel,Castelnou,400.0,41.217770756736,-0.28021021562162,fotovoltaica,Con permisos,RdT,119.0,878.0
6733.0,ARAGON 400,Aragón,Teruel,Castelnou,400.0,41.217770756736,-0.28021021562162,fotovoltaica,Puesta en servicio,RdD,,
6733.0,ARAGON 400,Aragón,Teruel,Castelnou,400.0,41.217770756736,-0.28021021562162,fotovoltaica,Puesta en servicio,RdT,44.5,1454.61
6733.0,ARAGON 400,Aragón,Teruel,Castelnou,400.0,41.217770756736,-0.28021021562162,hibridacion,Puesta en servicio,RdD,,
6733.0,ARAGON 400,Aragón,Teruel,Castelnou,400.0,41.217770756736,-0.28021021562162,hibridacion,Puesta en servicio,RdT,1677.73,
6733.0,ARAGON 400,Aragón,Teruel,Castelnou,400.0,41.217770756736,-0.28021021562162,otras,Puesta en servicio,RdD,,
6733.0,ARAGON 400,Aragón,Teruel,Castelnou,400.0,41.217770756736,-0.28021021562162,otras,Puesta en servicio,RdT,80.0,1694.57
6774.0,VALDECONEJOS 220,Aragón,Teruel,Escucha,220.0,40.793404369791,-0.88169352992313,almacenamiento,Con permisos,RdD,,
6774.0,VALDECONEJOS 220,Aragón,Teruel,Escucha,220.0,40.793404369791,-0.88169352992313,almacenamiento,Con permisos,RdT,,56.0
6774.0,VALDECONEJOS 220,Aragón,Teruel,Escucha,220.0,40.793404369791,-0.88169352992313,eolica,Con permisos,RdD,,
6774.0,VALDECONEJOS 220,Aragón,Teruel,Escucha,220.0,40.793404369791,-0.88169352992313,eolica,Con permisos,RdT,439.0,507.0
6774.0,VALDECONEJOS 220,Aragón,Teruel,Escucha,220.0,40.793404369791,-0.88169352992313,eolica,En curso,RdD,,
6774.0,VALDECONEJOS 220,Aragón,Teruel,Escucha,220.0,40.793404369791,-0.88169352992313,eolica,En curso,RdT,406.98,450.58
6774.0,VALDECONEJOS 220,Aragón,Teruel,Escucha,220.0,40.793404369791,-0.88169352992313,eolica,Puesta en servicio,RdD,,
6774.0,VALDECONEJOS 220,Aragón,Teruel,Escucha,220.0,40.793404369791,-0.88169352992313,eolica,Puesta en servicio,RdT,70.59,106.59
6774.0,VALDECONEJOS 220,Aragón,Teruel,Escucha,220.0,40.793404369791,-0.88169352992313,fotovoltaica,Con permisos,RdD,,
6774.0,VALDECONEJOS 220,Aragón,Teruel,Escucha,220.0,40.793404369791,-0.88169352992313,fotovoltaica,Con permisos,RdT,,23.0
6774.0,VALDECONEJOS 220,Aragón,Teruel,Escucha,220.0,40.793404369791,-0.88169352992313,fotovoltaica,En curso,RdD,,
6774.0,VALDECONEJOS 220,Aragón,Teruel,Escucha,220.0,40.793404369791,-0.88169352992313,fotovoltaica,En curso,RdT,160.06,165.01
6774.0,VALDECONEJOS 220,Aragón,Teruel,Escucha,220.0,40.793404369791,-0.88169352992313,hibridacion,Con permisos,RdD,,
6774.0,VALDECONEJOS 220,Aragón,Teruel,Escucha,220.0,40.793404369791,-0.88169352992313,hibridacion,Con permisos,RdT,20.0,
6774.0,VALDECONEJOS 220,Aragón,Teruel,Escucha,220.0,40.793404369791,-0.88169352992313,hibridacion,Puesta en servicio,RdD,,
6774.0,VALDECONEJOS 220,Aragón,Teruel,Escucha,220.0,40.793404369791,-0.88169352992313,hibridacion,Puesta en servicio,RdT,36.0,
12763.0,ESCUCHA 220,Aragón,Teruel,Escucha,220.0,40.796157282117,-0.81565280635106,almacenamiento,En curso,RdD,,
12763.0,ESCUCHA 220,Aragón,Teruel,Escucha,220.0,40.796157282117,-0.81565280635106,almacenamiento,En curso,RdT,441.89,442.89
12763.0,ESCUCHA 220,Aragón,Teruel,Escucha,220.0,40.796157282117,-0.81565280635106,eolica,Con permisos,RdD,6.0,6.0
12763.0,ESCUCHA 220,Aragón,Teruel,Escucha,220.0,40.796157282117,-0.81565280635106,eolica,Con permisos,RdT,,
12763.0,ESCUCHA 220,Aragón,Teruel,Escucha,220.0,40.796157282117,-0.81565280635106,eolica,Puesta en servicio,RdD,53.46,53.46
12763.0,ESCUCHA 220,Aragón,Teruel,Escucha,220.0,40.796157282117,-0.81565280635106,eolica,Puesta en servicio,RdT,,
12763.0,ESCUCHA 220,Aragón,Teruel,Escucha,220.0,40.796157282117,-0.81565280635106,fotovoltaica,Puesta en servicio,RdD,42.54,50.79
12763.0,ESCUCHA 220,Aragón,Teruel,Escucha,220.0,40.796157282117,-0.81565280635106,fotovoltaica,Puesta en servicio,RdT,,
12763.0,ESCUCHA 220,Aragón,Teruel,Escucha,220.0,40.796157282117,-0.81565280635106,otras,Puesta en servicio,RdD,24.92,24.92
12763.0,ESCUCHA 220,Aragón,Teruel,Escucha,220.0,40.796157282117,-0.81565280635106,otras,Puesta en servicio,RdT,,
12831.0,HIJAR 220,Aragón,Teruel,Híjar,220.0,41.172714208044,-0.41875109387191,almacenamiento,Con permisos,RdD,,38.0
12831.0,HIJAR 220,Aragón,Teruel,Híjar,220.0,41.172714208044,-0.41875109387191,almacenamiento,Con permisos,RdT,,
12831.0,HIJAR 220,Aragón,Teruel,Híjar,220.0,41.172714208044,-0.41875109387191,eolica,Con permisos,RdD,20.0,20.0
12831.0,HIJAR 220,Aragón,Teruel,Híjar,220.0,41.172714208044,-0.41875109387191,eolica,Con permisos,RdT,,
12831.0,HIJAR 220,Aragón,Teruel,Híjar,220.0,41.172714208044,-0.41875109387191,fotovoltaica,Con permisos,RdD,2.0,2.0
12831.0,HIJAR 220,Aragón,Teruel,Híjar,220.0,41.172714208044,-0.41875109387191,fotovoltaica,Con permisos,RdT,,
12831.0,HIJAR 220,Aragón,Teruel,Híjar,220.0,41.172714208044,-0.41875109387191,fotovoltaica,Puesta en servicio,RdD,159.2,240.48
12831.0,HIJAR 220,Aragón,Teruel,Híjar,220.0,41.172714208044,-0.41875109387191,fotovoltaica,Puesta en servicio,RdT,,
12831.0,HIJAR 220,Aragón,Teruel,Híjar,220.0,41.172714208044,-0.41875109387191,hibridacion,Puesta en servicio,RdD,70.48,
12831.0,HIJAR 220,Aragón,Teruel,Híjar,220.0,41.172714208044,-0.41875109387191,hibridacion,Puesta en servicio,RdT,,
12831.0,HIJAR 220,Aragón,Teruel,Híjar,220.0,41.172714208044,-0.41875109387191,otras,Puesta en servicio,RdD,12.77,12.77
12831.0,HIJAR 220,Aragón,Teruel,Híjar,220.0,41.172714208044,-0.41875109387191,otras,Puesta en servicio,RdT,,
12971.0,MEZQUITA 220,Aragón,Teruel,Mezquita de Jarque,220.0,40.723948109854,-0.84984879386729,almacenamiento,Con permisos,RdD,,
12971.0,MEZQUITA 220,Aragón,Teruel,Mezquita de Jarque,220.0,40.723948109854,-0.84984879386729,almacenamiento,Con permisos,RdT,49.0,95.0
12971.0,MEZQUITA 220,Aragón,Teruel,Mezquita de Jarque,220.0,40.723948109854,-0.84984879386729,eolica,Con permisos,RdD,,
12971.0,MEZQUITA 220,Aragón,Teruel,Mezquita de Jarque,220.0,40.723948109854,-0.84984879386729,eolica,Con permisos,RdT,173.0,192.0
12971.0,MEZQUITA 220,Aragón,Teruel,Mezquita de Jarque,220.0,40.723948109854,-0.84984879386729,eolica,En curso,RdD,,
12971.0,MEZQUITA 220,Aragón,Teruel,Mezquita de Jarque,220.0,40.723948109854,-0.84984879386729,eolica,En curso,RdT,169.56,203.0
12971.0,MEZQUITA 220,Aragón,Teruel,Mezquita de Jarque,220.0,40.723948109854,-0.84984879386729,eolica,Puesta en servicio,RdD,,
12971.0,MEZQUITA 220,Aragón,Teruel,Mezquita de Jarque,220.0,40.723948109854,-0.84984879386729,eolica,Puesta en servicio,RdT,89.7,89.7
12971.0,MEZQUITA 220,Aragón,Teruel,Mezquita de Jarque,220.0,40.723948109854,-0.84984879386729,fotovoltaica,En curso,RdD,,
12971.0,MEZQUITA 220,Aragón,Teruel,Mezquita de Jarque,220.0,40.723948109854,-0.84984879386729,fotovoltaica,En curso,RdT,108.5,112.5
12971.0,MEZQUITA 220,Aragón,Teruel,Mezquita de Jarque,220.0,40.723948109854,-0.84984879386729,fotovoltaica,Puesta en servicio,RdD,,
12971.0,MEZQUITA 220,Aragón,Teruel,Mezquita de Jarque,220.0,40.723948109854,-0.84984879386729,fotovoltaica,Puesta en servicio,RdT,,78.0
12971.0,MEZQUITA 220,Aragón,Teruel,Mezquita de Jarque,220.0,40.723948109854,-0.84984879386729,hibridacion,Puesta en servicio,RdD,,
12971.0,MEZQUITA 220,Aragón,Teruel,Mezquita de Jarque,220.0,40.723948109854,-0.84984879386729,hibridacion,Puesta en servicio,RdT,70.0,
12972.0,MEZQUITA 400,Aragón,Teruel,Mezquita de Jarque,400.0,40.723948109854,-0.84984879386729,almacenamiento,Con permisos,RdD,,
12972.0,MEZQUITA 400,Aragón,Teruel,Mezquita de Jarque,400.0,40.723948109854,-0.84984879386729,almacenamiento,Con permisos,RdT,,58.0
12972.0,MEZQUITA 400,Aragón,Teruel,Mezquita de Jarque,400.0,40.723948109854,-0.84984879386729,fotovoltaica,Con permisos,RdD,,
12972.0,MEZQUITA 400,Aragón,Teruel,Mezquita de Jarque,400.0,40.723948109854,-0.84984879386729,fotovoltaica,Con permisos,RdT,416.0,598.0
12972.0,MEZQUITA 400,Aragón,Teruel,Mezquita de Jarque,400.0,40.723948109854,-0.84984879386729,hibridacion,Con permisos,RdD,,
12972.0,MEZQUITA 400,Aragón,Teruel,Mezquita de Jarque,400.0,40.723948109854,-0.84984879386729,hibridacion,Con permisos,RdT,68.0,
13005.0,MUNIESA 400,Aragón,Teruel,Muniesa,400.0,41.033104728552,-0.83961519134587,almacenamiento,Con permisos,RdD,,
13005.0,MUNIESA 400,Aragón,Teruel,Muniesa,400.0,41.033104728552,-0.83961519134587,almacenamiento,Con permisos,RdT,,41.0
13005.0,MUNIESA 400,Aragón,Teruel,Muniesa,400.0,41.033104728552,-0.83961519134587,eolica,Con permisos,RdD,,
13005.0,MUNIESA 400,Aragón,Teruel,Muniesa,400.0,41.033104728552,-0.83961519134587,eolica,Con permisos,RdT,129.0,139.0
13005.0,MUNIESA 400,Aragón,Teruel,Muniesa,400.0,41.033104728552,-0.83961519134587,eolica,Puesta en servicio,RdD,,
13005.0,MUNIESA 400,Aragón,Teruel,Muniesa,400.0,41.033104728552,-0.83961519134587,eolica,Puesta en servicio,RdT,471.1,811.16
13005.0,MUNIESA 400,Aragón,Teruel,Muniesa,400.0,41.033104728552,-0.83961519134587,fotovoltaica,Con permisos,RdD,,
13005.0,MUNIESA 400,Aragón,Teruel,Muniesa,400.0,41.033104728552,-0.83961519134587,fotovoltaica,Con permisos,RdT,,94.0
13005.0,MUNIESA 400,Aragón,Teruel,Muniesa,400.0,41.033104728552,-0.83961519134587,fotovoltaica,Puesta en servicio,RdD,,
13005.0,MUNIESA 400,Aragón,Teruel,Muniesa,400.0,41.033104728552,-0.83961519134587,fotovoltaica,Puesta en servicio,RdT,69.82,233.21
13005.0,MUNIESA 400,Aragón,Teruel,Muniesa,400.0,41.033104728552,-0.83961519134587,hibridacion,Puesta en servicio,RdD,,
13005.0,MUNIESA 400,Aragón,Teruel,Muniesa,400.0,41.033104728552,-0.83961519134587,hibridacion,Puesta en servicio,RdT,419.58,
13313.0,PLATEA 400,Aragón,Teruel,Teruel,400.0,40.444003352228,-1.1162084076134,almacenamiento,Con permisos,RdD,,3.0
13313.0,PLATEA 400,Aragón,Teruel,Teruel,400.0,40.444003352228,-1.1162084076134,almacenamiento,Con permisos,RdT,,
13313.0,PLATEA 400,Aragón,Teruel,Teruel,400.0,40.444003352228,-1.1162084076134,fotovoltaica,Con permisos,RdD,5.0,5.0
13313.0,PLATEA 400,Aragón,Teruel,Teruel,400.0,40.444003352228,-1.1162084076134,fotovoltaica,Con permisos,RdT,,
13313.0,PLATEA 400,Aragón,Teruel,Teruel,400.0,40.444003352228,-1.1162084076134,otras,Puesta en servicio,RdD,28.91,28.91
13313.0,PLATEA 400,Aragón,Teruel,Teruel,400.0,40.444003352228,-1.1162084076134,otras,Puesta en servicio,RdT,,
12764.0,ESPARTAL 220,Aragón,Zaragoza,"Burgo de Ebro, El",220.0,41.543151555258,-0.67918876583871,eolica,Con permisos,RdD,40.0,43.0
12764.0,ESPARTAL 220,Aragón,Zaragoza,"Burgo de Ebro, El",220.0,41.543151555258,-0.67918876583871,eolica,Con permisos,RdT,,
12764.0,ESPARTAL 220,Aragón,Zaragoza,"Burgo de Ebro, El",220.0,41.543151555258,-0.67918876583871,eolica,Puesta en servicio,RdD,24.45,60.85
12764.0,ESPARTAL 220,Aragón,Zaragoza,"Burgo de Ebro, El",220.0,41.543151555258,-0.67918876583871,eolica,Puesta en servicio,RdT,,
12764.0,ESPARTAL 220,Aragón,Zaragoza,"Burgo de Ebro, El",220.0,41.543151555258,-0.67918876583871,fotovoltaica,Con permisos,RdD,54.0,82.0
12764.0,ESPARTAL 220,Aragón,Zaragoza,"Burgo de Ebro, El",220.0,41.543151555258,-0.67918876583871,fotovoltaica,Con permisos,RdT,,
12764.0,ESPARTAL 220,Aragón,Zaragoza,"Burgo de Ebro, El",220.0,41.543151555258,-0.67918876583871,fotovoltaica,Puesta en servicio,RdD,9.4,9.9
12764.0,ESPARTAL 220,Aragón,Zaragoza,"Burgo de Ebro, El",220.0,41.543151555258,-0.67918876583871,fotovoltaica,Puesta en servicio,RdT,,
12764.0,ESPARTAL 220,Aragón,Zaragoza,"Burgo de Ebro, El",220.0,41.543151555258,-0.67918876583871,hibridacion,Puesta en servicio,RdD,40.0,
12764.0,ESPARTAL 220,Aragón,Zaragoza,"Burgo de Ebro, El",220.0,41.543151555258,-0.67918876583871,hibridacion,Puesta en servicio,RdT,,
12764.0,ESPARTAL 220,Aragón,Zaragoza,"Burgo de Ebro, El",220.0,41.543151555258,-0.67918876583871,otras,Con permisos,RdD,,
12764.0,ESPARTAL 220,Aragón,Zaragoza,"Burgo de Ebro, El",220.0,41.543151555258,-0.67918876583871,otras,Con permisos,RdT,26.0,26.0
12764.0,ESPARTAL 220,Aragón,Zaragoza,"Burgo de Ebro, El",220.0,41.543151555258,-0.67918876583871,otras,Puesta en servicio,RdD,23.14,23.14
12764.0,ESPARTAL 220,Aragón,Zaragoza,"Burgo de Ebro, El",220.0,41.543151555258,-0.67918876583871,otras,Puesta en servicio,RdT,147.4,147.4
12591.0,CARIÑENA 400,Aragón,Zaragoza,Cariñena,400.0,41.323528631862,-1.2279084263473,eolica,Con permisos,RdD,,
12591.0,CARIÑENA 400,Aragón,Zaragoza,Cariñena,400.0,41.323528631862,-1.2279084263473,eolica,Con permisos,RdT,148.0,148.0
12591.0,CARIÑENA 400,Aragón,Zaragoza,Cariñena,400.0,41.323528631862,-1.2279084263473,fotovoltaica,Con permisos,RdD,,
12591.0,CARIÑENA 400,Aragón,Zaragoza,Cariñena,400.0,41.323528631862,-1.2279084263473,fotovoltaica,Con permisos,RdT,324.0,368.0
12761.0,ESCATRON 220,Aragón,Zaragoza,Escatrón,220.0,41.293900382882,-0.34067772471244,almacenamiento,Con permisos,RdD,,62.0
12761.0,ESCATRON 220,Aragón,Zaragoza,Escatrón,220.0,41.293900382882,-0.34067772471244,almacenamiento,Con permisos,RdT,,
12761.0,ESCATRON 220,Aragón,Zaragoza,Escatrón,220.0,41.293900382882,-0.34067772471244,eolica,Con permisos,RdD,6.0,6.0
12761.0,ESCATRON 220,Aragón,Zaragoza,Escatrón,220.0,41.293900382882,-0.34067772471244,eolica,Con permisos,RdT,,
12761.0,ESCATRON 220,Aragón,Zaragoza,Escatrón,220.0,41.293900382882,-0.34067772471244,eolica,Puesta en servicio,RdD,,34.65
12761.0,ESCATRON 220,Aragón,Zaragoza,Escatrón,220.0,41.293900382882,-0.34067772471244,eolica,Puesta en servicio,RdT,,
12761.0,ESCATRON 220,Aragón,Zaragoza,Escatrón,220.0,41.293900382882,-0.34067772471244,fotovoltaica,Con permisos,RdD,102.0,151.0
12761.0,ESCATRON 220,Aragón,Zaragoza,Escatrón,220.0,41.293900382882,-0.34067772471244,fotovoltaica,Con permisos,RdT,37.0,41.0
12761.0,ESCATRON 220,Aragón,Zaragoza,Escatrón,220.0,41.293900382882,-0.34067772471244,fotovoltaica,En curso,RdD,,
12761.0,ESCATRON 220,Aragón,Zaragoza,Escatrón,220.0,41.293900382882,-0.34067772471244,fotovoltaica,En curso,RdT,74.38,86.59
12761.0,ESCATRON 220,Aragón,Zaragoza,Escatrón,220.0,41.293900382882,-0.34067772471244,fotovoltaica,Puesta en servicio,RdD,165.97,245.27
12761.0,ESCATRON 220,Aragón,Zaragoza,Escatrón,220.0,41.293900382882,-0.34067772471244,fotovoltaica,Puesta en servicio,RdT,74.38,90.08
12761.0,ESCATRON 220,Aragón,Zaragoza,Escatrón,220.0,41.293900382882,-0.34067772471244,hibridacion,Con permisos,RdD,21.0,
12761.0,ESCATRON 220,Aragón,Zaragoza,Escatrón,220.0,41.293900382882,-0.34067772471244,hibridacion,Con permisos,RdT,,
12761.0,ESCATRON 220,Aragón,Zaragoza,Escatrón,220.0,41.293900382882,-0.34067772471244,hibridacion,Puesta en servicio,RdD,118.77,
12761.0,ESCATRON 220,Aragón,Zaragoza,Escatrón,220.0,41.293900382882,-0.34067772471244,hibridacion,Puesta en servicio,RdT,,
12761.0,ESCATRON 220,Aragón,Zaragoza,Escatrón,220.0,41.293900382882,-0.34067772471244,hidraulica,Puesta en servicio,RdD,0.2,0.2
12761.0,ESCATRON 220,Aragón,Zaragoza,Escatrón,220.0,41.293900382882,-0.34067772471244,hidraulica,Puesta en servicio,RdT,,
12761.0,ESCATRON 220,Aragón,Zaragoza,Escatrón,220.0,41.293900382882,-0.34067772471244,otras,Con permisos,RdD,,13.0
12761.0,ESCATRON 220,Aragón,Zaragoza,Escatrón,220.0,41.293900382882,-0.34067772471244,otras,Con permisos,RdT,,
12761.0,ESCATRON 220,Aragón,Zaragoza,Escatrón,220.0,41.293900382882,-0.34067772471244,otras,Puesta en servicio,RdD,220.91,245.86
12761.0,ESCATRON 220,Aragón,Zaragoza,Escatrón,220.0,41.293900382882,-0.34067772471244,otras,Puesta en servicio,RdT,,
12762.0,ESCATRON 400,Aragón,Zaragoza,Escatrón,400.0,41.293900382882,-0.34067772471244,almacenamiento,Con permisos,RdD,,
12762.0,ESCATRON 400,Aragón,Zaragoza,Escatrón,400.0,41.293900382882,-0.34067772471244,almacenamiento,Con permisos,RdT,,103.0
12762.0,ESCATRON 400,Aragón,Zaragoza,Escatrón,400.0,41.293900382882,-0.34067772471244,eolica,Con permisos,RdD,,
12762.0,ESCATRON 400,Aragón,Zaragoza,Escatrón,400.0,41.293900382882,-0.34067772471244,eolica,Con permisos,RdT,,1378.0
12762.0,ESCATRON 400,Aragón,Zaragoza,Escatrón,400.0,41.293900382882,-0.34067772471244,fotovoltaica,Con permisos,RdD,,
12762.0,ESCATRON 400,Aragón,Zaragoza,Escatrón,400.0,41.293900382882,-0.34067772471244,fotovoltaica,Con permisos,RdT,393.0,605.0
12762.0,ESCATRON 400,Aragón,Zaragoza,Escatrón,400.0,41.293900382882,-0.34067772471244,fotovoltaica,Puesta en servicio,RdD,,
12762.0,ESCATRON 400,Aragón,Zaragoza,Escatrón,400.0,41.293900382882,-0.34067772471244,fotovoltaica,Puesta en servicio,RdT,,103.16
12762.0,ESCATRON 400,Aragón,Zaragoza,Escatrón,400.0,41.293900382882,-0.34067772471244,hibridacion,Con permisos,RdD,,
12762.0,ESCATRON 400,Aragón,Zaragoza,Escatrón,400.0,41.293900382882,-0.34067772471244,hibridacion,Con permisos,RdT,135.0,
12762.0,ESCATRON 400,Aragón,Zaragoza,Escatrón,400.0,41.293900382882,-0.34067772471244,hibridacion,Puesta en servicio,RdD,,
12762.0,ESCATRON 400,Aragón,Zaragoza,Escatrón,400.0,41.293900382882,-0.34067772471244,hibridacion,Puesta en servicio,RdT,894.7,
12762.0,ESCATRON 400,Aragón,Zaragoza,Escatrón,400.0,41.293900382882,-0.34067772471244,otras,Con permisos,RdD,,
12762.0,ESCATRON 400,Aragón,Zaragoza,Escatrón,400.0,41.293900382882,-0.34067772471244,otras,Con permisos,RdT,,85.0
12762.0,ESCATRON 400,Aragón,Zaragoza,Escatrón,400.0,41.293900382882,-0.34067772471244,otras,Puesta en servicio,RdD,,
12762.0,ESCATRON 400,Aragón,Zaragoza,Escatrón,400.0,41.293900382882,-0.34067772471244,otras,Puesta en servicio,RdT,,1608.72
12780.0,FUENDETODOS 220,Aragón,Zaragoza,Fuendetodos,220.0,41.336870533914,-0.97686860653766,almacenamiento,Con permisos,RdD,,
12780.0,FUENDETODOS 220,Aragón,Zaragoza,Fuendetodos,220.0,41.336870533914,-0.97686860653766,almacenamiento,Con permisos,RdT,,35.0
12780.0,FUENDETODOS 220,Aragón,Zaragoza,Fuendetodos,220.0,41.336870533914,-0.97686860653766,eolica,Con permisos,RdD,,
12780.0,FUENDETODOS 220,Aragón,Zaragoza,Fuendetodos,220.0,41.336870533914,-0.97686860653766,eolica,Con permisos,RdT,,55.0
12780.0,FUENDETODOS 220,Aragón,Zaragoza,Fuendetodos,220.0,41.336870533914,-0.97686860653766,eolica,En curso,RdD,,
12780.0,FUENDETODOS 220,Aragón,Zaragoza,Fuendetodos,220.0,41.336870533914,-0.97686860653766,eolica,En curso,RdT,114.4,118.8
12780.0,FUENDETODOS 220,Aragón,Zaragoza,Fuendetodos,220.0,41.336870533914,-0.97686860653766,eolica,Puesta en servicio,RdD,50.0,50.0
12780.0,FUENDETODOS 220,Aragón,Zaragoza,Fuendetodos,220.0,41.336870533914,-0.97686860653766,eolica,Puesta en servicio,RdT,343.61,442.58
12780.0,FUENDETODOS 220,Aragón,Zaragoza,Fuendetodos,220.0,41.336870533914,-0.97686860653766,fotovoltaica,Con permisos,RdD,,
12780.0,FUENDETODOS 220,Aragón,Zaragoza,Fuendetodos,220.0,41.336870533914,-0.97686860653766,fotovoltaica,Con permisos,RdT,82.0,138.0
12780.0,FUENDETODOS 220,Aragón,Zaragoza,Fuendetodos,220.0,41.336870533914,-0.97686860653766,fotovoltaica,Puesta en servicio,RdD,7.99,7.99
12780.0,FUENDETODOS 220,Aragón,Zaragoza,Fuendetodos,220.0,41.336870533914,-0.97686860653766,fotovoltaica,Puesta en servicio,RdT,,
12780.0,FUENDETODOS 220,Aragón,Zaragoza,Fuendetodos,220.0,41.336870533914,-0.97686860653766,hibridacion,Con permisos,RdD,,
12780.0,FUENDETODOS 220,Aragón,Zaragoza,Fuendetodos,220.0,41.336870533914,-0.97686860653766,hibridacion,Con permisos,RdT,52.0,
12780.0,FUENDETODOS 220,Aragón,Zaragoza,Fuendetodos,220.0,41.336870533914,-0.97686860653766,hibridacion,Puesta en servicio,RdD,,
12780.0,FUENDETODOS 220,Aragón,Zaragoza,Fuendetodos,220.0,41.336870533914,-0.97686860653766,hibridacion,Puesta en servicio,RdT,97.7,
12781.0,FUENDETODOS 400,Aragón,Zaragoza,Fuendetodos,400.0,41.336870533914,-0.97686860653766,almacenamiento,Con permisos,RdD,,
12781.0,FUENDETODOS 400,Aragón,Zaragoza,Fuendetodos,400.0,41.336870533914,-0.97686860653766,almacenamiento,Con permisos,RdT,,200.0
12781.0,FUENDETODOS 400,Aragón,Zaragoza,Fuendetodos,400.0,41.336870533914,-0.97686860653766,eolica,Con permisos,RdD,,
12781.0,FUENDETODOS 400,Aragón,Zaragoza,Fuendetodos,400.0,41.336870533914,-0.97686860653766,eolica,Con permisos,RdT,148.0,177.0
12781.0,FUENDETODOS 400,Aragón,Zaragoza,Fuendetodos,400.0,41.336870533914,-0.97686860653766,fotovoltaica,Con permisos,RdD,,
12781.0,FUENDETODOS 400,Aragón,Zaragoza,Fuendetodos,400.0,41.336870533914,-0.97686860653766,fotovoltaica,Con permisos,RdT,310.0,619.0
12781.0,FUENDETODOS 400,Aragón,Zaragoza,Fuendetodos,400.0,41.336870533914,-0.97686860653766,hibridacion,Con permisos,RdD,,
12781.0,FUENDETODOS 400,Aragón,Zaragoza,Fuendetodos,400.0,41.336870533914,-0.97686860653766,hibridacion,Con permisos,RdT,221.0,
12934.0,MAGALLON 220,Aragón,Zaragoza,Magallón,220.0,41.846865500616,-1.3812960767016,almacenamiento,Con permisos,RdD,,15.0
12934.0,MAGALLON 220,Aragón,Zaragoza,Magallón,220.0,41.846865500616,-1.3812960767016,almacenamiento,Con permisos,RdT,,5.0
12934.0,MAGALLON 220,Aragón,Zaragoza,Magallón,220.0,41.846865500616,-1.3812960767016,eolica,Con permisos,RdD,,
12934.0,MAGALLON 220,Aragón,Zaragoza,Magallón,220.0,41.846865500616,-1.3812960767016,eolica,Con permisos,RdT,,203.0
12934.0,MAGALLON 220,Aragón,Zaragoza,Magallón,220.0,41.846865500616,-1.3812960767016,eolica,Puesta en servicio,RdD,74.8,95.8
12934.0,MAGALLON 220,Aragón,Zaragoza,Magallón,220.0,41.846865500616,-1.3812960767016,eolica,Puesta en servicio,RdT,392.94,514.09
12934.0,MAGALLON 220,Aragón,Zaragoza,Magallón,220.0,41.846865500616,-1.3812960767016,fotovoltaica,Con permisos,RdD,15.0,27.0
12934.0,MAGALLON 220,Aragón,Zaragoza,Magallón,220.0,41.846865500616,-1.3812960767016,fotovoltaica,Con permisos,RdT,,225.0
12934.0,MAGALLON 220,Aragón,Zaragoza,Magallón,220.0,41.846865500616,-1.3812960767016,fotovoltaica,Puesta en servicio,RdD,39.44,44.81
12934.0,MAGALLON 220,Aragón,Zaragoza,Magallón,220.0,41.846865500616,-1.3812960767016,fotovoltaica,Puesta en servicio,RdT,,
12934.0,MAGALLON 220,Aragón,Zaragoza,Magallón,220.0,41.846865500616,-1.3812960767016,hibridacion,Con permisos,RdD,3.0,
12934.0,MAGALLON 220,Aragón,Zaragoza,Magallón,220.0,41.846865500616,-1.3812960767016,hibridacion,Con permisos,RdT,143.0,
12934.0,MAGALLON 220,Aragón,Zaragoza,Magallón,220.0,41.846865500616,-1.3812960767016,hibridacion,Puesta en servicio,RdD,26.0,
12934.0,MAGALLON 220,Aragón,Zaragoza,Magallón,220.0,41.846865500616,-1.3812960767016,hibridacion,Puesta en servicio,RdT,119.93,
12934.0,MAGALLON 220,Aragón,Zaragoza,Magallón,220.0,41.846865500616,-1.3812960767016,hidraulica,Con permisos,RdD,,3.0
12934.0,MAGALLON 220,Aragón,Zaragoza,Magallón,220.0,41.846865500616,-1.3812960767016,hidraulica,Con permisos,RdT,,
12934.0,MAGALLON 220,Aragón,Zaragoza,Magallón,220.0,41.846865500616,-1.3812960767016,otras,Con permisos,RdD,1.0,1.0
12934.0,MAGALLON 220,Aragón,Zaragoza,Magallón,220.0,41.846865500616,-1.3812960767016,otras,Con permisos,RdT,,
12934.0,MAGALLON 220,Aragón,Zaragoza,Magallón,220.0,41.846865500616,-1.3812960767016,otras,Puesta en servicio,RdD,22.78,22.78
12934.0,MAGALLON 220,Aragón,Zaragoza,Magallón,220.0,41.846865500616,-1.3812960767016,otras,Puesta en servicio,RdT,,
12935.0,MAGALLON 400,Aragón,Zaragoza,Magallón,400.0,41.846865500616,-1.3812960767016,fotovoltaica,Con permisos,RdD,,
12935.0,MAGALLON 400,Aragón,Zaragoza,Magallón,400.0,41.846865500616,-1.3812960767016,fotovoltaica,Con permisos,RdT,602.0,659.0
12948.0,MARIA 220,Aragón,Zaragoza,María de Huerva,220.0,41.505181457929,-1.0137706091504,almacenamiento,Con permisos,RdD,,
12948.0,MARIA 220,Aragón,Zaragoza,María de Huerva,220.0,41.505181457929,-1.0137706091504,almacenamiento,Con permisos,RdT,,93.0
12948.0,MARIA 220,Aragón,Zaragoza,María de Huerva,220.0,41.505181457929,-1.0137706091504,eolica,Con permisos,RdD,,
12948.0,MARIA 220,Aragón,Zaragoza,María de Huerva,220.0,41.505181457929,-1.0137706091504,eolica,Con permisos,RdT,,257.0
12948.0,MARIA 220,Aragón,Zaragoza,María de Huerva,220.0,41.505181457929,-1.0137706091504,eolica,Puesta en servicio,RdD,,
12948.0,MARIA 220,Aragón,Zaragoza,María de Huerva,220.0,41.505181457929,-1.0137706091504,eolica,Puesta en servicio,RdT,135.75,135.75
12948.0,MARIA 220,Aragón,Zaragoza,María de Huerva,220.0,41.505181457929,-1.0137706091504,fotovoltaica,Con permisos,RdD,,
12948.0,MARIA 220,Aragón,Zaragoza,María de Huerva,220.0,41.505181457929,-1.0137706091504,fotovoltaica,Con permisos,RdT,210.0,598.0
12948.0,MARIA 220,Aragón,Zaragoza,María de Huerva,220.0,41.505181457929,-1.0137706091504,hibridacion,Con permisos,RdD,,
12948.0,MARIA 220,Aragón,Zaragoza,María de Huerva,220.0,41.505181457929,-1.0137706091504,hibridacion,Con permisos,RdT,164.0,
12924.0,LOS VIENTOS 220,Aragón,Zaragoza,Muel,220.0,41.493348044236,-1.1381944190145,almacenamiento,Con permisos,RdD,,
12924.0,LOS VIENTOS 220,Aragón,Zaragoza,Muel,220.0,41.493348044236,-1.1381944190145,almacenamiento,Con permisos,RdT,,39.0
12924.0,LOS VIENTOS 220,Aragón,Zaragoza,Muel,220.0,41.493348044236,-1.1381944190145,eolica,Con permisos,RdD,,
12924.0,LOS VIENTOS 220,Aragón,Zaragoza,Muel,220.0,41.493348044236,-1.1381944190145,eolica,Con permisos,RdT,333.0,785.0
12924.0,LOS VIENTOS 220,Aragón,Zaragoza,Muel,220.0,41.493348044236,-1.1381944190145,eolica,Puesta en servicio,RdD,99.35,99.35
12924.0,LOS VIENTOS 220,Aragón,Zaragoza,Muel,220.0,41.493348044236,-1.1381944190145,eolica,Puesta en servicio,RdT,399.6,449.1
12924.0,LOS VIENTOS 220,Aragón,Zaragoza,Muel,220.0,41.493348044236,-1.1381944190145,fotovoltaica,Con permisos,RdD,,
12924.0,LOS VIENTOS 220,Aragón,Zaragoza,Muel,220.0,41.493348044236,-1.1381944190145,fotovoltaica,Con permisos,RdT,90.0,176.0
12924.0,LOS VIENTOS 220,Aragón,Zaragoza,Muel,220.0,41.493348044236,-1.1381944190145,fotovoltaica,Puesta en servicio,RdD,10.2,10.2
12924.0,LOS VIENTOS 220,Aragón,Zaragoza,Muel,220.0,41.493348044236,-1.1381944190145,fotovoltaica,Puesta en servicio,RdT,40.0,95.98
12924.0,LOS VIENTOS 220,Aragón,Zaragoza,Muel,220.0,41.493348044236,-1.1381944190145,hibridacion,Con permisos,RdD,,
12924.0,LOS VIENTOS 220,Aragón,Zaragoza,Muel,220.0,41.493348044236,-1.1381944190145,hibridacion,Con permisos,RdT,68.0,
12924.0,LOS VIENTOS 220,Aragón,Zaragoza,Muel,220.0,41.493348044236,-1.1381944190145,hibridacion,Puesta en servicio,RdD,,
12924.0,LOS VIENTOS 220,Aragón,Zaragoza,Muel,220.0,41.493348044236,-1.1381944190145,hibridacion,Puesta en servicio,RdT,98.5,
12758.0,ENTRERRIOS 220,Aragón,Zaragoza,Pedrola,220.0,41.748530291683,-1.186791988125,almacenamiento,Con permisos,RdD,,53.0
12758.0,ENTRERRIOS 220,Aragón,Zaragoza,Pedrola,220.0,41.748530291683,-1.186791988125,almacenamiento,Con permisos,RdT,,15.0
12758.0,ENTRERRIOS 220,Aragón,Zaragoza,Pedrola,220.0,41.748530291683,-1.186791988125,eolica,Con permisos,RdD,,30.0
12758.0,ENTRERRIOS 220,Aragón,Zaragoza,Pedrola,220.0,41.748530291683,-1.186791988125,eolica,Con permisos,RdT,,55.0
12758.0,ENTRERRIOS 220,Aragón,Zaragoza,Pedrola,220.0,41.748530291683,-1.186791988125,eolica,Puesta en servicio,RdD,47.37,87.07
12758.0,ENTRERRIOS 220,Aragón,Zaragoza,Pedrola,220.0,41.748530291683,-1.186791988125,eolica,Puesta en servicio,RdT,,
12758.0,ENTRERRIOS 220,Aragón,Zaragoza,Pedrola,220.0,41.748530291683,-1.186791988125,fotovoltaica,Con permisos,RdD,38.0,59.0
12758.0,ENTRERRIOS 220,Aragón,Zaragoza,Pedrola,220.0,41.748530291683,-1.186791988125,fotovoltaica,Con permisos,RdT,,30.0
12758.0,ENTRERRIOS 220,Aragón,Zaragoza,Pedrola,220.0,41.748530291683,-1.186791988125,fotovoltaica,Puesta en servicio,RdD,53.4,82.2
12758.0,ENTRERRIOS 220,Aragón,Zaragoza,Pedrola,220.0,41.748530291683,-1.186791988125,fotovoltaica,Puesta en servicio,RdT,,
12758.0,ENTRERRIOS 220,Aragón,Zaragoza,Pedrola,220.0,41.748530291683,-1.186791988125,hibridacion,Con permisos,RdD,15.0,
12758.0,ENTRERRIOS 220,Aragón,Zaragoza,Pedrola,220.0,41.748530291683,-1.186791988125,hibridacion,Con permisos,RdT,21.0,
12758.0,ENTRERRIOS 220,Aragón,Zaragoza,Pedrola,220.0,41.748530291683,-1.186791988125,hibridacion,Puesta en servicio,RdD,44.0,
12758.0,ENTRERRIOS 220,Aragón,Zaragoza,Pedrola,220.0,41.748530291683,-1.186791988125,hibridacion,Puesta en servicio,RdT,,
12758.0,ENTRERRIOS 220,Aragón,Zaragoza,Pedrola,220.0,41.748530291683,-1.186791988125,hidraulica,Puesta en servicio,RdD,0.55,0.55
12758.0,ENTRERRIOS 220,Aragón,Zaragoza,Pedrola,220.0,41.748530291683,-1.186791988125,hidraulica,Puesta en servicio,RdT,,
12758.0,ENTRERRIOS 220,Aragón,Zaragoza,Pedrola,220.0,41.748530291683,-1.186791988125,otras,Puesta en servicio,RdD,0.5,0.5
12758.0,ENTRERRIOS 220,Aragón,Zaragoza,Pedrola,220.0,41.748530291683,-1.186791988125,otras,Puesta en servicio,RdT,,13.34
12848.0,JALON 220,Aragón,Zaragoza,Plasencia de Jalón,220.0,41.697426799196,-1.2880891183002,almacenamiento,Con permisos,RdD,,
12848.0,JALON 220,Aragón,Zaragoza,Plasencia de Jalón,220.0,41.697426799196,-1.2880891183002,almacenamiento,Con permisos,RdT,,56.0
12848.0,JALON 220,Aragón,Zaragoza,Plasencia de Jalón,220.0,41.697426799196,-1.2880891183002,eolica,En curso,RdD,,
12848.0,JALON 220,Aragón,Zaragoza,Plasencia de Jalón,220.0,41.697426799196,-1.2880891183002,eolica,En curso,RdT,83.2,136.0
12848.0,JALON 220,Aragón,Zaragoza,Plasencia de Jalón,220.0,41.697426799196,-1.2880891183002,eolica,Puesta en servicio,RdD,,
12848.0,JALON 220,Aragón,Zaragoza,Plasencia de Jalón,220.0,41.697426799196,-1.2880891183002,eolica,Puesta en servicio,RdT,188.62,928.83
12848.0,JALON 220,Aragón,Zaragoza,Plasencia de Jalón,220.0,41.697426799196,-1.2880891183002,fotovoltaica,Con permisos,RdD,,
12848.0,JALON 220,Aragón,Zaragoza,Plasencia de Jalón,220.0,41.697426799196,-1.2880891183002,fotovoltaica,Con permisos,RdT,13.0,359.0
12848.0,JALON 220,Aragón,Zaragoza,Plasencia de Jalón,220.0,41.697426799196,-1.2880891183002,fotovoltaica,En curso,RdD,,
12848.0,JALON 220,Aragón,Zaragoza,Plasencia de Jalón,220.0,41.697426799196,-1.2880891183002,fotovoltaica,En curso,RdT,124.1,165.87
12848.0,JALON 220,Aragón,Zaragoza,Plasencia de Jalón,220.0,41.697426799196,-1.2880891183002,fotovoltaica,Puesta en servicio,RdD,,
12848.0,JALON 220,Aragón,Zaragoza,Plasencia de Jalón,220.0,41.697426799196,-1.2880891183002,fotovoltaica,Puesta en servicio,RdT,91.5,185.26
12848.0,JALON 220,Aragón,Zaragoza,Plasencia de Jalón,220.0,41.697426799196,-1.2880891183002,hibridacion,En curso,RdD,,
12848.0,JALON 220,Aragón,Zaragoza,Plasencia de Jalón,220.0,41.697426799196,-1.2880891183002,hibridacion,En curso,RdT,46.0,
12848.0,JALON 220,Aragón,Zaragoza,Plasencia de Jalón,220.0,41.697426799196,-1.2880891183002,hibridacion,Puesta en servicio,RdD,,
12848.0,JALON 220,Aragón,Zaragoza,Plasencia de Jalón,220.0,41.697426799196,-1.2880891183002,hibridacion,Puesta en servicio,RdT,382.12,
13185.0,RUEDA DE JALON 400,Aragón,Zaragoza,Rueda de Jalón,400.0,41.649812218514,-1.2965587721434,eolica,Con permisos,RdD,,
13185.0,RUEDA DE JALON 400,Aragón,Zaragoza,Rueda de Jalón,400.0,41.649812218514,-1.2965587721434,eolica,Con permisos,RdT,66.0,66.0
13185.0,RUEDA DE JALON 400,Aragón,Zaragoza,Rueda de Jalón,400.0,41.649812218514,-1.2965587721434,eolica,Puesta en servicio,RdD,,
13185.0,RUEDA DE JALON 400,Aragón,Zaragoza,Rueda de Jalón,400.0,41.649812218514,-1.2965587721434,eolica,Puesta en servicio,RdT,135.0,141.6
13185.0,RUEDA DE JALON 400,Aragón,Zaragoza,Rueda de Jalón,400.0,41.649812218514,-1.2965587721434,fotovoltaica,Puesta en servicio,RdD,,
13185.0,RUEDA DE JALON 400,Aragón,Zaragoza,Rueda de Jalón,400.0,41.649812218514,-1.2965587721434,fotovoltaica,Puesta en servicio,RdT,47.6,53.0
12882.0,LANZAS AGUDAS 220,Aragón,Zaragoza,Tarazona,220.0,41.862616282593,-1.6929048352746,almacenamiento,Con permisos,RdD,,6.0
12882.0,LANZAS AGUDAS 220,Aragón,Zaragoza,Tarazona,220.0,41.862616282593,-1.6929048352746,almacenamiento,Con permisos,RdT,,
12882.0,LANZAS AGUDAS 220,Aragón,Zaragoza,Tarazona,220.0,41.862616282593,-1.6929048352746,eolica,Puesta en servicio,RdD,105.2,121.7
12882.0,LANZAS AGUDAS 220,Aragón,Zaragoza,Tarazona,220.0,41.862616282593,-1.6929048352746,eolica,Puesta en servicio,RdT,,
12882.0,LANZAS AGUDAS 220,Aragón,Zaragoza,Tarazona,220.0,41.862616282593,-1.6929048352746,fotovoltaica,Con permisos,RdD,36.0,38.0
12882.0,LANZAS AGUDAS 220,Aragón,Zaragoza,Tarazona,220.0,41.862616282593,-1.6929048352746,fotovoltaica,Con permisos,RdT,,
12882.0,LANZAS AGUDAS 220,Aragón,Zaragoza,Tarazona,220.0,41.862616282593,-1.6929048352746,fotovoltaica,Puesta en servicio,RdD,5.0,5.44
12882.0,LANZAS AGUDAS 220,Aragón,Zaragoza,Tarazona,220.0,41.862616282593,-1.6929048352746,fotovoltaica,Puesta en servicio,RdT,,
12882.0,LANZAS AGUDAS 220,Aragón,Zaragoza,Tarazona,220.0,41.862616282593,-1.6929048352746,hibridacion,Puesta en servicio,RdD,16.5,
12882.0,LANZAS AGUDAS 220,Aragón,Zaragoza,Tarazona,220.0,41.862616282593,-1.6929048352746,hibridacion,Puesta en servicio,RdT,,
7255.0,TERRER 400,Aragón,Zaragoza,Terrer,400.0,41.320957870342,-1.7056895314573,almacenamiento,Con permisos,RdD,,
7255.0,TERRER 400,Aragón,Zaragoza,Terrer,400.0,41.320957870342,-1.7056895314573,almacenamiento,Con permisos,RdT,,89.0
7255.0,TERRER 400,Aragón,Zaragoza,Terrer,400.0,41.320957870342,-1.7056895314573,eolica,Con permisos,RdD,,
7255.0,TERRER 400,Aragón,Zaragoza,Terrer,400.0,41.320957870342,-1.7056895314573,eolica,Con permisos,RdT,148.0,314.0
7255.0,TERRER 400,Aragón,Zaragoza,Terrer,400.0,41.320957870342,-1.7056895314573,fotovoltaica,Con permisos,RdD,,
7255.0,TERRER 400,Aragón,Zaragoza,Terrer,400.0,41.320957870342,-1.7056895314573,fotovoltaica,Con permisos,RdT,,26.0
7255.0,TERRER 400,Aragón,Zaragoza,Terrer,400.0,41.320957870342,-1.7056895314573,fotovoltaica,Puesta en servicio,RdD,,
7255.0,TERRER 400,Aragón,Zaragoza,Terrer,400.0,41.320957870342,-1.7056895314573,fotovoltaica,Puesta en servicio,RdT,215.0,366.9
7255.0,TERRER 400,Aragón,Zaragoza,Terrer,400.0,41.320957870342,-1.7056895314573,hibridacion,Con permisos,RdD,,
7255.0,TERRER 400,Aragón,Zaragoza,Terrer,400.0,41.320957870342,-1.7056895314573,hibridacion,Con permisos,RdT,93.0,
13047.0,PEÑAFLOR 220,Aragón,Zaragoza,Villamayor de Gállego,220.0,41.721757863023,-0.74164679904411,almacenamiento,Con permisos,RdD,,12.0
13047.0,PEÑAFLOR 220,Aragón,Zaragoza,Villamayor de Gállego,220.0,41.721757863023,-0.74164679904411,almacenamiento,Con permisos,RdT,,
13047.0,PEÑAFLOR 220,Aragón,Zaragoza,Villamayor de Gállego,220.0,41.721757863023,-0.74164679904411,eolica,Con permisos,RdD,,57.0
13047.0,PEÑAFLOR 220,Aragón,Zaragoza,Villamayor de Gállego,220.0,41.721757863023,-0.74164679904411,eolica,Con permisos,RdT,,12.0
13047.0,PEÑAFLOR 220,Aragón,Zaragoza,Villamayor de Gállego,220.0,41.721757863023,-0.74164679904411,eolica,Puesta en servicio,RdD,160.02,176.06
13047.0,PEÑAFLOR 220,Aragón,Zaragoza,Villamayor de Gállego,220.0,41.721757863023,-0.74164679904411,eolica,Puesta en servicio,RdT,,
13047.0,PEÑAFLOR 220,Aragón,Zaragoza,Villamayor de Gállego,220.0,41.721757863023,-0.74164679904411,fotovoltaica,Con permisos,RdD,20.0,45.0
13047.0,PEÑAFLOR 220,Aragón,Zaragoza,Villamayor de Gállego,220.0,41.721757863023,-0.74164679904411,fotovoltaica,Con permisos,RdT,220.0,280.0
13047.0,PEÑAFLOR 220,Aragón,Zaragoza,Villamayor de Gállego,220.0,41.721757863023,-0.74164679904411,fotovoltaica,Puesta en servicio,RdD,71.8,151.86
13047.0,PEÑAFLOR 220,Aragón,Zaragoza,Villamayor de Gállego,220.0,41.721757863023,-0.74164679904411,fotovoltaica,Puesta en servicio,RdT,,
13047.0,PEÑAFLOR 220,Aragón,Zaragoza,Villamayor de Gállego,220.0,41.721757863023,-0.74164679904411,hibridacion,Con permisos,RdD,,
13047.0,PEÑAFLOR 220,Aragón,Zaragoza,Villamayor de Gállego,220.0,41.721757863023,-0.74164679904411,hibridacion,Con permisos,RdT,25.0,
13047.0,PEÑAFLOR 220,Aragón,Zaragoza,Villamayor de Gállego,220.0,41.721757863023,-0.74164679904411,hibridacion,Puesta en servicio,RdD,99.94,
13047.0,PEÑAFLOR 220,Aragón,Zaragoza,Villamayor de Gállego,220.0,41.721757863023,-0.74164679904411,hibridacion,Puesta en servicio,RdT,,
13047.0,PEÑAFLOR 220,Aragón,Zaragoza,Villamayor de Gállego,220.0,41.721757863023,-0.74164679904411,otras,Puesta en servicio,RdD,58.87,58.87
13047.0,PEÑAFLOR 220,Aragón,Zaragoza,Villamayor de Gállego,220.0,41.721757863023,-0.74164679904411,otras,Puesta en servicio,RdT,,
13048.0,PEÑAFLOR 400,Aragón,Zaragoza,Villamayor de Gállego,400.0,41.721757863023,-0.74164679904411,almacenamiento,Con permisos,RdD,,
13048.0,PEÑAFLOR 400,Aragón,Zaragoza,Villamayor de Gállego,400.0,41.721757863023,-0.74164679904411,almacenamiento,Con permisos,RdT,,53.0
13048.0,PEÑAFLOR 400,Aragón,Zaragoza,Villamayor de Gállego,400.0,41.721757863023,-0.74164679904411,eolica,Con permisos,RdD,,
13048.0,PEÑAFLOR 400,Aragón,Zaragoza,Villamayor de Gállego,400.0,41.721757863023,-0.74164679904411,eolica,Con permisos,RdT,,99.0
13048.0,PEÑAFLOR 400,Aragón,Zaragoza,Villamayor de Gállego,400.0,41.721757863023,-0.74164679904411,fotovoltaica,Con permisos,RdD,,
13048.0,PEÑAFLOR 400,Aragón,Zaragoza,Villamayor de Gállego,400.0,41.721757863023,-0.74164679904411,fotovoltaica,Con permisos,RdT,333.0,713.0
13048.0,PEÑAFLOR 400,Aragón,Zaragoza,Villamayor de Gállego,400.0,41.721757863023,-0.74164679904411,hibridacion,Con permisos,RdD,,
13048.0,PEÑAFLOR 400,Aragón,Zaragoza,Villamayor de Gállego,400.0,41.721757863023,-0.74164679904411,hibridacion,Con permisos,RdT,182.0,
6775.0,VILLANUEVA DE GALLEGO 220,Aragón,Zaragoza,Villanueva de Gállego,220.0,41.742661210756,-0.84675332910632,almacenamiento,Con permisos,RdD,,
6775.0,VILLANUEVA DE GALLEGO 220,Aragón,Zaragoza,Villanueva de Gállego,220.0,41.742661210756,-0.84675332910632,almacenamiento,Con permisos,RdT,,20.0
6775.0,VILLANUEVA DE GALLEGO 220,Aragón,Zaragoza,Villanueva de Gállego,220.0,41.742661210756,-0.84675332910632,almacenamiento,En curso,RdD,,
6775.0,VILLANUEVA DE GALLEGO 220,Aragón,Zaragoza,Villanueva de Gállego,220.0,41.742661210756,-0.84675332910632,almacenamiento,En curso,RdT,,15.0
6775.0,VILLANUEVA DE GALLEGO 220,Aragón,Zaragoza,Villanueva de Gállego,220.0,41.742661210756,-0.84675332910632,eolica,Con permisos,RdD,15.0,35.0
6775.0,VILLANUEVA DE GALLEGO 220,Aragón,Zaragoza,Villanueva de Gállego,220.0,41.742661210756,-0.84675332910632,eolica,Con permisos,RdT,,
6775.0,VILLANUEVA DE GALLEGO 220,Aragón,Zaragoza,Villanueva de Gállego,220.0,41.742661210756,-0.84675332910632,eolica,En curso,RdD,,
6775.0,VILLANUEVA DE GALLEGO 220,Aragón,Zaragoza,Villanueva de Gállego,220.0,41.742661210756,-0.84675332910632,eolica,En curso,RdT,84.0,192.0
6775.0,VILLANUEVA DE GALLEGO 220,Aragón,Zaragoza,Villanueva de Gállego,220.0,41.742661210756,-0.84675332910632,eolica,Puesta en servicio,RdD,273.7,274.3
6775.0,VILLANUEVA DE GALLEGO 220,Aragón,Zaragoza,Villanueva de Gállego,220.0,41.742661210756,-0.84675332910632,eolica,Puesta en servicio,RdT,,
6775.0,VILLANUEVA DE GALLEGO 220,Aragón,Zaragoza,Villanueva de Gállego,220.0,41.742661210756,-0.84675332910632,fotovoltaica,Con permisos,RdD,7.0,31.0
6775.0,VILLANUEVA DE GALLEGO 220,Aragón,Zaragoza,Villanueva de Gállego,220.0,41.742661210756,-0.84675332910632,fotovoltaica,Con permisos,RdT,145.0,200.0
6775.0,VILLANUEVA DE GALLEGO 220,Aragón,Zaragoza,Villanueva de Gállego,220.0,41.742661210756,-0.84675332910632,fotovoltaica,En curso,RdD,,
6775.0,VILLANUEVA DE GALLEGO 220,Aragón,Zaragoza,Villanueva de Gállego,220.0,41.742661210756,-0.84675332910632,fotovoltaica,En curso,RdT,,27.0
6775.0,VILLANUEVA DE GALLEGO 220,Aragón,Zaragoza,Villanueva de Gállego,220.0,41.742661210756,-0.84675332910632,fotovoltaica,Puesta en servicio,RdD,56.2,61.5
6775.0,VILLANUEVA DE GALLEGO 220,Aragón,Zaragoza,Villanueva de Gállego,220.0,41.742661210756,-0.84675332910632,fotovoltaica,Puesta en servicio,RdT,,
6775.0,VILLANUEVA DE GALLEGO 220,Aragón,Zaragoza,Villanueva de Gállego,220.0,41.742661210756,-0.84675332910632,hibridacion,Con permisos,RdD,23.0,
6775.0,VILLANUEVA DE GALLEGO 220,Aragón,Zaragoza,Villanueva de Gállego,220.0,41.742661210756,-0.84675332910632,hibridacion,Con permisos,RdT,25.0,
6775.0,VILLANUEVA DE GALLEGO 220,Aragón,Zaragoza,Villanueva de Gállego,220.0,41.742661210756,-0.84675332910632,hibridacion,En curso,RdD,,
6775.0,VILLANUEVA DE GALLEGO 220,Aragón,Zaragoza,Villanueva de Gállego,220.0,41.742661210756,-0.84675332910632,hibridacion,En curso,RdT,150.0,
6775.0,VILLANUEVA DE GALLEGO 220,Aragón,Zaragoza,Villanueva de Gállego,220.0,41.742661210756,-0.84675332910632,otras,Con permisos,RdD,59.0,59.0
6775.0,VILLANUEVA DE GALLEGO 220,Aragón,Zaragoza,Villanueva de Gállego,220.0,41.742661210756,-0.84675332910632,otras,Con permisos,RdT,,
6775.0,VILLANUEVA DE GALLEGO 220,Aragón,Zaragoza,Villanueva de Gállego,220.0,41.742661210756,-0.84675332910632,otras,Puesta en servicio,RdD,30.34,30.34
6775.0,VILLANUEVA DE GALLEGO 220,Aragón,Zaragoza,Villanueva de Gállego,220.0,41.742661210756,-0.84675332910632,otras,Puesta en servicio,RdT,,
6735.0,AVE ZARAGOZA 220,Aragón,Zaragoza,Zaragoza,220.0,41.570281497744,-0.7893187944417,almacenamiento,Con permisos,RdD,,
6735.0,AVE ZARAGOZA 220,Aragón,Zaragoza,Zaragoza,220.0,41.570281497744,-0.7893187944417,almacenamiento,Con permisos,RdT,,232.0
6735.0,AVE ZARAGOZA 220,Aragón,Zaragoza,Zaragoza,220.0,41.570281497744,-0.7893187944417,almacenamiento,En curso,RdD,,
6735.0,AVE ZARAGOZA 220,Aragón,Zaragoza,Zaragoza,220.0,41.570281497744,-0.7893187944417,almacenamiento,En curso,RdT,128.0,128.0
6735.0,AVE ZARAGOZA 220,Aragón,Zaragoza,Zaragoza,220.0,41.570281497744,-0.7893187944417,eolica,Con permisos,RdD,,
6735.0,AVE ZARAGOZA 220,Aragón,Zaragoza,Zaragoza,220.0,41.570281497744,-0.7893187944417,eolica,Con permisos,RdT,98.0,190.0
6735.0,AVE ZARAGOZA 220,Aragón,Zaragoza,Zaragoza,220.0,41.570281497744,-0.7893187944417,eolica,En curso,RdD,,
6735.0,AVE ZARAGOZA 220,Aragón,Zaragoza,Zaragoza,220.0,41.570281497744,-0.7893187944417,eolica,En curso,RdT,85.2,85.2
6735.0,AVE ZARAGOZA 220,Aragón,Zaragoza,Zaragoza,220.0,41.570281497744,-0.7893187944417,eolica,Puesta en servicio,RdD,,
6735.0,AVE ZARAGOZA 220,Aragón,Zaragoza,Zaragoza,220.0,41.570281497744,-0.7893187944417,eolica,Puesta en servicio,RdT,68.15,68.15
6735.0,AVE ZARAGOZA 220,Aragón,Zaragoza,Zaragoza,220.0,41.570281497744,-0.7893187944417,fotovoltaica,Con permisos,RdD,,
6735.0,AVE ZARAGOZA 220,Aragón,Zaragoza,Zaragoza,220.0,41.570281497744,-0.7893187944417,fotovoltaica,Con permisos,RdT,17.0,62.0
6735.0,AVE ZARAGOZA 220,Aragón,Zaragoza,Zaragoza,220.0,41.570281497744,-0.7893187944417,fotovoltaica,En curso,RdD,,
6735.0,AVE ZARAGOZA 220,Aragón,Zaragoza,Zaragoza,220.0,41.570281497744,-0.7893187944417,fotovoltaica,En curso,RdT,15.0,17.1
6735.0,AVE ZARAGOZA 220,Aragón,Zaragoza,Zaragoza,220.0,41.570281497744,-0.7893187944417,fotovoltaica,Puesta en servicio,RdD,,
6735.0,AVE ZARAGOZA 220,Aragón,Zaragoza,Zaragoza,220.0,41.570281497744,-0.7893187944417,fotovoltaica,Puesta en servicio,RdT,,299.62
6735.0,AVE ZARAGOZA 220,Aragón,Zaragoza,Zaragoza,220.0,41.570281497744,-0.7893187944417,hibridacion,Con permisos,RdD,,
6735.0,AVE ZARAGOZA 220,Aragón,Zaragoza,Zaragoza,220.0,41.570281497744,-0.7893187944417,hibridacion,Con permisos,RdT,60.0,
6735.0,AVE ZARAGOZA 220,Aragón,Zaragoza,Zaragoza,220.0,41.570281497744,-0.7893187944417,hibridacion,Puesta en servicio,RdD,,
6735.0,AVE ZARAGOZA 220,Aragón,Zaragoza,Zaragoza,220.0,41.570281497744,-0.7893187944417,hibridacion,Puesta en servicio,RdT,265.33,
6738.0,CARTUJOS 220,Aragón,Zaragoza,Zaragoza,220.0,41.589747920242,-0.84257407618086,almacenamiento,Con permisos,RdD,,68.0
6738.0,CARTUJOS 220,Aragón,Zaragoza,Zaragoza,220.0,41.589747920242,-0.84257407618086,almacenamiento,Con permisos,RdT,,
6738.0,CARTUJOS 220,Aragón,Zaragoza,Zaragoza,220.0,41.589747920242,-0.84257407618086,almacenamiento,En curso,RdD,,
6738.0,CARTUJOS 220,Aragón,Zaragoza,Zaragoza,220.0,41.589747920242,-0.84257407618086,almacenamiento,En curso,RdT,100.0,100.0
6738.0,CARTUJOS 220,Aragón,Zaragoza,Zaragoza,220.0,41.589747920242,-0.84257407618086,eolica,Con permisos,RdD,,
6738.0,CARTUJOS 220,Aragón,Zaragoza,Zaragoza,220.0,41.589747920242,-0.84257407618086,eolica,Con permisos,RdT,298.0,342.0
6738.0,CARTUJOS 220,Aragón,Zaragoza,Zaragoza,220.0,41.589747920242,-0.84257407618086,eolica,En curso,RdD,,
6738.0,CARTUJOS 220,Aragón,Zaragoza,Zaragoza,220.0,41.589747920242,-0.84257407618086,eolica,En curso,RdT,33.0,39.0
6738.0,CARTUJOS 220,Aragón,Zaragoza,Zaragoza,220.0,41.589747920242,-0.84257407618086,eolica,Puesta en servicio,RdD,,22.0
6738.0,CARTUJOS 220,Aragón,Zaragoza,Zaragoza,220.0,41.589747920242,-0.84257407618086,eolica,Puesta en servicio,RdT,,
6738.0,CARTUJOS 220,Aragón,Zaragoza,Zaragoza,220.0,41.589747920242,-0.84257407618086,fotovoltaica,Con permisos,RdD,,32.0
6738.0,CARTUJOS 220,Aragón,Zaragoza,Zaragoza,220.0,41.589747920242,-0.84257407618086,fotovoltaica,Con permisos,RdT,,55.0
6738.0,CARTUJOS 220,Aragón,Zaragoza,Zaragoza,220.0,41.589747920242,-0.84257407618086,fotovoltaica,En curso,RdD,,
6738.0,CARTUJOS 220,Aragón,Zaragoza,Zaragoza,220.0,41.589747920242,-0.84257407618086,fotovoltaica,En curso,RdT,49.99,54.9
6738.0,CARTUJOS 220,Aragón,Zaragoza,Zaragoza,220.0,41.589747920242,-0.84257407618086,fotovoltaica,Puesta en servicio,RdD,11.19,110.1
6738.0,CARTUJOS 220,Aragón,Zaragoza,Zaragoza,220.0,41.589747920242,-0.84257407618086,fotovoltaica,Puesta en servicio,RdT,,
6738.0,CARTUJOS 220,Aragón,Zaragoza,Zaragoza,220.0,41.589747920242,-0.84257407618086,hibridacion,Con permisos,RdD,28.0,
6738.0,CARTUJOS 220,Aragón,Zaragoza,Zaragoza,220.0,41.589747920242,-0.84257407618086,hibridacion,Con permisos,RdT,23.0,
6738.0,CARTUJOS 220,Aragón,Zaragoza,Zaragoza,220.0,41.589747920242,-0.84257407618086,hibridacion,En curso,RdD,,
6738.0,CARTUJOS 220,Aragón,Zaragoza,Zaragoza,220.0,41.589747920242,-0.84257407618086,hibridacion,En curso,RdT,10.91,
6738.0,CARTUJOS 220,Aragón,Zaragoza,Zaragoza,220.0,41.589747920242,-0.84257407618086,hibridacion,Puesta en servicio,RdD,96.0,
6738.0,CARTUJOS 220,Aragón,Zaragoza,Zaragoza,220.0,41.589747920242,-0.84257407618086,hibridacion,Puesta en servicio,RdT,,
6738.0,CARTUJOS 220,Aragón,Zaragoza,Zaragoza,220.0,41.589747920242,-0.84257407618086,otras,Puesta en servicio,RdD,5.42,5.42
6738.0,CARTUJOS 220,Aragón,Zaragoza,Zaragoza,220.0,41.589747920242,-0.84257407618086,otras,Puesta en servicio,RdT,,
12918.0,LOS LEONES 220,Aragón,Zaragoza,Zaragoza,220.0,41.691115581928,-0.87334083243869,almacenamiento,En curso,RdD,,
12918.0,LOS LEONES 220,Aragón,Zaragoza,Zaragoza,220.0,41.691115581928,-0.87334083243869,almacenamiento,En curso,RdT,,15.0
12918.0,LOS LEONES 220,Aragón,Zaragoza,Zaragoza,220.0,41.691115581928,-0.87334083243869,eolica,Con permisos,RdD,,
12918.0,LOS LEONES 220,Aragón,Zaragoza,Zaragoza,220.0,41.691115581928,-0.87334083243869,eolica,Con permisos,RdT,,114.0
12918.0,LOS LEONES 220,Aragón,Zaragoza,Zaragoza,220.0,41.691115581928,-0.87334083243869,eolica,En curso,RdD,,
12918.0,LOS LEONES 220,Aragón,Zaragoza,Zaragoza,220.0,41.691115581928,-0.87334083243869,eolica,En curso,RdT,528.7,672.24
12918.0,LOS LEONES 220,Aragón,Zaragoza,Zaragoza,220.0,41.691115581928,-0.87334083243869,fotovoltaica,Con permisos,RdD,,
12918.0,LOS LEONES 220,Aragón,Zaragoza,Zaragoza,220.0,41.691115581928,-0.87334083243869,fotovoltaica,Con permisos,RdT,,91.0
12918.0,LOS LEONES 220,Aragón,Zaragoza,Zaragoza,220.0,41.691115581928,-0.87334083243869,fotovoltaica,En curso,RdD,,
12918.0,LOS LEONES 220,Aragón,Zaragoza,Zaragoza,220.0,41.691115581928,-0.87334083243869,fotovoltaica,En curso,RdT,,47.64
12918.0,LOS LEONES 220,Aragón,Zaragoza,Zaragoza,220.0,41.691115581928,-0.87334083243869,hibridacion,Con permisos,RdD,,
12918.0,LOS LEONES 220,Aragón,Zaragoza,Zaragoza,220.0,41.691115581928,-0.87334083243869,hibridacion,Con permisos,RdT,116.0,
12918.0,LOS LEONES 220,Aragón,Zaragoza,Zaragoza,220.0,41.691115581928,-0.87334083243869,hibridacion,En curso,RdD,,
12918.0,LOS LEONES 220,Aragón,Zaragoza,Zaragoza,220.0,41.691115581928,-0.87334083243869,hibridacion,En curso,RdT,185.54,
12918.0,LOS LEONES 220,Aragón,Zaragoza,Zaragoza,220.0,41.691115581928,-0.87334083243869,otras,Puesta en servicio,RdD,64.03,64.03
12918.0,LOS LEONES 220,Aragón,Zaragoza,Zaragoza,220.0,41.691115581928,-0.87334083243869,otras,Puesta en servicio,RdT,,
12987.0,MONTETORRERO 220,Aragón,Zaragoza,Zaragoza,220.0,41.596656629593,-0.85385416383957,almacenamiento,Con permisos,RdD,,138.0
12987.0,MONTETORRERO 220,Aragón,Zaragoza,Zaragoza,220.0,41.596656629593,-0.85385416383957,almacenamiento,Con permisos,RdT,,
12987.0,MONTETORRERO 220,Aragón,Zaragoza,Zaragoza,220.0,41.596656629593,-0.85385416383957,eolica,Con permisos,RdD,172.0,247.0
12987.0,MONTETORRERO 220,Aragón,Zaragoza,Zaragoza,220.0,41.596656629593,-0.85385416383957,eolica,Con permisos,RdT,,
12987.0,MONTETORRERO 220,Aragón,Zaragoza,Zaragoza,220.0,41.596656629593,-0.85385416383957,eolica,Puesta en servicio,RdD,37.5,121.37
12987.0,MONTETORRERO 220,Aragón,Zaragoza,Zaragoza,220.0,41.596656629593,-0.85385416383957,eolica,Puesta en servicio,RdT,,
12987.0,MONTETORRERO 220,Aragón,Zaragoza,Zaragoza,220.0,41.596656629593,-0.85385416383957,fotovoltaica,Con permisos,RdD,70.0,121.0
12987.0,MONTETORRERO 220,Aragón,Zaragoza,Zaragoza,220.0,41.596656629593,-0.85385416383957,fotovoltaica,Con permisos,RdT,,
12987.0,MONTETORRERO 220,Aragón,Zaragoza,Zaragoza,220.0,41.596656629593,-0.85385416383957,fotovoltaica,Puesta en servicio,RdD,58.05,284.29
12987.0,MONTETORRERO 220,Aragón,Zaragoza,Zaragoza,220.0,41.596656629593,-0.85385416383957,fotovoltaica,Puesta en servicio,RdT,,
12987.0,MONTETORRERO 220,Aragón,Zaragoza,Zaragoza,220.0,41.596656629593,-0.85385416383957,hibridacion,Con permisos,RdD,9.0,
12987.0,MONTETORRERO 220,Aragón,Zaragoza,Zaragoza,220.0,41.596656629593,-0.85385416383957,hibridacion,Con permisos,RdT,,
12987.0,MONTETORRERO 220,Aragón,Zaragoza,Zaragoza,220.0,41.596656629593,-0.85385416383957,hibridacion,Puesta en servicio,RdD,318.89,
12987.0,MONTETORRERO 220,Aragón,Zaragoza,Zaragoza,220.0,41.596656629593,-0.85385416383957,hibridacion,Puesta en servicio,RdT,,
12987.0,MONTETORRERO 220,Aragón,Zaragoza,Zaragoza,220.0,41.596656629593,-0.85385416383957,hidraulica,Puesta en servicio,RdD,0.36,0.36
12987.0,MONTETORRERO 220,Aragón,Zaragoza,Zaragoza,220.0,41.596656629593,-0.85385416383957,hidraulica,Puesta en servicio,RdT,,
13069.0,PLAZA 220,Aragón,Zaragoza,Zaragoza,220.0,41.629940831644,-0.99750148979745,almacenamiento,Con permisos,RdD,,77.0
13069.0,PLAZA 220,Aragón,Zaragoza,Zaragoza,220.0,41.629940831644,-0.99750148979745,almacenamiento,Con permisos,RdT,,
13069.0,PLAZA 220,Aragón,Zaragoza,Zaragoza,220.0,41.629940831644,-0.99750148979745,eolica,Con permisos,RdD,4.0,4.0
13069.0,PLAZA 220,Aragón,Zaragoza,Zaragoza,220.0,41.629940831644,-0.99750148979745,eolica,Con permisos,RdT,,
13069.0,PLAZA 220,Aragón,Zaragoza,Zaragoza,220.0,41.629940831644,-0.99750148979745,eolica,Puesta en servicio,RdD,240.62,289.42
13069.0,PLAZA 220,Aragón,Zaragoza,Zaragoza,220.0,41.629940831644,-0.99750148979745,eolica,Puesta en servicio,RdT,,
13069.0,PLAZA 220,Aragón,Zaragoza,Zaragoza,220.0,41.629940831644,-0.99750148979745,fotovoltaica,Con permisos,RdD,92.0,147.0
13069.0,PLAZA 220,Aragón,Zaragoza,Zaragoza,220.0,41.629940831644,-0.99750148979745,fotovoltaica,Con permisos,RdT,,
13069.0,PLAZA 220,Aragón,Zaragoza,Zaragoza,220.0,41.629940831644,-0.99750148979745,fotovoltaica,Puesta en servicio,RdD,55.78,122.47
13069.0,PLAZA 220,Aragón,Zaragoza,Zaragoza,220.0,41.629940831644,-0.99750148979745,fotovoltaica,Puesta en servicio,RdT,,
13069.0,PLAZA 220,Aragón,Zaragoza,Zaragoza,220.0,41.629940831644,-0.99750148979745,hibridacion,Puesta en servicio,RdD,106.5,
13069.0,PLAZA 220,Aragón,Zaragoza,Zaragoza,220.0,41.629940831644,-0.99750148979745,hibridacion,Puesta en servicio,RdT,,
13314.0,ALMENDRALES 400,Aragón,Zaragoza,Zaragoza,400.0,41.554420722508,-0.84433111460861,eolica,Puesta en servicio,RdD,,
13314.0,ALMENDRALES 400,Aragón,Zaragoza,Zaragoza,400.0,41.554420722508,-0.84433111460861,eolica,Puesta en servicio,RdT,99.8,99.8
13314.0,ALMENDRALES 400,Aragón,Zaragoza,Zaragoza,400.0,41.554420722508,-0.84433111460861,fotovoltaica,Con permisos,RdD,,
13314.0,ALMENDRALES 400,Aragón,Zaragoza,Zaragoza,400.0,41.554420722508,-0.84433111460861,fotovoltaica,Con permisos,RdT,115.0,125.0
6786.0,TABIELLA 220,Asturias,Asturias,Avilés,220.0,43.575383989466,-5.8975768987304,almacenamiento,Con permisos,RdD,254.0,293.0
6786.0,TABIELLA 220,Asturias,Asturias,Avilés,220.0,43.575383989466,-5.8975768987304,almacenamiento,Con permisos,RdT,,
6786.0,TABIELLA 220,Asturias,Asturias,Avilés,220.0,43.575383989466,-5.8975768987304,eolica,Con permisos,RdD,100.0,100.0
6786.0,TABIELLA 220,Asturias,Asturias,Avilés,220.0,43.575383989466,-5.8975768987304,eolica,Con permisos,RdT,,
6786.0,TABIELLA 220,Asturias,Asturias,Avilés,220.0,43.575383989466,-5.8975768987304,fotovoltaica,Con permisos,RdD,11.0,11.0
6786.0,TABIELLA 220,Asturias,Asturias,Avilés,220.0,43.575383989466,-5.8975768987304,fotovoltaica,Con permisos,RdT,,
6786.0,TABIELLA 220,Asturias,Asturias,Avilés,220.0,43.575383989466,-5.8975768987304,hibridacion,Con permisos,RdD,8.0,
6786.0,TABIELLA 220,Asturias,Asturias,Avilés,220.0,43.575383989466,-5.8975768987304,hibridacion,Con permisos,RdT,,
6786.0,TABIELLA 220,Asturias,Asturias,Avilés,220.0,43.575383989466,-5.8975768987304,hidraulica,Puesta en servicio,RdD,3.16,3.16
6786.0,TABIELLA 220,Asturias,Asturias,Avilés,220.0,43.575383989466,-5.8975768987304,hidraulica,Puesta en servicio,RdT,,
6786.0,TABIELLA 220,Asturias,Asturias,Avilés,220.0,43.575383989466,-5.8975768987304,otras,Puesta en servicio,RdD,9.04,9.04
6786.0,TABIELLA 220,Asturias,Asturias,Avilés,220.0,43.575383989466,-5.8975768987304,otras,Puesta en servicio,RdT,,
6776.0,CARRIO 220,Asturias,Asturias,Carreño,220.0,43.556243656005,-5.7286150390141,almacenamiento,Con permisos,RdD,67.0,67.0
6776.0,CARRIO 220,Asturias,Asturias,Carreño,220.0,43.556243656005,-5.7286150390141,almacenamiento,Con permisos,RdT,,
6776.0,CARRIO 220,Asturias,Asturias,Carreño,220.0,43.556243656005,-5.7286150390141,almacenamiento,En curso,RdD,85.0,85.0
6776.0,CARRIO 220,Asturias,Asturias,Carreño,220.0,43.556243656005,-5.7286150390141,almacenamiento,En curso,RdT,,
6776.0,CARRIO 220,Asturias,Asturias,Carreño,220.0,43.556243656005,-5.7286150390141,hidraulica,Puesta en servicio,RdD,127.56,127.56
6776.0,CARRIO 220,Asturias,Asturias,Carreño,220.0,43.556243656005,-5.7286150390141,hidraulica,Puesta en servicio,RdT,,
6776.0,CARRIO 220,Asturias,Asturias,Carreño,220.0,43.556243656005,-5.7286150390141,otras,Puesta en servicio,RdD,12.23,12.23
6776.0,CARRIO 220,Asturias,Asturias,Carreño,220.0,43.556243656005,-5.7286150390141,otras,Puesta en servicio,RdT,556.2,561.89
7373.0,SANTA MARIA DE GRADO 400,Asturias,Asturias,Grado,400.0,43.388504038404,-5.9952157878355,almacenamiento,En curso,RdD,45.0,45.0
7373.0,SANTA MARIA DE GRADO 400,Asturias,Asturias,Grado,400.0,43.388504038404,-5.9952157878355,almacenamiento,En curso,RdT,,
12864.0,LADA 400,Asturias,Asturias,Langreo,400.0,43.3053326053,-5.6980166353749,almacenamiento,Con permisos,RdD,32.0,32.0
12864.0,LADA 400,Asturias,Asturias,Langreo,400.0,43.3053326053,-5.6980166353749,almacenamiento,Con permisos,RdT,,
12864.0,LADA 400,Asturias,Asturias,Langreo,400.0,43.3053326053,-5.6980166353749,almacenamiento,En curso,RdD,9.8,9.8
12864.0,LADA 400,Asturias,Asturias,Langreo,400.0,43.3053326053,-5.6980166353749,almacenamiento,En curso,RdT,,
12864.0,LADA 400,Asturias,Asturias,Langreo,400.0,43.3053326053,-5.6980166353749,hidraulica,Con permisos,RdD,3.0,3.0
12864.0,LADA 400,Asturias,Asturias,Langreo,400.0,43.3053326053,-5.6980166353749,hidraulica,Con permisos,RdT,,
12864.0,LADA 400,Asturias,Asturias,Langreo,400.0,43.3053326053,-5.6980166353749,hidraulica,Puesta en servicio,RdD,5.48,5.48
12864.0,LADA 400,Asturias,Asturias,Langreo,400.0,43.3053326053,-5.6980166353749,hidraulica,Puesta en servicio,RdT,,
12864.0,LADA 400,Asturias,Asturias,Langreo,400.0,43.3053326053,-5.6980166353749,otras,Puesta en servicio,RdD,9.42,9.42
12864.0,LADA 400,Asturias,Asturias,Langreo,400.0,43.3053326053,-5.6980166353749,otras,Puesta en servicio,RdT,,
6788.0,TELLEDO 220,Asturias,Asturias,Lena,220.0,43.026900284238,-5.8384743681054,almacenamiento,Con permisos,RdD,15.0,15.0
6788.0,TELLEDO 220,Asturias,Asturias,Lena,220.0,43.026900284238,-5.8384743681054,almacenamiento,Con permisos,RdT,,
6788.0,TELLEDO 220,Asturias,Asturias,Lena,220.0,43.026900284238,-5.8384743681054,hidraulica,Puesta en servicio,RdD,7.78,7.78
6788.0,TELLEDO 220,Asturias,Asturias,Lena,220.0,43.026900284238,-5.8384743681054,hidraulica,Puesta en servicio,RdT,,
13349.0,LA PEREDA 220,Asturias,Asturias,Mieres,220.0,43.273450742833,-5.8099839529943,almacenamiento,Con permisos,RdD,,
13349.0,LA PEREDA 220,Asturias,Asturias,Mieres,220.0,43.273450742833,-5.8099839529943,almacenamiento,Con permisos,RdT,24.0,24.0
13349.0,LA PEREDA 220,Asturias,Asturias,Mieres,220.0,43.273450742833,-5.8099839529943,almacenamiento,En curso,RdD,,
13349.0,LA PEREDA 220,Asturias,Asturias,Mieres,220.0,43.273450742833,-5.8099839529943,almacenamiento,En curso,RdT,169.0,169.0
13349.0,LA PEREDA 220,Asturias,Asturias,Mieres,220.0,43.273450742833,-5.8099839529943,otras,Con permisos,RdD,,
13349.0,LA PEREDA 220,Asturias,Asturias,Mieres,220.0,43.273450742833,-5.8099839529943,otras,Con permisos,RdT,50.0,50.0
13349.0,LA PEREDA 220,Asturias,Asturias,Mieres,220.0,43.273450742833,-5.8099839529943,otras,En curso,RdD,,
13349.0,LA PEREDA 220,Asturias,Asturias,Mieres,220.0,43.273450742833,-5.8099839529943,otras,En curso,RdT,50.0,50.0
6784.0,SOTO DE RIBERA 220,Asturias,Asturias,Ribera de Arriba,220.0,43.313578541797,-5.8878730517331,almacenamiento,Con permisos,RdD,12.0,12.0
6784.0,SOTO DE RIBERA 220,Asturias,Asturias,Ribera de Arriba,220.0,43.313578541797,-5.8878730517331,almacenamiento,Con permisos,RdT,,
6784.0,SOTO DE RIBERA 220,Asturias,Asturias,Ribera de Arriba,220.0,43.313578541797,-5.8878730517331,almacenamiento,En curso,RdD,45.0,45.0
6784.0,SOTO DE RIBERA 220,Asturias,Asturias,Ribera de Arriba,220.0,43.313578541797,-5.8878730517331,almacenamiento,En curso,RdT,,
6784.0,SOTO DE RIBERA 220,Asturias,Asturias,Ribera de Arriba,220.0,43.313578541797,-5.8878730517331,fotovoltaica,Con permisos,RdD,2.0,2.0
6784.0,SOTO DE RIBERA 220,Asturias,Asturias,Ribera de Arriba,220.0,43.313578541797,-5.8878730517331,fotovoltaica,Con permisos,RdT,,
6784.0,SOTO DE RIBERA 220,Asturias,Asturias,Ribera de Arriba,220.0,43.313578541797,-5.8878730517331,fotovoltaica,En curso,RdD,12.6,12.6
6784.0,SOTO DE RIBERA 220,Asturias,Asturias,Ribera de Arriba,220.0,43.313578541797,-5.8878730517331,fotovoltaica,En curso,RdT,,
6784.0,SOTO DE RIBERA 220,Asturias,Asturias,Ribera de Arriba,220.0,43.313578541797,-5.8878730517331,hidraulica,Con permisos,RdD,2.0,2.0
6784.0,SOTO DE RIBERA 220,Asturias,Asturias,Ribera de Arriba,220.0,43.313578541797,-5.8878730517331,hidraulica,Con permisos,RdT,,
6784.0,SOTO DE RIBERA 220,Asturias,Asturias,Ribera de Arriba,220.0,43.313578541797,-5.8878730517331,hidraulica,Puesta en servicio,RdD,231.93,231.93
6784.0,SOTO DE RIBERA 220,Asturias,Asturias,Ribera de Arriba,220.0,43.313578541797,-5.8878730517331,hidraulica,Puesta en servicio,RdT,,
6784.0,SOTO DE RIBERA 220,Asturias,Asturias,Ribera de Arriba,220.0,43.313578541797,-5.8878730517331,otras,Puesta en servicio,RdD,15.65,361.9
6784.0,SOTO DE RIBERA 220,Asturias,Asturias,Ribera de Arriba,220.0,43.313578541797,-5.8878730517331,otras,Puesta en servicio,RdT,,
6785.0,SOTO DE RIBERA 400,Asturias,Asturias,Ribera de Arriba,400.0,43.313578541797,-5.8878730517331,otras,En curso,RdD,,
6785.0,SOTO DE RIBERA 400,Asturias,Asturias,Ribera de Arriba,400.0,43.313578541797,-5.8878730517331,otras,En curso,RdT,854.17,1200.42
6785.0,SOTO DE RIBERA 400,Asturias,Asturias,Ribera de Arriba,400.0,43.313578541797,-5.8878730517331,otras,Puesta en servicio,RdD,,
6785.0,SOTO DE RIBERA 400,Asturias,Asturias,Ribera de Arriba,400.0,43.313578541797,-5.8878730517331,otras,Puesta en servicio,RdT,854.17,1200.42
6783.0,SIERO 220,Asturias,Asturias,Siero,220.0,43.37943707889,-5.7572835392065,almacenamiento,Con permisos,RdD,347.0,373.0
6783.0,SIERO 220,Asturias,Asturias,Siero,220.0,43.37943707889,-5.7572835392065,almacenamiento,Con permisos,RdT,,
6783.0,SIERO 220,Asturias,Asturias,Siero,220.0,43.37943707889,-5.7572835392065,almacenamiento,En curso,RdD,21.99,28.97
6783.0,SIERO 220,Asturias,Asturias,Siero,220.0,43.37943707889,-5.7572835392065,almacenamiento,En curso,RdT,,
6783.0,SIERO 220,Asturias,Asturias,Siero,220.0,43.37943707889,-5.7572835392065,fotovoltaica,Con permisos,RdD,5.0,5.0
6783.0,SIERO 220,Asturias,Asturias,Siero,220.0,43.37943707889,-5.7572835392065,fotovoltaica,Con permisos,RdT,,
6783.0,SIERO 220,Asturias,Asturias,Siero,220.0,43.37943707889,-5.7572835392065,hibridacion,Con permisos,RdD,15.0,
6783.0,SIERO 220,Asturias,Asturias,Siero,220.0,43.37943707889,-5.7572835392065,hibridacion,Con permisos,RdT,,
6783.0,SIERO 220,Asturias,Asturias,Siero,220.0,43.37943707889,-5.7572835392065,hidraulica,Con permisos,RdD,,15.0
6783.0,SIERO 220,Asturias,Asturias,Siero,220.0,43.37943707889,-5.7572835392065,hidraulica,Con permisos,RdT,,
6783.0,SIERO 220,Asturias,Asturias,Siero,220.0,43.37943707889,-5.7572835392065,hidraulica,Puesta en servicio,RdD,124.76,124.76
6783.0,SIERO 220,Asturias,Asturias,Siero,220.0,43.37943707889,-5.7572835392065,hidraulica,Puesta en servicio,RdT,,
6783.0,SIERO 220,Asturias,Asturias,Siero,220.0,43.37943707889,-5.7572835392065,otras,Puesta en servicio,RdD,12.21,12.21
6783.0,SIERO 220,Asturias,Asturias,Siero,220.0,43.37943707889,-5.7572835392065,otras,Puesta en servicio,RdT,,
7386.0,ALCUDIA BALEARES 66,Baleares,Illes Balears,Alcúdia,66.0,39.836211910849,3.1443050945361,almacenamiento,Con permisos,RdD,50.0,51.0
7386.0,ALCUDIA BALEARES 66,Baleares,Illes Balears,Alcúdia,66.0,39.836211910849,3.1443050945361,almacenamiento,Con permisos,RdT,,
13007.0,MURTERAR 220,Baleares,Illes Balears,Alcúdia,220.0,39.80926255852,3.0920589705038,almacenamiento,Con permisos,RdD,,
13007.0,MURTERAR 220,Baleares,Illes Balears,Alcúdia,220.0,39.80926255852,3.0920589705038,almacenamiento,Con permisos,RdT,119.0,120.0
13007.0,MURTERAR 220,Baleares,Illes Balears,Alcúdia,220.0,39.80926255852,3.0920589705038,otras,Puesta en servicio,RdD,,
13007.0,MURTERAR 220,Baleares,Illes Balears,Alcúdia,220.0,39.80926255852,3.0920589705038,otras,Puesta en servicio,RdT,75.0,306.6
13470.0,SAN MARTIN BALEARES 66,Baleares,Illes Balears,Alcúdia,66.0,39.813151309934,3.093942793102,almacenamiento,Con permisos,RdD,10.0,10.0
13470.0,SAN MARTIN BALEARES 66,Baleares,Illes Balears,Alcúdia,66.0,39.813151309934,3.093942793102,almacenamiento,Con permisos,RdT,77.0,117.0
13470.0,SAN MARTIN BALEARES 66,Baleares,Illes Balears,Alcúdia,66.0,39.813151309934,3.093942793102,fotovoltaica,Con permisos,RdD,,
13470.0,SAN MARTIN BALEARES 66,Baleares,Illes Balears,Alcúdia,66.0,39.813151309934,3.093942793102,fotovoltaica,Con permisos,RdT,10.0,10.0
13470.0,SAN MARTIN BALEARES 66,Baleares,Illes Balears,Alcúdia,66.0,39.813151309934,3.093942793102,fotovoltaica,Puesta en servicio,RdD,3.06,3.33
13470.0,SAN MARTIN BALEARES 66,Baleares,Illes Balears,Alcúdia,66.0,39.813151309934,3.093942793102,fotovoltaica,Puesta en servicio,RdT,13.32,13.32
7387.0,ANDRATX 66,Baleares,Illes Balears,Andratx,66.0,39.544405963771,2.4226338157241,almacenamiento,Con permisos,RdD,73.0,80.0
7387.0,ANDRATX 66,Baleares,Illes Balears,Andratx,66.0,39.544405963771,2.4226338157241,almacenamiento,Con permisos,RdT,,
7049.0,ARTA 66,Baleares,Illes Balears,Artà,66.0,39.681223596379,3.3430945291189,almacenamiento,Con permisos,RdD,3.0,8.0
7049.0,ARTA 66,Baleares,Illes Balears,Artà,66.0,39.681223596379,3.3430945291189,almacenamiento,Con permisos,RdT,,
7049.0,ARTA 66,Baleares,Illes Balears,Artà,66.0,39.681223596379,3.3430945291189,fotovoltaica,Con permisos,RdD,12.0,12.0
7049.0,ARTA 66,Baleares,Illes Balears,Artà,66.0,39.681223596379,3.3430945291189,fotovoltaica,Con permisos,RdT,,
7049.0,ARTA 66,Baleares,Illes Balears,Artà,66.0,39.681223596379,3.3430945291189,fotovoltaica,Puesta en servicio,RdD,13.86,14.53
7049.0,ARTA 66,Baleares,Illes Balears,Artà,66.0,39.681223596379,3.3430945291189,fotovoltaica,Puesta en servicio,RdT,,
7073.0,SES VELES 66,Baleares,Illes Balears,Bunyola,66.0,39.654745478404,2.6877428264799,fotovoltaica,Con permisos,RdD,21.0,21.0
7073.0,SES VELES 66,Baleares,Illes Balears,Bunyola,66.0,39.654745478404,2.6877428264799,fotovoltaica,Con permisos,RdT,,
7073.0,SES VELES 66,Baleares,Illes Balears,Bunyola,66.0,39.654745478404,2.6877428264799,fotovoltaica,Puesta en servicio,RdD,23.39,26.29
7073.0,SES VELES 66,Baleares,Illes Balears,Bunyola,66.0,39.654745478404,2.6877428264799,fotovoltaica,Puesta en servicio,RdT,,
13472.0,BUNYOLA 66,Baleares,Illes Balears,Bunyola,66.0,39.684392695296,2.7038899705151,almacenamiento,Con permisos,RdD,5.0,9.0
13472.0,BUNYOLA 66,Baleares,Illes Balears,Bunyola,66.0,39.684392695296,2.7038899705151,almacenamiento,Con permisos,RdT,,
13472.0,BUNYOLA 66,Baleares,Illes Balears,Bunyola,66.0,39.684392695296,2.7038899705151,fotovoltaica,Con permisos,RdD,9.0,20.0
13472.0,BUNYOLA 66,Baleares,Illes Balears,Bunyola,66.0,39.684392695296,2.7038899705151,fotovoltaica,Con permisos,RdT,,
13472.0,BUNYOLA 66,Baleares,Illes Balears,Bunyola,66.0,39.684392695296,2.7038899705151,fotovoltaica,Puesta en servicio,RdD,6.54,8.26
13472.0,BUNYOLA 66,Baleares,Illes Balears,Bunyola,66.0,39.684392695296,2.7038899705151,fotovoltaica,Puesta en servicio,RdT,,
13472.0,BUNYOLA 66,Baleares,Illes Balears,Bunyola,66.0,39.684392695296,2.7038899705151,hibridacion,Con permisos,RdD,8.0,
13472.0,BUNYOLA 66,Baleares,Illes Balears,Bunyola,66.0,39.684392695296,2.7038899705151,hibridacion,Con permisos,RdT,,
7054.0,CALVIA 66,Baleares,Illes Balears,Calvià,66.0,39.526600187245,2.5075635700539,almacenamiento,Con permisos,RdD,13.0,13.0
7054.0,CALVIA 66,Baleares,Illes Balears,Calvià,66.0,39.526600187245,2.5075635700539,almacenamiento,Con permisos,RdT,,
7054.0,CALVIA 66,Baleares,Illes Balears,Calvià,66.0,39.526600187245,2.5075635700539,fotovoltaica,Con permisos,RdD,5.0,5.0
7054.0,CALVIA 66,Baleares,Illes Balears,Calvià,66.0,39.526600187245,2.5075635700539,fotovoltaica,Con permisos,RdT,,
7054.0,CALVIA 66,Baleares,Illes Balears,Calvià,66.0,39.526600187245,2.5075635700539,fotovoltaica,Puesta en servicio,RdD,3.77,3.77
7054.0,CALVIA 66,Baleares,Illes Balears,Calvià,66.0,39.526600187245,2.5075635700539,fotovoltaica,Puesta en servicio,RdT,,
7366.0,CAPDEPERA 66,Baleares,Illes Balears,Capdepera,66.0,39.69768323369,3.4172876936817,almacenamiento,Con permisos,RdD,2.0,8.0
7366.0,CAPDEPERA 66,Baleares,Illes Balears,Capdepera,66.0,39.69768323369,3.4172876936817,almacenamiento,Con permisos,RdT,,
7366.0,CAPDEPERA 66,Baleares,Illes Balears,Capdepera,66.0,39.69768323369,3.4172876936817,fotovoltaica,Con permisos,RdD,7.0,15.0
7366.0,CAPDEPERA 66,Baleares,Illes Balears,Capdepera,66.0,39.69768323369,3.4172876936817,fotovoltaica,Con permisos,RdT,,
7366.0,CAPDEPERA 66,Baleares,Illes Balears,Capdepera,66.0,39.69768323369,3.4172876936817,fotovoltaica,Puesta en servicio,RdD,5.82,6.07
7366.0,CAPDEPERA 66,Baleares,Illes Balears,Capdepera,66.0,39.69768323369,3.4172876936817,fotovoltaica,Puesta en servicio,RdT,,
7366.0,CAPDEPERA 66,Baleares,Illes Balears,Capdepera,66.0,39.69768323369,3.4172876936817,hibridacion,Con permisos,RdD,7.0,
7366.0,CAPDEPERA 66,Baleares,Illes Balears,Capdepera,66.0,39.69768323369,3.4172876936817,hibridacion,Con permisos,RdT,,
12703.0,CIUDADELA 132,Baleares,Illes Balears,Ciutadella de Menorca,132.0,40.003248105826,3.8552966515793,almacenamiento,Con permisos,RdD,,1.0
12703.0,CIUDADELA 132,Baleares,Illes Balears,Ciutadella de Menorca,132.0,40.003248105826,3.8552966515793,almacenamiento,Con permisos,RdT,,
12703.0,CIUDADELA 132,Baleares,Illes Balears,Ciutadella de Menorca,132.0,40.003248105826,3.8552966515793,fotovoltaica,Con permisos,RdD,2.0,4.0
12703.0,CIUDADELA 132,Baleares,Illes Balears,Ciutadella de Menorca,132.0,40.003248105826,3.8552966515793,fotovoltaica,Con permisos,RdT,,
12703.0,CIUDADELA 132,Baleares,Illes Balears,Ciutadella de Menorca,132.0,40.003248105826,3.8552966515793,fotovoltaica,Puesta en servicio,RdD,5.0,5.0
12703.0,CIUDADELA 132,Baleares,Illes Balears,Ciutadella de Menorca,132.0,40.003248105826,3.8552966515793,fotovoltaica,Puesta en servicio,RdT,48.0,49.6
12703.0,CIUDADELA 132,Baleares,Illes Balears,Ciutadella de Menorca,132.0,40.003248105826,3.8552966515793,hibridacion,Con permisos,RdD,2.0,
12703.0,CIUDADELA 132,Baleares,Illes Balears,Ciutadella de Menorca,132.0,40.003248105826,3.8552966515793,hibridacion,Con permisos,RdT,,
12838.0,IBIZA 132,Baleares,Illes Balears,Eivissa,132.0,38.919577798891,1.4305972197264,otras,Puesta en servicio,RdD,,
12838.0,IBIZA 132,Baleares,Illes Balears,Eivissa,132.0,38.919577798891,1.4305972197264,otras,Puesta en servicio,RdT,122.0,119.0
12839.0,IBIZA 23 66,Baleares,Illes Balears,Eivissa,66.0,38.918438900598,1.4308013523436,otras,Puesta en servicio,RdD,,
12839.0,IBIZA 23 66,Baleares,Illes Balears,Eivissa,66.0,38.918438900598,1.4308013523436,otras,Puesta en servicio,RdT,25.0,21.1
12840.0,IBIZA 66,Baleares,Illes Balears,Eivissa,66.0,38.919577798891,1.4305972197264,otras,Puesta en servicio,RdD,,
12840.0,IBIZA 66,Baleares,Illes Balears,Eivissa,66.0,38.919577798891,1.4305972197264,otras,Puesta en servicio,RdT,167.8,145.5
13474.0,PORTO COLOM 66,Baleares,Illes Balears,Felanitx,66.0,39.420872332329,3.2359540308726,almacenamiento,Con permisos,RdD,,1.0
13474.0,PORTO COLOM 66,Baleares,Illes Balears,Felanitx,66.0,39.420872332329,3.2359540308726,almacenamiento,Con permisos,RdT,,
13474.0,PORTO COLOM 66,Baleares,Illes Balears,Felanitx,66.0,39.420872332329,3.2359540308726,fotovoltaica,Con permisos,RdD,30.0,39.0
13474.0,PORTO COLOM 66,Baleares,Illes Balears,Felanitx,66.0,39.420872332329,3.2359540308726,fotovoltaica,Con permisos,RdT,,
13474.0,PORTO COLOM 66,Baleares,Illes Balears,Felanitx,66.0,39.420872332329,3.2359540308726,fotovoltaica,Puesta en servicio,RdD,0.99,0.99
13474.0,PORTO COLOM 66,Baleares,Illes Balears,Felanitx,66.0,39.420872332329,3.2359540308726,fotovoltaica,Puesta en servicio,RdT,,
13474.0,PORTO COLOM 66,Baleares,Illes Balears,Felanitx,66.0,39.420872332329,3.2359540308726,hibridacion,Con permisos,RdD,2.0,
13474.0,PORTO COLOM 66,Baleares,Illes Balears,Felanitx,66.0,39.420872332329,3.2359540308726,hibridacion,Con permisos,RdT,,
7070.0,SA VINYETA 66,Baleares,Illes Balears,Inca,66.0,39.709081816642,2.8977136956866,fotovoltaica,Con permisos,RdD,16.0,24.0
7070.0,SA VINYETA 66,Baleares,Illes Balears,Inca,66.0,39.709081816642,2.8977136956866,fotovoltaica,Con permisos,RdT,,
7070.0,SA VINYETA 66,Baleares,Illes Balears,Inca,66.0,39.709081816642,2.8977136956866,fotovoltaica,Puesta en servicio,RdD,23.35,25.42
7070.0,SA VINYETA 66,Baleares,Illes Balears,Inca,66.0,39.709081816642,2.8977136956866,fotovoltaica,Puesta en servicio,RdT,,
12843.0,INCA 66,Baleares,Illes Balears,Inca,66.0,39.714093291403,2.9176652091601,almacenamiento,Con permisos,RdD,6.0,6.0
12843.0,INCA 66,Baleares,Illes Balears,Inca,66.0,39.714093291403,2.9176652091601,almacenamiento,Con permisos,RdT,,
12843.0,INCA 66,Baleares,Illes Balears,Inca,66.0,39.714093291403,2.9176652091601,almacenamiento,En curso,RdD,,
12843.0,INCA 66,Baleares,Illes Balears,Inca,66.0,39.714093291403,2.9176652091601,almacenamiento,En curso,RdT,18.0,18.0
12843.0,INCA 66,Baleares,Illes Balears,Inca,66.0,39.714093291403,2.9176652091601,fotovoltaica,Con permisos,RdD,23.0,32.0
12843.0,INCA 66,Baleares,Illes Balears,Inca,66.0,39.714093291403,2.9176652091601,fotovoltaica,Con permisos,RdT,21.0,21.0
12843.0,INCA 66,Baleares,Illes Balears,Inca,66.0,39.714093291403,2.9176652091601,fotovoltaica,Puesta en servicio,RdD,1.72,3.79
12843.0,INCA 66,Baleares,Illes Balears,Inca,66.0,39.714093291403,2.9176652091601,fotovoltaica,Puesta en servicio,RdT,,
12843.0,INCA 66,Baleares,Illes Balears,Inca,66.0,39.714093291403,2.9176652091601,hibridacion,Puesta en servicio,RdD,1.17,
12843.0,INCA 66,Baleares,Illes Balears,Inca,66.0,39.714093291403,2.9176652091601,hibridacion,Puesta en servicio,RdT,,
7052.0,CALA BLAVA 66,Baleares,Illes Balears,Llucmajor,66.0,39.409410554076,2.8157276798333,almacenamiento,Con permisos,RdD,4.0,4.0
7052.0,CALA BLAVA 66,Baleares,Illes Balears,Llucmajor,66.0,39.409410554076,2.8157276798333,almacenamiento,Con permisos,RdT,1.0,48.0
7052.0,CALA BLAVA 66,Baleares,Illes Balears,Llucmajor,66.0,39.409410554076,2.8157276798333,fotovoltaica,Con permisos,RdD,21.0,21.0
7052.0,CALA BLAVA 66,Baleares,Illes Balears,Llucmajor,66.0,39.409410554076,2.8157276798333,fotovoltaica,Con permisos,RdT,84.0,175.0
7052.0,CALA BLAVA 66,Baleares,Illes Balears,Llucmajor,66.0,39.409410554076,2.8157276798333,fotovoltaica,Puesta en servicio,RdD,7.67,7.75
7052.0,CALA BLAVA 66,Baleares,Illes Balears,Llucmajor,66.0,39.409410554076,2.8157276798333,fotovoltaica,Puesta en servicio,RdT,17.5,22.0
7052.0,CALA BLAVA 66,Baleares,Illes Balears,Llucmajor,66.0,39.409410554076,2.8157276798333,hibridacion,Con permisos,RdD,,
7052.0,CALA BLAVA 66,Baleares,Illes Balears,Llucmajor,66.0,39.409410554076,2.8157276798333,hibridacion,Con permisos,RdT,47.0,
12911.0,LLUCMAJOR 66,Baleares,Illes Balears,Llucmajor,66.0,39.498127875187,2.9005169896544,fotovoltaica,Con permisos,RdD,27.0,30.0
12911.0,LLUCMAJOR 66,Baleares,Illes Balears,Llucmajor,66.0,39.498127875187,2.9005169896544,fotovoltaica,Con permisos,RdT,,
12911.0,LLUCMAJOR 66,Baleares,Illes Balears,Llucmajor,66.0,39.498127875187,2.9005169896544,fotovoltaica,Puesta en servicio,RdD,21.56,22.23
12911.0,LLUCMAJOR 66,Baleares,Illes Balears,Llucmajor,66.0,39.498127875187,2.9005169896544,fotovoltaica,Puesta en servicio,RdT,,
12941.0,MANACOR 66,Baleares,Illes Balears,Manacor,66.0,39.573553280945,3.190575675199,almacenamiento,Con permisos,RdD,,18.0
12941.0,MANACOR 66,Baleares,Illes Balears,Manacor,66.0,39.573553280945,3.190575675199,almacenamiento,Con permisos,RdT,,
12941.0,MANACOR 66,Baleares,Illes Balears,Manacor,66.0,39.573553280945,3.190575675199,almacenamiento,En curso,RdD,8.95,8.95
12941.0,MANACOR 66,Baleares,Illes Balears,Manacor,66.0,39.573553280945,3.190575675199,almacenamiento,En curso,RdT,,
12941.0,MANACOR 66,Baleares,Illes Balears,Manacor,66.0,39.573553280945,3.190575675199,fotovoltaica,Con permisos,RdD,11.0,55.0
12941.0,MANACOR 66,Baleares,Illes Balears,Manacor,66.0,39.573553280945,3.190575675199,fotovoltaica,Con permisos,RdT,,
12941.0,MANACOR 66,Baleares,Illes Balears,Manacor,66.0,39.573553280945,3.190575675199,fotovoltaica,En curso,RdD,8.0,8.0
12941.0,MANACOR 66,Baleares,Illes Balears,Manacor,66.0,39.573553280945,3.190575675199,fotovoltaica,En curso,RdT,,
12941.0,MANACOR 66,Baleares,Illes Balears,Manacor,66.0,39.573553280945,3.190575675199,fotovoltaica,Puesta en servicio,RdD,28.32,29.37
12941.0,MANACOR 66,Baleares,Illes Balears,Manacor,66.0,39.573553280945,3.190575675199,fotovoltaica,Puesta en servicio,RdT,,
12941.0,MANACOR 66,Baleares,Illes Balears,Manacor,66.0,39.573553280945,3.190575675199,hibridacion,Con permisos,RdD,34.0,
12941.0,MANACOR 66,Baleares,Illes Balears,Manacor,66.0,39.573553280945,3.190575675199,hibridacion,Con permisos,RdT,,
12941.0,MANACOR 66,Baleares,Illes Balears,Manacor,66.0,39.573553280945,3.190575675199,otras,Con permisos,RdD,1.0,1.0
12941.0,MANACOR 66,Baleares,Illes Balears,Manacor,66.0,39.573553280945,3.190575675199,otras,Con permisos,RdT,,
12941.0,MANACOR 66,Baleares,Illes Balears,Manacor,66.0,39.573553280945,3.190575675199,otras,Puesta en servicio,RdD,3.5,3.5
12941.0,MANACOR 66,Baleares,Illes Balears,Manacor,66.0,39.573553280945,3.190575675199,otras,Puesta en servicio,RdT,,
13477.0,MARRATXI 66,Baleares,Illes Balears,Marratxí,66.0,39.611750516792,2.7265899410732,almacenamiento,Con permisos,RdD,9.0,16.0
13477.0,MARRATXI 66,Baleares,Illes Balears,Marratxí,66.0,39.611750516792,2.7265899410732,almacenamiento,Con permisos,RdT,,
13477.0,MARRATXI 66,Baleares,Illes Balears,Marratxí,66.0,39.611750516792,2.7265899410732,almacenamiento,Puesta en servicio,RdD,,1.2
13477.0,MARRATXI 66,Baleares,Illes Balears,Marratxí,66.0,39.611750516792,2.7265899410732,almacenamiento,Puesta en servicio,RdT,,
13477.0,MARRATXI 66,Baleares,Illes Balears,Marratxí,66.0,39.611750516792,2.7265899410732,fotovoltaica,Con permisos,RdD,21.0,40.0
13477.0,MARRATXI 66,Baleares,Illes Balears,Marratxí,66.0,39.611750516792,2.7265899410732,fotovoltaica,Con permisos,RdT,,
13477.0,MARRATXI 66,Baleares,Illes Balears,Marratxí,66.0,39.611750516792,2.7265899410732,fotovoltaica,Puesta en servicio,RdD,,2.78
13477.0,MARRATXI 66,Baleares,Illes Balears,Marratxí,66.0,39.611750516792,2.7265899410732,fotovoltaica,Puesta en servicio,RdT,,
13477.0,MARRATXI 66,Baleares,Illes Balears,Marratxí,66.0,39.611750516792,2.7265899410732,hibridacion,Con permisos,RdD,14.0,
13477.0,MARRATXI 66,Baleares,Illes Balears,Marratxí,66.0,39.611750516792,2.7265899410732,hibridacion,Con permisos,RdT,,
13477.0,MARRATXI 66,Baleares,Illes Balears,Marratxí,66.0,39.611750516792,2.7265899410732,hibridacion,Puesta en servicio,RdD,2.54,
13477.0,MARRATXI 66,Baleares,Illes Balears,Marratxí,66.0,39.611750516792,2.7265899410732,hibridacion,Puesta en servicio,RdT,,
6797.0,ABRERA 220,Baleares,Illes Balears,Maó,220.0,41.507778901421,7.8940961328313,almacenamiento,En curso,RdD,8.95,8.95
6797.0,ABRERA 220,Baleares,Illes Balears,Maó,220.0,41.507778901421,7.8940961328313,almacenamiento,En curso,RdT,,
6797.0,ABRERA 220,Baleares,Illes Balears,Maó,220.0,41.507778901421,7.8940961328313,fotovoltaica,Con permisos,RdD,8.0,8.0
6797.0,ABRERA 220,Baleares,Illes Balears,Maó,220.0,41.507778901421,7.8940961328313,fotovoltaica,Con permisos,RdT,,
6797.0,ABRERA 220,Baleares,Illes Balears,Maó,220.0,41.507778901421,7.8940961328313,fotovoltaica,Puesta en servicio,RdD,13.47,13.47
6797.0,ABRERA 220,Baleares,Illes Balears,Maó,220.0,41.507778901421,7.8940961328313,fotovoltaica,Puesta en servicio,RdT,,
6797.0,ABRERA 220,Baleares,Illes Balears,Maó,220.0,41.507778901421,7.8940961328313,otras,Puesta en servicio,RdD,,
6797.0,ABRERA 220,Baleares,Illes Balears,Maó,220.0,41.507778901421,7.8940961328313,otras,Puesta en servicio,RdT,21.8,21.8
6800.0,ASCÓ 400,Baleares,Illes Balears,Maó,400.0,41.204315616384,6.5710048143603,eolica,Con permisos,RdD,18.0,18.0
6800.0,ASCÓ 400,Baleares,Illes Balears,Maó,400.0,41.204315616384,6.5710048143603,eolica,Con permisos,RdT,484.0,736.0
6800.0,ASCÓ 400,Baleares,Illes Balears,Maó,400.0,41.204315616384,6.5710048143603,eolica,Puesta en servicio,RdD,65.08,65.08
6800.0,ASCÓ 400,Baleares,Illes Balears,Maó,400.0,41.204315616384,6.5710048143603,eolica,Puesta en servicio,RdT,,
6800.0,ASCÓ 400,Baleares,Illes Balears,Maó,400.0,41.204315616384,6.5710048143603,fotovoltaica,Con permisos,RdD,4.0,5.0
6800.0,ASCÓ 400,Baleares,Illes Balears,Maó,400.0,41.204315616384,6.5710048143603,fotovoltaica,Con permisos,RdT,64.0,199.0
6800.0,ASCÓ 400,Baleares,Illes Balears,Maó,400.0,41.204315616384,6.5710048143603,fotovoltaica,Puesta en servicio,RdD,15.58,15.58
6800.0,ASCÓ 400,Baleares,Illes Balears,Maó,400.0,41.204315616384,6.5710048143603,fotovoltaica,Puesta en servicio,RdT,,
6800.0,ASCÓ 400,Baleares,Illes Balears,Maó,400.0,41.204315616384,6.5710048143603,otras,Puesta en servicio,RdD,53.77,53.77
6800.0,ASCÓ 400,Baleares,Illes Balears,Maó,400.0,41.204315616384,6.5710048143603,otras,Puesta en servicio,RdT,1921.7,1987.5
6801.0,BELLICENS 220,Baleares,Illes Balears,Maó,220.0,41.115480499178,7.1637166759999,almacenamiento,Con permisos,RdD,31.0,31.0
6801.0,BELLICENS 220,Baleares,Illes Balears,Maó,220.0,41.115480499178,7.1637166759999,almacenamiento,Con permisos,RdT,49.0,49.0
6801.0,BELLICENS 220,Baleares,Illes Balears,Maó,220.0,41.115480499178,7.1637166759999,almacenamiento,En curso,RdD,,
6801.0,BELLICENS 220,Baleares,Illes Balears,Maó,220.0,41.115480499178,7.1637166759999,almacenamiento,En curso,RdT,107.3,111.0
6801.0,BELLICENS 220,Baleares,Illes Balears,Maó,220.0,41.115480499178,7.1637166759999,fotovoltaica,Con permisos,RdD,62.0,65.0
6801.0,BELLICENS 220,Baleares,Illes Balears,Maó,220.0,41.115480499178,7.1637166759999,fotovoltaica,Con permisos,RdT,,
6801.0,BELLICENS 220,Baleares,Illes Balears,Maó,220.0,41.115480499178,7.1637166759999,otras,Puesta en servicio,RdD,28.2,28.2
6801.0,BELLICENS 220,Baleares,Illes Balears,Maó,220.0,41.115480499178,7.1637166759999,otras,Puesta en servicio,RdT,417.0,416.99
6802.0,BESOS NUEVO 220,Baleares,Illes Balears,Maó,220.0,41.420634655319,8.2288428687709,otras,Puesta en servicio,RdD,35.98,35.98
6802.0,BESOS NUEVO 220,Baleares,Illes Balears,Maó,220.0,41.420634655319,8.2288428687709,otras,Puesta en servicio,RdT,1647.67,2070.56
6804.0,CAN BARBA 400,Baleares,Illes Balears,Maó,400.0,41.551919193106,8.0570598499206,fotovoltaica,Con permisos,RdD,13.0,14.0
6804.0,CAN BARBA 400,Baleares,Illes Balears,Maó,400.0,41.551919193106,8.0570598499206,fotovoltaica,Con permisos,RdT,,
6804.0,CAN BARBA 400,Baleares,Illes Balears,Maó,400.0,41.551919193106,8.0570598499206,otras,Puesta en servicio,RdD,14.71,14.71
6804.0,CAN BARBA 400,Baleares,Illes Balears,Maó,400.0,41.551919193106,8.0570598499206,otras,Puesta en servicio,RdT,,
6805.0,CAN JARDI 220,Baleares,Illes Balears,Maó,220.0,41.475169426199,8.023075667049,almacenamiento,Con permisos,RdD,40.0,42.0
6805.0,CAN JARDI 220,Baleares,Illes Balears,Maó,220.0,41.475169426199,8.023075667049,almacenamiento,Con permisos,RdT,45.0,49.0
6805.0,CAN JARDI 220,Baleares,Illes Balears,Maó,220.0,41.475169426199,8.023075667049,almacenamiento,En curso,RdD,,
6805.0,CAN JARDI 220,Baleares,Illes Balears,Maó,220.0,41.475169426199,8.023075667049,almacenamiento,En curso,RdT,199.94,199.94
6805.0,CAN JARDI 220,Baleares,Illes Balears,Maó,220.0,41.475169426199,8.023075667049,otras,Puesta en servicio,RdD,24.9,24.9
6805.0,CAN JARDI 220,Baleares,Illes Balears,Maó,220.0,41.475169426199,8.023075667049,otras,Puesta en servicio,RdT,,
6806.0,CASTELLET 220,Baleares,Illes Balears,Maó,220.0,41.255903715406,7.5813327182185,almacenamiento,Con permisos,RdD,14.0,19.0
6806.0,CASTELLET 220,Baleares,Illes Balears,Maó,220.0,41.255903715406,7.5813327182185,almacenamiento,Con permisos,RdT,,
6806.0,CASTELLET 220,Baleares,Illes Balears,Maó,220.0,41.255903715406,7.5813327182185,fotovoltaica,Con permisos,RdD,58.0,70.0
6806.0,CASTELLET 220,Baleares,Illes Balears,Maó,220.0,41.255903715406,7.5813327182185,fotovoltaica,Con permisos,RdT,,
6806.0,CASTELLET 220,Baleares,Illes Balears,Maó,220.0,41.255903715406,7.5813327182185,fotovoltaica,Puesta en servicio,RdD,4.74,5.0
6806.0,CASTELLET 220,Baleares,Illes Balears,Maó,220.0,41.255903715406,7.5813327182185,fotovoltaica,Puesta en servicio,RdT,,
6806.0,CASTELLET 220,Baleares,Illes Balears,Maó,220.0,41.255903715406,7.5813327182185,otras,Puesta en servicio,RdD,13.4,13.4
6806.0,CASTELLET 220,Baleares,Illes Balears,Maó,220.0,41.255903715406,7.5813327182185,otras,Puesta en servicio,RdT,,
6834.0,SANT ANDREU 220,Baleares,Illes Balears,Maó,220.0,41.446525504784,8.1884456641706,almacenamiento,Con permisos,RdD,165.0,195.0
6834.0,SANT ANDREU 220,Baleares,Illes Balears,Maó,220.0,41.446525504784,8.1884456641706,almacenamiento,Con permisos,RdT,,
6834.0,SANT ANDREU 220,Baleares,Illes Balears,Maó,220.0,41.446525504784,8.1884456641706,otras,Puesta en servicio,RdD,1.8,1.8
6834.0,SANT ANDREU 220,Baleares,Illes Balears,Maó,220.0,41.446525504784,8.1884456641706,otras,Puesta en servicio,RdT,,
6835.0,SANT BOI 220,Baleares,Illes Balears,Maó,220.0,41.335534566115,8.0406100878615,almacenamiento,En curso,RdD,,1.2
6835.0,SANT BOI 220,Baleares,Illes Balears,Maó,220.0,41.335534566115,8.0406100878615,almacenamiento,En curso,RdT,,
6835.0,SANT BOI 220,Baleares,Illes Balears,Maó,220.0,41.335534566115,8.0406100878615,fotovoltaica,Con permisos,RdD,5.0,5.0
6835.0,SANT BOI 220,Baleares,Illes Balears,Maó,220.0,41.335534566115,8.0406100878615,fotovoltaica,Con permisos,RdT,,
6835.0,SANT BOI 220,Baleares,Illes Balears,Maó,220.0,41.335534566115,8.0406100878615,fotovoltaica,En curso,RdD,,7.63
6835.0,SANT BOI 220,Baleares,Illes Balears,Maó,220.0,41.335534566115,8.0406100878615,fotovoltaica,En curso,RdT,,
6835.0,SANT BOI 220,Baleares,Illes Balears,Maó,220.0,41.335534566115,8.0406100878615,fotovoltaica,Puesta en servicio,RdD,13.17,13.17
6835.0,SANT BOI 220,Baleares,Illes Balears,Maó,220.0,41.335534566115,8.0406100878615,fotovoltaica,Puesta en servicio,RdT,,
6835.0,SANT BOI 220,Baleares,Illes Balears,Maó,220.0,41.335534566115,8.0406100878615,hibridacion,En curso,RdD,7.63,
6835.0,SANT BOI 220,Baleares,Illes Balears,Maó,220.0,41.335534566115,8.0406100878615,hibridacion,En curso,RdT,,
6835.0,SANT BOI 220,Baleares,Illes Balears,Maó,220.0,41.335534566115,8.0406100878615,otras,Puesta en servicio,RdD,37.26,37.26
6835.0,SANT BOI 220,Baleares,Illes Balears,Maó,220.0,41.335534566115,8.0406100878615,otras,Puesta en servicio,RdT,,
6836.0,SANT CELONI 220,Baleares,Illes Balears,Maó,220.0,41.706711488687,8.470388798374,fotovoltaica,Con permisos,RdD,3.0,3.0
6836.0,SANT CELONI 220,Baleares,Illes Balears,Maó,220.0,41.706711488687,8.470388798374,fotovoltaica,Con permisos,RdT,,
6836.0,SANT CELONI 220,Baleares,Illes Balears,Maó,220.0,41.706711488687,8.470388798374,fotovoltaica,En curso,RdD,9.4,10.6
6836.0,SANT CELONI 220,Baleares,Illes Balears,Maó,220.0,41.706711488687,8.470388798374,fotovoltaica,En curso,RdT,,
6836.0,SANT CELONI 220,Baleares,Illes Balears,Maó,220.0,41.706711488687,8.470388798374,fotovoltaica,Puesta en servicio,RdD,3.29,3.48
6836.0,SANT CELONI 220,Baleares,Illes Balears,Maó,220.0,41.706711488687,8.470388798374,fotovoltaica,Puesta en servicio,RdT,,
6836.0,SANT CELONI 220,Baleares,Illes Balears,Maó,220.0,41.706711488687,8.470388798374,otras,Con permisos,RdD,1.0,1.0
6836.0,SANT CELONI 220,Baleares,Illes Balears,Maó,220.0,41.706711488687,8.470388798374,otras,Con permisos,RdT,,
6836.0,SANT CELONI 220,Baleares,Illes Balears,Maó,220.0,41.706711488687,8.470388798374,otras,Puesta en servicio,RdD,23.37,23.37
6836.0,SANT CELONI 220,Baleares,Illes Balears,Maó,220.0,41.706711488687,8.470388798374,otras,Puesta en servicio,RdT,,
6837.0,SANT FOST 220,Baleares,Illes Balears,Maó,220.0,41.51182845955,8.2182704493372,almacenamiento,Con permisos,RdD,15.0,20.0
6837.0,SANT FOST 220,Baleares,Illes Balears,Maó,220.0,41.51182845955,8.2182704493372,almacenamiento,Con permisos,RdT,,
6837.0,SANT FOST 220,Baleares,Illes Balears,Maó,220.0,41.51182845955,8.2182704493372,otras,Puesta en servicio,RdD,9.16,9.16
6837.0,SANT FOST 220,Baleares,Illes Balears,Maó,220.0,41.51182845955,8.2182704493372,otras,Puesta en servicio,RdT,,
6840.0,TARRAGONA 220,Baleares,Illes Balears,Maó,220.0,41.113662599148,7.1981435544137,almacenamiento,Con permisos,RdD,15.0,20.0
6840.0,TARRAGONA 220,Baleares,Illes Balears,Maó,220.0,41.113662599148,7.1981435544137,almacenamiento,Con permisos,RdT,,
6840.0,TARRAGONA 220,Baleares,Illes Balears,Maó,220.0,41.113662599148,7.1981435544137,fotovoltaica,Con permisos,RdD,141.0,157.0
6840.0,TARRAGONA 220,Baleares,Illes Balears,Maó,220.0,41.113662599148,7.1981435544137,fotovoltaica,Con permisos,RdT,,
6840.0,TARRAGONA 220,Baleares,Illes Balears,Maó,220.0,41.113662599148,7.1981435544137,fotovoltaica,En curso,RdD,,
6840.0,TARRAGONA 220,Baleares,Illes Balears,Maó,220.0,41.113662599148,7.1981435544137,fotovoltaica,En curso,RdT,51.0,51.0
6840.0,TARRAGONA 220,Baleares,Illes Balears,Maó,220.0,41.113662599148,7.1981435544137,fotovoltaica,Puesta en servicio,RdD,,14.96
6840.0,TARRAGONA 220,Baleares,Illes Balears,Maó,220.0,41.113662599148,7.1981435544137,fotovoltaica,Puesta en servicio,RdT,,
6840.0,TARRAGONA 220,Baleares,Illes Balears,Maó,220.0,41.113662599148,7.1981435544137,hibridacion,Con permisos,RdD,17.0,
6840.0,TARRAGONA 220,Baleares,Illes Balears,Maó,220.0,41.113662599148,7.1981435544137,hibridacion,Con permisos,RdT,,
6840.0,TARRAGONA 220,Baleares,Illes Balears,Maó,220.0,41.113662599148,7.1981435544137,otras,Con permisos,RdD,,5.0
6840.0,TARRAGONA 220,Baleares,Illes Balears,Maó,220.0,41.113662599148,7.1981435544137,otras,Con permisos,RdT,13.0,13.0
6840.0,TARRAGONA 220,Baleares,Illes Balears,Maó,220.0,41.113662599148,7.1981435544137,otras,Puesta en servicio,RdD,38.19,38.19
6840.0,TARRAGONA 220,Baleares,Illes Balears,Maó,220.0,41.113662599148,7.1981435544137,otras,Puesta en servicio,RdT,,
6841.0,TRINITAT 220,Baleares,Illes Balears,Maó,220.0,41.448429900639,8.1889345834053,almacenamiento,Con permisos,RdD,20.0,20.0
6841.0,TRINITAT 220,Baleares,Illes Balears,Maó,220.0,41.448429900639,8.1889345834053,almacenamiento,Con permisos,RdT,,
6841.0,TRINITAT 220,Baleares,Illes Balears,Maó,220.0,41.448429900639,8.1889345834053,otras,Puesta en servicio,RdD,8.86,8.86
6841.0,TRINITAT 220,Baleares,Illes Balears,Maó,220.0,41.448429900639,8.1889345834053,otras,Puesta en servicio,RdT,,
6842.0,VANDELLOS 400,Baleares,Illes Balears,Maó,400.0,40.976426465232,6.8788686532183,eolica,Con permisos,RdD,5.0,5.0
6842.0,VANDELLOS 400,Baleares,Illes Balears,Maó,400.0,40.976426465232,6.8788686532183,eolica,Con permisos,RdT,93.0,93.0
6842.0,VANDELLOS 400,Baleares,Illes Balears,Maó,400.0,40.976426465232,6.8788686532183,eolica,Puesta en servicio,RdD,83.65,83.65
6842.0,VANDELLOS 400,Baleares,Illes Balears,Maó,400.0,40.976426465232,6.8788686532183,eolica,Puesta en servicio,RdT,,
6842.0,VANDELLOS 400,Baleares,Illes Balears,Maó,400.0,40.976426465232,6.8788686532183,fotovoltaica,Con permisos,RdD,29.0,35.0
6842.0,VANDELLOS 400,Baleares,Illes Balears,Maó,400.0,40.976426465232,6.8788686532183,fotovoltaica,Con permisos,RdT,,
6842.0,VANDELLOS 400,Baleares,Illes Balears,Maó,400.0,40.976426465232,6.8788686532183,fotovoltaica,Puesta en servicio,RdD,34.06,37.81
6842.0,VANDELLOS 400,Baleares,Illes Balears,Maó,400.0,40.976426465232,6.8788686532183,fotovoltaica,Puesta en servicio,RdT,,
6842.0,VANDELLOS 400,Baleares,Illes Balears,Maó,400.0,40.976426465232,6.8788686532183,otras,Puesta en servicio,RdD,15.58,15.58
6842.0,VANDELLOS 400,Baleares,Illes Balears,Maó,400.0,40.976426465232,6.8788686532183,otras,Puesta en servicio,RdT,1879.44,1879.44
6843.0,VIC 220,Baleares,Illes Balears,Maó,220.0,41.957941324467,8.2823216475161,almacenamiento,Con permisos,RdD,113.0,117.0
6843.0,VIC 220,Baleares,Illes Balears,Maó,220.0,41.957941324467,8.2823216475161,almacenamiento,Con permisos,RdT,,
6843.0,VIC 220,Baleares,Illes Balears,Maó,220.0,41.957941324467,8.2823216475161,almacenamiento,En curso,RdD,9.98,9.98
6843.0,VIC 220,Baleares,Illes Balears,Maó,220.0,41.957941324467,8.2823216475161,almacenamiento,En curso,RdT,,
6843.0,VIC 220,Baleares,Illes Balears,Maó,220.0,41.957941324467,8.2823216475161,fotovoltaica,Con permisos,RdD,50.0,55.0
6843.0,VIC 220,Baleares,Illes Balears,Maó,220.0,41.957941324467,8.2823216475161,fotovoltaica,Con permisos,RdT,,
6843.0,VIC 220,Baleares,Illes Balears,Maó,220.0,41.957941324467,8.2823216475161,fotovoltaica,Puesta en servicio,RdD,4.45,4.45
6843.0,VIC 220,Baleares,Illes Balears,Maó,220.0,41.957941324467,8.2823216475161,fotovoltaica,Puesta en servicio,RdT,,
6843.0,VIC 220,Baleares,Illes Balears,Maó,220.0,41.957941324467,8.2823216475161,hibridacion,Puesta en servicio,RdD,11.9,
6843.0,VIC 220,Baleares,Illes Balears,Maó,220.0,41.957941324467,8.2823216475161,hibridacion,Puesta en servicio,RdT,,
6843.0,VIC 220,Baleares,Illes Balears,Maó,220.0,41.957941324467,8.2823216475161,hidraulica,Puesta en servicio,RdD,1.75,1.75
6843.0,VIC 220,Baleares,Illes Balears,Maó,220.0,41.957941324467,8.2823216475161,hidraulica,Puesta en servicio,RdT,,
6843.0,VIC 220,Baleares,Illes Balears,Maó,220.0,41.957941324467,8.2823216475161,otras,Puesta en servicio,RdD,82.28,94.18
6843.0,VIC 220,Baleares,Illes Balears,Maó,220.0,41.957941324467,8.2823216475161,otras,Puesta en servicio,RdT,,
6844.0,VILADECANS 220,Baleares,Illes Balears,Maó,220.0,41.325191498884,8.0282291850498,fotovoltaica,Con permisos,RdD,4.0,4.0
6844.0,VILADECANS 220,Baleares,Illes Balears,Maó,220.0,41.325191498884,8.0282291850498,fotovoltaica,Con permisos,RdT,,
6844.0,VILADECANS 220,Baleares,Illes Balears,Maó,220.0,41.325191498884,8.0282291850498,fotovoltaica,Puesta en servicio,RdD,1.25,1.25
6844.0,VILADECANS 220,Baleares,Illes Balears,Maó,220.0,41.325191498884,8.0282291850498,fotovoltaica,Puesta en servicio,RdT,,
6844.0,VILADECANS 220,Baleares,Illes Balears,Maó,220.0,41.325191498884,8.0282291850498,otras,Puesta en servicio,RdD,12.47,12.47
6844.0,VILADECANS 220,Baleares,Illes Balears,Maó,220.0,41.325191498884,8.0282291850498,otras,Puesta en servicio,RdT,,
6845.0,ZONA FRANCA 220,Baleares,Illes Balears,Maó,220.0,41.323063020274,8.1332842925972,otras,En curso,RdD,,
6845.0,ZONA FRANCA 220,Baleares,Illes Balears,Maó,220.0,41.323063020274,8.1332842925972,otras,En curso,RdT,869.68,869.68
6845.0,ZONA FRANCA 220,Baleares,Illes Balears,Maó,220.0,41.323063020274,8.1332842925972,otras,Puesta en servicio,RdD,,
6845.0,ZONA FRANCA 220,Baleares,Illes Balears,Maó,220.0,41.323063020274,8.1332842925972,otras,Puesta en servicio,RdT,879.34,866.3
7219.0,CASTELLBISBAL 220,Baleares,Illes Balears,Maó,220.0,41.445388501186,7.9864922723816,almacenamiento,Con permisos,RdD,45.0,45.0
7219.0,CASTELLBISBAL 220,Baleares,Illes Balears,Maó,220.0,41.445388501186,7.9864922723816,almacenamiento,Con permisos,RdT,,
7219.0,CASTELLBISBAL 220,Baleares,Illes Balears,Maó,220.0,41.445388501186,7.9864922723816,fotovoltaica,Con permisos,RdD,3.0,3.0
7219.0,CASTELLBISBAL 220,Baleares,Illes Balears,Maó,220.0,41.445388501186,7.9864922723816,fotovoltaica,Con permisos,RdT,,
7229.0,ZAL 220,Baleares,Illes Balears,Maó,220.0,41.313100139952,8.1310132406395,almacenamiento,Con permisos,RdD,20.0,20.0
7229.0,ZAL 220,Baleares,Illes Balears,Maó,220.0,41.313100139952,8.1310132406395,almacenamiento,Con permisos,RdT,,
7229.0,ZAL 220,Baleares,Illes Balears,Maó,220.0,41.313100139952,8.1310132406395,fotovoltaica,Puesta en servicio,RdD,8.0,8.0
7229.0,ZAL 220,Baleares,Illes Balears,Maó,220.0,41.313100139952,8.1310132406395,fotovoltaica,Puesta en servicio,RdT,,
7229.0,ZAL 220,Baleares,Illes Balears,Maó,220.0,41.313100139952,8.1310132406395,otras,Puesta en servicio,RdD,1.0,1.0
7229.0,ZAL 220,Baleares,Illes Balears,Maó,220.0,41.313100139952,8.1310132406395,otras,Puesta en servicio,RdT,,
7286.0,SANT CUGAT 220,Baleares,Illes Balears,Maó,220.0,41.486876949907,8.0765914666023,almacenamiento,Con permisos,RdD,15.0,15.0
7286.0,SANT CUGAT 220,Baleares,Illes Balears,Maó,220.0,41.486876949907,8.0765914666023,almacenamiento,Con permisos,RdT,,
7286.0,SANT CUGAT 220,Baleares,Illes Balears,Maó,220.0,41.486876949907,8.0765914666023,fotovoltaica,Puesta en servicio,RdD,1.47,1.47
7286.0,SANT CUGAT 220,Baleares,Illes Balears,Maó,220.0,41.486876949907,8.0765914666023,fotovoltaica,Puesta en servicio,RdT,,
7295.0,BEGUES 220,Baleares,Illes Balears,Maó,220.0,41.355525850414,7.9024170701462,almacenamiento,Con permisos,RdD,35.0,35.0
7295.0,BEGUES 220,Baleares,Illes Balears,Maó,220.0,41.355525850414,7.9024170701462,almacenamiento,Con permisos,RdT,,
7295.0,BEGUES 220,Baleares,Illes Balears,Maó,220.0,41.355525850414,7.9024170701462,eolica,En curso,RdD,6.2,6.2
7295.0,BEGUES 220,Baleares,Illes Balears,Maó,220.0,41.355525850414,7.9024170701462,eolica,En curso,RdT,,
7297.0,SENTMENAT 220,Baleares,Illes Balears,Maó,220.0,41.61956509404,8.1107508612389,almacenamiento,Con permisos,RdD,66.0,72.0
7297.0,SENTMENAT 220,Baleares,Illes Balears,Maó,220.0,41.61956509404,8.1107508612389,almacenamiento,Con permisos,RdT,,
7297.0,SENTMENAT 220,Baleares,Illes Balears,Maó,220.0,41.61956509404,8.1107508612389,fotovoltaica,Con permisos,RdD,7.0,7.0
7297.0,SENTMENAT 220,Baleares,Illes Balears,Maó,220.0,41.61956509404,8.1107508612389,fotovoltaica,Con permisos,RdT,,
7299.0,SUBIRATS 220,Baleares,Illes Balears,Maó,220.0,41.426953870424,7.8213254854478,almacenamiento,Con permisos,RdD,20.0,34.0
7299.0,SUBIRATS 220,Baleares,Illes Balears,Maó,220.0,41.426953870424,7.8213254854478,almacenamiento,Con permisos,RdT,,
7299.0,SUBIRATS 220,Baleares,Illes Balears,Maó,220.0,41.426953870424,7.8213254854478,fotovoltaica,Con permisos,RdD,73.0,80.0
7299.0,SUBIRATS 220,Baleares,Illes Balears,Maó,220.0,41.426953870424,7.8213254854478,fotovoltaica,Con permisos,RdT,,
7322.0,ANOIA 220,Baleares,Illes Balears,Maó,220.0,41.577066049891,7.6670163310669,fotovoltaica,Con permisos,RdD,,
7322.0,ANOIA 220,Baleares,Illes Balears,Maó,220.0,41.577066049891,7.6670163310669,fotovoltaica,Con permisos,RdT,109.0,316.0
7322.0,ANOIA 220,Baleares,Illes Balears,Maó,220.0,41.577066049891,7.6670163310669,fotovoltaica,Puesta en servicio,RdD,1.5,1.5
7322.0,ANOIA 220,Baleares,Illes Balears,Maó,220.0,41.577066049891,7.6670163310669,fotovoltaica,Puesta en servicio,RdT,,
7376.0,ASCÓ 220,Baleares,Illes Balears,Maó,220.0,41.204315616384,6.5710048143603,eolica,Con permisos,RdD,30.0,30.0
7376.0,ASCÓ 220,Baleares,Illes Balears,Maó,220.0,41.204315616384,6.5710048143603,eolica,Con permisos,RdT,,
7376.0,ASCÓ 220,Baleares,Illes Balears,Maó,220.0,41.204315616384,6.5710048143603,eolica,En curso,RdD,30.0,30.0
7376.0,ASCÓ 220,Baleares,Illes Balears,Maó,220.0,41.204315616384,6.5710048143603,eolica,En curso,RdT,,
12583.0,BEGUES 400,Baleares,Illes Balears,Maó,400.0,41.355525850414,7.9024170701462,almacenamiento,Con permisos,RdD,,
12583.0,BEGUES 400,Baleares,Illes Balears,Maó,400.0,41.355525850414,7.9024170701462,almacenamiento,Con permisos,RdT,573.0,585.0
12685.0,CENTELLES 220,Baleares,Illes Balears,Maó,220.0,41.808034480449,8.2121771313182,almacenamiento,Con permisos,RdD,9.0,9.0
12685.0,CENTELLES 220,Baleares,Illes Balears,Maó,220.0,41.808034480449,8.2121771313182,almacenamiento,Con permisos,RdT,,
12685.0,CENTELLES 220,Baleares,Illes Balears,Maó,220.0,41.808034480449,8.2121771313182,fotovoltaica,Con permisos,RdD,29.0,38.0
12685.0,CENTELLES 220,Baleares,Illes Balears,Maó,220.0,41.808034480449,8.2121771313182,fotovoltaica,Con permisos,RdT,,
12691.0,CERVELLO 220,Baleares,Illes Balears,Maó,220.0,41.405941928386,7.9890992536631,almacenamiento,Con permisos,RdD,20.0,20.0
12691.0,CERVELLO 220,Baleares,Illes Balears,Maó,220.0,41.405941928386,7.9890992536631,almacenamiento,Con permisos,RdT,,
12691.0,CERVELLO 220,Baleares,Illes Balears,Maó,220.0,41.405941928386,7.9890992536631,eolica,En curso,RdD,12.4,12.4
12691.0,CERVELLO 220,Baleares,Illes Balears,Maó,220.0,41.405941928386,7.9890992536631,eolica,En curso,RdT,,
12691.0,CERVELLO 220,Baleares,Illes Balears,Maó,220.0,41.405941928386,7.9890992536631,fotovoltaica,Con permisos,RdD,3.0,3.0
12691.0,CERVELLO 220,Baleares,Illes Balears,Maó,220.0,41.405941928386,7.9890992536631,fotovoltaica,Con permisos,RdT,,
12705.0,CODONYERS 220,Baleares,Illes Balears,Maó,220.0,41.477935675707,8.0990465519245,almacenamiento,Con permisos,RdD,137.0,144.0
12705.0,CODONYERS 220,Baleares,Illes Balears,Maó,220.0,41.477935675707,8.0990465519245,almacenamiento,Con permisos,RdT,,
12705.0,CODONYERS 220,Baleares,Illes Balears,Maó,220.0,41.477935675707,8.0990465519245,otras,Puesta en servicio,RdD,,
12705.0,CODONYERS 220,Baleares,Illes Balears,Maó,220.0,41.477935675707,8.0990465519245,otras,Puesta en servicio,RdT,9.76,9.76
12713.0,CONSTANTI 220,Baleares,Illes Balears,Maó,220.0,41.135663094026,7.2250491914193,almacenamiento,Con permisos,RdD,20.0,20.0
12713.0,CONSTANTI 220,Baleares,Illes Balears,Maó,220.0,41.135663094026,7.2250491914193,almacenamiento,Con permisos,RdT,,
12713.0,CONSTANTI 220,Baleares,Illes Balears,Maó,220.0,41.135663094026,7.2250491914193,fotovoltaica,Con permisos,RdD,35.0,40.0
12713.0,CONSTANTI 220,Baleares,Illes Balears,Maó,220.0,41.135663094026,7.2250491914193,fotovoltaica,Con permisos,RdT,,
12713.0,CONSTANTI 220,Baleares,Illes Balears,Maó,220.0,41.135663094026,7.2250491914193,fotovoltaica,En curso,RdD,,
12713.0,CONSTANTI 220,Baleares,Illes Balears,Maó,220.0,41.135663094026,7.2250491914193,fotovoltaica,En curso,RdT,53.0,53.0
12713.0,CONSTANTI 220,Baleares,Illes Balears,Maó,220.0,41.135663094026,7.2250491914193,fotovoltaica,Puesta en servicio,RdD,11.45,11.45
12713.0,CONSTANTI 220,Baleares,Illes Balears,Maó,220.0,41.135663094026,7.2250491914193,fotovoltaica,Puesta en servicio,RdT,,
12713.0,CONSTANTI 220,Baleares,Illes Balears,Maó,220.0,41.135663094026,7.2250491914193,otras,Con permisos,RdD,9.0,9.0
12713.0,CONSTANTI 220,Baleares,Illes Balears,Maó,220.0,41.135663094026,7.2250491914193,otras,Con permisos,RdT,,
12713.0,CONSTANTI 220,Baleares,Illes Balears,Maó,220.0,41.135663094026,7.2250491914193,otras,Puesta en servicio,RdD,17.61,17.61
12713.0,CONSTANTI 220,Baleares,Illes Balears,Maó,220.0,41.135663094026,7.2250491914193,otras,Puesta en servicio,RdT,,
12728.0,DRAGONERA 132,Baleares,Illes Balears,Maó,132.0,39.890962756579,4.2369354816916,almacenamiento,Con permisos,RdD,,
12728.0,DRAGONERA 132,Baleares,Illes Balears,Maó,132.0,39.890962756579,4.2369354816916,almacenamiento,Con permisos,RdT,,31.0
12728.0,DRAGONERA 132,Baleares,Illes Balears,Maó,132.0,39.890962756579,4.2369354816916,eolica,Puesta en servicio,RdD,3.2,3.2
12728.0,DRAGONERA 132,Baleares,Illes Balears,Maó,132.0,39.890962756579,4.2369354816916,eolica,Puesta en servicio,RdT,,
12728.0,DRAGONERA 132,Baleares,Illes Balears,Maó,132.0,39.890962756579,4.2369354816916,fotovoltaica,Con permisos,RdD,5.0,5.0
12728.0,DRAGONERA 132,Baleares,Illes Balears,Maó,132.0,39.890962756579,4.2369354816916,fotovoltaica,Con permisos,RdT,,
12728.0,DRAGONERA 132,Baleares,Illes Balears,Maó,132.0,39.890962756579,4.2369354816916,fotovoltaica,Puesta en servicio,RdD,1.0,1.0
12728.0,DRAGONERA 132,Baleares,Illes Balears,Maó,132.0,39.890962756579,4.2369354816916,fotovoltaica,Puesta en servicio,RdT,,46.5
12728.0,DRAGONERA 132,Baleares,Illes Balears,Maó,132.0,39.890962756579,4.2369354816916,hibridacion,Puesta en servicio,RdD,,
12728.0,DRAGONERA 132,Baleares,Illes Balears,Maó,132.0,39.890962756579,4.2369354816916,hibridacion,Puesta en servicio,RdT,42.95,
12753.0,ELS AUBALS 220,Baleares,Illes Balears,Maó,220.0,41.118451140356,6.6417671752184,almacenamiento,Con permisos,RdD,,4.0
12753.0,ELS AUBALS 220,Baleares,Illes Balears,Maó,220.0,41.118451140356,6.6417671752184,almacenamiento,Con permisos,RdT,,
12753.0,ELS AUBALS 220,Baleares,Illes Balears,Maó,220.0,41.118451140356,6.6417671752184,eolica,Puesta en servicio,RdD,,
12753.0,ELS AUBALS 220,Baleares,Illes Balears,Maó,220.0,41.118451140356,6.6417671752184,eolica,Puesta en servicio,RdT,30.0,30.0
12753.0,ELS AUBALS 220,Baleares,Illes Balears,Maó,220.0,41.118451140356,6.6417671752184,fotovoltaica,Con permisos,RdD,37.0,67.0
12753.0,ELS AUBALS 220,Baleares,Illes Balears,Maó,220.0,41.118451140356,6.6417671752184,fotovoltaica,Con permisos,RdT,,
12753.0,ELS AUBALS 220,Baleares,Illes Balears,Maó,220.0,41.118451140356,6.6417671752184,hibridacion,Con permisos,RdD,15.0,
12753.0,ELS AUBALS 220,Baleares,Illes Balears,Maó,220.0,41.118451140356,6.6417671752184,hibridacion,Con permisos,RdT,,
12776.0,FRANQUESES 220,Baleares,Illes Balears,Maó,220.0,41.64246047091,8.28195940327,almacenamiento,Con permisos,RdD,76.0,80.0
12776.0,FRANQUESES 220,Baleares,Illes Balears,Maó,220.0,41.64246047091,8.28195940327,almacenamiento,Con permisos,RdT,,
12776.0,FRANQUESES 220,Baleares,Illes Balears,Maó,220.0,41.64246047091,8.28195940327,fotovoltaica,Con permisos,RdD,26.0,28.0
12776.0,FRANQUESES 220,Baleares,Illes Balears,Maó,220.0,41.64246047091,8.28195940327,fotovoltaica,Con permisos,RdT,,
12776.0,FRANQUESES 220,Baleares,Illes Balears,Maó,220.0,41.64246047091,8.28195940327,otras,Puesta en servicio,RdD,14.03,14.03
12776.0,FRANQUESES 220,Baleares,Illes Balears,Maó,220.0,41.64246047091,8.28195940327,otras,Puesta en servicio,RdT,,
12793.0,GARRAF 400,Baleares,Illes Balears,Maó,400.0,41.255044061917,7.7191396471946,almacenamiento,Con permisos,RdD,30.0,30.0
12793.0,GARRAF 400,Baleares,Illes Balears,Maó,400.0,41.255044061917,7.7191396471946,almacenamiento,Con permisos,RdT,,
12793.0,GARRAF 400,Baleares,Illes Balears,Maó,400.0,41.255044061917,7.7191396471946,fotovoltaica,Con permisos,RdD,41.0,46.0
12793.0,GARRAF 400,Baleares,Illes Balears,Maó,400.0,41.255044061917,7.7191396471946,fotovoltaica,Con permisos,RdT,25.0,40.0
12793.0,GARRAF 400,Baleares,Illes Balears,Maó,400.0,41.255044061917,7.7191396471946,fotovoltaica,Puesta en servicio,RdD,4.95,4.95
12793.0,GARRAF 400,Baleares,Illes Balears,Maó,400.0,41.255044061917,7.7191396471946,fotovoltaica,Puesta en servicio,RdT,,
12793.0,GARRAF 400,Baleares,Illes Balears,Maó,400.0,41.255044061917,7.7191396471946,hibridacion,Con permisos,RdD,13.0,
12793.0,GARRAF 400,Baleares,Illes Balears,Maó,400.0,41.255044061917,7.7191396471946,hibridacion,Con permisos,RdT,,
12793.0,GARRAF 400,Baleares,Illes Balears,Maó,400.0,41.255044061917,7.7191396471946,otras,Con permisos,RdD,,30.0
12793.0,GARRAF 400,Baleares,Illes Balears,Maó,400.0,41.255044061917,7.7191396471946,otras,Con permisos,RdT,,
12834.0,HOSPITALET 220,Baleares,Illes Balears,Maó,220.0,41.345990984238,8.1000602696235,almacenamiento,Con permisos,RdD,80.0,80.0
12834.0,HOSPITALET 220,Baleares,Illes Balears,Maó,220.0,41.345990984238,8.1000602696235,almacenamiento,Con permisos,RdT,,
12834.0,HOSPITALET 220,Baleares,Illes Balears,Maó,220.0,41.345990984238,8.1000602696235,fotovoltaica,Con permisos,RdD,1.0,1.0
12834.0,HOSPITALET 220,Baleares,Illes Balears,Maó,220.0,41.345990984238,8.1000602696235,fotovoltaica,Con permisos,RdT,,
12892.0,LA ROCA 220,Baleares,Illes Balears,Maó,220.0,41.587436811909,8.3200328088064,fotovoltaica,Con permisos,RdD,17.0,17.0
12892.0,LA ROCA 220,Baleares,Illes Balears,Maó,220.0,41.587436811909,8.3200328088064,fotovoltaica,Con permisos,RdT,,
12892.0,LA ROCA 220,Baleares,Illes Balears,Maó,220.0,41.587436811909,8.3200328088064,otras,Con permisos,RdD,2.0,2.0
12892.0,LA ROCA 220,Baleares,Illes Balears,Maó,220.0,41.587436811909,8.3200328088064,otras,Con permisos,RdT,,
12892.0,LA ROCA 220,Baleares,Illes Balears,Maó,220.0,41.587436811909,8.3200328088064,otras,Puesta en servicio,RdD,4.93,4.93
12892.0,LA ROCA 220,Baleares,Illes Balears,Maó,220.0,41.587436811909,8.3200328088064,otras,Puesta en servicio,RdT,,
12898.0,LA SELVA 220,Baleares,Illes Balears,Maó,220.0,41.209397101688,7.1504062431519,almacenamiento,Con permisos,RdD,9.0,9.0
12898.0,LA SELVA 220,Baleares,Illes Balears,Maó,220.0,41.209397101688,7.1504062431519,almacenamiento,Con permisos,RdT,,
12898.0,LA SELVA 220,Baleares,Illes Balears,Maó,220.0,41.209397101688,7.1504062431519,fotovoltaica,Con permisos,RdD,48.0,49.0
12898.0,LA SELVA 220,Baleares,Illes Balears,Maó,220.0,41.209397101688,7.1504062431519,fotovoltaica,Con permisos,RdT,,
12898.0,LA SELVA 220,Baleares,Illes Balears,Maó,220.0,41.209397101688,7.1504062431519,fotovoltaica,Puesta en servicio,RdD,2.93,2.93
12898.0,LA SELVA 220,Baleares,Illes Balears,Maó,220.0,41.209397101688,7.1504062431519,fotovoltaica,Puesta en servicio,RdT,,
12937.0,MAHON 132,Baleares,Illes Balears,Maó,132.0,39.897105248677,4.2578500473955,otras,Puesta en servicio,RdD,,
12937.0,MAHON 132,Baleares,Illes Balears,Maó,132.0,39.897105248677,4.2578500473955,otras,Puesta en servicio,RdT,247.2,245.2
12964.0,MEQUINENZA 220,Baleares,Illes Balears,Maó,220.0,41.368015068411,6.2774592418323,fotovoltaica,Con permisos,RdD,5.0,6.0
12964.0,MEQUINENZA 220,Baleares,Illes Balears,Maó,220.0,41.368015068411,6.2774592418323,fotovoltaica,Con permisos,RdT,,
12964.0,MEQUINENZA 220,Baleares,Illes Balears,Maó,220.0,41.368015068411,6.2774592418323,fotovoltaica,Puesta en servicio,RdD,3.8,3.8
12964.0,MEQUINENZA 220,Baleares,Illes Balears,Maó,220.0,41.368015068411,6.2774592418323,fotovoltaica,Puesta en servicio,RdT,,
12964.0,MEQUINENZA 220,Baleares,Illes Balears,Maó,220.0,41.368015068411,6.2774592418323,hidraulica,Puesta en servicio,RdD,,
12964.0,MEQUINENZA 220,Baleares,Illes Balears,Maó,220.0,41.368015068411,6.2774592418323,hidraulica,Puesta en servicio,RdT,324.0,322.36
12964.0,MEQUINENZA 220,Baleares,Illes Balears,Maó,220.0,41.368015068411,6.2774592418323,otras,Con permisos,RdD,2.0,2.0
12964.0,MEQUINENZA 220,Baleares,Illes Balears,Maó,220.0,41.368015068411,6.2774592418323,otras,Con permisos,RdT,,
12964.0,MEQUINENZA 220,Baleares,Illes Balears,Maó,220.0,41.368015068411,6.2774592418323,otras,Puesta en servicio,RdD,16.58,16.58
12964.0,MEQUINENZA 220,Baleares,Illes Balears,Maó,220.0,41.368015068411,6.2774592418323,otras,Puesta en servicio,RdT,,
12980.0,MONTBLANC 220,Baleares,Illes Balears,Maó,220.0,41.39590813902,7.1344466264045,almacenamiento,Con permisos,RdD,,5.0
12980.0,MONTBLANC 220,Baleares,Illes Balears,Maó,220.0,41.39590813902,7.1344466264045,almacenamiento,Con permisos,RdT,,
12980.0,MONTBLANC 220,Baleares,Illes Balears,Maó,220.0,41.39590813902,7.1344466264045,eolica,Con permisos,RdD,11.0,11.0
12980.0,MONTBLANC 220,Baleares,Illes Balears,Maó,220.0,41.39590813902,7.1344466264045,eolica,Con permisos,RdT,,
12980.0,MONTBLANC 220,Baleares,Illes Balears,Maó,220.0,41.39590813902,7.1344466264045,eolica,En curso,RdD,2.0,4.9
12980.0,MONTBLANC 220,Baleares,Illes Balears,Maó,220.0,41.39590813902,7.1344466264045,eolica,En curso,RdT,,
12980.0,MONTBLANC 220,Baleares,Illes Balears,Maó,220.0,41.39590813902,7.1344466264045,eolica,Puesta en servicio,RdD,14.7,14.7
12980.0,MONTBLANC 220,Baleares,Illes Balears,Maó,220.0,41.39590813902,7.1344466264045,eolica,Puesta en servicio,RdT,,
12980.0,MONTBLANC 220,Baleares,Illes Balears,Maó,220.0,41.39590813902,7.1344466264045,fotovoltaica,Con permisos,RdD,9.0,29.0
12980.0,MONTBLANC 220,Baleares,Illes Balears,Maó,220.0,41.39590813902,7.1344466264045,fotovoltaica,Con permisos,RdT,,
12980.0,MONTBLANC 220,Baleares,Illes Balears,Maó,220.0,41.39590813902,7.1344466264045,hibridacion,Con permisos,RdD,15.0,
12980.0,MONTBLANC 220,Baleares,Illes Balears,Maó,220.0,41.39590813902,7.1344466264045,hibridacion,Con permisos,RdT,,
12999.0,MOTORS 220,Baleares,Illes Balears,Maó,220.0,41.345309351423,8.130101997744,almacenamiento,Con permisos,RdD,49.0,55.0
12999.0,MOTORS 220,Baleares,Illes Balears,Maó,220.0,41.345309351423,8.130101997744,almacenamiento,Con permisos,RdT,,
12999.0,MOTORS 220,Baleares,Illes Balears,Maó,220.0,41.345309351423,8.130101997744,fotovoltaica,Puesta en servicio,RdD,4.42,4.42
12999.0,MOTORS 220,Baleares,Illes Balears,Maó,220.0,41.345309351423,8.130101997744,fotovoltaica,Puesta en servicio,RdT,,
12999.0,MOTORS 220,Baleares,Illes Balears,Maó,220.0,41.345309351423,8.130101997744,otras,Puesta en servicio,RdD,6.29,6.29
12999.0,MOTORS 220,Baleares,Illes Balears,Maó,220.0,41.345309351423,8.130101997744,otras,Puesta en servicio,RdT,,
13033.0,PALAU 220,Baleares,Illes Balears,Maó,220.0,41.568106163491,8.185642941931,almacenamiento,Con permisos,RdD,80.0,93.0
13033.0,PALAU 220,Baleares,Illes Balears,Maó,220.0,41.568106163491,8.185642941931,almacenamiento,Con permisos,RdT,,
13033.0,PALAU 220,Baleares,Illes Balears,Maó,220.0,41.568106163491,8.185642941931,almacenamiento,En curso,RdD,20.0,23.49
13033.0,PALAU 220,Baleares,Illes Balears,Maó,220.0,41.568106163491,8.185642941931,almacenamiento,En curso,RdT,,
13033.0,PALAU 220,Baleares,Illes Balears,Maó,220.0,41.568106163491,8.185642941931,fotovoltaica,Puesta en servicio,RdD,1.37,1.37
13033.0,PALAU 220,Baleares,Illes Balears,Maó,220.0,41.568106163491,8.185642941931,fotovoltaica,Puesta en servicio,RdT,,
13045.0,PENEDES 220,Baleares,Illes Balears,Maó,220.0,41.364497011875,7.7083905543342,almacenamiento,Con permisos,RdD,19.0,24.0
13045.0,PENEDES 220,Baleares,Illes Balears,Maó,220.0,41.364497011875,7.7083905543342,almacenamiento,Con permisos,RdT,89.0,92.0
13045.0,PENEDES 220,Baleares,Illes Balears,Maó,220.0,41.364497011875,7.7083905543342,almacenamiento,En curso,RdD,5.0,5.0
13045.0,PENEDES 220,Baleares,Illes Balears,Maó,220.0,41.364497011875,7.7083905543342,almacenamiento,En curso,RdT,382.25,391.97
13045.0,PENEDES 220,Baleares,Illes Balears,Maó,220.0,41.364497011875,7.7083905543342,fotovoltaica,Con permisos,RdD,22.0,22.0
13045.0,PENEDES 220,Baleares,Illes Balears,Maó,220.0,41.364497011875,7.7083905543342,fotovoltaica,Con permisos,RdT,,
13045.0,PENEDES 220,Baleares,Illes Balears,Maó,220.0,41.364497011875,7.7083905543342,fotovoltaica,En curso,RdD,,
13045.0,PENEDES 220,Baleares,Illes Balears,Maó,220.0,41.364497011875,7.7083905543342,fotovoltaica,En curso,RdT,100.0,100.0
13051.0,PERAFORT 220,Baleares,Illes Balears,Maó,220.0,41.19473412641,7.2488816120406,almacenamiento,En curso,RdD,,
13051.0,PERAFORT 220,Baleares,Illes Balears,Maó,220.0,41.19473412641,7.2488816120406,almacenamiento,En curso,RdT,19.0,19.0
13051.0,PERAFORT 220,Baleares,Illes Balears,Maó,220.0,41.19473412641,7.2488816120406,eolica,Con permisos,RdD,29.0,29.0
13051.0,PERAFORT 220,Baleares,Illes Balears,Maó,220.0,41.19473412641,7.2488816120406,eolica,Con permisos,RdT,,
13051.0,PERAFORT 220,Baleares,Illes Balears,Maó,220.0,41.19473412641,7.2488816120406,fotovoltaica,Con permisos,RdD,30.0,42.0
13051.0,PERAFORT 220,Baleares,Illes Balears,Maó,220.0,41.19473412641,7.2488816120406,fotovoltaica,Con permisos,RdT,,
13051.0,PERAFORT 220,Baleares,Illes Balears,Maó,220.0,41.19473412641,7.2488816120406,fotovoltaica,En curso,RdD,,
13051.0,PERAFORT 220,Baleares,Illes Balears,Maó,220.0,41.19473412641,7.2488816120406,fotovoltaica,En curso,RdT,30.0,30.0
13051.0,PERAFORT 220,Baleares,Illes Balears,Maó,220.0,41.19473412641,7.2488816120406,otras,Puesta en servicio,RdD,98.13,98.13
13051.0,PERAFORT 220,Baleares,Illes Balears,Maó,220.0,41.19473412641,7.2488816120406,otras,Puesta en servicio,RdT,124.04,124.04
13056.0,PIEROLA 220,Baleares,Illes Balears,Maó,220.0,41.523076385706,7.8295785222327,almacenamiento,En curso,RdD,,
13056.0,PIEROLA 220,Baleares,Illes Balears,Maó,220.0,41.523076385706,7.8295785222327,almacenamiento,En curso,RdT,149.88,149.88
13057.0,PIEROLA 400,Baleares,Illes Balears,Maó,400.0,41.523076385706,7.8295785222327,almacenamiento,Con permisos,RdD,,26.0
13057.0,PIEROLA 400,Baleares,Illes Balears,Maó,400.0,41.523076385706,7.8295785222327,almacenamiento,Con permisos,RdT,,
13057.0,PIEROLA 400,Baleares,Illes Balears,Maó,400.0,41.523076385706,7.8295785222327,fotovoltaica,Con permisos,RdD,63.0,123.0
13057.0,PIEROLA 400,Baleares,Illes Balears,Maó,400.0,41.523076385706,7.8295785222327,fotovoltaica,Con permisos,RdT,,
13057.0,PIEROLA 400,Baleares,Illes Balears,Maó,400.0,41.523076385706,7.8295785222327,fotovoltaica,Puesta en servicio,RdD,13.12,17.5
13057.0,PIEROLA 400,Baleares,Illes Balears,Maó,400.0,41.523076385706,7.8295785222327,fotovoltaica,Puesta en servicio,RdT,,
13057.0,PIEROLA 400,Baleares,Illes Balears,Maó,400.0,41.523076385706,7.8295785222327,hibridacion,Con permisos,RdD,38.0,
13057.0,PIEROLA 400,Baleares,Illes Balears,Maó,400.0,41.523076385706,7.8295785222327,hibridacion,Con permisos,RdT,,
13057.0,PIEROLA 400,Baleares,Illes Balears,Maó,400.0,41.523076385706,7.8295785222327,hibridacion,Puesta en servicio,RdD,22.73,
13057.0,PIEROLA 400,Baleares,Illes Balears,Maó,400.0,41.523076385706,7.8295785222327,hibridacion,Puesta en servicio,RdT,,
13057.0,PIEROLA 400,Baleares,Illes Balears,Maó,400.0,41.523076385706,7.8295785222327,otras,Con permisos,RdD,1.0,15.0
13057.0,PIEROLA 400,Baleares,Illes Balears,Maó,400.0,41.523076385706,7.8295785222327,otras,Con permisos,RdT,,
13057.0,PIEROLA 400,Baleares,Illes Balears,Maó,400.0,41.523076385706,7.8295785222327,otras,Puesta en servicio,RdD,228.6,237.7
13057.0,PIEROLA 400,Baleares,Illes Balears,Maó,400.0,41.523076385706,7.8295785222327,otras,Puesta en servicio,RdT,,
13098.0,PUIGPELAT 220,Baleares,Illes Balears,Maó,220.0,41.283297826071,7.2913959456149,almacenamiento,En curso,RdD,,
13098.0,PUIGPELAT 220,Baleares,Illes Balears,Maó,220.0,41.283297826071,7.2913959456149,almacenamiento,En curso,RdT,734.77,750.87
13098.0,PUIGPELAT 220,Baleares,Illes Balears,Maó,220.0,41.283297826071,7.2913959456149,eolica,Con permisos,RdD,,
13098.0,PUIGPELAT 220,Baleares,Illes Balears,Maó,220.0,41.283297826071,7.2913959456149,eolica,Con permisos,RdT,130.0,140.0
13098.0,PUIGPELAT 220,Baleares,Illes Balears,Maó,220.0,41.283297826071,7.2913959456149,fotovoltaica,Con permisos,RdD,51.0,57.0
13098.0,PUIGPELAT 220,Baleares,Illes Balears,Maó,220.0,41.283297826071,7.2913959456149,fotovoltaica,Con permisos,RdT,84.0,84.0
13098.0,PUIGPELAT 220,Baleares,Illes Balears,Maó,220.0,41.283297826071,7.2913959456149,fotovoltaica,Puesta en servicio,RdD,6.85,6.85
13098.0,PUIGPELAT 220,Baleares,Illes Balears,Maó,220.0,41.283297826071,7.2913959456149,fotovoltaica,Puesta en servicio,RdT,,
13099.0,PUJALT 220,Baleares,Illes Balears,Maó,220.0,41.679247550262,7.4459556828625,almacenamiento,Con permisos,RdD,,
13099.0,PUJALT 220,Baleares,Illes Balears,Maó,220.0,41.679247550262,7.4459556828625,almacenamiento,Con permisos,RdT,137.0,137.0
13099.0,PUJALT 220,Baleares,Illes Balears,Maó,220.0,41.679247550262,7.4459556828625,eolica,Puesta en servicio,RdD,,
13099.0,PUJALT 220,Baleares,Illes Balears,Maó,220.0,41.679247550262,7.4459556828625,eolica,Puesta en servicio,RdT,128.23,128.23
13099.0,PUJALT 220,Baleares,Illes Balears,Maó,220.0,41.679247550262,7.4459556828625,fotovoltaica,Con permisos,RdD,,
13099.0,PUJALT 220,Baleares,Illes Balears,Maó,220.0,41.679247550262,7.4459556828625,fotovoltaica,Con permisos,RdT,49.0,60.0
13099.0,PUJALT 220,Baleares,Illes Balears,Maó,220.0,41.679247550262,7.4459556828625,fotovoltaica,Puesta en servicio,RdD,,
13099.0,PUJALT 220,Baleares,Illes Balears,Maó,220.0,41.679247550262,7.4459556828625,fotovoltaica,Puesta en servicio,RdT,41.32,42.6
13172.0,RIBA-ROJA 220,Baleares,Illes Balears,Maó,220.0,41.242227370623,6.4308535279708,eolica,Con permisos,RdD,3.0,3.0
13172.0,RIBA-ROJA 220,Baleares,Illes Balears,Maó,220.0,41.242227370623,6.4308535279708,eolica,Con permisos,RdT,,11.0
13172.0,RIBA-ROJA 220,Baleares,Illes Balears,Maó,220.0,41.242227370623,6.4308535279708,eolica,Puesta en servicio,RdD,,
13172.0,RIBA-ROJA 220,Baleares,Illes Balears,Maó,220.0,41.242227370623,6.4308535279708,eolica,Puesta en servicio,RdT,205.1,280.0
13172.0,RIBA-ROJA 220,Baleares,Illes Balears,Maó,220.0,41.242227370623,6.4308535279708,fotovoltaica,Con permisos,RdD,23.0,28.0
13172.0,RIBA-ROJA 220,Baleares,Illes Balears,Maó,220.0,41.242227370623,6.4308535279708,fotovoltaica,Con permisos,RdT,41.0,75.0
13172.0,RIBA-ROJA 220,Baleares,Illes Balears,Maó,220.0,41.242227370623,6.4308535279708,hibridacion,Puesta en servicio,RdD,,
13172.0,RIBA-ROJA 220,Baleares,Illes Balears,Maó,220.0,41.242227370623,6.4308535279708,hibridacion,Puesta en servicio,RdT,74.9,
13172.0,RIBA-ROJA 220,Baleares,Illes Balears,Maó,220.0,41.242227370623,6.4308535279708,hidraulica,Puesta en servicio,RdD,,
13172.0,RIBA-ROJA 220,Baleares,Illes Balears,Maó,220.0,41.242227370623,6.4308535279708,hidraulica,Puesta en servicio,RdT,261.8,261.28
13174.0,RIERA DE CALDES 220,Baleares,Illes Balears,Maó,220.0,41.548384709379,8.1726826533001,almacenamiento,Con permisos,RdD,9.0,9.0
13174.0,RIERA DE CALDES 220,Baleares,Illes Balears,Maó,220.0,41.548384709379,8.1726826533001,almacenamiento,Con permisos,RdT,,
13174.0,RIERA DE CALDES 220,Baleares,Illes Balears,Maó,220.0,41.548384709379,8.1726826533001,fotovoltaica,Con permisos,RdD,14.0,14.0
13174.0,RIERA DE CALDES 220,Baleares,Illes Balears,Maó,220.0,41.548384709379,8.1726826533001,fotovoltaica,Con permisos,RdT,,
13182.0,RUBI 220,Baleares,Illes Balears,Maó,220.0,41.473199693747,8.0096118960718,almacenamiento,Con permisos,RdD,35.0,35.0
13182.0,RUBI 220,Baleares,Illes Balears,Maó,220.0,41.473199693747,8.0096118960718,almacenamiento,Con permisos,RdT,,
13182.0,RUBI 220,Baleares,Illes Balears,Maó,220.0,41.473199693747,8.0096118960718,fotovoltaica,Con permisos,RdD,,
13182.0,RUBI 220,Baleares,Illes Balears,Maó,220.0,41.473199693747,8.0096118960718,fotovoltaica,Con permisos,RdT,132.0,150.0
13182.0,RUBI 220,Baleares,Illes Balears,Maó,220.0,41.473199693747,8.0096118960718,fotovoltaica,En curso,RdD,,
13182.0,RUBI 220,Baleares,Illes Balears,Maó,220.0,41.473199693747,8.0096118960718,fotovoltaica,En curso,RdT,79.0,79.0
13182.0,RUBI 220,Baleares,Illes Balears,Maó,220.0,41.473199693747,8.0096118960718,otras,Puesta en servicio,RdD,6.12,6.12
13182.0,RUBI 220,Baleares,Illes Balears,Maó,220.0,41.473199693747,8.0096118960718,otras,Puesta en servicio,RdT,,
13183.0,RUBI 400,Baleares,Illes Balears,Maó,400.0,41.473199693747,8.0096118960718,almacenamiento,Con permisos,RdD,,
13183.0,RUBI 400,Baleares,Illes Balears,Maó,400.0,41.473199693747,8.0096118960718,almacenamiento,Con permisos,RdT,178.0,178.0
13183.0,RUBI 400,Baleares,Illes Balears,Maó,400.0,41.473199693747,8.0096118960718,almacenamiento,En curso,RdD,,
13183.0,RUBI 400,Baleares,Illes Balears,Maó,400.0,41.473199693747,8.0096118960718,almacenamiento,En curso,RdT,50.0,50.0
13183.0,RUBI 400,Baleares,Illes Balears,Maó,400.0,41.473199693747,8.0096118960718,eolica,Con permisos,RdD,,
13183.0,RUBI 400,Baleares,Illes Balears,Maó,400.0,41.473199693747,8.0096118960718,eolica,Con permisos,RdT,49.0,49.0
13183.0,RUBI 400,Baleares,Illes Balears,Maó,400.0,41.473199693747,8.0096118960718,eolica,En curso,RdD,,
13183.0,RUBI 400,Baleares,Illes Balears,Maó,400.0,41.473199693747,8.0096118960718,eolica,En curso,RdT,147.0,147.0
13183.0,RUBI 400,Baleares,Illes Balears,Maó,400.0,41.473199693747,8.0096118960718,fotovoltaica,En curso,RdD,,
13183.0,RUBI 400,Baleares,Illes Balears,Maó,400.0,41.473199693747,8.0096118960718,fotovoltaica,En curso,RdT,117.77,123.33
13184.0,RUBIO 220,Baleares,Illes Balears,Maó,220.0,41.648743979604,7.5912203008337,almacenamiento,Con permisos,RdD,,
13184.0,RUBIO 220,Baleares,Illes Balears,Maó,220.0,41.648743979604,7.5912203008337,almacenamiento,Con permisos,RdT,57.0,114.0
13184.0,RUBIO 220,Baleares,Illes Balears,Maó,220.0,41.648743979604,7.5912203008337,almacenamiento,En curso,RdD,,
13184.0,RUBIO 220,Baleares,Illes Balears,Maó,220.0,41.648743979604,7.5912203008337,almacenamiento,En curso,RdT,179.24,179.24
13184.0,RUBIO 220,Baleares,Illes Balears,Maó,220.0,41.648743979604,7.5912203008337,eolica,Con permisos,RdD,,
13184.0,RUBIO 220,Baleares,Illes Balears,Maó,220.0,41.648743979604,7.5912203008337,eolica,Con permisos,RdT,115.0,150.0
13184.0,RUBIO 220,Baleares,Illes Balears,Maó,220.0,41.648743979604,7.5912203008337,eolica,En curso,RdD,,
13184.0,RUBIO 220,Baleares,Illes Balears,Maó,220.0,41.648743979604,7.5912203008337,eolica,En curso,RdT,82.0,82.0
13184.0,RUBIO 220,Baleares,Illes Balears,Maó,220.0,41.648743979604,7.5912203008337,eolica,Puesta en servicio,RdD,,
13184.0,RUBIO 220,Baleares,Illes Balears,Maó,220.0,41.648743979604,7.5912203008337,eolica,Puesta en servicio,RdT,75.0,75.0
13184.0,RUBIO 220,Baleares,Illes Balears,Maó,220.0,41.648743979604,7.5912203008337,fotovoltaica,Con permisos,RdD,,
13184.0,RUBIO 220,Baleares,Illes Balears,Maó,220.0,41.648743979604,7.5912203008337,fotovoltaica,Con permisos,RdT,37.0,42.0
13184.0,RUBIO 220,Baleares,Illes Balears,Maó,220.0,41.648743979604,7.5912203008337,hibridacion,Con permisos,RdD,,
13184.0,RUBIO 220,Baleares,Illes Balears,Maó,220.0,41.648743979604,7.5912203008337,hibridacion,Con permisos,RdT,35.0,
13363.0,AEROPUERTO BARCELONA 220,Baleares,Illes Balears,Maó,220.0,41.314860175051,8.1034103225896,fotovoltaica,Con permisos,RdD,11.0,11.0
13363.0,AEROPUERTO BARCELONA 220,Baleares,Illes Balears,Maó,220.0,41.314860175051,8.1034103225896,fotovoltaica,Con permisos,RdT,,
13363.0,AEROPUERTO BARCELONA 220,Baleares,Illes Balears,Maó,220.0,41.314860175051,8.1034103225896,otras,Puesta en servicio,RdD,11.04,11.04
13363.0,AEROPUERTO BARCELONA 220,Baleares,Illes Balears,Maó,220.0,41.314860175051,8.1034103225896,otras,Puesta en servicio,RdT,,
13364.0,FOIX 220,Baleares,Illes Balears,Maó,220.0,41.209799449,7.6579605166119,almacenamiento,En curso,RdD,14.97,14.97
13364.0,FOIX 220,Baleares,Illes Balears,Maó,220.0,41.209799449,7.6579605166119,almacenamiento,En curso,RdT,,
13365.0,GRAMANET 220,Baleares,Illes Balears,Maó,220.0,41.460184800576,8.1911311503957,almacenamiento,Con permisos,RdD,4.0,4.0
13365.0,GRAMANET 220,Baleares,Illes Balears,Maó,220.0,41.460184800576,8.1911311503957,almacenamiento,Con permisos,RdT,,
13365.0,GRAMANET 220,Baleares,Illes Balears,Maó,220.0,41.460184800576,8.1911311503957,fotovoltaica,Con permisos,RdD,18.0,18.0
13365.0,GRAMANET 220,Baleares,Illes Balears,Maó,220.0,41.460184800576,8.1911311503957,fotovoltaica,Con permisos,RdT,,
13365.0,GRAMANET 220,Baleares,Illes Balears,Maó,220.0,41.460184800576,8.1911311503957,fotovoltaica,Puesta en servicio,RdD,7.95,7.95
13365.0,GRAMANET 220,Baleares,Illes Balears,Maó,220.0,41.460184800576,8.1911311503957,fotovoltaica,Puesta en servicio,RdT,,
13365.0,GRAMANET 220,Baleares,Illes Balears,Maó,220.0,41.460184800576,8.1911311503957,otras,Puesta en servicio,RdD,1.96,1.96
13365.0,GRAMANET 220,Baleares,Illes Balears,Maó,220.0,41.460184800576,8.1911311503957,otras,Puesta en servicio,RdT,,
13368.0,MAS FIGUERES 220,Baleares,Illes Balears,Maó,220.0,41.554747768285,8.0481418464303,almacenamiento,En curso,RdD,100.0,100.0
13368.0,MAS FIGUERES 220,Baleares,Illes Balears,Maó,220.0,41.554747768285,8.0481418464303,almacenamiento,En curso,RdT,,
13368.0,MAS FIGUERES 220,Baleares,Illes Balears,Maó,220.0,41.554747768285,8.0481418464303,fotovoltaica,Con permisos,RdD,1.0,1.0
13368.0,MAS FIGUERES 220,Baleares,Illes Balears,Maó,220.0,41.554747768285,8.0481418464303,fotovoltaica,Con permisos,RdT,,
13368.0,MAS FIGUERES 220,Baleares,Illes Balears,Maó,220.0,41.554747768285,8.0481418464303,fotovoltaica,En curso,RdD,14.29,14.29
13368.0,MAS FIGUERES 220,Baleares,Illes Balears,Maó,220.0,41.554747768285,8.0481418464303,fotovoltaica,En curso,RdT,,
13368.0,MAS FIGUERES 220,Baleares,Illes Balears,Maó,220.0,41.554747768285,8.0481418464303,hibridacion,Con permisos,RdD,4.0,
13368.0,MAS FIGUERES 220,Baleares,Illes Balears,Maó,220.0,41.554747768285,8.0481418464303,hibridacion,Con permisos,RdT,,
13368.0,MAS FIGUERES 220,Baleares,Illes Balears,Maó,220.0,41.554747768285,8.0481418464303,otras,Con permisos,RdD,,5.0
13368.0,MAS FIGUERES 220,Baleares,Illes Balears,Maó,220.0,41.554747768285,8.0481418464303,otras,Con permisos,RdT,,
13368.0,MAS FIGUERES 220,Baleares,Illes Balears,Maó,220.0,41.554747768285,8.0481418464303,otras,Puesta en servicio,RdD,1.9,1.9
13368.0,MAS FIGUERES 220,Baleares,Illes Balears,Maó,220.0,41.554747768285,8.0481418464303,otras,Puesta en servicio,RdT,,
13378.0,LA CANONJA 220,Baleares,Illes Balears,Maó,220.0,41.108527866365,7.1917749688164,almacenamiento,Con permisos,RdD,15.0,15.0
13378.0,LA CANONJA 220,Baleares,Illes Balears,Maó,220.0,41.108527866365,7.1917749688164,almacenamiento,Con permisos,RdT,,
12966.0,MERCADAL 132,Baleares,Illes Balears,"Mercadal, Es",132.0,39.977153839633,4.0957280587796,almacenamiento,Con permisos,RdD,,4.0
12966.0,MERCADAL 132,Baleares,Illes Balears,"Mercadal, Es",132.0,39.977153839633,4.0957280587796,almacenamiento,Con permisos,RdT,,15.0
12966.0,MERCADAL 132,Baleares,Illes Balears,"Mercadal, Es",132.0,39.977153839633,4.0957280587796,fotovoltaica,Con permisos,RdD,4.0,5.0
12966.0,MERCADAL 132,Baleares,Illes Balears,"Mercadal, Es",132.0,39.977153839633,4.0957280587796,fotovoltaica,Con permisos,RdT,,26.0
12966.0,MERCADAL 132,Baleares,Illes Balears,"Mercadal, Es",132.0,39.977153839633,4.0957280587796,fotovoltaica,Puesta en servicio,RdD,1.2,6.53
12966.0,MERCADAL 132,Baleares,Illes Balears,"Mercadal, Es",132.0,39.977153839633,4.0957280587796,fotovoltaica,Puesta en servicio,RdT,15.47,16.8
12966.0,MERCADAL 132,Baleares,Illes Balears,"Mercadal, Es",132.0,39.977153839633,4.0957280587796,hibridacion,Con permisos,RdD,,
12966.0,MERCADAL 132,Baleares,Illes Balears,"Mercadal, Es",132.0,39.977153839633,4.0957280587796,hibridacion,Con permisos,RdT,25.0,
12966.0,MERCADAL 132,Baleares,Illes Balears,"Mercadal, Es",132.0,39.977153839633,4.0957280587796,hibridacion,Puesta en servicio,RdD,4.59,
12966.0,MERCADAL 132,Baleares,Illes Balears,"Mercadal, Es",132.0,39.977153839633,4.0957280587796,hibridacion,Puesta en servicio,RdT,,
7048.0,ARENAL 66,Baleares,Illes Balears,Palma,66.0,39.526458023209,2.7729298687174,almacenamiento,Con permisos,RdD,,4.0
7048.0,ARENAL 66,Baleares,Illes Balears,Palma,66.0,39.526458023209,2.7729298687174,almacenamiento,Con permisos,RdT,,
7048.0,ARENAL 66,Baleares,Illes Balears,Palma,66.0,39.526458023209,2.7729298687174,fotovoltaica,Con permisos,RdD,44.0,64.0
7048.0,ARENAL 66,Baleares,Illes Balears,Palma,66.0,39.526458023209,2.7729298687174,fotovoltaica,Con permisos,RdT,,
7048.0,ARENAL 66,Baleares,Illes Balears,Palma,66.0,39.526458023209,2.7729298687174,fotovoltaica,En curso,RdD,13.0,13.0
7048.0,ARENAL 66,Baleares,Illes Balears,Palma,66.0,39.526458023209,2.7729298687174,fotovoltaica,En curso,RdT,,
7048.0,ARENAL 66,Baleares,Illes Balears,Palma,66.0,39.526458023209,2.7729298687174,fotovoltaica,Puesta en servicio,RdD,8.5,8.5
7048.0,ARENAL 66,Baleares,Illes Balears,Palma,66.0,39.526458023209,2.7729298687174,fotovoltaica,Puesta en servicio,RdT,,
7048.0,ARENAL 66,Baleares,Illes Balears,Palma,66.0,39.526458023209,2.7729298687174,hibridacion,Con permisos,RdD,10.0,
7048.0,ARENAL 66,Baleares,Illes Balears,Palma,66.0,39.526458023209,2.7729298687174,hibridacion,Con permisos,RdT,,
7048.0,ARENAL 66,Baleares,Illes Balears,Palma,66.0,39.526458023209,2.7729298687174,otras,Con permisos,RdD,1.0,1.0
7048.0,ARENAL 66,Baleares,Illes Balears,Palma,66.0,39.526458023209,2.7729298687174,otras,Con permisos,RdT,,
7048.0,ARENAL 66,Baleares,Illes Balears,Palma,66.0,39.526458023209,2.7729298687174,otras,Puesta en servicio,RdD,5.13,5.13
7048.0,ARENAL 66,Baleares,Illes Balears,Palma,66.0,39.526458023209,2.7729298687174,otras,Puesta en servicio,RdT,,
7050.0,BIT 66,Baleares,Illes Balears,Palma,66.0,39.632981831387,2.6472211137523,almacenamiento,Con permisos,RdD,,6.0
7050.0,BIT 66,Baleares,Illes Balears,Palma,66.0,39.632981831387,2.6472211137523,almacenamiento,Con permisos,RdT,,
7050.0,BIT 66,Baleares,Illes Balears,Palma,66.0,39.632981831387,2.6472211137523,fotovoltaica,Con permisos,RdD,23.0,26.0
7050.0,BIT 66,Baleares,Illes Balears,Palma,66.0,39.632981831387,2.6472211137523,fotovoltaica,Con permisos,RdT,,
7050.0,BIT 66,Baleares,Illes Balears,Palma,66.0,39.632981831387,2.6472211137523,fotovoltaica,Puesta en servicio,RdD,,13.44
7050.0,BIT 66,Baleares,Illes Balears,Palma,66.0,39.632981831387,2.6472211137523,fotovoltaica,Puesta en servicio,RdT,,
7050.0,BIT 66,Baleares,Illes Balears,Palma,66.0,39.632981831387,2.6472211137523,hibridacion,Con permisos,RdD,16.0,
7050.0,BIT 66,Baleares,Illes Balears,Palma,66.0,39.632981831387,2.6472211137523,hibridacion,Con permisos,RdT,,
7050.0,BIT 66,Baleares,Illes Balears,Palma,66.0,39.632981831387,2.6472211137523,otras,Puesta en servicio,RdD,2.92,2.92
7050.0,BIT 66,Baleares,Illes Balears,Palma,66.0,39.632981831387,2.6472211137523,otras,Puesta en servicio,RdT,,
7056.0,CA'S TRESORER 220,Baleares,Illes Balears,Palma,220.0,39.566566359628,2.6873628697032,otras,Puesta en servicio,RdD,,
7056.0,CA'S TRESORER 220,Baleares,Illes Balears,Palma,220.0,39.566566359628,2.6873628697032,otras,Puesta en servicio,RdT,436.87,429.0
7074.0,SON REUS 220,Baleares,Illes Balears,Palma,220.0,39.650684424719,2.6787710088594,almacenamiento,Con permisos,RdD,,
7074.0,SON REUS 220,Baleares,Illes Balears,Palma,220.0,39.650684424719,2.6787710088594,almacenamiento,Con permisos,RdT,36.0,61.0
7074.0,SON REUS 220,Baleares,Illes Balears,Palma,220.0,39.650684424719,2.6787710088594,otras,Puesta en servicio,RdD,,
7074.0,SON REUS 220,Baleares,Illes Balears,Palma,220.0,39.650684424719,2.6787710088594,otras,Puesta en servicio,RdT,612.3,528.7
7075.0,SON REUS 66,Baleares,Illes Balears,Palma,66.0,39.650684424719,2.6787710088594,fotovoltaica,Puesta en servicio,RdD,,
7075.0,SON REUS 66,Baleares,Illes Balears,Palma,66.0,39.650684424719,2.6787710088594,fotovoltaica,Puesta en servicio,RdT,34.65,39.97
7075.0,SON REUS 66,Baleares,Illes Balears,Palma,66.0,39.650684424719,2.6787710088594,hibridacion,Puesta en servicio,RdD,,
7075.0,SON REUS 66,Baleares,Illes Balears,Palma,66.0,39.650684424719,2.6787710088594,hibridacion,Puesta en servicio,RdT,34.1,
7075.0,SON REUS 66,Baleares,Illes Balears,Palma,66.0,39.650684424719,2.6787710088594,otras,Puesta en servicio,RdD,,
7075.0,SON REUS 66,Baleares,Illes Balears,Palma,66.0,39.650684424719,2.6787710088594,otras,Puesta en servicio,RdT,43.34,78.78
7382.0,SON OMS 66,Baleares,Illes Balears,Palma,66.0,39.537415700383,2.7341736262787,almacenamiento,Con permisos,RdD,20.0,20.0
7382.0,SON OMS 66,Baleares,Illes Balears,Palma,66.0,39.537415700383,2.7341736262787,almacenamiento,Con permisos,RdT,,
7382.0,SON OMS 66,Baleares,Illes Balears,Palma,66.0,39.537415700383,2.7341736262787,fotovoltaica,Con permisos,RdD,10.0,10.0
7382.0,SON OMS 66,Baleares,Illes Balears,Palma,66.0,39.537415700383,2.7341736262787,fotovoltaica,Con permisos,RdT,,
12666.0,SON ORLANDIS 66,Baleares,Illes Balears,Palma,66.0,39.60024182194,2.7442304746631,almacenamiento,Con permisos,RdD,,
12666.0,SON ORLANDIS 66,Baleares,Illes Balears,Palma,66.0,39.60024182194,2.7442304746631,almacenamiento,Con permisos,RdT,9.0,9.0
12666.0,SON ORLANDIS 66,Baleares,Illes Balears,Palma,66.0,39.60024182194,2.7442304746631,almacenamiento,En curso,RdD,,
12666.0,SON ORLANDIS 66,Baleares,Illes Balears,Palma,66.0,39.60024182194,2.7442304746631,almacenamiento,En curso,RdT,90.0,110.0
12666.0,SON ORLANDIS 66,Baleares,Illes Balears,Palma,66.0,39.60024182194,2.7442304746631,fotovoltaica,Con permisos,RdD,,
12666.0,SON ORLANDIS 66,Baleares,Illes Balears,Palma,66.0,39.60024182194,2.7442304746631,fotovoltaica,Con permisos,RdT,61.0,63.0
12666.0,SON ORLANDIS 66,Baleares,Illes Balears,Palma,66.0,39.60024182194,2.7442304746631,fotovoltaica,En curso,RdD,,
12666.0,SON ORLANDIS 66,Baleares,Illes Balears,Palma,66.0,39.60024182194,2.7442304746631,fotovoltaica,En curso,RdT,,1.06
12666.0,SON ORLANDIS 66,Baleares,Illes Balears,Palma,66.0,39.60024182194,2.7442304746631,hibridacion,En curso,RdD,,
12666.0,SON ORLANDIS 66,Baleares,Illes Balears,Palma,66.0,39.60024182194,2.7442304746631,hibridacion,En curso,RdT,20.0,
12707.0,COLISEO 66,Baleares,Illes Balears,Palma,66.0,39.583792715978,2.654627293896,almacenamiento,Con permisos,RdD,27.0,29.0
12707.0,COLISEO 66,Baleares,Illes Balears,Palma,66.0,39.583792715978,2.654627293896,almacenamiento,Con permisos,RdT,,
12769.0,FALCA 66,Baleares,Illes Balears,Palma,66.0,39.581245669683,2.6395203168662,almacenamiento,Con permisos,RdD,10.0,10.0
12769.0,FALCA 66,Baleares,Illes Balears,Palma,66.0,39.581245669683,2.6395203168662,almacenamiento,Con permisos,RdT,,
12909.0,LLATZER 66,Baleares,Illes Balears,Palma,66.0,39.567094182372,2.6868278760019,almacenamiento,Con permisos,RdD,40.0,40.0
12909.0,LLATZER 66,Baleares,Illes Balears,Palma,66.0,39.567094182372,2.6868278760019,almacenamiento,Con permisos,RdT,,
12909.0,LLATZER 66,Baleares,Illes Balears,Palma,66.0,39.567094182372,2.6868278760019,fotovoltaica,Con permisos,RdD,21.0,27.0
12909.0,LLATZER 66,Baleares,Illes Balears,Palma,66.0,39.567094182372,2.6868278760019,fotovoltaica,Con permisos,RdT,,
12909.0,LLATZER 66,Baleares,Illes Balears,Palma,66.0,39.567094182372,2.6868278760019,otras,Puesta en servicio,RdD,3.35,3.35
12909.0,LLATZER 66,Baleares,Illes Balears,Palma,66.0,39.567094182372,2.6868278760019,otras,Puesta en servicio,RdT,,
12977.0,MOLINES 66,Baleares,Illes Balears,Palma,66.0,39.567727875693,2.674629101179,almacenamiento,Con permisos,RdD,59.0,59.0
12977.0,MOLINES 66,Baleares,Illes Balears,Palma,66.0,39.567727875693,2.674629101179,almacenamiento,Con permisos,RdT,,
13209.0,SAN JUAN BALEARES 66,Baleares,Illes Balears,Palma,66.0,39.547344554513,2.7016700550884,almacenamiento,Con permisos,RdD,39.0,49.0
13209.0,SAN JUAN BALEARES 66,Baleares,Illes Balears,Palma,66.0,39.547344554513,2.7016700550884,almacenamiento,Con permisos,RdT,,
13209.0,SAN JUAN BALEARES 66,Baleares,Illes Balears,Palma,66.0,39.547344554513,2.7016700550884,fotovoltaica,Con permisos,RdD,2.0,2.0
13209.0,SAN JUAN BALEARES 66,Baleares,Illes Balears,Palma,66.0,39.547344554513,2.7016700550884,fotovoltaica,Con permisos,RdT,,
13469.0,SAN AGUSTIN BALEARES 66,Baleares,Illes Balears,Palma,66.0,39.553724329121,2.5933886400999,almacenamiento,Con permisos,RdD,47.0,50.0
13469.0,SAN AGUSTIN BALEARES 66,Baleares,Illes Balears,Palma,66.0,39.553724329121,2.5933886400999,almacenamiento,Con permisos,RdT,,
13473.0,SANTA CATALINA 66,Baleares,Illes Balears,Palma,66.0,39.573343176951,2.6350295021139,almacenamiento,Con permisos,RdD,27.0,29.0
13473.0,SANTA CATALINA 66,Baleares,Illes Balears,Palma,66.0,39.573343176951,2.6350295021139,almacenamiento,Con permisos,RdT,,
13478.0,NUREDDUNA 66,Baleares,Illes Balears,Palma,66.0,39.572213659061,2.658379451647,almacenamiento,Con permisos,RdD,17.0,18.0
13478.0,NUREDDUNA 66,Baleares,Illes Balears,Palma,66.0,39.572213659061,2.658379451647,almacenamiento,Con permisos,RdT,,
13480.0,POLIGONO BALEARES 66,Baleares,Illes Balears,Palma,66.0,39.608369225394,2.6592312594088,almacenamiento,Con permisos,RdD,3.0,9.0
13480.0,POLIGONO BALEARES 66,Baleares,Illes Balears,Palma,66.0,39.608369225394,2.6592312594088,almacenamiento,Con permisos,RdT,,
13480.0,POLIGONO BALEARES 66,Baleares,Illes Balears,Palma,66.0,39.608369225394,2.6592312594088,almacenamiento,Puesta en servicio,RdD,,3.99
13480.0,POLIGONO BALEARES 66,Baleares,Illes Balears,Palma,66.0,39.608369225394,2.6592312594088,almacenamiento,Puesta en servicio,RdT,,
13480.0,POLIGONO BALEARES 66,Baleares,Illes Balears,Palma,66.0,39.608369225394,2.6592312594088,fotovoltaica,Con permisos,RdD,17.0,37.0
13480.0,POLIGONO BALEARES 66,Baleares,Illes Balears,Palma,66.0,39.608369225394,2.6592312594088,fotovoltaica,Con permisos,RdT,,
13480.0,POLIGONO BALEARES 66,Baleares,Illes Balears,Palma,66.0,39.608369225394,2.6592312594088,fotovoltaica,Puesta en servicio,RdD,,7.7
13480.0,POLIGONO BALEARES 66,Baleares,Illes Balears,Palma,66.0,39.608369225394,2.6592312594088,fotovoltaica,Puesta en servicio,RdT,,
13480.0,POLIGONO BALEARES 66,Baleares,Illes Balears,Palma,66.0,39.608369225394,2.6592312594088,hibridacion,Con permisos,RdD,9.0,
13480.0,POLIGONO BALEARES 66,Baleares,Illes Balears,Palma,66.0,39.608369225394,2.6592312594088,hibridacion,Con permisos,RdT,,
13480.0,POLIGONO BALEARES 66,Baleares,Illes Balears,Palma,66.0,39.608369225394,2.6592312594088,hibridacion,Puesta en servicio,RdD,7.0,
13480.0,POLIGONO BALEARES 66,Baleares,Illes Balears,Palma,66.0,39.608369225394,2.6592312594088,hibridacion,Puesta en servicio,RdT,,
13482.0,RAFAL 66,Baleares,Illes Balears,Palma,66.0,39.591401042558,2.6325138766105,almacenamiento,Con permisos,RdD,20.0,20.0
13482.0,RAFAL 66,Baleares,Illes Balears,Palma,66.0,39.591401042558,2.6325138766105,almacenamiento,Con permisos,RdT,,
13482.0,RAFAL 66,Baleares,Illes Balears,Palma,66.0,39.591401042558,2.6325138766105,fotovoltaica,Con permisos,RdD,1.0,4.0
13482.0,RAFAL 66,Baleares,Illes Balears,Palma,66.0,39.591401042558,2.6325138766105,fotovoltaica,Con permisos,RdT,,
13482.0,RAFAL 66,Baleares,Illes Balears,Palma,66.0,39.591401042558,2.6325138766105,hibridacion,Con permisos,RdD,2.0,
13482.0,RAFAL 66,Baleares,Illes Balears,Palma,66.0,39.591401042558,2.6325138766105,hibridacion,Con permisos,RdT,,
7069.0,SA POBLA 66,Baleares,Illes Balears,"Pobla, Sa",66.0,39.763602719666,3.0317986639241,almacenamiento,Con permisos,RdD,9.0,9.0
7069.0,SA POBLA 66,Baleares,Illes Balears,"Pobla, Sa",66.0,39.763602719666,3.0317986639241,almacenamiento,Con permisos,RdT,,
7069.0,SA POBLA 66,Baleares,Illes Balears,"Pobla, Sa",66.0,39.763602719666,3.0317986639241,fotovoltaica,Con permisos,RdD,40.0,52.0
7069.0,SA POBLA 66,Baleares,Illes Balears,"Pobla, Sa",66.0,39.763602719666,3.0317986639241,fotovoltaica,Con permisos,RdT,,
7069.0,SA POBLA 66,Baleares,Illes Balears,"Pobla, Sa",66.0,39.763602719666,3.0317986639241,fotovoltaica,Puesta en servicio,RdD,3.6,3.6
7069.0,SA POBLA 66,Baleares,Illes Balears,"Pobla, Sa",66.0,39.763602719666,3.0317986639241,fotovoltaica,Puesta en servicio,RdT,,
13481.0,POLLENSA 66,Baleares,Illes Balears,Pollença,66.0,39.884387138878,3.0562771083161,almacenamiento,Con permisos,RdD,40.0,53.0
13481.0,POLLENSA 66,Baleares,Illes Balears,Pollença,66.0,39.884387138878,3.0562771083161,almacenamiento,Con permisos,RdT,,
7381.0,SANTA EULALIA 66,Baleares,Illes Balears,Sant Joan de Labritja,66.0,39.006337590508,1.4903347170279,fotovoltaica,Puesta en servicio,RdD,2.48,2.5
7381.0,SANTA EULALIA 66,Baleares,Illes Balears,Sant Joan de Labritja,66.0,39.006337590508,1.4903347170279,fotovoltaica,Puesta en servicio,RdT,,
13467.0,SAN JORGE 66,Baleares,Illes Balears,Sant Josep de sa Talaia,66.0,38.904588391372,1.3781841087993,almacenamiento,Con permisos,RdD,7.0,7.0
13467.0,SAN JORGE 66,Baleares,Illes Balears,Sant Josep de sa Talaia,66.0,38.904588391372,1.3781841087993,almacenamiento,Con permisos,RdT,,
13467.0,SAN JORGE 66,Baleares,Illes Balears,Sant Josep de sa Talaia,66.0,38.904588391372,1.3781841087993,fotovoltaica,Puesta en servicio,RdD,1.9,1.9
13467.0,SAN JORGE 66,Baleares,Illes Balears,Sant Josep de sa Talaia,66.0,38.904588391372,1.3781841087993,fotovoltaica,Puesta en servicio,RdT,,
7053.0,CALA MILLOR 66,Baleares,Illes Balears,Sant Llorenç des Cardassar,66.0,39.583192216511,3.3632980380662,almacenamiento,Con permisos,RdD,1.0,4.0
7053.0,CALA MILLOR 66,Baleares,Illes Balears,Sant Llorenç des Cardassar,66.0,39.583192216511,3.3632980380662,almacenamiento,Con permisos,RdT,,
7053.0,CALA MILLOR 66,Baleares,Illes Balears,Sant Llorenç des Cardassar,66.0,39.583192216511,3.3632980380662,almacenamiento,Puesta en servicio,RdD,,2.24
7053.0,CALA MILLOR 66,Baleares,Illes Balears,Sant Llorenç des Cardassar,66.0,39.583192216511,3.3632980380662,almacenamiento,Puesta en servicio,RdT,,
7053.0,CALA MILLOR 66,Baleares,Illes Balears,Sant Llorenç des Cardassar,66.0,39.583192216511,3.3632980380662,fotovoltaica,Con permisos,RdD,35.0,47.0
7053.0,CALA MILLOR 66,Baleares,Illes Balears,Sant Llorenç des Cardassar,66.0,39.583192216511,3.3632980380662,fotovoltaica,Con permisos,RdT,,
7053.0,CALA MILLOR 66,Baleares,Illes Balears,Sant Llorenç des Cardassar,66.0,39.583192216511,3.3632980380662,fotovoltaica,Puesta en servicio,RdD,18.23,22.81
7053.0,CALA MILLOR 66,Baleares,Illes Balears,Sant Llorenç des Cardassar,66.0,39.583192216511,3.3632980380662,fotovoltaica,Puesta en servicio,RdT,,
7053.0,CALA MILLOR 66,Baleares,Illes Balears,Sant Llorenç des Cardassar,66.0,39.583192216511,3.3632980380662,hibridacion,Puesta en servicio,RdD,3.97,
7053.0,CALA MILLOR 66,Baleares,Illes Balears,Sant Llorenç des Cardassar,66.0,39.583192216511,3.3632980380662,hibridacion,Puesta en servicio,RdT,,
13468.0,TORRENT 66,Baleares,Illes Balears,Santa Eulària des Riu,66.0,38.935837114709,1.4327174149444,fotovoltaica,Puesta en servicio,RdD,3.08,3.28
13468.0,TORRENT 66,Baleares,Illes Balears,Santa Eulària des Riu,66.0,38.935837114709,1.4327174149444,fotovoltaica,Puesta en servicio,RdT,,
13468.0,TORRENT 66,Baleares,Illes Balears,Santa Eulària des Riu,66.0,38.935837114709,1.4327174149444,otras,Puesta en servicio,RdD,1.8,1.8
13468.0,TORRENT 66,Baleares,Illes Balears,Santa Eulària des Riu,66.0,38.935837114709,1.4327174149444,otras,Puesta en servicio,RdT,,
7055.0,CAN PICAFORT 66,Baleares,Illes Balears,Santa Margalida,66.0,39.747341164881,3.156008160349,almacenamiento,Con permisos,RdD,,2.0
7055.0,CAN PICAFORT 66,Baleares,Illes Balears,Santa Margalida,66.0,39.747341164881,3.156008160349,almacenamiento,Con permisos,RdT,,
7055.0,CAN PICAFORT 66,Baleares,Illes Balears,Santa Margalida,66.0,39.747341164881,3.156008160349,fotovoltaica,Con permisos,RdD,17.0,25.0
7055.0,CAN PICAFORT 66,Baleares,Illes Balears,Santa Margalida,66.0,39.747341164881,3.156008160349,fotovoltaica,Con permisos,RdT,,
7055.0,CAN PICAFORT 66,Baleares,Illes Balears,Santa Margalida,66.0,39.747341164881,3.156008160349,fotovoltaica,Puesta en servicio,RdD,29.63,30.7
7055.0,CAN PICAFORT 66,Baleares,Illes Balears,Santa Margalida,66.0,39.747341164881,3.156008160349,fotovoltaica,Puesta en servicio,RdT,,
7055.0,CAN PICAFORT 66,Baleares,Illes Balears,Santa Margalida,66.0,39.747341164881,3.156008160349,hibridacion,Con permisos,RdD,5.0,
7055.0,CAN PICAFORT 66,Baleares,Illes Balears,Santa Margalida,66.0,39.747341164881,3.156008160349,hibridacion,Con permisos,RdT,,
7385.0,SANTA MARIA 66,Baleares,Illes Balears,Santa María del Camí,66.0,39.653157332278,2.8059559733917,almacenamiento,Con permisos,RdD,4.0,8.0
7385.0,SANTA MARIA 66,Baleares,Illes Balears,Santa María del Camí,66.0,39.653157332278,2.8059559733917,almacenamiento,Con permisos,RdT,36.0,42.0
7385.0,SANTA MARIA 66,Baleares,Illes Balears,Santa María del Camí,66.0,39.653157332278,2.8059559733917,fotovoltaica,Con permisos,RdD,7.0,19.0
7385.0,SANTA MARIA 66,Baleares,Illes Balears,Santa María del Camí,66.0,39.653157332278,2.8059559733917,fotovoltaica,Con permisos,RdT,,
7385.0,SANTA MARIA 66,Baleares,Illes Balears,Santa María del Camí,66.0,39.653157332278,2.8059559733917,fotovoltaica,Puesta en servicio,RdD,5.67,7.29
7385.0,SANTA MARIA 66,Baleares,Illes Balears,Santa María del Camí,66.0,39.653157332278,2.8059559733917,fotovoltaica,Puesta en servicio,RdT,,
7385.0,SANTA MARIA 66,Baleares,Illes Balears,Santa María del Camí,66.0,39.653157332278,2.8059559733917,hibridacion,Con permisos,RdD,4.0,
7385.0,SANTA MARIA 66,Baleares,Illes Balears,Santa María del Camí,66.0,39.653157332278,2.8059559733917,hibridacion,Con permisos,RdT,,
7385.0,SANTA MARIA 66,Baleares,Illes Balears,Santa María del Camí,66.0,39.653157332278,2.8059559733917,hibridacion,Puesta en servicio,RdD,1.22,
7385.0,SANTA MARIA 66,Baleares,Illes Balears,Santa María del Camí,66.0,39.653157332278,2.8059559733917,hibridacion,Puesta en servicio,RdT,,
7072.0,SANTANYI 66,Baleares,Illes Balears,Santanyí,66.0,39.366977531569,3.1175014874416,fotovoltaica,Con permisos,RdD,30.0,35.0
7072.0,SANTANYI 66,Baleares,Illes Balears,Santanyí,66.0,39.366977531569,3.1175014874416,fotovoltaica,Con permisos,RdT,,
7072.0,SANTANYI 66,Baleares,Illes Balears,Santanyí,66.0,39.366977531569,3.1175014874416,fotovoltaica,Puesta en servicio,RdD,17.45,17.98
7072.0,SANTANYI 66,Baleares,Illes Balears,Santanyí,66.0,39.366977531569,3.1175014874416,fotovoltaica,Puesta en servicio,RdT,,
7078.0,AGÜIMES 66,Canarias,Las Palmas,Agüimes,66.0,27.88831220549,-15.449772932241,almacenamiento,Con permisos,RdD,,
7078.0,AGÜIMES 66,Canarias,Las Palmas,Agüimes,66.0,27.88831220549,-15.449772932241,almacenamiento,Con permisos,RdT,,6.0
7078.0,AGÜIMES 66,Canarias,Las Palmas,Agüimes,66.0,27.88831220549,-15.449772932241,eolica,Con permisos,RdD,,
7078.0,AGÜIMES 66,Canarias,Las Palmas,Agüimes,66.0,27.88831220549,-15.449772932241,eolica,Con permisos,RdT,4.0,4.0
7078.0,AGÜIMES 66,Canarias,Las Palmas,Agüimes,66.0,27.88831220549,-15.449772932241,eolica,Puesta en servicio,RdD,,
7078.0,AGÜIMES 66,Canarias,Las Palmas,Agüimes,66.0,27.88831220549,-15.449772932241,eolica,Puesta en servicio,RdT,9.6,23.55
7078.0,AGÜIMES 66,Canarias,Las Palmas,Agüimes,66.0,27.88831220549,-15.449772932241,fotovoltaica,Con permisos,RdD,,
7078.0,AGÜIMES 66,Canarias,Las Palmas,Agüimes,66.0,27.88831220549,-15.449772932241,fotovoltaica,Con permisos,RdT,11.0,11.0
7078.0,AGÜIMES 66,Canarias,Las Palmas,Agüimes,66.0,27.88831220549,-15.449772932241,hibridacion,Con permisos,RdD,,
7078.0,AGÜIMES 66,Canarias,Las Palmas,Agüimes,66.0,27.88831220549,-15.449772932241,hibridacion,Con permisos,RdT,12.0,
7083.0,ARINAGA 66,Canarias,Las Palmas,Agüimes,66.0,27.86702495246,-15.410838912969,eolica,Con permisos,RdD,,
7083.0,ARINAGA 66,Canarias,Las Palmas,Agüimes,66.0,27.86702495246,-15.410838912969,eolica,Con permisos,RdT,2.0,2.0
7083.0,ARINAGA 66,Canarias,Las Palmas,Agüimes,66.0,27.86702495246,-15.410838912969,eolica,Puesta en servicio,RdD,,
7083.0,ARINAGA 66,Canarias,Las Palmas,Agüimes,66.0,27.86702495246,-15.410838912969,eolica,Puesta en servicio,RdT,13.95,44.05
7083.0,ARINAGA 66,Canarias,Las Palmas,Agüimes,66.0,27.86702495246,-15.410838912969,fotovoltaica,Con permisos,RdD,,
7083.0,ARINAGA 66,Canarias,Las Palmas,Agüimes,66.0,27.86702495246,-15.410838912969,fotovoltaica,Con permisos,RdT,,12.0
7083.0,ARINAGA 66,Canarias,Las Palmas,Agüimes,66.0,27.86702495246,-15.410838912969,hibridacion,Puesta en servicio,RdD,,
7083.0,ARINAGA 66,Canarias,Las Palmas,Agüimes,66.0,27.86702495246,-15.410838912969,hibridacion,Puesta en servicio,RdT,30.1,
13100.0,PUNTA GRANDE 66,Canarias,Las Palmas,Arrecife,66.0,28.979720095688,-13.517552450008,eolica,Con permisos,RdD,6.0,6.0
13100.0,PUNTA GRANDE 66,Canarias,Las Palmas,Arrecife,66.0,28.979720095688,-13.517552450008,eolica,Con permisos,RdT,,
13100.0,PUNTA GRANDE 66,Canarias,Las Palmas,Arrecife,66.0,28.979720095688,-13.517552450008,eolica,Puesta en servicio,RdD,5.45,5.45
13100.0,PUNTA GRANDE 66,Canarias,Las Palmas,Arrecife,66.0,28.979720095688,-13.517552450008,eolica,Puesta en servicio,RdT,,
13100.0,PUNTA GRANDE 66,Canarias,Las Palmas,Arrecife,66.0,28.979720095688,-13.517552450008,otras,Puesta en servicio,RdD,2.1,2.1
13100.0,PUNTA GRANDE 66,Canarias,Las Palmas,Arrecife,66.0,28.979720095688,-13.517552450008,otras,Puesta en servicio,RdT,232.26,204.82
13440.0,ARUCAS 66,Canarias,Las Palmas,Arucas,66.0,28.098554626902,-15.529780423949,fotovoltaica,Puesta en servicio,RdD,0.6,0.6
13440.0,ARUCAS 66,Canarias,Las Palmas,Arucas,66.0,28.098554626902,-15.529780423949,fotovoltaica,Puesta en servicio,RdT,,
7093.0,CARRIZAL 66,Canarias,Las Palmas,Ingenio,66.0,27.91404213872,-15.423407359928,almacenamiento,Con permisos,RdD,,6.0
7093.0,CARRIZAL 66,Canarias,Las Palmas,Ingenio,66.0,27.91404213872,-15.423407359928,almacenamiento,Con permisos,RdT,,
7093.0,CARRIZAL 66,Canarias,Las Palmas,Ingenio,66.0,27.91404213872,-15.423407359928,eolica,Con permisos,RdD,6.0,10.0
7093.0,CARRIZAL 66,Canarias,Las Palmas,Ingenio,66.0,27.91404213872,-15.423407359928,eolica,Con permisos,RdT,,
7093.0,CARRIZAL 66,Canarias,Las Palmas,Ingenio,66.0,27.91404213872,-15.423407359928,eolica,Puesta en servicio,RdD,17.5,19.3
7093.0,CARRIZAL 66,Canarias,Las Palmas,Ingenio,66.0,27.91404213872,-15.423407359928,eolica,Puesta en servicio,RdT,,
7093.0,CARRIZAL 66,Canarias,Las Palmas,Ingenio,66.0,27.91404213872,-15.423407359928,fotovoltaica,Con permisos,RdD,3.0,5.0
7093.0,CARRIZAL 66,Canarias,Las Palmas,Ingenio,66.0,27.91404213872,-15.423407359928,fotovoltaica,Con permisos,RdT,,
7093.0,CARRIZAL 66,Canarias,Las Palmas,Ingenio,66.0,27.91404213872,-15.423407359928,fotovoltaica,Puesta en servicio,RdD,7.55,11.75
7093.0,CARRIZAL 66,Canarias,Las Palmas,Ingenio,66.0,27.91404213872,-15.423407359928,fotovoltaica,Puesta en servicio,RdT,,
7093.0,CARRIZAL 66,Canarias,Las Palmas,Ingenio,66.0,27.91404213872,-15.423407359928,hibridacion,Con permisos,RdD,3.0,
7093.0,CARRIZAL 66,Canarias,Las Palmas,Ingenio,66.0,27.91404213872,-15.423407359928,hibridacion,Con permisos,RdT,,
7093.0,CARRIZAL 66,Canarias,Las Palmas,Ingenio,66.0,27.91404213872,-15.423407359928,hibridacion,Puesta en servicio,RdD,4.0,
7093.0,CARRIZAL 66,Canarias,Las Palmas,Ingenio,66.0,27.91404213872,-15.423407359928,hibridacion,Puesta en servicio,RdT,,
7093.0,CARRIZAL 66,Canarias,Las Palmas,Ingenio,66.0,27.91404213872,-15.423407359928,otras,Con permisos,RdD,,1.0
7093.0,CARRIZAL 66,Canarias,Las Palmas,Ingenio,66.0,27.91404213872,-15.423407359928,otras,Con permisos,RdT,,
13444.0,ESCOBAR 66,Canarias,Las Palmas,Ingenio,66.0,27.913633031911,-15.423488859178,almacenamiento,Con permisos,RdD,,
13444.0,ESCOBAR 66,Canarias,Las Palmas,Ingenio,66.0,27.913633031911,-15.423488859178,almacenamiento,Con permisos,RdT,,1.0
13444.0,ESCOBAR 66,Canarias,Las Palmas,Ingenio,66.0,27.913633031911,-15.423488859178,eolica,Con permisos,RdD,,
13444.0,ESCOBAR 66,Canarias,Las Palmas,Ingenio,66.0,27.913633031911,-15.423488859178,eolica,Con permisos,RdT,,2.0
13444.0,ESCOBAR 66,Canarias,Las Palmas,Ingenio,66.0,27.913633031911,-15.423488859178,eolica,Puesta en servicio,RdD,,
13444.0,ESCOBAR 66,Canarias,Las Palmas,Ingenio,66.0,27.913633031911,-15.423488859178,eolica,Puesta en servicio,RdT,27.9,31.5
13444.0,ESCOBAR 66,Canarias,Las Palmas,Ingenio,66.0,27.913633031911,-15.423488859178,fotovoltaica,Con permisos,RdD,,
13444.0,ESCOBAR 66,Canarias,Las Palmas,Ingenio,66.0,27.913633031911,-15.423488859178,fotovoltaica,Con permisos,RdT,,2.0
13444.0,ESCOBAR 66,Canarias,Las Palmas,Ingenio,66.0,27.913633031911,-15.423488859178,fotovoltaica,Puesta en servicio,RdD,,
13444.0,ESCOBAR 66,Canarias,Las Palmas,Ingenio,66.0,27.913633031911,-15.423488859178,fotovoltaica,Puesta en servicio,RdT,24.68,30.6
13444.0,ESCOBAR 66,Canarias,Las Palmas,Ingenio,66.0,27.913633031911,-15.423488859178,hibridacion,Con permisos,RdD,,
13444.0,ESCOBAR 66,Canarias,Las Palmas,Ingenio,66.0,27.913633031911,-15.423488859178,hibridacion,Con permisos,RdT,2.0,
13444.0,ESCOBAR 66,Canarias,Las Palmas,Ingenio,66.0,27.913633031911,-15.423488859178,hibridacion,Puesta en servicio,RdD,,
13444.0,ESCOBAR 66,Canarias,Las Palmas,Ingenio,66.0,27.913633031911,-15.423488859178,hibridacion,Puesta en servicio,RdT,9.0,
7081.0,ARGUINEGUIN 66,Canarias,Las Palmas,Mogán,66.0,27.767383120372,-15.678640428276,almacenamiento,Con permisos,RdD,11.0,11.0
7081.0,ARGUINEGUIN 66,Canarias,Las Palmas,Mogán,66.0,27.767383120372,-15.678640428276,almacenamiento,Con permisos,RdT,,
7081.0,ARGUINEGUIN 66,Canarias,Las Palmas,Mogán,66.0,27.767383120372,-15.678640428276,fotovoltaica,Con permisos,RdD,16.0,17.0
7081.0,ARGUINEGUIN 66,Canarias,Las Palmas,Mogán,66.0,27.767383120372,-15.678640428276,fotovoltaica,Con permisos,RdT,,
7081.0,ARGUINEGUIN 66,Canarias,Las Palmas,Mogán,66.0,27.767383120372,-15.678640428276,otras,Puesta en servicio,RdD,0.68,0.68
7081.0,ARGUINEGUIN 66,Canarias,Las Palmas,Mogán,66.0,27.767383120372,-15.678640428276,otras,Puesta en servicio,RdT,,
12715.0,CORRALEJO 66,Canarias,Las Palmas,"Oliva, La",66.0,28.713430074911,-13.877396582305,almacenamiento,Con permisos,RdD,10.0,18.0
12715.0,CORRALEJO 66,Canarias,Las Palmas,"Oliva, La",66.0,28.713430074911,-13.877396582305,almacenamiento,Con permisos,RdT,,
12715.0,CORRALEJO 66,Canarias,Las Palmas,"Oliva, La",66.0,28.713430074911,-13.877396582305,eolica,Puesta en servicio,RdD,2.35,7.05
12715.0,CORRALEJO 66,Canarias,Las Palmas,"Oliva, La",66.0,28.713430074911,-13.877396582305,eolica,Puesta en servicio,RdT,,
12715.0,CORRALEJO 66,Canarias,Las Palmas,"Oliva, La",66.0,28.713430074911,-13.877396582305,fotovoltaica,Con permisos,RdD,8.0,14.0
12715.0,CORRALEJO 66,Canarias,Las Palmas,"Oliva, La",66.0,28.713430074911,-13.877396582305,fotovoltaica,Con permisos,RdT,,
12715.0,CORRALEJO 66,Canarias,Las Palmas,"Oliva, La",66.0,28.713430074911,-13.877396582305,hibridacion,Puesta en servicio,RdD,4.7,
12715.0,CORRALEJO 66,Canarias,Las Palmas,"Oliva, La",66.0,28.713430074911,-13.877396582305,hibridacion,Puesta en servicio,RdT,,
12883.0,LA OLIVA 132,Canarias,Las Palmas,"Oliva, La",132.0,28.748045200404,-13.879521169425,eolica,Con permisos,RdD,,
12883.0,LA OLIVA 132,Canarias,Las Palmas,"Oliva, La",132.0,28.748045200404,-13.879521169425,eolica,Con permisos,RdT,20.0,21.0
12852.0,JINAMAR 66,Canarias,Las Palmas,"Palmas de Gran Canaria, Las",66.0,28.041886643399,-15.411743709619,otras,Puesta en servicio,RdD,,
12852.0,JINAMAR 66,Canarias,Las Palmas,"Palmas de Gran Canaria, Las",66.0,28.041886643399,-15.411743709619,otras,Puesta en servicio,RdT,317.45,274.99
12886.0,LA PATERNA 66,Canarias,Las Palmas,"Palmas de Gran Canaria, Las",66.0,28.090841448719,-15.453882372282,almacenamiento,Con permisos,RdD,25.0,25.0
12886.0,LA PATERNA 66,Canarias,Las Palmas,"Palmas de Gran Canaria, Las",66.0,28.090841448719,-15.453882372282,almacenamiento,Con permisos,RdT,,
12886.0,LA PATERNA 66,Canarias,Las Palmas,"Palmas de Gran Canaria, Las",66.0,28.090841448719,-15.453882372282,fotovoltaica,Puesta en servicio,RdD,0.77,0.77
12886.0,LA PATERNA 66,Canarias,Las Palmas,"Palmas de Gran Canaria, Las",66.0,28.090841448719,-15.453882372282,fotovoltaica,Puesta en servicio,RdT,,
13004.0,MUELLE GRANDE 66,Canarias,Las Palmas,"Palmas de Gran Canaria, Las",66.0,28.152957978985,-15.417413057995,almacenamiento,Con permisos,RdD,30.0,30.0
13004.0,MUELLE GRANDE 66,Canarias,Las Palmas,"Palmas de Gran Canaria, Las",66.0,28.152957978985,-15.417413057995,almacenamiento,Con permisos,RdT,,
13442.0,BARRANCO SECO 66,Canarias,Las Palmas,"Palmas de Gran Canaria, Las",66.0,28.073434101061,-15.440239087472,almacenamiento,Con permisos,RdD,28.0,35.0
13442.0,BARRANCO SECO 66,Canarias,Las Palmas,"Palmas de Gran Canaria, Las",66.0,28.073434101061,-15.440239087472,almacenamiento,Con permisos,RdT,,
13442.0,BARRANCO SECO 66,Canarias,Las Palmas,"Palmas de Gran Canaria, Las",66.0,28.073434101061,-15.440239087472,fotovoltaica,Con permisos,RdD,4.0,4.0
13442.0,BARRANCO SECO 66,Canarias,Las Palmas,"Palmas de Gran Canaria, Las",66.0,28.073434101061,-15.440239087472,fotovoltaica,Con permisos,RdT,,
13443.0,BUENAVISTA GC 66,Canarias,Las Palmas,"Palmas de Gran Canaria, Las",66.0,28.122055928464,-15.437280181757,almacenamiento,Con permisos,RdD,47.0,49.0
13443.0,BUENAVISTA GC 66,Canarias,Las Palmas,"Palmas de Gran Canaria, Las",66.0,28.122055928464,-15.437280181757,almacenamiento,Con permisos,RdT,,
13443.0,BUENAVISTA GC 66,Canarias,Las Palmas,"Palmas de Gran Canaria, Las",66.0,28.122055928464,-15.437280181757,fotovoltaica,Con permisos,RdD,1.0,1.0
13443.0,BUENAVISTA GC 66,Canarias,Las Palmas,"Palmas de Gran Canaria, Las",66.0,28.122055928464,-15.437280181757,fotovoltaica,Con permisos,RdT,,
13445.0,LAS PALMAS OESTE 66,Canarias,Las Palmas,"Palmas de Gran Canaria, Las",66.0,28.102485401715,-15.494141706264,fotovoltaica,Con permisos,RdD,1.0,1.0
13445.0,LAS PALMAS OESTE 66,Canarias,Las Palmas,"Palmas de Gran Canaria, Las",66.0,28.102485401715,-15.494141706264,fotovoltaica,Con permisos,RdT,,
13446.0,LOMO APOLINARIO 66,Canarias,Las Palmas,"Palmas de Gran Canaria, Las",66.0,28.093803251725,-15.439217918285,almacenamiento,Con permisos,RdD,34.0,40.0
13446.0,LOMO APOLINARIO 66,Canarias,Las Palmas,"Palmas de Gran Canaria, Las",66.0,28.093803251725,-15.439217918285,almacenamiento,Con permisos,RdT,,
13094.0,PUERTO DEL ROSARIO 66,Canarias,Las Palmas,Puerto del Rosario,66.0,28.520872105182,-13.872186568374,almacenamiento,Con permisos,RdD,,
13094.0,PUERTO DEL ROSARIO 66,Canarias,Las Palmas,Puerto del Rosario,66.0,28.520872105182,-13.872186568374,almacenamiento,Con permisos,RdT,,15.0
13094.0,PUERTO DEL ROSARIO 66,Canarias,Las Palmas,Puerto del Rosario,66.0,28.520872105182,-13.872186568374,eolica,Puesta en servicio,RdD,,
13094.0,PUERTO DEL ROSARIO 66,Canarias,Las Palmas,Puerto del Rosario,66.0,28.520872105182,-13.872186568374,eolica,Puesta en servicio,RdT,,29.2
13094.0,PUERTO DEL ROSARIO 66,Canarias,Las Palmas,Puerto del Rosario,66.0,28.520872105182,-13.872186568374,fotovoltaica,Puesta en servicio,RdD,,
13094.0,PUERTO DEL ROSARIO 66,Canarias,Las Palmas,Puerto del Rosario,66.0,28.520872105182,-13.872186568374,fotovoltaica,Puesta en servicio,RdT,10.45,21.9
13094.0,PUERTO DEL ROSARIO 66,Canarias,Las Palmas,Puerto del Rosario,66.0,28.520872105182,-13.872186568374,hibridacion,Puesta en servicio,RdD,,
13094.0,PUERTO DEL ROSARIO 66,Canarias,Las Palmas,Puerto del Rosario,66.0,28.520872105182,-13.872186568374,hibridacion,Puesta en servicio,RdT,38.52,
13094.0,PUERTO DEL ROSARIO 66,Canarias,Las Palmas,Puerto del Rosario,66.0,28.520872105182,-13.872186568374,otras,Con permisos,RdD,,
13094.0,PUERTO DEL ROSARIO 66,Canarias,Las Palmas,Puerto del Rosario,66.0,28.520872105182,-13.872186568374,otras,Con permisos,RdT,,34.0
13094.0,PUERTO DEL ROSARIO 66,Canarias,Las Palmas,Puerto del Rosario,66.0,28.520872105182,-13.872186568374,otras,En curso,RdD,,
13094.0,PUERTO DEL ROSARIO 66,Canarias,Las Palmas,Puerto del Rosario,66.0,28.520872105182,-13.872186568374,otras,En curso,RdT,120.6,124.4
13465.0,SALINAS 66,Canarias,Las Palmas,Puerto del Rosario,66.0,28.503270942202,-13.846074075028,eolica,Puesta en servicio,RdD,2.0,2.0
13465.0,SALINAS 66,Canarias,Las Palmas,Puerto del Rosario,66.0,28.503270942202,-13.846074075028,eolica,Puesta en servicio,RdT,,
13465.0,SALINAS 66,Canarias,Las Palmas,Puerto del Rosario,66.0,28.503270942202,-13.846074075028,fotovoltaica,Con permisos,RdD,17.0,19.0
13465.0,SALINAS 66,Canarias,Las Palmas,Puerto del Rosario,66.0,28.503270942202,-13.846074075028,fotovoltaica,Con permisos,RdT,,
13465.0,SALINAS 66,Canarias,Las Palmas,Puerto del Rosario,66.0,28.503270942202,-13.846074075028,fotovoltaica,Puesta en servicio,RdD,23.8,25.35
13465.0,SALINAS 66,Canarias,Las Palmas,Puerto del Rosario,66.0,28.503270942202,-13.846074075028,fotovoltaica,Puesta en servicio,RdT,,
13465.0,SALINAS 66,Canarias,Las Palmas,Puerto del Rosario,66.0,28.503270942202,-13.846074075028,otras,Puesta en servicio,RdD,,
13465.0,SALINAS 66,Canarias,Las Palmas,Puerto del Rosario,66.0,28.503270942202,-13.846074075028,otras,Puesta en servicio,RdT,173.34,147.52
7091.0,CAÑADA DE LA BARCA 132,Canarias,Las Palmas,Pájara,132.0,28.163944158576,-14.259502931886,almacenamiento,Con permisos,RdD,,
7091.0,CAÑADA DE LA BARCA 132,Canarias,Las Palmas,Pájara,132.0,28.163944158576,-14.259502931886,almacenamiento,Con permisos,RdT,21.0,24.0
12952.0,MATAS BLANCAS 132,Canarias,Las Palmas,Pájara,132.0,28.121830508189,-14.28357681763,eolica,Con permisos,RdD,,
12952.0,MATAS BLANCAS 132,Canarias,Las Palmas,Pájara,132.0,28.121830508189,-14.28357681763,eolica,Con permisos,RdT,12.0,12.0
12953.0,MATAS BLANCAS 66,Canarias,Las Palmas,Pájara,66.0,28.121830508189,-14.28357681763,eolica,Puesta en servicio,RdD,11.39,11.39
12953.0,MATAS BLANCAS 66,Canarias,Las Palmas,Pájara,66.0,28.121830508189,-14.28357681763,eolica,Puesta en servicio,RdT,,
7090.0,CALLEJONES 66,Canarias,Las Palmas,San Bartolomé,66.0,28.988514024885,-13.599586108774,eolica,En curso,RdD,,
7090.0,CALLEJONES 66,Canarias,Las Palmas,San Bartolomé,66.0,28.988514024885,-13.599586108774,eolica,En curso,RdT,4.0,9.0
7090.0,CALLEJONES 66,Canarias,Las Palmas,San Bartolomé,66.0,28.988514024885,-13.599586108774,eolica,Puesta en servicio,RdD,,
7090.0,CALLEJONES 66,Canarias,Las Palmas,San Bartolomé,66.0,28.988514024885,-13.599586108774,eolica,Puesta en servicio,RdT,27.6,27.6
13201.0,SAN BARTOLOME 66,Canarias,Las Palmas,San Bartolomé,66.0,28.988978448358,-13.599801788639,eolica,Puesta en servicio,RdD,1.13,1.13
13201.0,SAN BARTOLOME 66,Canarias,Las Palmas,San Bartolomé,66.0,28.988978448358,-13.599801788639,eolica,Puesta en servicio,RdT,,
13201.0,SAN BARTOLOME 66,Canarias,Las Palmas,San Bartolomé,66.0,28.988978448358,-13.599801788639,fotovoltaica,Puesta en servicio,RdD,2.0,2.0
13201.0,SAN BARTOLOME 66,Canarias,Las Palmas,San Bartolomé,66.0,28.988978448358,-13.599801788639,fotovoltaica,Puesta en servicio,RdT,,
12916.0,LOMO MASPALOMAS 66,Canarias,Las Palmas,San Bartolomé de Tirajana,66.0,27.772023395062,-15.580925145706,fotovoltaica,Con permisos,RdD,15.0,17.0
12916.0,LOMO MASPALOMAS 66,Canarias,Las Palmas,San Bartolomé de Tirajana,66.0,27.772023395062,-15.580925145706,fotovoltaica,Con permisos,RdT,,
12916.0,LOMO MASPALOMAS 66,Canarias,Las Palmas,San Bartolomé de Tirajana,66.0,27.772023395062,-15.580925145706,fotovoltaica,En curso,RdD,2.95,4.0
12916.0,LOMO MASPALOMAS 66,Canarias,Las Palmas,San Bartolomé de Tirajana,66.0,27.772023395062,-15.580925145706,fotovoltaica,En curso,RdT,,
12954.0,MATORRAL 66,Canarias,Las Palmas,San Bartolomé de Tirajana,66.0,27.809303396896,-15.438487483131,almacenamiento,Con permisos,RdD,,2.0
12954.0,MATORRAL 66,Canarias,Las Palmas,San Bartolomé de Tirajana,66.0,27.809303396896,-15.438487483131,almacenamiento,Con permisos,RdT,,21.0
12954.0,MATORRAL 66,Canarias,Las Palmas,San Bartolomé de Tirajana,66.0,27.809303396896,-15.438487483131,almacenamiento,Puesta en servicio,RdD,,
12954.0,MATORRAL 66,Canarias,Las Palmas,San Bartolomé de Tirajana,66.0,27.809303396896,-15.438487483131,almacenamiento,Puesta en servicio,RdT,,5.08
12954.0,MATORRAL 66,Canarias,Las Palmas,San Bartolomé de Tirajana,66.0,27.809303396896,-15.438487483131,eolica,Con permisos,RdD,,10.0
12954.0,MATORRAL 66,Canarias,Las Palmas,San Bartolomé de Tirajana,66.0,27.809303396896,-15.438487483131,eolica,Con permisos,RdT,,4.0
12954.0,MATORRAL 66,Canarias,Las Palmas,San Bartolomé de Tirajana,66.0,27.809303396896,-15.438487483131,eolica,Puesta en servicio,RdD,46.21,51.61
12954.0,MATORRAL 66,Canarias,Las Palmas,San Bartolomé de Tirajana,66.0,27.809303396896,-15.438487483131,eolica,Puesta en servicio,RdT,20.1,49.05
12954.0,MATORRAL 66,Canarias,Las Palmas,San Bartolomé de Tirajana,66.0,27.809303396896,-15.438487483131,fotovoltaica,Con permisos,RdD,,5.0
12954.0,MATORRAL 66,Canarias,Las Palmas,San Bartolomé de Tirajana,66.0,27.809303396896,-15.438487483131,fotovoltaica,Con permisos,RdT,,11.0
12954.0,MATORRAL 66,Canarias,Las Palmas,San Bartolomé de Tirajana,66.0,27.809303396896,-15.438487483131,fotovoltaica,Puesta en servicio,RdD,2.13,2.13
12954.0,MATORRAL 66,Canarias,Las Palmas,San Bartolomé de Tirajana,66.0,27.809303396896,-15.438487483131,fotovoltaica,Puesta en servicio,RdT,,22.25
12954.0,MATORRAL 66,Canarias,Las Palmas,San Bartolomé de Tirajana,66.0,27.809303396896,-15.438487483131,hibridacion,Con permisos,RdD,10.0,
12954.0,MATORRAL 66,Canarias,Las Palmas,San Bartolomé de Tirajana,66.0,27.809303396896,-15.438487483131,hibridacion,Con permisos,RdT,,
12954.0,MATORRAL 66,Canarias,Las Palmas,San Bartolomé de Tirajana,66.0,27.809303396896,-15.438487483131,hibridacion,Puesta en servicio,RdD,5.4,
12954.0,MATORRAL 66,Canarias,Las Palmas,San Bartolomé de Tirajana,66.0,27.809303396896,-15.438487483131,hibridacion,Puesta en servicio,RdT,52.25,
13219.0,SANTA AGUEDA 66,Canarias,Las Palmas,San Bartolomé de Tirajana,66.0,27.76914856589,-15.662882107032,almacenamiento,Con permisos,RdD,,
13219.0,SANTA AGUEDA 66,Canarias,Las Palmas,San Bartolomé de Tirajana,66.0,27.76914856589,-15.662882107032,almacenamiento,Con permisos,RdT,20.0,37.0
13219.0,SANTA AGUEDA 66,Canarias,Las Palmas,San Bartolomé de Tirajana,66.0,27.76914856589,-15.662882107032,fotovoltaica,Con permisos,RdD,,
13219.0,SANTA AGUEDA 66,Canarias,Las Palmas,San Bartolomé de Tirajana,66.0,27.76914856589,-15.662882107032,fotovoltaica,Con permisos,RdT,17.0,22.0
13416.0,BARRANCO TIRAJANA 220,Canarias,Las Palmas,San Bartolomé de Tirajana,220.0,27.806469794917,-15.438574023138,otras,Puesta en servicio,RdD,,
13416.0,BARRANCO TIRAJANA 220,Canarias,Las Palmas,San Bartolomé de Tirajana,220.0,27.806469794917,-15.438574023138,otras,Puesta en servicio,RdT,608.85,581.58
13447.0,EL TABLERO 66,Canarias,Las Palmas,San Bartolomé de Tirajana,66.0,27.764606322502,-15.606909397848,fotovoltaica,Con permisos,RdD,11.0,12.0
13447.0,EL TABLERO 66,Canarias,Las Palmas,San Bartolomé de Tirajana,66.0,27.764606322502,-15.606909397848,fotovoltaica,Con permisos,RdT,,
13447.0,EL TABLERO 66,Canarias,Las Palmas,San Bartolomé de Tirajana,66.0,27.764606322502,-15.606909397848,fotovoltaica,En curso,RdD,5.0,5.0
13447.0,EL TABLERO 66,Canarias,Las Palmas,San Bartolomé de Tirajana,66.0,27.764606322502,-15.606909397848,fotovoltaica,En curso,RdT,,
13447.0,EL TABLERO 66,Canarias,Las Palmas,San Bartolomé de Tirajana,66.0,27.764606322502,-15.606909397848,fotovoltaica,Puesta en servicio,RdD,7.7,7.75
13447.0,EL TABLERO 66,Canarias,Las Palmas,San Bartolomé de Tirajana,66.0,27.764606322502,-15.606909397848,fotovoltaica,Puesta en servicio,RdT,,
13449.0,SAN AGUSTIN GC 66,Canarias,Las Palmas,San Bartolomé de Tirajana,66.0,27.768052758586,-15.554175524093,almacenamiento,Con permisos,RdD,16.0,18.0
13449.0,SAN AGUSTIN GC 66,Canarias,Las Palmas,San Bartolomé de Tirajana,66.0,27.768052758586,-15.554175524093,almacenamiento,Con permisos,RdT,,
13449.0,SAN AGUSTIN GC 66,Canarias,Las Palmas,San Bartolomé de Tirajana,66.0,27.768052758586,-15.554175524093,eolica,Con permisos,RdD,6.0,6.0
13449.0,SAN AGUSTIN GC 66,Canarias,Las Palmas,San Bartolomé de Tirajana,66.0,27.768052758586,-15.554175524093,eolica,Con permisos,RdT,,
13449.0,SAN AGUSTIN GC 66,Canarias,Las Palmas,San Bartolomé de Tirajana,66.0,27.768052758586,-15.554175524093,fotovoltaica,Con permisos,RdD,37.0,37.0
13449.0,SAN AGUSTIN GC 66,Canarias,Las Palmas,San Bartolomé de Tirajana,66.0,27.768052758586,-15.554175524093,fotovoltaica,Con permisos,RdT,,
13451.0,BARRANCO TIRAJANA 66,Canarias,Las Palmas,San Bartolomé de Tirajana,66.0,27.806469794917,-15.438574023138,otras,Puesta en servicio,RdD,,
13451.0,BARRANCO TIRAJANA 66,Canarias,Las Palmas,San Bartolomé de Tirajana,66.0,27.806469794917,-15.438574023138,otras,Puesta en servicio,RdT,37.5,32.34
7080.0,ALDEA BLANCA 66,Canarias,Las Palmas,Santa Lucía de Tirajana,66.0,27.849011753262,-15.477928431361,almacenamiento,Con permisos,RdD,,
7080.0,ALDEA BLANCA 66,Canarias,Las Palmas,Santa Lucía de Tirajana,66.0,27.849011753262,-15.477928431361,almacenamiento,Con permisos,RdT,,14.0
7080.0,ALDEA BLANCA 66,Canarias,Las Palmas,Santa Lucía de Tirajana,66.0,27.849011753262,-15.477928431361,eolica,Con permisos,RdD,,
7080.0,ALDEA BLANCA 66,Canarias,Las Palmas,Santa Lucía de Tirajana,66.0,27.849011753262,-15.477928431361,eolica,Con permisos,RdT,,8.0
7080.0,ALDEA BLANCA 66,Canarias,Las Palmas,Santa Lucía de Tirajana,66.0,27.849011753262,-15.477928431361,eolica,Puesta en servicio,RdD,8.2,8.2
7080.0,ALDEA BLANCA 66,Canarias,Las Palmas,Santa Lucía de Tirajana,66.0,27.849011753262,-15.477928431361,eolica,Puesta en servicio,RdT,19.2,54.0
7080.0,ALDEA BLANCA 66,Canarias,Las Palmas,Santa Lucía de Tirajana,66.0,27.849011753262,-15.477928431361,fotovoltaica,Con permisos,RdD,,
7080.0,ALDEA BLANCA 66,Canarias,Las Palmas,Santa Lucía de Tirajana,66.0,27.849011753262,-15.477928431361,fotovoltaica,Con permisos,RdT,7.0,34.0
7080.0,ALDEA BLANCA 66,Canarias,Las Palmas,Santa Lucía de Tirajana,66.0,27.849011753262,-15.477928431361,fotovoltaica,Puesta en servicio,RdD,3.0,3.0
7080.0,ALDEA BLANCA 66,Canarias,Las Palmas,Santa Lucía de Tirajana,66.0,27.849011753262,-15.477928431361,fotovoltaica,Puesta en servicio,RdT,,16.45
7080.0,ALDEA BLANCA 66,Canarias,Las Palmas,Santa Lucía de Tirajana,66.0,27.849011753262,-15.477928431361,hibridacion,Puesta en servicio,RdD,,
7080.0,ALDEA BLANCA 66,Canarias,Las Palmas,Santa Lucía de Tirajana,66.0,27.849011753262,-15.477928431361,hibridacion,Puesta en servicio,RdT,51.2,
7080.0,ALDEA BLANCA 66,Canarias,Las Palmas,Santa Lucía de Tirajana,66.0,27.849011753262,-15.477928431361,otras,Puesta en servicio,RdD,1.0,1.0
7080.0,ALDEA BLANCA 66,Canarias,Las Palmas,Santa Lucía de Tirajana,66.0,27.849011753262,-15.477928431361,otras,Puesta en servicio,RdT,,
12815.0,GUIA 66,Canarias,Las Palmas,Santa María de Guía de Gran Canaria,66.0,28.127993152441,-15.617711012301,almacenamiento,Con permisos,RdD,11.0,15.0
12815.0,GUIA 66,Canarias,Las Palmas,Santa María de Guía de Gran Canaria,66.0,28.127993152441,-15.617711012301,almacenamiento,Con permisos,RdT,,
12815.0,GUIA 66,Canarias,Las Palmas,Santa María de Guía de Gran Canaria,66.0,28.127993152441,-15.617711012301,eolica,Puesta en servicio,RdD,9.12,11.42
12815.0,GUIA 66,Canarias,Las Palmas,Santa María de Guía de Gran Canaria,66.0,28.127993152441,-15.617711012301,eolica,Puesta en servicio,RdT,,
12815.0,GUIA 66,Canarias,Las Palmas,Santa María de Guía de Gran Canaria,66.0,28.127993152441,-15.617711012301,fotovoltaica,Con permisos,RdD,,
12815.0,GUIA 66,Canarias,Las Palmas,Santa María de Guía de Gran Canaria,66.0,28.127993152441,-15.617711012301,fotovoltaica,Con permisos,RdT,8.0,8.0
12815.0,GUIA 66,Canarias,Las Palmas,Santa María de Guía de Gran Canaria,66.0,28.127993152441,-15.617711012301,fotovoltaica,Puesta en servicio,RdD,1.0,1.0
12815.0,GUIA 66,Canarias,Las Palmas,Santa María de Guía de Gran Canaria,66.0,28.127993152441,-15.617711012301,fotovoltaica,Puesta en servicio,RdT,,
12815.0,GUIA 66,Canarias,Las Palmas,Santa María de Guía de Gran Canaria,66.0,28.127993152441,-15.617711012301,hibridacion,Puesta en servicio,RdD,2.3,
12815.0,GUIA 66,Canarias,Las Palmas,Santa María de Guía de Gran Canaria,66.0,28.127993152441,-15.617711012301,hibridacion,Puesta en servicio,RdT,,
12671.0,TELDE 66,Canarias,Las Palmas,Telde,66.0,27.988297888764,-15.436829893809,almacenamiento,Con permisos,RdD,,3.0
12671.0,TELDE 66,Canarias,Las Palmas,Telde,66.0,27.988297888764,-15.436829893809,almacenamiento,Con permisos,RdT,,
12671.0,TELDE 66,Canarias,Las Palmas,Telde,66.0,27.988297888764,-15.436829893809,eolica,Con permisos,RdD,2.0,2.0
12671.0,TELDE 66,Canarias,Las Palmas,Telde,66.0,27.988297888764,-15.436829893809,eolica,Con permisos,RdT,,
12671.0,TELDE 66,Canarias,Las Palmas,Telde,66.0,27.988297888764,-15.436829893809,eolica,En curso,RdD,,
12671.0,TELDE 66,Canarias,Las Palmas,Telde,66.0,27.988297888764,-15.436829893809,eolica,En curso,RdT,22.0,26.4
12671.0,TELDE 66,Canarias,Las Palmas,Telde,66.0,27.988297888764,-15.436829893809,fotovoltaica,Con permisos,RdD,14.0,23.0
12671.0,TELDE 66,Canarias,Las Palmas,Telde,66.0,27.988297888764,-15.436829893809,fotovoltaica,Con permisos,RdT,,
12671.0,TELDE 66,Canarias,Las Palmas,Telde,66.0,27.988297888764,-15.436829893809,fotovoltaica,Puesta en servicio,RdD,7.38,7.55
12671.0,TELDE 66,Canarias,Las Palmas,Telde,66.0,27.988297888764,-15.436829893809,fotovoltaica,Puesta en servicio,RdT,,
12671.0,TELDE 66,Canarias,Las Palmas,Telde,66.0,27.988297888764,-15.436829893809,hibridacion,Con permisos,RdD,7.0,
12671.0,TELDE 66,Canarias,Las Palmas,Telde,66.0,27.988297888764,-15.436829893809,hibridacion,Con permisos,RdT,,
12700.0,CINSA 66,Canarias,Las Palmas,Telde,66.0,27.97805637602,-15.38329722232,almacenamiento,Con permisos,RdD,,
12700.0,CINSA 66,Canarias,Las Palmas,Telde,66.0,27.97805637602,-15.38329722232,almacenamiento,Con permisos,RdT,,8.0
12700.0,CINSA 66,Canarias,Las Palmas,Telde,66.0,27.97805637602,-15.38329722232,eolica,Puesta en servicio,RdD,4.66,4.66
12700.0,CINSA 66,Canarias,Las Palmas,Telde,66.0,27.97805637602,-15.38329722232,eolica,Puesta en servicio,RdT,,
12700.0,CINSA 66,Canarias,Las Palmas,Telde,66.0,27.97805637602,-15.38329722232,fotovoltaica,Con permisos,RdD,2.0,2.0
12700.0,CINSA 66,Canarias,Las Palmas,Telde,66.0,27.97805637602,-15.38329722232,fotovoltaica,Con permisos,RdT,,
12700.0,CINSA 66,Canarias,Las Palmas,Telde,66.0,27.97805637602,-15.38329722232,fotovoltaica,Puesta en servicio,RdD,1.5,1.5
12700.0,CINSA 66,Canarias,Las Palmas,Telde,66.0,27.97805637602,-15.38329722232,fotovoltaica,Puesta en servicio,RdT,,7.92
12700.0,CINSA 66,Canarias,Las Palmas,Telde,66.0,27.97805637602,-15.38329722232,hibridacion,Puesta en servicio,RdD,,
12700.0,CINSA 66,Canarias,Las Palmas,Telde,66.0,27.97805637602,-15.38329722232,hibridacion,Puesta en servicio,RdT,8.0,
12700.0,CINSA 66,Canarias,Las Palmas,Telde,66.0,27.97805637602,-15.38329722232,otras,Con permisos,RdD,,
12700.0,CINSA 66,Canarias,Las Palmas,Telde,66.0,27.97805637602,-15.38329722232,otras,Con permisos,RdT,,34.0
12949.0,MARZAGAN 66,Canarias,Las Palmas,Telde,66.0,28.030198036097,-15.41991782419,almacenamiento,Con permisos,RdD,8.0,8.0
12949.0,MARZAGAN 66,Canarias,Las Palmas,Telde,66.0,28.030198036097,-15.41991782419,almacenamiento,Con permisos,RdT,,
12949.0,MARZAGAN 66,Canarias,Las Palmas,Telde,66.0,28.030198036097,-15.41991782419,fotovoltaica,Con permisos,RdD,5.0,5.0
12949.0,MARZAGAN 66,Canarias,Las Palmas,Telde,66.0,28.030198036097,-15.41991782419,fotovoltaica,Con permisos,RdT,,
12949.0,MARZAGAN 66,Canarias,Las Palmas,Telde,66.0,28.030198036097,-15.41991782419,fotovoltaica,Puesta en servicio,RdD,3.8,3.8
12949.0,MARZAGAN 66,Canarias,Las Palmas,Telde,66.0,28.030198036097,-15.41991782419,fotovoltaica,Puesta en servicio,RdT,,
12806.0,GRAN TARAJAL 132,Canarias,Las Palmas,Tuineje,132.0,28.233031486889,-14.019676471476,eolica,Con permisos,RdD,,
12806.0,GRAN TARAJAL 132,Canarias,Las Palmas,Tuineje,132.0,28.233031486889,-14.019676471476,eolica,Con permisos,RdT,22.0,22.0
12806.0,GRAN TARAJAL 132,Canarias,Las Palmas,Tuineje,132.0,28.233031486889,-14.019676471476,fotovoltaica,Con permisos,RdD,,
12806.0,GRAN TARAJAL 132,Canarias,Las Palmas,Tuineje,132.0,28.233031486889,-14.019676471476,fotovoltaica,Con permisos,RdT,5.0,21.0
12807.0,GRAN TARAJAL 66,Canarias,Las Palmas,Tuineje,66.0,28.233031486889,-14.019676471476,almacenamiento,Con permisos,RdD,,7.0
12807.0,GRAN TARAJAL 66,Canarias,Las Palmas,Tuineje,66.0,28.233031486889,-14.019676471476,almacenamiento,Con permisos,RdT,,
12807.0,GRAN TARAJAL 66,Canarias,Las Palmas,Tuineje,66.0,28.233031486889,-14.019676471476,eolica,Con permisos,RdD,,4.0
12807.0,GRAN TARAJAL 66,Canarias,Las Palmas,Tuineje,66.0,28.233031486889,-14.019676471476,eolica,Con permisos,RdT,,
12807.0,GRAN TARAJAL 66,Canarias,Las Palmas,Tuineje,66.0,28.233031486889,-14.019676471476,fotovoltaica,Con permisos,RdD,7.0,19.0
12807.0,GRAN TARAJAL 66,Canarias,Las Palmas,Tuineje,66.0,28.233031486889,-14.019676471476,fotovoltaica,Con permisos,RdT,,
12807.0,GRAN TARAJAL 66,Canarias,Las Palmas,Tuineje,66.0,28.233031486889,-14.019676471476,fotovoltaica,Puesta en servicio,RdD,9.53,11.21
12807.0,GRAN TARAJAL 66,Canarias,Las Palmas,Tuineje,66.0,28.233031486889,-14.019676471476,fotovoltaica,Puesta en servicio,RdT,,
12807.0,GRAN TARAJAL 66,Canarias,Las Palmas,Tuineje,66.0,28.233031486889,-14.019676471476,hibridacion,Con permisos,RdD,7.0,
12807.0,GRAN TARAJAL 66,Canarias,Las Palmas,Tuineje,66.0,28.233031486889,-14.019676471476,hibridacion,Con permisos,RdT,,
12807.0,GRAN TARAJAL 66,Canarias,Las Palmas,Tuineje,66.0,28.233031486889,-14.019676471476,hibridacion,Puesta en servicio,RdD,1.65,
12807.0,GRAN TARAJAL 66,Canarias,Las Palmas,Tuineje,66.0,28.233031486889,-14.019676471476,hibridacion,Puesta en servicio,RdT,,
12849.0,JARES 132,Canarias,Las Palmas,Tuineje,132.0,28.238378850666,-14.102863520033,eolica,Con permisos,RdD,,
12849.0,JARES 132,Canarias,Las Palmas,Tuineje,132.0,28.238378850666,-14.102863520033,eolica,Con permisos,RdT,13.0,13.0
12849.0,JARES 132,Canarias,Las Palmas,Tuineje,132.0,28.238378850666,-14.102863520033,eolica,Puesta en servicio,RdD,,
12849.0,JARES 132,Canarias,Las Palmas,Tuineje,132.0,28.238378850666,-14.102863520033,eolica,Puesta en servicio,RdT,10.0,10.0
12849.0,JARES 132,Canarias,Las Palmas,Tuineje,132.0,28.238378850666,-14.102863520033,otras,En curso,RdD,,
12849.0,JARES 132,Canarias,Las Palmas,Tuineje,132.0,28.238378850666,-14.102863520033,otras,En curso,RdT,23.0,25.0
12932.0,MACHER 66,Canarias,Las Palmas,Tías,66.0,28.951557541283,-13.684698671513,fotovoltaica,Con permisos,RdD,5.0,9.0
12932.0,MACHER 66,Canarias,Las Palmas,Tías,66.0,28.951557541283,-13.684698671513,fotovoltaica,Con permisos,RdT,,
12932.0,MACHER 66,Canarias,Las Palmas,Tías,66.0,28.951557541283,-13.684698671513,fotovoltaica,Puesta en servicio,RdD,2.0,2.0
12932.0,MACHER 66,Canarias,Las Palmas,Tías,66.0,28.951557541283,-13.684698671513,fotovoltaica,Puesta en servicio,RdT,,
13450.0,SAN MATEO 66,Canarias,Las Palmas,Vega de San Mateo,66.0,28.008625124629,-15.543522879897,almacenamiento,Con permisos,RdD,25.0,28.0
13450.0,SAN MATEO 66,Canarias,Las Palmas,Vega de San Mateo,66.0,28.008625124629,-15.543522879897,almacenamiento,Con permisos,RdT,,
13450.0,SAN MATEO 66,Canarias,Las Palmas,Vega de San Mateo,66.0,28.008625124629,-15.543522879897,fotovoltaica,Puesta en servicio,RdD,2.27,2.35
13450.0,SAN MATEO 66,Canarias,Las Palmas,Vega de San Mateo,66.0,28.008625124629,-15.543522879897,fotovoltaica,Puesta en servicio,RdT,,
13068.0,PLAYA BLANCA 66,Canarias,Las Palmas,Yaiza,66.0,28.868507621604,-13.80011077761,almacenamiento,Con permisos,RdD,12.0,17.0
13068.0,PLAYA BLANCA 66,Canarias,Las Palmas,Yaiza,66.0,28.868507621604,-13.80011077761,almacenamiento,Con permisos,RdT,,
13068.0,PLAYA BLANCA 66,Canarias,Las Palmas,Yaiza,66.0,28.868507621604,-13.80011077761,fotovoltaica,Con permisos,RdD,12.0,22.0
13068.0,PLAYA BLANCA 66,Canarias,Las Palmas,Yaiza,66.0,28.868507621604,-13.80011077761,fotovoltaica,Con permisos,RdT,,
13459.0,POLIGONO GUIMAR 66,Canarias,Santa Cruz De Tenerife,Arafo,66.0,28.338180080872,-16.373247077881,almacenamiento,Con permisos,RdD,10.0,10.0
13459.0,POLIGONO GUIMAR 66,Canarias,Santa Cruz De Tenerife,Arafo,66.0,28.338180080872,-16.373247077881,almacenamiento,Con permisos,RdT,,
13459.0,POLIGONO GUIMAR 66,Canarias,Santa Cruz De Tenerife,Arafo,66.0,28.338180080872,-16.373247077881,eolica,Con permisos,RdD,26.0,36.0
13459.0,POLIGONO GUIMAR 66,Canarias,Santa Cruz De Tenerife,Arafo,66.0,28.338180080872,-16.373247077881,eolica,Con permisos,RdT,,
13459.0,POLIGONO GUIMAR 66,Canarias,Santa Cruz De Tenerife,Arafo,66.0,28.338180080872,-16.373247077881,fotovoltaica,Con permisos,RdD,6.0,6.0
13459.0,POLIGONO GUIMAR 66,Canarias,Santa Cruz De Tenerife,Arafo,66.0,28.338180080872,-16.373247077881,fotovoltaica,Con permisos,RdT,,
13459.0,POLIGONO GUIMAR 66,Canarias,Santa Cruz De Tenerife,Arafo,66.0,28.338180080872,-16.373247077881,fotovoltaica,Puesta en servicio,RdD,1.57,1.57
13459.0,POLIGONO GUIMAR 66,Canarias,Santa Cruz De Tenerife,Arafo,66.0,28.338180080872,-16.373247077881,fotovoltaica,Puesta en servicio,RdT,,
7082.0,ARICO2 66,Canarias,Santa Cruz De Tenerife,Arico,66.0,28.160369366968,-16.445448421909,almacenamiento,Con permisos,RdD,,
7082.0,ARICO2 66,Canarias,Santa Cruz De Tenerife,Arico,66.0,28.160369366968,-16.445448421909,almacenamiento,Con permisos,RdT,,1.0
7082.0,ARICO2 66,Canarias,Santa Cruz De Tenerife,Arico,66.0,28.160369366968,-16.445448421909,eolica,Puesta en servicio,RdD,5.95,5.95
7082.0,ARICO2 66,Canarias,Santa Cruz De Tenerife,Arico,66.0,28.160369366968,-16.445448421909,eolica,Puesta en servicio,RdT,16.5,16.5
7082.0,ARICO2 66,Canarias,Santa Cruz De Tenerife,Arico,66.0,28.160369366968,-16.445448421909,fotovoltaica,Con permisos,RdD,1.0,1.0
7082.0,ARICO2 66,Canarias,Santa Cruz De Tenerife,Arico,66.0,28.160369366968,-16.445448421909,fotovoltaica,Con permisos,RdT,,5.0
7082.0,ARICO2 66,Canarias,Santa Cruz De Tenerife,Arico,66.0,28.160369366968,-16.445448421909,fotovoltaica,Puesta en servicio,RdD,25.83,25.83
7082.0,ARICO2 66,Canarias,Santa Cruz De Tenerife,Arico,66.0,28.160369366968,-16.445448421909,fotovoltaica,Puesta en servicio,RdT,28.93,29.55
7082.0,ARICO2 66,Canarias,Santa Cruz De Tenerife,Arico,66.0,28.160369366968,-16.445448421909,hibridacion,Con permisos,RdD,,
7082.0,ARICO2 66,Canarias,Santa Cruz De Tenerife,Arico,66.0,28.160369366968,-16.445448421909,hibridacion,Con permisos,RdT,5.0,
7130.0,TAGORO 66,Canarias,Santa Cruz De Tenerife,Arico,66.0,28.138844626797,-16.460202895332,eolica,Puesta en servicio,RdD,,
7130.0,TAGORO 66,Canarias,Santa Cruz De Tenerife,Arico,66.0,28.138844626797,-16.460202895332,eolica,Puesta en servicio,RdT,28.2,30.55
7130.0,TAGORO 66,Canarias,Santa Cruz De Tenerife,Arico,66.0,28.138844626797,-16.460202895332,fotovoltaica,Con permisos,RdD,,
7130.0,TAGORO 66,Canarias,Santa Cruz De Tenerife,Arico,66.0,28.138844626797,-16.460202895332,fotovoltaica,Con permisos,RdT,2.0,2.0
7130.0,TAGORO 66,Canarias,Santa Cruz De Tenerife,Arico,66.0,28.138844626797,-16.460202895332,fotovoltaica,Puesta en servicio,RdD,,
7130.0,TAGORO 66,Canarias,Santa Cruz De Tenerife,Arico,66.0,28.138844626797,-16.460202895332,fotovoltaica,Puesta en servicio,RdT,13.0,14.2
13423.0,PORIS 220,Canarias,Santa Cruz De Tenerife,Arico,220.0,28.160727667377,-16.445832740432,almacenamiento,Con permisos,RdD,,
13423.0,PORIS 220,Canarias,Santa Cruz De Tenerife,Arico,220.0,28.160727667377,-16.445832740432,almacenamiento,Con permisos,RdT,,3.0
13423.0,PORIS 220,Canarias,Santa Cruz De Tenerife,Arico,220.0,28.160727667377,-16.445832740432,eolica,Con permisos,RdD,,
13423.0,PORIS 220,Canarias,Santa Cruz De Tenerife,Arico,220.0,28.160727667377,-16.445832740432,eolica,Con permisos,RdT,29.0,29.0
13423.0,PORIS 220,Canarias,Santa Cruz De Tenerife,Arico,220.0,28.160727667377,-16.445832740432,eolica,Puesta en servicio,RdD,,
13423.0,PORIS 220,Canarias,Santa Cruz De Tenerife,Arico,220.0,28.160727667377,-16.445832740432,eolica,Puesta en servicio,RdT,47.25,63.0
13423.0,PORIS 220,Canarias,Santa Cruz De Tenerife,Arico,220.0,28.160727667377,-16.445832740432,fotovoltaica,Puesta en servicio,RdD,,
13423.0,PORIS 220,Canarias,Santa Cruz De Tenerife,Arico,220.0,28.160727667377,-16.445832740432,fotovoltaica,Puesta en servicio,RdT,3.2,11.93
13423.0,PORIS 220,Canarias,Santa Cruz De Tenerife,Arico,220.0,28.160727667377,-16.445832740432,hibridacion,Con permisos,RdD,,
13423.0,PORIS 220,Canarias,Santa Cruz De Tenerife,Arico,220.0,28.160727667377,-16.445832740432,hibridacion,Con permisos,RdT,10.0,
13460.0,PORIS 66,Canarias,Santa Cruz De Tenerife,Arico,66.0,28.160727667377,-16.445832740432,eolica,Puesta en servicio,RdD,,
13460.0,PORIS 66,Canarias,Santa Cruz De Tenerife,Arico,66.0,28.160727667377,-16.445832740432,eolica,Puesta en servicio,RdT,43.19,43.19
13460.0,PORIS 66,Canarias,Santa Cruz De Tenerife,Arico,66.0,28.160727667377,-16.445832740432,fotovoltaica,Con permisos,RdD,,
13460.0,PORIS 66,Canarias,Santa Cruz De Tenerife,Arico,66.0,28.160727667377,-16.445832740432,fotovoltaica,Con permisos,RdT,12.0,12.0
7084.0,ARONA 66,Canarias,Santa Cruz De Tenerife,Arona,66.0,28.049714482019,-16.642963045287,almacenamiento,Con permisos,RdD,28.0,31.0
7084.0,ARONA 66,Canarias,Santa Cruz De Tenerife,Arona,66.0,28.049714482019,-16.642963045287,almacenamiento,Con permisos,RdT,,
7084.0,ARONA 66,Canarias,Santa Cruz De Tenerife,Arona,66.0,28.049714482019,-16.642963045287,fotovoltaica,Con permisos,RdD,12.0,14.0
7084.0,ARONA 66,Canarias,Santa Cruz De Tenerife,Arona,66.0,28.049714482019,-16.642963045287,fotovoltaica,Con permisos,RdT,,
7084.0,ARONA 66,Canarias,Santa Cruz De Tenerife,Arona,66.0,28.049714482019,-16.642963045287,fotovoltaica,Puesta en servicio,RdD,4.5,4.5
7084.0,ARONA 66,Canarias,Santa Cruz De Tenerife,Arona,66.0,28.049714482019,-16.642963045287,fotovoltaica,Puesta en servicio,RdT,,
7084.0,ARONA 66,Canarias,Santa Cruz De Tenerife,Arona,66.0,28.049714482019,-16.642963045287,otras,Puesta en servicio,RdD,,
7084.0,ARONA 66,Canarias,Santa Cruz De Tenerife,Arona,66.0,28.049714482019,-16.642963045287,otras,Puesta en servicio,RdT,50.0,43.2
12694.0,CHAYOFA 66,Canarias,Santa Cruz De Tenerife,Arona,66.0,28.070280676362,-16.69898433287,fotovoltaica,Con permisos,RdD,9.0,24.0
12694.0,CHAYOFA 66,Canarias,Santa Cruz De Tenerife,Arona,66.0,28.070280676362,-16.69898433287,fotovoltaica,Con permisos,RdT,,
12694.0,CHAYOFA 66,Canarias,Santa Cruz De Tenerife,Arona,66.0,28.070280676362,-16.69898433287,otras,Puesta en servicio,RdD,2.22,2.22
12694.0,CHAYOFA 66,Canarias,Santa Cruz De Tenerife,Arona,66.0,28.070280676362,-16.69898433287,otras,Puesta en servicio,RdT,,
7092.0,CANDELARIA 66,Canarias,Santa Cruz De Tenerife,Candelaria,66.0,28.381889672813,-16.358183193219,almacenamiento,Con permisos,RdD,,
7092.0,CANDELARIA 66,Canarias,Santa Cruz De Tenerife,Candelaria,66.0,28.381889672813,-16.358183193219,almacenamiento,Con permisos,RdT,50.0,50.0
7092.0,CANDELARIA 66,Canarias,Santa Cruz De Tenerife,Candelaria,66.0,28.381889672813,-16.358183193219,otras,Puesta en servicio,RdD,,
7092.0,CANDELARIA 66,Canarias,Santa Cruz De Tenerife,Candelaria,66.0,28.381889672813,-16.358183193219,otras,Puesta en servicio,RdT,208.2,179.47
7076.0,ABONA 220,Canarias,Santa Cruz De Tenerife,Granadilla de Abona,220.0,28.079109586248,-16.502214071242,eolica,Con permisos,RdD,,
7076.0,ABONA 220,Canarias,Santa Cruz De Tenerife,Granadilla de Abona,220.0,28.079109586248,-16.502214071242,eolica,Con permisos,RdT,65.0,69.0
7076.0,ABONA 220,Canarias,Santa Cruz De Tenerife,Granadilla de Abona,220.0,28.079109586248,-16.502214071242,otras,En curso,RdD,,
7076.0,ABONA 220,Canarias,Santa Cruz De Tenerife,Granadilla de Abona,220.0,28.079109586248,-16.502214071242,otras,En curso,RdT,125.79,129.65
7077.0,ABONA 66,Canarias,Santa Cruz De Tenerife,Granadilla de Abona,66.0,28.079109586248,-16.502214071242,eolica,Con permisos,RdD,,
7077.0,ABONA 66,Canarias,Santa Cruz De Tenerife,Granadilla de Abona,66.0,28.079109586248,-16.502214071242,eolica,Con permisos,RdT,20.0,20.0
7077.0,ABONA 66,Canarias,Santa Cruz De Tenerife,Granadilla de Abona,66.0,28.079109586248,-16.502214071242,eolica,Puesta en servicio,RdD,,
7077.0,ABONA 66,Canarias,Santa Cruz De Tenerife,Granadilla de Abona,66.0,28.079109586248,-16.502214071242,eolica,Puesta en servicio,RdT,76.78,76.78
7077.0,ABONA 66,Canarias,Santa Cruz De Tenerife,Granadilla de Abona,66.0,28.079109586248,-16.502214071242,fotovoltaica,Puesta en servicio,RdD,,
7077.0,ABONA 66,Canarias,Santa Cruz De Tenerife,Granadilla de Abona,66.0,28.079109586248,-16.502214071242,fotovoltaica,Puesta en servicio,RdT,11.0,11.0
12803.0,GRANADILLA 220,Canarias,Santa Cruz De Tenerife,Granadilla de Abona,220.0,28.085514176123,-16.496137901804,otras,Puesta en servicio,RdD,,
12803.0,GRANADILLA 220,Canarias,Santa Cruz De Tenerife,Granadilla de Abona,220.0,28.085514176123,-16.496137901804,otras,Puesta en servicio,RdT,621.4,580.78
12805.0,GRANADILLA 66,Canarias,Santa Cruz De Tenerife,Granadilla de Abona,66.0,28.085514176123,-16.496137901804,eolica,Con permisos,RdD,,
12805.0,GRANADILLA 66,Canarias,Santa Cruz De Tenerife,Granadilla de Abona,66.0,28.085514176123,-16.496137901804,eolica,Con permisos,RdT,11.0,17.0
12805.0,GRANADILLA 66,Canarias,Santa Cruz De Tenerife,Granadilla de Abona,66.0,28.085514176123,-16.496137901804,otras,Con permisos,RdD,,
12805.0,GRANADILLA 66,Canarias,Santa Cruz De Tenerife,Granadilla de Abona,66.0,28.085514176123,-16.496137901804,otras,Con permisos,RdT,,14.0
12805.0,GRANADILLA 66,Canarias,Santa Cruz De Tenerife,Granadilla de Abona,66.0,28.085514176123,-16.496137901804,otras,Puesta en servicio,RdD,,
12805.0,GRANADILLA 66,Canarias,Santa Cruz De Tenerife,Granadilla de Abona,66.0,28.085514176123,-16.496137901804,otras,Puesta en servicio,RdT,127.5,112.56
13074.0,POLIGONO GRANADILLA 66,Canarias,Santa Cruz De Tenerife,Granadilla de Abona,66.0,28.080913522236,-16.499335936045,almacenamiento,Con permisos,RdD,,1.0
13074.0,POLIGONO GRANADILLA 66,Canarias,Santa Cruz De Tenerife,Granadilla de Abona,66.0,28.080913522236,-16.499335936045,almacenamiento,Con permisos,RdT,,
13074.0,POLIGONO GRANADILLA 66,Canarias,Santa Cruz De Tenerife,Granadilla de Abona,66.0,28.080913522236,-16.499335936045,eolica,Con permisos,RdD,16.0,21.0
13074.0,POLIGONO GRANADILLA 66,Canarias,Santa Cruz De Tenerife,Granadilla de Abona,66.0,28.080913522236,-16.499335936045,eolica,Con permisos,RdT,,
13074.0,POLIGONO GRANADILLA 66,Canarias,Santa Cruz De Tenerife,Granadilla de Abona,66.0,28.080913522236,-16.499335936045,eolica,Puesta en servicio,RdD,12.73,12.73
13074.0,POLIGONO GRANADILLA 66,Canarias,Santa Cruz De Tenerife,Granadilla de Abona,66.0,28.080913522236,-16.499335936045,eolica,Puesta en servicio,RdT,,
13074.0,POLIGONO GRANADILLA 66,Canarias,Santa Cruz De Tenerife,Granadilla de Abona,66.0,28.080913522236,-16.499335936045,fotovoltaica,Con permisos,RdD,,3.0
13074.0,POLIGONO GRANADILLA 66,Canarias,Santa Cruz De Tenerife,Granadilla de Abona,66.0,28.080913522236,-16.499335936045,fotovoltaica,Con permisos,RdT,,
13074.0,POLIGONO GRANADILLA 66,Canarias,Santa Cruz De Tenerife,Granadilla de Abona,66.0,28.080913522236,-16.499335936045,fotovoltaica,Puesta en servicio,RdD,25.01,25.01
13074.0,POLIGONO GRANADILLA 66,Canarias,Santa Cruz De Tenerife,Granadilla de Abona,66.0,28.080913522236,-16.499335936045,fotovoltaica,Puesta en servicio,RdT,,
13074.0,POLIGONO GRANADILLA 66,Canarias,Santa Cruz De Tenerife,Granadilla de Abona,66.0,28.080913522236,-16.499335936045,hibridacion,Con permisos,RdD,8.0,
13074.0,POLIGONO GRANADILLA 66,Canarias,Santa Cruz De Tenerife,Granadilla de Abona,66.0,28.080913522236,-16.499335936045,hibridacion,Con permisos,RdT,,
13074.0,POLIGONO GRANADILLA 66,Canarias,Santa Cruz De Tenerife,Granadilla de Abona,66.0,28.080913522236,-16.499335936045,otras,Con permisos,RdD,,3.0
13074.0,POLIGONO GRANADILLA 66,Canarias,Santa Cruz De Tenerife,Granadilla de Abona,66.0,28.080913522236,-16.499335936045,otras,Con permisos,RdT,,
13074.0,POLIGONO GRANADILLA 66,Canarias,Santa Cruz De Tenerife,Granadilla de Abona,66.0,28.080913522236,-16.499335936045,otras,Puesta en servicio,RdD,1.27,1.27
13074.0,POLIGONO GRANADILLA 66,Canarias,Santa Cruz De Tenerife,Granadilla de Abona,66.0,28.080913522236,-16.499335936045,otras,Puesta en servicio,RdT,,
13462.0,SAN ISIDRO 66,Canarias,Santa Cruz De Tenerife,Granadilla de Abona,66.0,28.078380741285,-16.551267249588,eolica,En curso,RdD,,
13462.0,SAN ISIDRO 66,Canarias,Santa Cruz De Tenerife,Granadilla de Abona,66.0,28.078380741285,-16.551267249588,eolica,En curso,RdT,8.4,8.4
13462.0,SAN ISIDRO 66,Canarias,Santa Cruz De Tenerife,Granadilla de Abona,66.0,28.078380741285,-16.551267249588,fotovoltaica,Con permisos,RdD,,
13462.0,SAN ISIDRO 66,Canarias,Santa Cruz De Tenerife,Granadilla de Abona,66.0,28.078380741285,-16.551267249588,fotovoltaica,Con permisos,RdT,32.0,38.0
13462.0,SAN ISIDRO 66,Canarias,Santa Cruz De Tenerife,Granadilla de Abona,66.0,28.078380741285,-16.551267249588,fotovoltaica,En curso,RdD,,
13462.0,SAN ISIDRO 66,Canarias,Santa Cruz De Tenerife,Granadilla de Abona,66.0,28.078380741285,-16.551267249588,fotovoltaica,En curso,RdT,7.0,8.0
12816.0,GUIA DE ISORA 66,Canarias,Santa Cruz De Tenerife,Guía de Isora,66.0,28.222794233775,-16.804390823841,almacenamiento,Con permisos,RdD,,
12816.0,GUIA DE ISORA 66,Canarias,Santa Cruz De Tenerife,Guía de Isora,66.0,28.222794233775,-16.804390823841,almacenamiento,Con permisos,RdT,47.0,73.0
12816.0,GUIA DE ISORA 66,Canarias,Santa Cruz De Tenerife,Guía de Isora,66.0,28.222794233775,-16.804390823841,eolica,Puesta en servicio,RdD,1.8,1.8
12816.0,GUIA DE ISORA 66,Canarias,Santa Cruz De Tenerife,Guía de Isora,66.0,28.222794233775,-16.804390823841,eolica,Puesta en servicio,RdT,,
12816.0,GUIA DE ISORA 66,Canarias,Santa Cruz De Tenerife,Guía de Isora,66.0,28.222794233775,-16.804390823841,fotovoltaica,Con permisos,RdD,7.0,8.0
12816.0,GUIA DE ISORA 66,Canarias,Santa Cruz De Tenerife,Guía de Isora,66.0,28.222794233775,-16.804390823841,fotovoltaica,Con permisos,RdT,,
12816.0,GUIA DE ISORA 66,Canarias,Santa Cruz De Tenerife,Guía de Isora,66.0,28.222794233775,-16.804390823841,fotovoltaica,En curso,RdD,2.1,2.4
12816.0,GUIA DE ISORA 66,Canarias,Santa Cruz De Tenerife,Guía de Isora,66.0,28.222794233775,-16.804390823841,fotovoltaica,En curso,RdT,,
12816.0,GUIA DE ISORA 66,Canarias,Santa Cruz De Tenerife,Guía de Isora,66.0,28.222794233775,-16.804390823841,otras,Puesta en servicio,RdD,,
12816.0,GUIA DE ISORA 66,Canarias,Santa Cruz De Tenerife,Guía de Isora,66.0,28.222794233775,-16.804390823841,otras,Puesta en servicio,RdT,50.0,43.1
13454.0,ICOD DE LOS VINOS 66,Canarias,Santa Cruz De Tenerife,Icod de los Vinos,66.0,28.367948794328,-16.700457708367,almacenamiento,Con permisos,RdD,13.0,15.0
13454.0,ICOD DE LOS VINOS 66,Canarias,Santa Cruz De Tenerife,Icod de los Vinos,66.0,28.367948794328,-16.700457708367,almacenamiento,Con permisos,RdT,,
13454.0,ICOD DE LOS VINOS 66,Canarias,Santa Cruz De Tenerife,Icod de los Vinos,66.0,28.367948794328,-16.700457708367,fotovoltaica,Con permisos,RdD,1.0,1.0
13454.0,ICOD DE LOS VINOS 66,Canarias,Santa Cruz De Tenerife,Icod de los Vinos,66.0,28.367948794328,-16.700457708367,fotovoltaica,Con permisos,RdT,,
13454.0,ICOD DE LOS VINOS 66,Canarias,Santa Cruz De Tenerife,Icod de los Vinos,66.0,28.367948794328,-16.700457708367,otras,Puesta en servicio,RdD,0.76,0.76
13454.0,ICOD DE LOS VINOS 66,Canarias,Santa Cruz De Tenerife,Icod de los Vinos,66.0,28.367948794328,-16.700457708367,otras,Puesta en servicio,RdT,,
13461.0,LOS REALEJOS 66,Canarias,Santa Cruz De Tenerife,"Realejos, Los",66.0,28.382926721541,-16.573462500089,almacenamiento,Con permisos,RdD,48.0,51.0
13461.0,LOS REALEJOS 66,Canarias,Santa Cruz De Tenerife,"Realejos, Los",66.0,28.382926721541,-16.573462500089,almacenamiento,Con permisos,RdT,,
12811.0,GUAJARA 66,Canarias,Santa Cruz De Tenerife,San Cristóbal de La Laguna,66.0,28.466056318175,-16.299211789489,almacenamiento,Con permisos,RdD,42.0,46.0
12811.0,GUAJARA 66,Canarias,Santa Cruz De Tenerife,San Cristóbal de La Laguna,66.0,28.466056318175,-16.299211789489,almacenamiento,Con permisos,RdT,,
13453.0,GENETO 66,Canarias,Santa Cruz De Tenerife,San Cristóbal de La Laguna,66.0,28.457740932921,-16.314417591385,almacenamiento,Con permisos,RdD,14.0,18.0
13453.0,GENETO 66,Canarias,Santa Cruz De Tenerife,San Cristóbal de La Laguna,66.0,28.457740932921,-16.314417591385,almacenamiento,Con permisos,RdT,,
13453.0,GENETO 66,Canarias,Santa Cruz De Tenerife,San Cristóbal de La Laguna,66.0,28.457740932921,-16.314417591385,otras,Con permisos,RdD,,9.0
13453.0,GENETO 66,Canarias,Santa Cruz De Tenerife,San Cristóbal de La Laguna,66.0,28.457740932921,-16.314417591385,otras,Con permisos,RdT,,
7088.0,BUENOS AIRES 66,Canarias,Santa Cruz De Tenerife,Santa Cruz de Tenerife,66.0,28.454823618788,-16.268863425529,almacenamiento,Con permisos,RdD,20.0,20.0
7088.0,BUENOS AIRES 66,Canarias,Santa Cruz De Tenerife,Santa Cruz de Tenerife,66.0,28.454823618788,-16.268863425529,almacenamiento,Con permisos,RdT,,
7088.0,BUENOS AIRES 66,Canarias,Santa Cruz De Tenerife,Santa Cruz de Tenerife,66.0,28.454823618788,-16.268863425529,fotovoltaica,Puesta en servicio,RdD,3.19,3.19
7088.0,BUENOS AIRES 66,Canarias,Santa Cruz De Tenerife,Santa Cruz de Tenerife,66.0,28.454823618788,-16.268863425529,fotovoltaica,Puesta en servicio,RdT,,
7088.0,BUENOS AIRES 66,Canarias,Santa Cruz De Tenerife,Santa Cruz de Tenerife,66.0,28.454823618788,-16.268863425529,otras,Puesta en servicio,RdD,,
7088.0,BUENOS AIRES 66,Canarias,Santa Cruz De Tenerife,Santa Cruz de Tenerife,66.0,28.454823618788,-16.268863425529,otras,Puesta en servicio,RdT,38.3,38.3
12724.0,DIQUE DEL ESTE 66,Canarias,Santa Cruz De Tenerife,Santa Cruz de Tenerife,66.0,28.498772706407,-16.204793221495,almacenamiento,Con permisos,RdD,12.0,24.0
12724.0,DIQUE DEL ESTE 66,Canarias,Santa Cruz De Tenerife,Santa Cruz de Tenerife,66.0,28.498772706407,-16.204793221495,almacenamiento,Con permisos,RdT,,
12724.0,DIQUE DEL ESTE 66,Canarias,Santa Cruz De Tenerife,Santa Cruz de Tenerife,66.0,28.498772706407,-16.204793221495,otras,Con permisos,RdD,,
12724.0,DIQUE DEL ESTE 66,Canarias,Santa Cruz De Tenerife,Santa Cruz de Tenerife,66.0,28.498772706407,-16.204793221495,otras,Con permisos,RdT,,20.0
12724.0,DIQUE DEL ESTE 66,Canarias,Santa Cruz De Tenerife,Santa Cruz de Tenerife,66.0,28.498772706407,-16.204793221495,otras,En curso,RdD,,
12724.0,DIQUE DEL ESTE 66,Canarias,Santa Cruz De Tenerife,Santa Cruz de Tenerife,66.0,28.498772706407,-16.204793221495,otras,En curso,RdT,71.85,74.09
13458.0,MANUEL CRUZ 66,Canarias,Santa Cruz De Tenerife,Santa Cruz de Tenerife,66.0,28.469141044334,-16.276519060656,almacenamiento,Con permisos,RdD,10.0,10.0
13458.0,MANUEL CRUZ 66,Canarias,Santa Cruz De Tenerife,Santa Cruz de Tenerife,66.0,28.469141044334,-16.276519060656,almacenamiento,Con permisos,RdT,,
12721.0,CUESTA DE LA VILLA 66,Canarias,Santa Cruz De Tenerife,Santa Úrsula,66.0,28.418366525167,-16.498899355458,almacenamiento,Con permisos,RdD,57.0,67.0
12721.0,CUESTA DE LA VILLA 66,Canarias,Santa Cruz De Tenerife,Santa Úrsula,66.0,28.418366525167,-16.498899355458,almacenamiento,Con permisos,RdT,,
13463.0,TACORONTE 66,Canarias,Santa Cruz De Tenerife,Tacoronte,66.0,28.474555932939,-16.414646267206,almacenamiento,Con permisos,RdD,18.0,23.0
13463.0,TACORONTE 66,Canarias,Santa Cruz De Tenerife,Tacoronte,66.0,28.474555932939,-16.414646267206,almacenamiento,Con permisos,RdT,,
13463.0,TACORONTE 66,Canarias,Santa Cruz De Tenerife,Tacoronte,66.0,28.474555932939,-16.414646267206,fotovoltaica,Con permisos,RdD,30.0,30.0
13463.0,TACORONTE 66,Canarias,Santa Cruz De Tenerife,Tacoronte,66.0,28.474555932939,-16.414646267206,fotovoltaica,Con permisos,RdT,,
13466.0,EL PALMAR DE LA GOMERA 66,Canarias,Santa Cruz De Tenerife,Valle Gran Rey,66.0,28.111782414859,-17.304226475203,almacenamiento,Con permisos,RdD,,6.0
13466.0,EL PALMAR DE LA GOMERA 66,Canarias,Santa Cruz De Tenerife,Valle Gran Rey,66.0,28.111782414859,-17.304226475203,almacenamiento,Con permisos,RdT,,
13466.0,EL PALMAR DE LA GOMERA 66,Canarias,Santa Cruz De Tenerife,Valle Gran Rey,66.0,28.111782414859,-17.304226475203,eolica,Con permisos,RdD,1.0,3.0
13466.0,EL PALMAR DE LA GOMERA 66,Canarias,Santa Cruz De Tenerife,Valle Gran Rey,66.0,28.111782414859,-17.304226475203,eolica,Con permisos,RdT,,
13466.0,EL PALMAR DE LA GOMERA 66,Canarias,Santa Cruz De Tenerife,Valle Gran Rey,66.0,28.111782414859,-17.304226475203,eolica,Puesta en servicio,RdD,,11.75
13466.0,EL PALMAR DE LA GOMERA 66,Canarias,Santa Cruz De Tenerife,Valle Gran Rey,66.0,28.111782414859,-17.304226475203,eolica,Puesta en servicio,RdT,,
13466.0,EL PALMAR DE LA GOMERA 66,Canarias,Santa Cruz De Tenerife,Valle Gran Rey,66.0,28.111782414859,-17.304226475203,fotovoltaica,Con permisos,RdD,5.0,8.0
13466.0,EL PALMAR DE LA GOMERA 66,Canarias,Santa Cruz De Tenerife,Valle Gran Rey,66.0,28.111782414859,-17.304226475203,fotovoltaica,Con permisos,RdT,,
13466.0,EL PALMAR DE LA GOMERA 66,Canarias,Santa Cruz De Tenerife,Valle Gran Rey,66.0,28.111782414859,-17.304226475203,hibridacion,Puesta en servicio,RdD,11.75,
13466.0,EL PALMAR DE LA GOMERA 66,Canarias,Santa Cruz De Tenerife,Valle Gran Rey,66.0,28.111782414859,-17.304226475203,hibridacion,Puesta en servicio,RdT,,
13466.0,EL PALMAR DE LA GOMERA 66,Canarias,Santa Cruz De Tenerife,Valle Gran Rey,66.0,28.111782414859,-17.304226475203,otras,Puesta en servicio,RdD,21.4,21.4
13466.0,EL PALMAR DE LA GOMERA 66,Canarias,Santa Cruz De Tenerife,Valle Gran Rey,66.0,28.111782414859,-17.304226475203,otras,Puesta en servicio,RdT,,
6792.0,ASTILLERO 220,Cantabria,Cantabria,"Astillero, El",220.0,43.395634305849,-3.8271211900081,almacenamiento,Con permisos,RdD,55.0,55.0
6792.0,ASTILLERO 220,Cantabria,Cantabria,"Astillero, El",220.0,43.395634305849,-3.8271211900081,almacenamiento,Con permisos,RdT,105.0,230.0
6792.0,ASTILLERO 220,Cantabria,Cantabria,"Astillero, El",220.0,43.395634305849,-3.8271211900081,eolica,Con permisos,RdD,60.0,60.0
6792.0,ASTILLERO 220,Cantabria,Cantabria,"Astillero, El",220.0,43.395634305849,-3.8271211900081,eolica,Con permisos,RdT,383.0,387.0
6792.0,ASTILLERO 220,Cantabria,Cantabria,"Astillero, El",220.0,43.395634305849,-3.8271211900081,fotovoltaica,Con permisos,RdD,1.0,1.0
6792.0,ASTILLERO 220,Cantabria,Cantabria,"Astillero, El",220.0,43.395634305849,-3.8271211900081,fotovoltaica,Con permisos,RdT,,
6792.0,ASTILLERO 220,Cantabria,Cantabria,"Astillero, El",220.0,43.395634305849,-3.8271211900081,otras,Con permisos,RdD,5.0,5.0
6792.0,ASTILLERO 220,Cantabria,Cantabria,"Astillero, El",220.0,43.395634305849,-3.8271211900081,otras,Con permisos,RdT,,
6792.0,ASTILLERO 220,Cantabria,Cantabria,"Astillero, El",220.0,43.395634305849,-3.8271211900081,otras,Puesta en servicio,RdD,17.25,17.25
6792.0,ASTILLERO 220,Cantabria,Cantabria,"Astillero, El",220.0,43.395634305849,-3.8271211900081,otras,Puesta en servicio,RdT,75.7,75.7
12697.0,CICERO 220,Cantabria,Cantabria,Bárcena de Cicero,220.0,43.392419221703,-3.5240003528023,eolica,Con permisos,RdD,83.0,88.0
12697.0,CICERO 220,Cantabria,Cantabria,Bárcena de Cicero,220.0,43.392419221703,-3.5240003528023,eolica,Con permisos,RdT,,
12697.0,CICERO 220,Cantabria,Cantabria,Bárcena de Cicero,220.0,43.392419221703,-3.5240003528023,eolica,Puesta en servicio,RdD,32.0,32.0
12697.0,CICERO 220,Cantabria,Cantabria,Bárcena de Cicero,220.0,43.392419221703,-3.5240003528023,eolica,Puesta en servicio,RdT,,
12697.0,CICERO 220,Cantabria,Cantabria,Bárcena de Cicero,220.0,43.392419221703,-3.5240003528023,fotovoltaica,Con permisos,RdD,2.0,2.0
12697.0,CICERO 220,Cantabria,Cantabria,Bárcena de Cicero,220.0,43.392419221703,-3.5240003528023,fotovoltaica,Con permisos,RdT,,
7220.0,CACICEDO 220,Cantabria,Cantabria,Camargo,220.0,43.436073208835,-3.8673537159354,almacenamiento,Con permisos,RdD,95.0,95.0
7220.0,CACICEDO 220,Cantabria,Cantabria,Camargo,220.0,43.436073208835,-3.8673537159354,almacenamiento,Con permisos,RdT,,
7220.0,CACICEDO 220,Cantabria,Cantabria,Camargo,220.0,43.436073208835,-3.8673537159354,otras,Puesta en servicio,RdD,0.99,0.99
7220.0,CACICEDO 220,Cantabria,Cantabria,Camargo,220.0,43.436073208835,-3.8673537159354,otras,Puesta en servicio,RdT,,
6790.0,AGUAYO 220,Cantabria,Cantabria,Molledo,220.0,43.119427225565,-4.0200349370389,almacenamiento,Con permisos,RdD,,
6790.0,AGUAYO 220,Cantabria,Cantabria,Molledo,220.0,43.119427225565,-4.0200349370389,almacenamiento,Con permisos,RdT,,10.0
6790.0,AGUAYO 220,Cantabria,Cantabria,Molledo,220.0,43.119427225565,-4.0200349370389,bombeo,Puesta en servicio,RdD,,
6790.0,AGUAYO 220,Cantabria,Cantabria,Molledo,220.0,43.119427225565,-4.0200349370389,bombeo,Puesta en servicio,RdT,361.9,360.6
6790.0,AGUAYO 220,Cantabria,Cantabria,Molledo,220.0,43.119427225565,-4.0200349370389,eolica,Con permisos,RdD,,
6790.0,AGUAYO 220,Cantabria,Cantabria,Molledo,220.0,43.119427225565,-4.0200349370389,eolica,Con permisos,RdT,78.0,187.0
6790.0,AGUAYO 220,Cantabria,Cantabria,Molledo,220.0,43.119427225565,-4.0200349370389,hibridacion,Con permisos,RdD,,
6790.0,AGUAYO 220,Cantabria,Cantabria,Molledo,220.0,43.119427225565,-4.0200349370389,hibridacion,Con permisos,RdT,105.0,
6791.0,AGUAYO 400,Cantabria,Cantabria,Molledo,400.0,43.119427225565,-4.0200349370389,bombeo,Con permisos,RdD,,
6791.0,AGUAYO 400,Cantabria,Cantabria,Molledo,400.0,43.119427225565,-4.0200349370389,bombeo,Con permisos,RdT,993.0,993.0
13087.0,PUENTE S.MIGUEL 220,Cantabria,Cantabria,Reocín,220.0,43.356562107296,-4.079028870942,almacenamiento,En curso,RdD,105.0,105.0
13087.0,PUENTE S.MIGUEL 220,Cantabria,Cantabria,Reocín,220.0,43.356562107296,-4.079028870942,almacenamiento,En curso,RdT,,
13087.0,PUENTE S.MIGUEL 220,Cantabria,Cantabria,Reocín,220.0,43.356562107296,-4.079028870942,fotovoltaica,Con permisos,RdD,1.0,1.0
13087.0,PUENTE S.MIGUEL 220,Cantabria,Cantabria,Reocín,220.0,43.356562107296,-4.079028870942,fotovoltaica,Con permisos,RdT,,
13087.0,PUENTE S.MIGUEL 220,Cantabria,Cantabria,Reocín,220.0,43.356562107296,-4.079028870942,fotovoltaica,En curso,RdD,,
13087.0,PUENTE S.MIGUEL 220,Cantabria,Cantabria,Reocín,220.0,43.356562107296,-4.079028870942,fotovoltaica,En curso,RdT,0.05,0.05
13087.0,PUENTE S.MIGUEL 220,Cantabria,Cantabria,Reocín,220.0,43.356562107296,-4.079028870942,hidraulica,Puesta en servicio,RdD,82.23,82.23
13087.0,PUENTE S.MIGUEL 220,Cantabria,Cantabria,Reocín,220.0,43.356562107296,-4.079028870942,hidraulica,Puesta en servicio,RdT,,
13087.0,PUENTE S.MIGUEL 220,Cantabria,Cantabria,Reocín,220.0,43.356562107296,-4.079028870942,otras,Con permisos,RdD,12.0,49.0
13087.0,PUENTE S.MIGUEL 220,Cantabria,Cantabria,Reocín,220.0,43.356562107296,-4.079028870942,otras,Con permisos,RdT,,
13087.0,PUENTE S.MIGUEL 220,Cantabria,Cantabria,Reocín,220.0,43.356562107296,-4.079028870942,otras,Puesta en servicio,RdD,212.96,212.96
13087.0,PUENTE S.MIGUEL 220,Cantabria,Cantabria,Reocín,220.0,43.356562107296,-4.079028870942,otras,Puesta en servicio,RdT,100.0,100.0
12665.0,SOLORZANO 220,Cantabria,Cantabria,Solórzano,220.0,43.340498141797,-3.5859043935191,almacenamiento,Con permisos,RdD,,
12665.0,SOLORZANO 220,Cantabria,Cantabria,Solórzano,220.0,43.340498141797,-3.5859043935191,almacenamiento,Con permisos,RdT,62.0,74.0
12951.0,MATAPORQUERA 220,Cantabria,Cantabria,Valdeolea,220.0,42.87962943268,-4.1605604405169,almacenamiento,Con permisos,RdD,14.0,29.0
12951.0,MATAPORQUERA 220,Cantabria,Cantabria,Valdeolea,220.0,42.87962943268,-4.1605604405169,almacenamiento,Con permisos,RdT,,
12951.0,MATAPORQUERA 220,Cantabria,Cantabria,Valdeolea,220.0,42.87962943268,-4.1605604405169,eolica,Con permisos,RdD,63.0,63.0
12951.0,MATAPORQUERA 220,Cantabria,Cantabria,Valdeolea,220.0,42.87962943268,-4.1605604405169,eolica,Con permisos,RdT,99.0,99.0
12951.0,MATAPORQUERA 220,Cantabria,Cantabria,Valdeolea,220.0,42.87962943268,-4.1605604405169,eolica,Puesta en servicio,RdD,135.8,135.8
12951.0,MATAPORQUERA 220,Cantabria,Cantabria,Valdeolea,220.0,42.87962943268,-4.1605604405169,eolica,Puesta en servicio,RdT,,
12951.0,MATAPORQUERA 220,Cantabria,Cantabria,Valdeolea,220.0,42.87962943268,-4.1605604405169,fotovoltaica,Con permisos,RdD,20.0,22.0
12951.0,MATAPORQUERA 220,Cantabria,Cantabria,Valdeolea,220.0,42.87962943268,-4.1605604405169,fotovoltaica,Con permisos,RdT,,
12951.0,MATAPORQUERA 220,Cantabria,Cantabria,Valdeolea,220.0,42.87962943268,-4.1605604405169,fotovoltaica,Puesta en servicio,RdD,11.19,11.2
12951.0,MATAPORQUERA 220,Cantabria,Cantabria,Valdeolea,220.0,42.87962943268,-4.1605604405169,fotovoltaica,Puesta en servicio,RdT,,
12951.0,MATAPORQUERA 220,Cantabria,Cantabria,Valdeolea,220.0,42.87962943268,-4.1605604405169,hidraulica,Puesta en servicio,RdD,21.18,21.18
12951.0,MATAPORQUERA 220,Cantabria,Cantabria,Valdeolea,220.0,42.87962943268,-4.1605604405169,hidraulica,Puesta en servicio,RdT,,
12951.0,MATAPORQUERA 220,Cantabria,Cantabria,Valdeolea,220.0,42.87962943268,-4.1605604405169,otras,Puesta en servicio,RdD,6.43,6.43
12951.0,MATAPORQUERA 220,Cantabria,Cantabria,Valdeolea,220.0,42.87962943268,-4.1605604405169,otras,Puesta en servicio,RdT,,
13180.0,ROMICA 400,Castilla La Mancha,Albacete,Albacete,400.0,39.043972724429,-1.7994985054817,eolica,Con permisos,RdD,7.0,170.0
13180.0,ROMICA 400,Castilla La Mancha,Albacete,Albacete,400.0,39.043972724429,-1.7994985054817,eolica,Con permisos,RdT,,
13180.0,ROMICA 400,Castilla La Mancha,Albacete,Albacete,400.0,39.043972724429,-1.7994985054817,eolica,Puesta en servicio,RdD,162.07,358.77
13180.0,ROMICA 400,Castilla La Mancha,Albacete,Albacete,400.0,39.043972724429,-1.7994985054817,eolica,Puesta en servicio,RdT,531.92,754.92
13180.0,ROMICA 400,Castilla La Mancha,Albacete,Albacete,400.0,39.043972724429,-1.7994985054817,fotovoltaica,Con permisos,RdD,3.0,327.0
13180.0,ROMICA 400,Castilla La Mancha,Albacete,Albacete,400.0,39.043972724429,-1.7994985054817,fotovoltaica,Con permisos,RdT,,235.0
13180.0,ROMICA 400,Castilla La Mancha,Albacete,Albacete,400.0,39.043972724429,-1.7994985054817,fotovoltaica,Puesta en servicio,RdD,21.35,21.35
13180.0,ROMICA 400,Castilla La Mancha,Albacete,Albacete,400.0,39.043972724429,-1.7994985054817,fotovoltaica,Puesta en servicio,RdT,,
13180.0,ROMICA 400,Castilla La Mancha,Albacete,Albacete,400.0,39.043972724429,-1.7994985054817,hibridacion,Con permisos,RdD,163.0,
13180.0,ROMICA 400,Castilla La Mancha,Albacete,Albacete,400.0,39.043972724429,-1.7994985054817,hibridacion,Con permisos,RdT,,
13180.0,ROMICA 400,Castilla La Mancha,Albacete,Albacete,400.0,39.043972724429,-1.7994985054817,hibridacion,En curso,RdD,5.0,
13180.0,ROMICA 400,Castilla La Mancha,Albacete,Albacete,400.0,39.043972724429,-1.7994985054817,hibridacion,En curso,RdT,,
13180.0,ROMICA 400,Castilla La Mancha,Albacete,Albacete,400.0,39.043972724429,-1.7994985054817,hibridacion,Puesta en servicio,RdD,196.7,
13180.0,ROMICA 400,Castilla La Mancha,Albacete,Albacete,400.0,39.043972724429,-1.7994985054817,hibridacion,Puesta en servicio,RdT,221.98,
13180.0,ROMICA 400,Castilla La Mancha,Albacete,Albacete,400.0,39.043972724429,-1.7994985054817,hidraulica,Puesta en servicio,RdD,59.08,59.08
13180.0,ROMICA 400,Castilla La Mancha,Albacete,Albacete,400.0,39.043972724429,-1.7994985054817,hidraulica,Puesta en servicio,RdT,,
13180.0,ROMICA 400,Castilla La Mancha,Albacete,Albacete,400.0,39.043972724429,-1.7994985054817,otras,Con permisos,RdD,11.0,11.0
13180.0,ROMICA 400,Castilla La Mancha,Albacete,Albacete,400.0,39.043972724429,-1.7994985054817,otras,Con permisos,RdT,,
13180.0,ROMICA 400,Castilla La Mancha,Albacete,Albacete,400.0,39.043972724429,-1.7994985054817,otras,Puesta en servicio,RdD,20.36,20.36
13180.0,ROMICA 400,Castilla La Mancha,Albacete,Albacete,400.0,39.043972724429,-1.7994985054817,otras,Puesta en servicio,RdT,,
13517.0,MANCHEGA 400,Castilla La Mancha,Albacete,Albacete,400.0,39.025829854428,-1.8961253068355,almacenamiento,En curso,RdD,,4.8
13517.0,MANCHEGA 400,Castilla La Mancha,Albacete,Albacete,400.0,39.025829854428,-1.8961253068355,almacenamiento,En curso,RdT,,
13517.0,MANCHEGA 400,Castilla La Mancha,Albacete,Albacete,400.0,39.025829854428,-1.8961253068355,eolica,En curso,RdD,185.0,185.0
13517.0,MANCHEGA 400,Castilla La Mancha,Albacete,Albacete,400.0,39.025829854428,-1.8961253068355,eolica,En curso,RdT,,
13517.0,MANCHEGA 400,Castilla La Mancha,Albacete,Albacete,400.0,39.025829854428,-1.8961253068355,fotovoltaica,En curso,RdD,472.95,528.05
13517.0,MANCHEGA 400,Castilla La Mancha,Albacete,Albacete,400.0,39.025829854428,-1.8961253068355,fotovoltaica,En curso,RdT,,
13517.0,MANCHEGA 400,Castilla La Mancha,Albacete,Albacete,400.0,39.025829854428,-1.8961253068355,hibridacion,En curso,RdD,45.15,
13517.0,MANCHEGA 400,Castilla La Mancha,Albacete,Albacete,400.0,39.025829854428,-1.8961253068355,hibridacion,En curso,RdT,,
6855.0,CAMPANARIO 400,Castilla La Mancha,Albacete,Bonete,400.0,38.88291826662,-1.2783134378123,almacenamiento,Con permisos,RdD,,
6855.0,CAMPANARIO 400,Castilla La Mancha,Albacete,Bonete,400.0,38.88291826662,-1.2783134378123,almacenamiento,Con permisos,RdT,,312.0
6855.0,CAMPANARIO 400,Castilla La Mancha,Albacete,Bonete,400.0,38.88291826662,-1.2783134378123,eolica,Con permisos,RdD,,
6855.0,CAMPANARIO 400,Castilla La Mancha,Albacete,Bonete,400.0,38.88291826662,-1.2783134378123,eolica,Con permisos,RdT,,41.0
6855.0,CAMPANARIO 400,Castilla La Mancha,Albacete,Bonete,400.0,38.88291826662,-1.2783134378123,eolica,Puesta en servicio,RdD,,
6855.0,CAMPANARIO 400,Castilla La Mancha,Albacete,Bonete,400.0,38.88291826662,-1.2783134378123,eolica,Puesta en servicio,RdT,,202.0
6855.0,CAMPANARIO 400,Castilla La Mancha,Albacete,Bonete,400.0,38.88291826662,-1.2783134378123,fotovoltaica,Con permisos,RdD,,
6855.0,CAMPANARIO 400,Castilla La Mancha,Albacete,Bonete,400.0,38.88291826662,-1.2783134378123,fotovoltaica,Con permisos,RdT,,67.0
6855.0,CAMPANARIO 400,Castilla La Mancha,Albacete,Bonete,400.0,38.88291826662,-1.2783134378123,fotovoltaica,Puesta en servicio,RdD,,
6855.0,CAMPANARIO 400,Castilla La Mancha,Albacete,Bonete,400.0,38.88291826662,-1.2783134378123,fotovoltaica,Puesta en servicio,RdT,157.89,602.35
6855.0,CAMPANARIO 400,Castilla La Mancha,Albacete,Bonete,400.0,38.88291826662,-1.2783134378123,hibridacion,Con permisos,RdD,,
6855.0,CAMPANARIO 400,Castilla La Mancha,Albacete,Bonete,400.0,38.88291826662,-1.2783134378123,hibridacion,Con permisos,RdT,41.0,
6855.0,CAMPANARIO 400,Castilla La Mancha,Albacete,Bonete,400.0,38.88291826662,-1.2783134378123,hibridacion,Puesta en servicio,RdD,,
6855.0,CAMPANARIO 400,Castilla La Mancha,Albacete,Bonete,400.0,38.88291826662,-1.2783134378123,hibridacion,Puesta en servicio,RdT,509.6,
13325.0,LA PINILLA 400,Castilla La Mancha,Albacete,Chinchilla de Monte-Aragón,400.0,38.764470085719,-1.6024152675489,eolica,Con permisos,RdD,,
13325.0,LA PINILLA 400,Castilla La Mancha,Albacete,Chinchilla de Monte-Aragón,400.0,38.764470085719,-1.6024152675489,eolica,Con permisos,RdT,75.0,78.0
13325.0,LA PINILLA 400,Castilla La Mancha,Albacete,Chinchilla de Monte-Aragón,400.0,38.764470085719,-1.6024152675489,eolica,Puesta en servicio,RdD,14.45,14.45
13325.0,LA PINILLA 400,Castilla La Mancha,Albacete,Chinchilla de Monte-Aragón,400.0,38.764470085719,-1.6024152675489,eolica,Puesta en servicio,RdT,310.5,792.31
13325.0,LA PINILLA 400,Castilla La Mancha,Albacete,Chinchilla de Monte-Aragón,400.0,38.764470085719,-1.6024152675489,fotovoltaica,Con permisos,RdD,,
13325.0,LA PINILLA 400,Castilla La Mancha,Albacete,Chinchilla de Monte-Aragón,400.0,38.764470085719,-1.6024152675489,fotovoltaica,Con permisos,RdT,100.0,353.0
13325.0,LA PINILLA 400,Castilla La Mancha,Albacete,Chinchilla de Monte-Aragón,400.0,38.764470085719,-1.6024152675489,fotovoltaica,En curso,RdD,,
13325.0,LA PINILLA 400,Castilla La Mancha,Albacete,Chinchilla de Monte-Aragón,400.0,38.764470085719,-1.6024152675489,fotovoltaica,En curso,RdT,42.0,42.0
13325.0,LA PINILLA 400,Castilla La Mancha,Albacete,Chinchilla de Monte-Aragón,400.0,38.764470085719,-1.6024152675489,fotovoltaica,Puesta en servicio,RdD,,
13325.0,LA PINILLA 400,Castilla La Mancha,Albacete,Chinchilla de Monte-Aragón,400.0,38.764470085719,-1.6024152675489,fotovoltaica,Puesta en servicio,RdT,13.0,14.3
13325.0,LA PINILLA 400,Castilla La Mancha,Albacete,Chinchilla de Monte-Aragón,400.0,38.764470085719,-1.6024152675489,hibridacion,Puesta en servicio,RdD,,
13325.0,LA PINILLA 400,Castilla La Mancha,Albacete,Chinchilla de Monte-Aragón,400.0,38.764470085719,-1.6024152675489,hibridacion,Puesta en servicio,RdT,481.81,
13055.0,PICON 220,Castilla La Mancha,Ciudad Real,Alcolea de Calatrava,220.0,39.020908915764,-4.1078191383848,almacenamiento,Con permisos,RdD,,
13055.0,PICON 220,Castilla La Mancha,Ciudad Real,Alcolea de Calatrava,220.0,39.020908915764,-4.1078191383848,almacenamiento,Con permisos,RdT,,63.0
13055.0,PICON 220,Castilla La Mancha,Ciudad Real,Alcolea de Calatrava,220.0,39.020908915764,-4.1078191383848,almacenamiento,En curso,RdD,,
13055.0,PICON 220,Castilla La Mancha,Ciudad Real,Alcolea de Calatrava,220.0,39.020908915764,-4.1078191383848,almacenamiento,En curso,RdT,,60.0
13055.0,PICON 220,Castilla La Mancha,Ciudad Real,Alcolea de Calatrava,220.0,39.020908915764,-4.1078191383848,eolica,En curso,RdD,,
13055.0,PICON 220,Castilla La Mancha,Ciudad Real,Alcolea de Calatrava,220.0,39.020908915764,-4.1078191383848,eolica,En curso,RdT,,86.0
13055.0,PICON 220,Castilla La Mancha,Ciudad Real,Alcolea de Calatrava,220.0,39.020908915764,-4.1078191383848,eolica,Puesta en servicio,RdD,,
13055.0,PICON 220,Castilla La Mancha,Ciudad Real,Alcolea de Calatrava,220.0,39.020908915764,-4.1078191383848,eolica,Puesta en servicio,RdT,,86.0
13055.0,PICON 220,Castilla La Mancha,Ciudad Real,Alcolea de Calatrava,220.0,39.020908915764,-4.1078191383848,fotovoltaica,Con permisos,RdD,,
13055.0,PICON 220,Castilla La Mancha,Ciudad Real,Alcolea de Calatrava,220.0,39.020908915764,-4.1078191383848,fotovoltaica,Con permisos,RdT,,78.0
13055.0,PICON 220,Castilla La Mancha,Ciudad Real,Alcolea de Calatrava,220.0,39.020908915764,-4.1078191383848,fotovoltaica,En curso,RdD,,
13055.0,PICON 220,Castilla La Mancha,Ciudad Real,Alcolea de Calatrava,220.0,39.020908915764,-4.1078191383848,fotovoltaica,En curso,RdT,,228.0
13055.0,PICON 220,Castilla La Mancha,Ciudad Real,Alcolea de Calatrava,220.0,39.020908915764,-4.1078191383848,fotovoltaica,Puesta en servicio,RdD,,
13055.0,PICON 220,Castilla La Mancha,Ciudad Real,Alcolea de Calatrava,220.0,39.020908915764,-4.1078191383848,fotovoltaica,Puesta en servicio,RdT,73.0,233.81
13055.0,PICON 220,Castilla La Mancha,Ciudad Real,Alcolea de Calatrava,220.0,39.020908915764,-4.1078191383848,hibridacion,Con permisos,RdD,,
13055.0,PICON 220,Castilla La Mancha,Ciudad Real,Alcolea de Calatrava,220.0,39.020908915764,-4.1078191383848,hibridacion,Con permisos,RdT,138.0,
13055.0,PICON 220,Castilla La Mancha,Ciudad Real,Alcolea de Calatrava,220.0,39.020908915764,-4.1078191383848,hibridacion,En curso,RdD,,
13055.0,PICON 220,Castilla La Mancha,Ciudad Real,Alcolea de Calatrava,220.0,39.020908915764,-4.1078191383848,hibridacion,En curso,RdT,224.0,
13055.0,PICON 220,Castilla La Mancha,Ciudad Real,Alcolea de Calatrava,220.0,39.020908915764,-4.1078191383848,hibridacion,Puesta en servicio,RdD,,
13055.0,PICON 220,Castilla La Mancha,Ciudad Real,Alcolea de Calatrava,220.0,39.020908915764,-4.1078191383848,hibridacion,Puesta en servicio,RdT,86.0,
6850.0,ARENAS DE SAN JUAN 220,Castilla La Mancha,Ciudad Real,Arenas de San Juan,220.0,39.243336445187,-3.4930706173971,almacenamiento,Con permisos,RdD,,
6850.0,ARENAS DE SAN JUAN 220,Castilla La Mancha,Ciudad Real,Arenas de San Juan,220.0,39.243336445187,-3.4930706173971,almacenamiento,Con permisos,RdT,20.0,146.0
6850.0,ARENAS DE SAN JUAN 220,Castilla La Mancha,Ciudad Real,Arenas de San Juan,220.0,39.243336445187,-3.4930706173971,almacenamiento,En curso,RdD,,
6850.0,ARENAS DE SAN JUAN 220,Castilla La Mancha,Ciudad Real,Arenas de San Juan,220.0,39.243336445187,-3.4930706173971,almacenamiento,En curso,RdT,169.8,210.8
6850.0,ARENAS DE SAN JUAN 220,Castilla La Mancha,Ciudad Real,Arenas de San Juan,220.0,39.243336445187,-3.4930706173971,fotovoltaica,Con permisos,RdD,,
6850.0,ARENAS DE SAN JUAN 220,Castilla La Mancha,Ciudad Real,Arenas de San Juan,220.0,39.243336445187,-3.4930706173971,fotovoltaica,Con permisos,RdT,480.0,484.0
6850.0,ARENAS DE SAN JUAN 220,Castilla La Mancha,Ciudad Real,Arenas de San Juan,220.0,39.243336445187,-3.4930706173971,fotovoltaica,En curso,RdD,,
6850.0,ARENAS DE SAN JUAN 220,Castilla La Mancha,Ciudad Real,Arenas de San Juan,220.0,39.243336445187,-3.4930706173971,fotovoltaica,En curso,RdT,661.78,800.78
6850.0,ARENAS DE SAN JUAN 220,Castilla La Mancha,Ciudad Real,Arenas de San Juan,220.0,39.243336445187,-3.4930706173971,fotovoltaica,Puesta en servicio,RdD,,
6850.0,ARENAS DE SAN JUAN 220,Castilla La Mancha,Ciudad Real,Arenas de San Juan,220.0,39.243336445187,-3.4930706173971,fotovoltaica,Puesta en servicio,RdT,40.8,231.0
6850.0,ARENAS DE SAN JUAN 220,Castilla La Mancha,Ciudad Real,Arenas de San Juan,220.0,39.243336445187,-3.4930706173971,hibridacion,En curso,RdD,,
6850.0,ARENAS DE SAN JUAN 220,Castilla La Mancha,Ciudad Real,Arenas de San Juan,220.0,39.243336445187,-3.4930706173971,hibridacion,En curso,RdT,88.8,
6850.0,ARENAS DE SAN JUAN 220,Castilla La Mancha,Ciudad Real,Arenas de San Juan,220.0,39.243336445187,-3.4930706173971,hibridacion,Puesta en servicio,RdD,,
6850.0,ARENAS DE SAN JUAN 220,Castilla La Mancha,Ciudad Real,Arenas de San Juan,220.0,39.243336445187,-3.4930706173971,hibridacion,Puesta en servicio,RdT,273.8,
6850.0,ARENAS DE SAN JUAN 220,Castilla La Mancha,Ciudad Real,Arenas de San Juan,220.0,39.243336445187,-3.4930706173971,termosolar,Puesta en servicio,RdD,,
6850.0,ARENAS DE SAN JUAN 220,Castilla La Mancha,Ciudad Real,Arenas de San Juan,220.0,39.243336445187,-3.4930706173971,termosolar,Puesta en servicio,RdT,,99.8
6853.0,BRAZATORTAS 400,Castilla La Mancha,Ciudad Real,Brazatortas,400.0,38.652429980643,-4.2538638316872,almacenamiento,Con permisos,RdD,,
6853.0,BRAZATORTAS 400,Castilla La Mancha,Ciudad Real,Brazatortas,400.0,38.652429980643,-4.2538638316872,almacenamiento,Con permisos,RdT,,82.0
6853.0,BRAZATORTAS 400,Castilla La Mancha,Ciudad Real,Brazatortas,400.0,38.652429980643,-4.2538638316872,fotovoltaica,Con permisos,RdD,,
6853.0,BRAZATORTAS 400,Castilla La Mancha,Ciudad Real,Brazatortas,400.0,38.652429980643,-4.2538638316872,fotovoltaica,Con permisos,RdT,254.0,364.0
6853.0,BRAZATORTAS 400,Castilla La Mancha,Ciudad Real,Brazatortas,400.0,38.652429980643,-4.2538638316872,fotovoltaica,Puesta en servicio,RdD,,
6853.0,BRAZATORTAS 400,Castilla La Mancha,Ciudad Real,Brazatortas,400.0,38.652429980643,-4.2538638316872,fotovoltaica,Puesta en servicio,RdT,,63.0
6853.0,BRAZATORTAS 400,Castilla La Mancha,Ciudad Real,Brazatortas,400.0,38.652429980643,-4.2538638316872,hibridacion,Con permisos,RdD,,
6853.0,BRAZATORTAS 400,Castilla La Mancha,Ciudad Real,Brazatortas,400.0,38.652429980643,-4.2538638316872,hibridacion,Con permisos,RdT,55.0,
6853.0,BRAZATORTAS 400,Castilla La Mancha,Ciudad Real,Brazatortas,400.0,38.652429980643,-4.2538638316872,hibridacion,Puesta en servicio,RdD,,
6853.0,BRAZATORTAS 400,Castilla La Mancha,Ciudad Real,Brazatortas,400.0,38.652429980643,-4.2538638316872,hibridacion,Puesta en servicio,RdT,55.4,
7409.0,BRAZATORTAS 220,Castilla La Mancha,Ciudad Real,Brazatortas,220.0,38.652429980643,-4.2538638316872,almacenamiento,Con permisos,RdD,,
7409.0,BRAZATORTAS 220,Castilla La Mancha,Ciudad Real,Brazatortas,220.0,38.652429980643,-4.2538638316872,almacenamiento,Con permisos,RdT,,79.0
7409.0,BRAZATORTAS 220,Castilla La Mancha,Ciudad Real,Brazatortas,220.0,38.652429980643,-4.2538638316872,almacenamiento,En curso,RdD,,
7409.0,BRAZATORTAS 220,Castilla La Mancha,Ciudad Real,Brazatortas,220.0,38.652429980643,-4.2538638316872,almacenamiento,En curso,RdT,,17.0
7409.0,BRAZATORTAS 220,Castilla La Mancha,Ciudad Real,Brazatortas,220.0,38.652429980643,-4.2538638316872,eolica,Con permisos,RdD,,
7409.0,BRAZATORTAS 220,Castilla La Mancha,Ciudad Real,Brazatortas,220.0,38.652429980643,-4.2538638316872,eolica,Con permisos,RdT,,28.0
7409.0,BRAZATORTAS 220,Castilla La Mancha,Ciudad Real,Brazatortas,220.0,38.652429980643,-4.2538638316872,fotovoltaica,En curso,RdD,,
7409.0,BRAZATORTAS 220,Castilla La Mancha,Ciudad Real,Brazatortas,220.0,38.652429980643,-4.2538638316872,fotovoltaica,En curso,RdT,,42.19
7409.0,BRAZATORTAS 220,Castilla La Mancha,Ciudad Real,Brazatortas,220.0,38.652429980643,-4.2538638316872,fotovoltaica,Puesta en servicio,RdD,,
7409.0,BRAZATORTAS 220,Castilla La Mancha,Ciudad Real,Brazatortas,220.0,38.652429980643,-4.2538638316872,fotovoltaica,Puesta en servicio,RdT,55.0,188.96
7409.0,BRAZATORTAS 220,Castilla La Mancha,Ciudad Real,Brazatortas,220.0,38.652429980643,-4.2538638316872,hibridacion,En curso,RdD,,
7409.0,BRAZATORTAS 220,Castilla La Mancha,Ciudad Real,Brazatortas,220.0,38.652429980643,-4.2538638316872,hibridacion,En curso,RdT,35.0,
7409.0,BRAZATORTAS 220,Castilla La Mancha,Ciudad Real,Brazatortas,220.0,38.652429980643,-4.2538638316872,hibridacion,Puesta en servicio,RdD,,
7409.0,BRAZATORTAS 220,Castilla La Mancha,Ciudad Real,Brazatortas,220.0,38.652429980643,-4.2538638316872,hibridacion,Puesta en servicio,RdT,107.0,
6848.0,ALARCOS 220,Castilla La Mancha,Ciudad Real,Ciudad Real,220.0,38.947605969235,-3.9618176846021,fotovoltaica,Con permisos,RdD,118.0,120.0
6848.0,ALARCOS 220,Castilla La Mancha,Ciudad Real,Ciudad Real,220.0,38.947605969235,-3.9618176846021,fotovoltaica,Con permisos,RdT,,
6848.0,ALARCOS 220,Castilla La Mancha,Ciudad Real,Ciudad Real,220.0,38.947605969235,-3.9618176846021,fotovoltaica,En curso,RdD,49.9,54.22
6848.0,ALARCOS 220,Castilla La Mancha,Ciudad Real,Ciudad Real,220.0,38.947605969235,-3.9618176846021,fotovoltaica,En curso,RdT,,
6848.0,ALARCOS 220,Castilla La Mancha,Ciudad Real,Ciudad Real,220.0,38.947605969235,-3.9618176846021,fotovoltaica,Puesta en servicio,RdD,144.0,160.77
6848.0,ALARCOS 220,Castilla La Mancha,Ciudad Real,Ciudad Real,220.0,38.947605969235,-3.9618176846021,fotovoltaica,Puesta en servicio,RdT,,
6848.0,ALARCOS 220,Castilla La Mancha,Ciudad Real,Ciudad Real,220.0,38.947605969235,-3.9618176846021,otras,Con permisos,RdD,1.0,1.0
6848.0,ALARCOS 220,Castilla La Mancha,Ciudad Real,Ciudad Real,220.0,38.947605969235,-3.9618176846021,otras,Con permisos,RdT,,
6848.0,ALARCOS 220,Castilla La Mancha,Ciudad Real,Ciudad Real,220.0,38.947605969235,-3.9618176846021,otras,Puesta en servicio,RdD,8.1,8.1
6848.0,ALARCOS 220,Castilla La Mancha,Ciudad Real,Ciudad Real,220.0,38.947605969235,-3.9618176846021,otras,Puesta en servicio,RdT,,
12885.0,LA PALOMA 220,Castilla La Mancha,Ciudad Real,Manzanares,220.0,39.020846943306,-3.374970549177,almacenamiento,Con permisos,RdD,,18.0
12885.0,LA PALOMA 220,Castilla La Mancha,Ciudad Real,Manzanares,220.0,39.020846943306,-3.374970549177,almacenamiento,Con permisos,RdT,,
12885.0,LA PALOMA 220,Castilla La Mancha,Ciudad Real,Manzanares,220.0,39.020846943306,-3.374970549177,almacenamiento,En curso,RdD,59.98,75.15
12885.0,LA PALOMA 220,Castilla La Mancha,Ciudad Real,Manzanares,220.0,39.020846943306,-3.374970549177,almacenamiento,En curso,RdT,,
12885.0,LA PALOMA 220,Castilla La Mancha,Ciudad Real,Manzanares,220.0,39.020846943306,-3.374970549177,eolica,Con permisos,RdD,,76.0
12885.0,LA PALOMA 220,Castilla La Mancha,Ciudad Real,Manzanares,220.0,39.020846943306,-3.374970549177,eolica,Con permisos,RdT,,
12885.0,LA PALOMA 220,Castilla La Mancha,Ciudad Real,Manzanares,220.0,39.020846943306,-3.374970549177,eolica,Puesta en servicio,RdD,116.0,116.0
12885.0,LA PALOMA 220,Castilla La Mancha,Ciudad Real,Manzanares,220.0,39.020846943306,-3.374970549177,eolica,Puesta en servicio,RdT,,
12885.0,LA PALOMA 220,Castilla La Mancha,Ciudad Real,Manzanares,220.0,39.020846943306,-3.374970549177,fotovoltaica,Con permisos,RdD,27.0,99.0
12885.0,LA PALOMA 220,Castilla La Mancha,Ciudad Real,Manzanares,220.0,39.020846943306,-3.374970549177,fotovoltaica,Con permisos,RdT,,
12885.0,LA PALOMA 220,Castilla La Mancha,Ciudad Real,Manzanares,220.0,39.020846943306,-3.374970549177,fotovoltaica,En curso,RdD,230.6,248.05
12885.0,LA PALOMA 220,Castilla La Mancha,Ciudad Real,Manzanares,220.0,39.020846943306,-3.374970549177,fotovoltaica,En curso,RdT,,
12885.0,LA PALOMA 220,Castilla La Mancha,Ciudad Real,Manzanares,220.0,39.020846943306,-3.374970549177,fotovoltaica,Puesta en servicio,RdD,32.51,67.24
12885.0,LA PALOMA 220,Castilla La Mancha,Ciudad Real,Manzanares,220.0,39.020846943306,-3.374970549177,fotovoltaica,Puesta en servicio,RdT,,
12885.0,LA PALOMA 220,Castilla La Mancha,Ciudad Real,Manzanares,220.0,39.020846943306,-3.374970549177,hibridacion,Con permisos,RdD,76.0,
12885.0,LA PALOMA 220,Castilla La Mancha,Ciudad Real,Manzanares,220.0,39.020846943306,-3.374970549177,hibridacion,Con permisos,RdT,,
12885.0,LA PALOMA 220,Castilla La Mancha,Ciudad Real,Manzanares,220.0,39.020846943306,-3.374970549177,hibridacion,En curso,RdD,14.99,
12885.0,LA PALOMA 220,Castilla La Mancha,Ciudad Real,Manzanares,220.0,39.020846943306,-3.374970549177,hibridacion,En curso,RdT,,
12885.0,LA PALOMA 220,Castilla La Mancha,Ciudad Real,Manzanares,220.0,39.020846943306,-3.374970549177,hibridacion,Puesta en servicio,RdD,30.0,
12885.0,LA PALOMA 220,Castilla La Mancha,Ciudad Real,Manzanares,220.0,39.020846943306,-3.374970549177,hibridacion,Puesta en servicio,RdT,,
12885.0,LA PALOMA 220,Castilla La Mancha,Ciudad Real,Manzanares,220.0,39.020846943306,-3.374970549177,otras,Con permisos,RdD,8.0,8.0
12885.0,LA PALOMA 220,Castilla La Mancha,Ciudad Real,Manzanares,220.0,39.020846943306,-3.374970549177,otras,Con permisos,RdT,,
12885.0,LA PALOMA 220,Castilla La Mancha,Ciudad Real,Manzanares,220.0,39.020846943306,-3.374970549177,otras,Puesta en servicio,RdD,60.49,60.49
12885.0,LA PALOMA 220,Castilla La Mancha,Ciudad Real,Manzanares,220.0,39.020846943306,-3.374970549177,otras,Puesta en servicio,RdT,,
12942.0,MANZANARES 400,Castilla La Mancha,Ciudad Real,Manzanares,400.0,39.044739902627,-3.3443515369052,almacenamiento,Con permisos,RdD,,
12942.0,MANZANARES 400,Castilla La Mancha,Ciudad Real,Manzanares,400.0,39.044739902627,-3.3443515369052,almacenamiento,Con permisos,RdT,,69.0
12942.0,MANZANARES 400,Castilla La Mancha,Ciudad Real,Manzanares,400.0,39.044739902627,-3.3443515369052,eolica,Con permisos,RdD,,
12942.0,MANZANARES 400,Castilla La Mancha,Ciudad Real,Manzanares,400.0,39.044739902627,-3.3443515369052,eolica,Con permisos,RdT,,36.0
12942.0,MANZANARES 400,Castilla La Mancha,Ciudad Real,Manzanares,400.0,39.044739902627,-3.3443515369052,fotovoltaica,En curso,RdD,,
12942.0,MANZANARES 400,Castilla La Mancha,Ciudad Real,Manzanares,400.0,39.044739902627,-3.3443515369052,fotovoltaica,En curso,RdT,0.25,0.25
12942.0,MANZANARES 400,Castilla La Mancha,Ciudad Real,Manzanares,400.0,39.044739902627,-3.3443515369052,fotovoltaica,Puesta en servicio,RdD,,
12942.0,MANZANARES 400,Castilla La Mancha,Ciudad Real,Manzanares,400.0,39.044739902627,-3.3443515369052,fotovoltaica,Puesta en servicio,RdT,191.0,390.71
12942.0,MANZANARES 400,Castilla La Mancha,Ciudad Real,Manzanares,400.0,39.044739902627,-3.3443515369052,hibridacion,Puesta en servicio,RdD,,
12942.0,MANZANARES 400,Castilla La Mancha,Ciudad Real,Manzanares,400.0,39.044739902627,-3.3443515369052,hibridacion,Puesta en servicio,RdT,150.0,
12946.0,MANZANARES 220,Castilla La Mancha,Ciudad Real,Manzanares,220.0,39.044739902627,-3.3443515369052,almacenamiento,Con permisos,RdD,,
12946.0,MANZANARES 220,Castilla La Mancha,Ciudad Real,Manzanares,220.0,39.044739902627,-3.3443515369052,almacenamiento,Con permisos,RdT,,20.0
12946.0,MANZANARES 220,Castilla La Mancha,Ciudad Real,Manzanares,220.0,39.044739902627,-3.3443515369052,fotovoltaica,Puesta en servicio,RdD,,
12946.0,MANZANARES 220,Castilla La Mancha,Ciudad Real,Manzanares,220.0,39.044739902627,-3.3443515369052,fotovoltaica,Puesta en servicio,RdT,212.7,335.03
12946.0,MANZANARES 220,Castilla La Mancha,Ciudad Real,Manzanares,220.0,39.044739902627,-3.3443515369052,hibridacion,Con permisos,RdD,,
12946.0,MANZANARES 220,Castilla La Mancha,Ciudad Real,Manzanares,220.0,39.044739902627,-3.3443515369052,hibridacion,Con permisos,RdT,30.0,
12946.0,MANZANARES 220,Castilla La Mancha,Ciudad Real,Manzanares,220.0,39.044739902627,-3.3443515369052,hibridacion,Puesta en servicio,RdD,,
12946.0,MANZANARES 220,Castilla La Mancha,Ciudad Real,Manzanares,220.0,39.044739902627,-3.3443515369052,hibridacion,Puesta en servicio,RdT,42.0,
12946.0,MANZANARES 220,Castilla La Mancha,Ciudad Real,Manzanares,220.0,39.044739902627,-3.3443515369052,termosolar,Puesta en servicio,RdD,,
12946.0,MANZANARES 220,Castilla La Mancha,Ciudad Real,Manzanares,220.0,39.044739902627,-3.3443515369052,termosolar,Puesta en servicio,RdT,99.8,99.8
12738.0,ELCOGAS 220,Castilla La Mancha,Ciudad Real,Puertollano,220.0,38.657056653692,-3.9871421715206,almacenamiento,Con permisos,RdD,,
12738.0,ELCOGAS 220,Castilla La Mancha,Ciudad Real,Puertollano,220.0,38.657056653692,-3.9871421715206,almacenamiento,Con permisos,RdT,,35.0
12738.0,ELCOGAS 220,Castilla La Mancha,Ciudad Real,Puertollano,220.0,38.657056653692,-3.9871421715206,almacenamiento,Puesta en servicio,RdD,,
12738.0,ELCOGAS 220,Castilla La Mancha,Ciudad Real,Puertollano,220.0,38.657056653692,-3.9871421715206,almacenamiento,Puesta en servicio,RdT,,5.0
12738.0,ELCOGAS 220,Castilla La Mancha,Ciudad Real,Puertollano,220.0,38.657056653692,-3.9871421715206,fotovoltaica,Puesta en servicio,RdD,,
12738.0,ELCOGAS 220,Castilla La Mancha,Ciudad Real,Puertollano,220.0,38.657056653692,-3.9871421715206,fotovoltaica,Puesta en servicio,RdT,162.4,324.41
12738.0,ELCOGAS 220,Castilla La Mancha,Ciudad Real,Puertollano,220.0,38.657056653692,-3.9871421715206,hibridacion,Puesta en servicio,RdD,,
12738.0,ELCOGAS 220,Castilla La Mancha,Ciudad Real,Puertollano,220.0,38.657056653692,-3.9871421715206,hibridacion,Puesta en servicio,RdT,133.0,
12738.0,ELCOGAS 220,Castilla La Mancha,Ciudad Real,Puertollano,220.0,38.657056653692,-3.9871421715206,otras,Con permisos,RdD,,
12738.0,ELCOGAS 220,Castilla La Mancha,Ciudad Real,Puertollano,220.0,38.657056653692,-3.9871421715206,otras,Con permisos,RdT,50.0,50.0
12738.0,ELCOGAS 220,Castilla La Mancha,Ciudad Real,Puertollano,220.0,38.657056653692,-3.9871421715206,otras,Puesta en servicio,RdD,,
12738.0,ELCOGAS 220,Castilla La Mancha,Ciudad Real,Puertollano,220.0,38.657056653692,-3.9871421715206,otras,Puesta en servicio,RdT,50.0,50.0
12738.0,ELCOGAS 220,Castilla La Mancha,Ciudad Real,Puertollano,220.0,38.657056653692,-3.9871421715206,termosolar,Puesta en servicio,RdD,,
12738.0,ELCOGAS 220,Castilla La Mancha,Ciudad Real,Puertollano,220.0,38.657056653692,-3.9871421715206,termosolar,Puesta en servicio,RdT,48.0,50.0
12901.0,LA SOLANA 220,Castilla La Mancha,Ciudad Real,Puertollano,220.0,38.678408170535,-4.1457995167517,almacenamiento,Con permisos,RdD,,19.0
12901.0,LA SOLANA 220,Castilla La Mancha,Ciudad Real,Puertollano,220.0,38.678408170535,-4.1457995167517,almacenamiento,Con permisos,RdT,,90.0
12901.0,LA SOLANA 220,Castilla La Mancha,Ciudad Real,Puertollano,220.0,38.678408170535,-4.1457995167517,almacenamiento,En curso,RdD,,
12901.0,LA SOLANA 220,Castilla La Mancha,Ciudad Real,Puertollano,220.0,38.678408170535,-4.1457995167517,almacenamiento,En curso,RdT,95.5,99.99
12901.0,LA SOLANA 220,Castilla La Mancha,Ciudad Real,Puertollano,220.0,38.678408170535,-4.1457995167517,bombeo,Con permisos,RdD,,
12901.0,LA SOLANA 220,Castilla La Mancha,Ciudad Real,Puertollano,220.0,38.678408170535,-4.1457995167517,bombeo,Con permisos,RdT,50.0,50.0
12901.0,LA SOLANA 220,Castilla La Mancha,Ciudad Real,Puertollano,220.0,38.678408170535,-4.1457995167517,eolica,Con permisos,RdD,,
12901.0,LA SOLANA 220,Castilla La Mancha,Ciudad Real,Puertollano,220.0,38.678408170535,-4.1457995167517,eolica,Con permisos,RdT,48.0,48.0
12901.0,LA SOLANA 220,Castilla La Mancha,Ciudad Real,Puertollano,220.0,38.678408170535,-4.1457995167517,fotovoltaica,Con permisos,RdD,4.0,5.0
12901.0,LA SOLANA 220,Castilla La Mancha,Ciudad Real,Puertollano,220.0,38.678408170535,-4.1457995167517,fotovoltaica,Con permisos,RdT,71.0,221.0
12901.0,LA SOLANA 220,Castilla La Mancha,Ciudad Real,Puertollano,220.0,38.678408170535,-4.1457995167517,fotovoltaica,Puesta en servicio,RdD,3.2,52.43
12901.0,LA SOLANA 220,Castilla La Mancha,Ciudad Real,Puertollano,220.0,38.678408170535,-4.1457995167517,fotovoltaica,Puesta en servicio,RdT,148.65,161.15
12901.0,LA SOLANA 220,Castilla La Mancha,Ciudad Real,Puertollano,220.0,38.678408170535,-4.1457995167517,hibridacion,Con permisos,RdD,46.0,
12901.0,LA SOLANA 220,Castilla La Mancha,Ciudad Real,Puertollano,220.0,38.678408170535,-4.1457995167517,hibridacion,Con permisos,RdT,100.0,
12901.0,LA SOLANA 220,Castilla La Mancha,Ciudad Real,Puertollano,220.0,38.678408170535,-4.1457995167517,otras,Puesta en servicio,RdD,9.81,9.81
12901.0,LA SOLANA 220,Castilla La Mancha,Ciudad Real,Puertollano,220.0,38.678408170535,-4.1457995167517,otras,Puesta en servicio,RdT,,
13096.0,PUERTOLLANO 220,Castilla La Mancha,Ciudad Real,Puertollano,220.0,38.647315264729,-4.1245335072979,almacenamiento,Con permisos,RdD,,4.0
13096.0,PUERTOLLANO 220,Castilla La Mancha,Ciudad Real,Puertollano,220.0,38.647315264729,-4.1245335072979,almacenamiento,Con permisos,RdT,,
13096.0,PUERTOLLANO 220,Castilla La Mancha,Ciudad Real,Puertollano,220.0,38.647315264729,-4.1245335072979,fotovoltaica,Con permisos,RdD,39.0,95.0
13096.0,PUERTOLLANO 220,Castilla La Mancha,Ciudad Real,Puertollano,220.0,38.647315264729,-4.1245335072979,fotovoltaica,Con permisos,RdT,,
13096.0,PUERTOLLANO 220,Castilla La Mancha,Ciudad Real,Puertollano,220.0,38.647315264729,-4.1245335072979,hibridacion,Con permisos,RdD,84.0,
13096.0,PUERTOLLANO 220,Castilla La Mancha,Ciudad Real,Puertollano,220.0,38.647315264729,-4.1245335072979,hibridacion,Con permisos,RdT,,
13096.0,PUERTOLLANO 220,Castilla La Mancha,Ciudad Real,Puertollano,220.0,38.647315264729,-4.1245335072979,otras,Con permisos,RdD,,84.0
13096.0,PUERTOLLANO 220,Castilla La Mancha,Ciudad Real,Puertollano,220.0,38.647315264729,-4.1245335072979,otras,Con permisos,RdT,,
13096.0,PUERTOLLANO 220,Castilla La Mancha,Ciudad Real,Puertollano,220.0,38.647315264729,-4.1245335072979,otras,Puesta en servicio,RdD,84.0,84.0
13096.0,PUERTOLLANO 220,Castilla La Mancha,Ciudad Real,Puertollano,220.0,38.647315264729,-4.1245335072979,otras,Puesta en servicio,RdT,,
7226.0,BELINCHON 400,Castilla La Mancha,Cuenca,Belinchón,400.0,40.03414684189,-3.0797694822307,almacenamiento,Con permisos,RdD,,
7226.0,BELINCHON 400,Castilla La Mancha,Cuenca,Belinchón,400.0,40.03414684189,-3.0797694822307,almacenamiento,Con permisos,RdT,,714.0
7226.0,BELINCHON 400,Castilla La Mancha,Cuenca,Belinchón,400.0,40.03414684189,-3.0797694822307,eolica,Con permisos,RdD,,
7226.0,BELINCHON 400,Castilla La Mancha,Cuenca,Belinchón,400.0,40.03414684189,-3.0797694822307,eolica,Con permisos,RdT,,180.0
7226.0,BELINCHON 400,Castilla La Mancha,Cuenca,Belinchón,400.0,40.03414684189,-3.0797694822307,fotovoltaica,Puesta en servicio,RdD,,
7226.0,BELINCHON 400,Castilla La Mancha,Cuenca,Belinchón,400.0,40.03414684189,-3.0797694822307,fotovoltaica,Puesta en servicio,RdT,,987.3
7226.0,BELINCHON 400,Castilla La Mancha,Cuenca,Belinchón,400.0,40.03414684189,-3.0797694822307,hibridacion,En curso,RdD,,
7226.0,BELINCHON 400,Castilla La Mancha,Cuenca,Belinchón,400.0,40.03414684189,-3.0797694822307,hibridacion,En curso,RdT,123.8,
7226.0,BELINCHON 400,Castilla La Mancha,Cuenca,Belinchón,400.0,40.03414684189,-3.0797694822307,hibridacion,Puesta en servicio,RdD,,
7226.0,BELINCHON 400,Castilla La Mancha,Cuenca,Belinchón,400.0,40.03414684189,-3.0797694822307,hibridacion,Puesta en servicio,RdT,863.97,
6877.0,VILLANUEVA DE LOS ESCUDEROS 400,Castilla La Mancha,Cuenca,Cuenca,400.0,40.03010179112,-2.3230531031236,almacenamiento,Con permisos,RdD,,
6877.0,VILLANUEVA DE LOS ESCUDEROS 400,Castilla La Mancha,Cuenca,Cuenca,400.0,40.03010179112,-2.3230531031236,almacenamiento,Con permisos,RdT,,308.0
6877.0,VILLANUEVA DE LOS ESCUDEROS 400,Castilla La Mancha,Cuenca,Cuenca,400.0,40.03010179112,-2.3230531031236,eolica,Puesta en servicio,RdD,,
6877.0,VILLANUEVA DE LOS ESCUDEROS 400,Castilla La Mancha,Cuenca,Cuenca,400.0,40.03010179112,-2.3230531031236,eolica,Puesta en servicio,RdT,,100.8
6877.0,VILLANUEVA DE LOS ESCUDEROS 400,Castilla La Mancha,Cuenca,Cuenca,400.0,40.03010179112,-2.3230531031236,fotovoltaica,Puesta en servicio,RdD,,
6877.0,VILLANUEVA DE LOS ESCUDEROS 400,Castilla La Mancha,Cuenca,Cuenca,400.0,40.03010179112,-2.3230531031236,fotovoltaica,Puesta en servicio,RdT,126.81,569.31
6877.0,VILLANUEVA DE LOS ESCUDEROS 400,Castilla La Mancha,Cuenca,Cuenca,400.0,40.03010179112,-2.3230531031236,hibridacion,Puesta en servicio,RdD,,
6877.0,VILLANUEVA DE LOS ESCUDEROS 400,Castilla La Mancha,Cuenca,Cuenca,400.0,40.03010179112,-2.3230531031236,hibridacion,Puesta en servicio,RdT,370.16,
12836.0,HUELVES 220,Castilla La Mancha,Cuenca,Huelves,220.0,40.059070740249,-2.939270627979,almacenamiento,Con permisos,RdD,,15.0
12836.0,HUELVES 220,Castilla La Mancha,Cuenca,Huelves,220.0,40.059070740249,-2.939270627979,almacenamiento,Con permisos,RdT,,
12836.0,HUELVES 220,Castilla La Mancha,Cuenca,Huelves,220.0,40.059070740249,-2.939270627979,eolica,Con permisos,RdD,,38.0
12836.0,HUELVES 220,Castilla La Mancha,Cuenca,Huelves,220.0,40.059070740249,-2.939270627979,eolica,Con permisos,RdT,,
12836.0,HUELVES 220,Castilla La Mancha,Cuenca,Huelves,220.0,40.059070740249,-2.939270627979,eolica,Puesta en servicio,RdD,38.0,38.0
12836.0,HUELVES 220,Castilla La Mancha,Cuenca,Huelves,220.0,40.059070740249,-2.939270627979,eolica,Puesta en servicio,RdT,,
12836.0,HUELVES 220,Castilla La Mancha,Cuenca,Huelves,220.0,40.059070740249,-2.939270627979,fotovoltaica,Con permisos,RdD,9.0,48.0
12836.0,HUELVES 220,Castilla La Mancha,Cuenca,Huelves,220.0,40.059070740249,-2.939270627979,fotovoltaica,Con permisos,RdT,,
12836.0,HUELVES 220,Castilla La Mancha,Cuenca,Huelves,220.0,40.059070740249,-2.939270627979,fotovoltaica,Puesta en servicio,RdD,22.26,47.48
12836.0,HUELVES 220,Castilla La Mancha,Cuenca,Huelves,220.0,40.059070740249,-2.939270627979,fotovoltaica,Puesta en servicio,RdT,,
12836.0,HUELVES 220,Castilla La Mancha,Cuenca,Huelves,220.0,40.059070740249,-2.939270627979,hibridacion,Con permisos,RdD,42.0,
12836.0,HUELVES 220,Castilla La Mancha,Cuenca,Huelves,220.0,40.059070740249,-2.939270627979,hibridacion,Con permisos,RdT,,
12836.0,HUELVES 220,Castilla La Mancha,Cuenca,Huelves,220.0,40.059070740249,-2.939270627979,hibridacion,Puesta en servicio,RdD,20.0,
12836.0,HUELVES 220,Castilla La Mancha,Cuenca,Huelves,220.0,40.059070740249,-2.939270627979,hibridacion,Puesta en servicio,RdT,,
12836.0,HUELVES 220,Castilla La Mancha,Cuenca,Huelves,220.0,40.059070740249,-2.939270627979,otras,Con permisos,RdD,,4.0
12836.0,HUELVES 220,Castilla La Mancha,Cuenca,Huelves,220.0,40.059070740249,-2.939270627979,otras,Con permisos,RdT,,
12836.0,HUELVES 220,Castilla La Mancha,Cuenca,Huelves,220.0,40.059070740249,-2.939270627979,otras,Puesta en servicio,RdD,22.88,22.88
12836.0,HUELVES 220,Castilla La Mancha,Cuenca,Huelves,220.0,40.059070740249,-2.939270627979,otras,Puesta en servicio,RdT,,
12973.0,MINGLANILLA 400,Castilla La Mancha,Cuenca,Minglanilla,400.0,39.524812389109,-1.5651661453601,almacenamiento,Con permisos,RdD,,
12973.0,MINGLANILLA 400,Castilla La Mancha,Cuenca,Minglanilla,400.0,39.524812389109,-1.5651661453601,almacenamiento,Con permisos,RdT,,406.0
12973.0,MINGLANILLA 400,Castilla La Mancha,Cuenca,Minglanilla,400.0,39.524812389109,-1.5651661453601,eolica,Puesta en servicio,RdD,,
12973.0,MINGLANILLA 400,Castilla La Mancha,Cuenca,Minglanilla,400.0,39.524812389109,-1.5651661453601,eolica,Puesta en servicio,RdT,175.0,716.7
12973.0,MINGLANILLA 400,Castilla La Mancha,Cuenca,Minglanilla,400.0,39.524812389109,-1.5651661453601,fotovoltaica,Con permisos,RdD,,
12973.0,MINGLANILLA 400,Castilla La Mancha,Cuenca,Minglanilla,400.0,39.524812389109,-1.5651661453601,fotovoltaica,Con permisos,RdT,,330.0
12973.0,MINGLANILLA 400,Castilla La Mancha,Cuenca,Minglanilla,400.0,39.524812389109,-1.5651661453601,fotovoltaica,Puesta en servicio,RdD,,
12973.0,MINGLANILLA 400,Castilla La Mancha,Cuenca,Minglanilla,400.0,39.524812389109,-1.5651661453601,fotovoltaica,Puesta en servicio,RdT,84.0,376.85
12973.0,MINGLANILLA 400,Castilla La Mancha,Cuenca,Minglanilla,400.0,39.524812389109,-1.5651661453601,hibridacion,Con permisos,RdD,,
12973.0,MINGLANILLA 400,Castilla La Mancha,Cuenca,Minglanilla,400.0,39.524812389109,-1.5651661453601,hibridacion,Con permisos,RdT,300.0,
12973.0,MINGLANILLA 400,Castilla La Mancha,Cuenca,Minglanilla,400.0,39.524812389109,-1.5651661453601,hibridacion,Puesta en servicio,RdD,,
12973.0,MINGLANILLA 400,Castilla La Mancha,Cuenca,Minglanilla,400.0,39.524812389109,-1.5651661453601,hibridacion,Puesta en servicio,RdT,375.2,
13020.0,OLMEDILLA 220,Castilla La Mancha,Cuenca,Olmedilla de Alarcón,220.0,39.638018244407,-2.0846097057284,eolica,En curso,RdD,,
13020.0,OLMEDILLA 220,Castilla La Mancha,Cuenca,Olmedilla de Alarcón,220.0,39.638018244407,-2.0846097057284,eolica,En curso,RdT,,21.0
13020.0,OLMEDILLA 220,Castilla La Mancha,Cuenca,Olmedilla de Alarcón,220.0,39.638018244407,-2.0846097057284,eolica,Puesta en servicio,RdD,64.5,64.5
13020.0,OLMEDILLA 220,Castilla La Mancha,Cuenca,Olmedilla de Alarcón,220.0,39.638018244407,-2.0846097057284,eolica,Puesta en servicio,RdT,,
13020.0,OLMEDILLA 220,Castilla La Mancha,Cuenca,Olmedilla de Alarcón,220.0,39.638018244407,-2.0846097057284,fotovoltaica,Con permisos,RdD,6.0,6.0
13020.0,OLMEDILLA 220,Castilla La Mancha,Cuenca,Olmedilla de Alarcón,220.0,39.638018244407,-2.0846097057284,fotovoltaica,Con permisos,RdT,,
13020.0,OLMEDILLA 220,Castilla La Mancha,Cuenca,Olmedilla de Alarcón,220.0,39.638018244407,-2.0846097057284,fotovoltaica,En curso,RdD,,
13020.0,OLMEDILLA 220,Castilla La Mancha,Cuenca,Olmedilla de Alarcón,220.0,39.638018244407,-2.0846097057284,fotovoltaica,En curso,RdT,,25.0
13020.0,OLMEDILLA 220,Castilla La Mancha,Cuenca,Olmedilla de Alarcón,220.0,39.638018244407,-2.0846097057284,fotovoltaica,Puesta en servicio,RdD,45.53,45.53
13020.0,OLMEDILLA 220,Castilla La Mancha,Cuenca,Olmedilla de Alarcón,220.0,39.638018244407,-2.0846097057284,fotovoltaica,Puesta en servicio,RdT,80.0,88.0
13020.0,OLMEDILLA 220,Castilla La Mancha,Cuenca,Olmedilla de Alarcón,220.0,39.638018244407,-2.0846097057284,hibridacion,En curso,RdD,,
13020.0,OLMEDILLA 220,Castilla La Mancha,Cuenca,Olmedilla de Alarcón,220.0,39.638018244407,-2.0846097057284,hibridacion,En curso,RdT,40.0,
13020.0,OLMEDILLA 220,Castilla La Mancha,Cuenca,Olmedilla de Alarcón,220.0,39.638018244407,-2.0846097057284,otras,Puesta en servicio,RdD,30.22,30.22
13020.0,OLMEDILLA 220,Castilla La Mancha,Cuenca,Olmedilla de Alarcón,220.0,39.638018244407,-2.0846097057284,otras,Puesta en servicio,RdT,,
13021.0,OLMEDILLA 400,Castilla La Mancha,Cuenca,Olmedilla de Alarcón,400.0,39.638018244407,-2.0846097057284,almacenamiento,Con permisos,RdD,,
13021.0,OLMEDILLA 400,Castilla La Mancha,Cuenca,Olmedilla de Alarcón,400.0,39.638018244407,-2.0846097057284,almacenamiento,Con permisos,RdT,,332.0
13021.0,OLMEDILLA 400,Castilla La Mancha,Cuenca,Olmedilla de Alarcón,400.0,39.638018244407,-2.0846097057284,almacenamiento,Puesta en servicio,RdD,,
13021.0,OLMEDILLA 400,Castilla La Mancha,Cuenca,Olmedilla de Alarcón,400.0,39.638018244407,-2.0846097057284,almacenamiento,Puesta en servicio,RdT,,93.2
13021.0,OLMEDILLA 400,Castilla La Mancha,Cuenca,Olmedilla de Alarcón,400.0,39.638018244407,-2.0846097057284,eolica,Con permisos,RdD,7.0,7.0
13021.0,OLMEDILLA 400,Castilla La Mancha,Cuenca,Olmedilla de Alarcón,400.0,39.638018244407,-2.0846097057284,eolica,Con permisos,RdT,,72.0
13021.0,OLMEDILLA 400,Castilla La Mancha,Cuenca,Olmedilla de Alarcón,400.0,39.638018244407,-2.0846097057284,eolica,Puesta en servicio,RdD,119.0,212.37
13021.0,OLMEDILLA 400,Castilla La Mancha,Cuenca,Olmedilla de Alarcón,400.0,39.638018244407,-2.0846097057284,eolica,Puesta en servicio,RdT,263.6,610.1
13021.0,OLMEDILLA 400,Castilla La Mancha,Cuenca,Olmedilla de Alarcón,400.0,39.638018244407,-2.0846097057284,fotovoltaica,Con permisos,RdD,,75.0
13021.0,OLMEDILLA 400,Castilla La Mancha,Cuenca,Olmedilla de Alarcón,400.0,39.638018244407,-2.0846097057284,fotovoltaica,Con permisos,RdT,,350.0
13021.0,OLMEDILLA 400,Castilla La Mancha,Cuenca,Olmedilla de Alarcón,400.0,39.638018244407,-2.0846097057284,fotovoltaica,Puesta en servicio,RdD,6.1,28.61
13021.0,OLMEDILLA 400,Castilla La Mancha,Cuenca,Olmedilla de Alarcón,400.0,39.638018244407,-2.0846097057284,fotovoltaica,Puesta en servicio,RdT,87.0,418.87
13021.0,OLMEDILLA 400,Castilla La Mancha,Cuenca,Olmedilla de Alarcón,400.0,39.638018244407,-2.0846097057284,hibridacion,Con permisos,RdD,,
13021.0,OLMEDILLA 400,Castilla La Mancha,Cuenca,Olmedilla de Alarcón,400.0,39.638018244407,-2.0846097057284,hibridacion,Con permisos,RdT,130.0,
13021.0,OLMEDILLA 400,Castilla La Mancha,Cuenca,Olmedilla de Alarcón,400.0,39.638018244407,-2.0846097057284,hibridacion,Puesta en servicio,RdD,93.37,
13021.0,OLMEDILLA 400,Castilla La Mancha,Cuenca,Olmedilla de Alarcón,400.0,39.638018244407,-2.0846097057284,hibridacion,Puesta en servicio,RdT,615.2,
13021.0,OLMEDILLA 400,Castilla La Mancha,Cuenca,Olmedilla de Alarcón,400.0,39.638018244407,-2.0846097057284,hidraulica,Puesta en servicio,RdD,15.89,15.89
13021.0,OLMEDILLA 400,Castilla La Mancha,Cuenca,Olmedilla de Alarcón,400.0,39.638018244407,-2.0846097057284,hidraulica,Puesta en servicio,RdT,,
13021.0,OLMEDILLA 400,Castilla La Mancha,Cuenca,Olmedilla de Alarcón,400.0,39.638018244407,-2.0846097057284,otras,Puesta en servicio,RdD,29.72,29.72
13021.0,OLMEDILLA 400,Castilla La Mancha,Cuenca,Olmedilla de Alarcón,400.0,39.638018244407,-2.0846097057284,otras,Puesta en servicio,RdT,,
6878.0,VILLARES DEL SAZ 220,Castilla La Mancha,Cuenca,Villares del Saz,220.0,39.861695846223,-2.5698781425214,eolica,Puesta en servicio,RdD,,34.0
6878.0,VILLARES DEL SAZ 220,Castilla La Mancha,Cuenca,Villares del Saz,220.0,39.861695846223,-2.5698781425214,eolica,Puesta en servicio,RdT,100.0,104.5
6878.0,VILLARES DEL SAZ 220,Castilla La Mancha,Cuenca,Villares del Saz,220.0,39.861695846223,-2.5698781425214,fotovoltaica,Con permisos,RdD,,29.0
6878.0,VILLARES DEL SAZ 220,Castilla La Mancha,Cuenca,Villares del Saz,220.0,39.861695846223,-2.5698781425214,fotovoltaica,Con permisos,RdT,,
6878.0,VILLARES DEL SAZ 220,Castilla La Mancha,Cuenca,Villares del Saz,220.0,39.861695846223,-2.5698781425214,fotovoltaica,En curso,RdD,63.0,65.0
6878.0,VILLARES DEL SAZ 220,Castilla La Mancha,Cuenca,Villares del Saz,220.0,39.861695846223,-2.5698781425214,fotovoltaica,En curso,RdT,,
6878.0,VILLARES DEL SAZ 220,Castilla La Mancha,Cuenca,Villares del Saz,220.0,39.861695846223,-2.5698781425214,fotovoltaica,Puesta en servicio,RdD,25.25,25.25
6878.0,VILLARES DEL SAZ 220,Castilla La Mancha,Cuenca,Villares del Saz,220.0,39.861695846223,-2.5698781425214,fotovoltaica,Puesta en servicio,RdT,,
6878.0,VILLARES DEL SAZ 220,Castilla La Mancha,Cuenca,Villares del Saz,220.0,39.861695846223,-2.5698781425214,hibridacion,Puesta en servicio,RdD,34.0,
6878.0,VILLARES DEL SAZ 220,Castilla La Mancha,Cuenca,Villares del Saz,220.0,39.861695846223,-2.5698781425214,hibridacion,Puesta en servicio,RdT,,
6878.0,VILLARES DEL SAZ 220,Castilla La Mancha,Cuenca,Villares del Saz,220.0,39.861695846223,-2.5698781425214,otras,Puesta en servicio,RdD,2.0,2.0
6878.0,VILLARES DEL SAZ 220,Castilla La Mancha,Cuenca,Villares del Saz,220.0,39.861695846223,-2.5698781425214,otras,Puesta en servicio,RdT,,
12784.0,FUENTES DE LA ALCARRIA 400,Castilla La Mancha,Guadalajara,Brihuega,400.0,40.747720982919,-2.9841582103173,eolica,Con permisos,RdD,,
12784.0,FUENTES DE LA ALCARRIA 400,Castilla La Mancha,Guadalajara,Brihuega,400.0,40.747720982919,-2.9841582103173,eolica,Con permisos,RdT,,66.0
12784.0,FUENTES DE LA ALCARRIA 400,Castilla La Mancha,Guadalajara,Brihuega,400.0,40.747720982919,-2.9841582103173,eolica,Puesta en servicio,RdD,28.0,28.0
12784.0,FUENTES DE LA ALCARRIA 400,Castilla La Mancha,Guadalajara,Brihuega,400.0,40.747720982919,-2.9841582103173,eolica,Puesta en servicio,RdT,341.8,499.8
12784.0,FUENTES DE LA ALCARRIA 400,Castilla La Mancha,Guadalajara,Brihuega,400.0,40.747720982919,-2.9841582103173,fotovoltaica,Con permisos,RdD,12.0,14.0
12784.0,FUENTES DE LA ALCARRIA 400,Castilla La Mancha,Guadalajara,Brihuega,400.0,40.747720982919,-2.9841582103173,fotovoltaica,Con permisos,RdT,65.0,315.0
12784.0,FUENTES DE LA ALCARRIA 400,Castilla La Mancha,Guadalajara,Brihuega,400.0,40.747720982919,-2.9841582103173,fotovoltaica,En curso,RdD,,
12784.0,FUENTES DE LA ALCARRIA 400,Castilla La Mancha,Guadalajara,Brihuega,400.0,40.747720982919,-2.9841582103173,fotovoltaica,En curso,RdT,89.9,103.84
12784.0,FUENTES DE LA ALCARRIA 400,Castilla La Mancha,Guadalajara,Brihuega,400.0,40.747720982919,-2.9841582103173,fotovoltaica,Puesta en servicio,RdD,58.56,63.53
12784.0,FUENTES DE LA ALCARRIA 400,Castilla La Mancha,Guadalajara,Brihuega,400.0,40.747720982919,-2.9841582103173,fotovoltaica,Puesta en servicio,RdT,89.9,103.84
12784.0,FUENTES DE LA ALCARRIA 400,Castilla La Mancha,Guadalajara,Brihuega,400.0,40.747720982919,-2.9841582103173,hibridacion,Con permisos,RdD,,
12784.0,FUENTES DE LA ALCARRIA 400,Castilla La Mancha,Guadalajara,Brihuega,400.0,40.747720982919,-2.9841582103173,hibridacion,Con permisos,RdT,70.0,
12784.0,FUENTES DE LA ALCARRIA 400,Castilla La Mancha,Guadalajara,Brihuega,400.0,40.747720982919,-2.9841582103173,hibridacion,Puesta en servicio,RdD,,
12784.0,FUENTES DE LA ALCARRIA 400,Castilla La Mancha,Guadalajara,Brihuega,400.0,40.747720982919,-2.9841582103173,hibridacion,Puesta en servicio,RdT,158.0,
12784.0,FUENTES DE LA ALCARRIA 400,Castilla La Mancha,Guadalajara,Brihuega,400.0,40.747720982919,-2.9841582103173,hidraulica,Puesta en servicio,RdD,5.85,5.85
12784.0,FUENTES DE LA ALCARRIA 400,Castilla La Mancha,Guadalajara,Brihuega,400.0,40.747720982919,-2.9841582103173,hidraulica,Puesta en servicio,RdT,,
12784.0,FUENTES DE LA ALCARRIA 400,Castilla La Mancha,Guadalajara,Brihuega,400.0,40.747720982919,-2.9841582103173,otras,Puesta en servicio,RdD,13.96,13.96
12784.0,FUENTES DE LA ALCARRIA 400,Castilla La Mancha,Guadalajara,Brihuega,400.0,40.747720982919,-2.9841582103173,otras,Puesta en servicio,RdT,,
12855.0,JOSE CABRERA 220,Castilla La Mancha,Guadalajara,Pastrana,220.0,40.349501309124,-2.8859271039291,almacenamiento,Con permisos,RdD,,
12855.0,JOSE CABRERA 220,Castilla La Mancha,Guadalajara,Pastrana,220.0,40.349501309124,-2.8859271039291,almacenamiento,Con permisos,RdT,,148.0
12855.0,JOSE CABRERA 220,Castilla La Mancha,Guadalajara,Pastrana,220.0,40.349501309124,-2.8859271039291,fotovoltaica,Puesta en servicio,RdD,,
12855.0,JOSE CABRERA 220,Castilla La Mancha,Guadalajara,Pastrana,220.0,40.349501309124,-2.8859271039291,fotovoltaica,Puesta en servicio,RdT,38.24,328.23
12855.0,JOSE CABRERA 220,Castilla La Mancha,Guadalajara,Pastrana,220.0,40.349501309124,-2.8859271039291,hibridacion,Puesta en servicio,RdD,,
12855.0,JOSE CABRERA 220,Castilla La Mancha,Guadalajara,Pastrana,220.0,40.349501309124,-2.8859271039291,hibridacion,Puesta en servicio,RdT,162.52,
6852.0,BOLARQUE 220,Castilla La Mancha,Guadalajara,Sayatón,220.0,40.364549521562,-2.8300339401846,almacenamiento,Con permisos,RdD,,
6852.0,BOLARQUE 220,Castilla La Mancha,Guadalajara,Sayatón,220.0,40.364549521562,-2.8300339401846,almacenamiento,Con permisos,RdT,,24.0
6852.0,BOLARQUE 220,Castilla La Mancha,Guadalajara,Sayatón,220.0,40.364549521562,-2.8300339401846,bombeo,Puesta en servicio,RdD,,
6852.0,BOLARQUE 220,Castilla La Mancha,Guadalajara,Sayatón,220.0,40.364549521562,-2.8300339401846,bombeo,Puesta en servicio,RdT,208.0,215.0
6852.0,BOLARQUE 220,Castilla La Mancha,Guadalajara,Sayatón,220.0,40.364549521562,-2.8300339401846,eolica,Puesta en servicio,RdD,3.0,3.0
6852.0,BOLARQUE 220,Castilla La Mancha,Guadalajara,Sayatón,220.0,40.364549521562,-2.8300339401846,eolica,Puesta en servicio,RdT,,62.0
6852.0,BOLARQUE 220,Castilla La Mancha,Guadalajara,Sayatón,220.0,40.364549521562,-2.8300339401846,fotovoltaica,Con permisos,RdD,8.0,8.0
6852.0,BOLARQUE 220,Castilla La Mancha,Guadalajara,Sayatón,220.0,40.364549521562,-2.8300339401846,fotovoltaica,Con permisos,RdT,,
6852.0,BOLARQUE 220,Castilla La Mancha,Guadalajara,Sayatón,220.0,40.364549521562,-2.8300339401846,fotovoltaica,Puesta en servicio,RdD,19.52,20.49
6852.0,BOLARQUE 220,Castilla La Mancha,Guadalajara,Sayatón,220.0,40.364549521562,-2.8300339401846,fotovoltaica,Puesta en servicio,RdT,113.5,224.59
6852.0,BOLARQUE 220,Castilla La Mancha,Guadalajara,Sayatón,220.0,40.364549521562,-2.8300339401846,hibridacion,Puesta en servicio,RdD,,
6852.0,BOLARQUE 220,Castilla La Mancha,Guadalajara,Sayatón,220.0,40.364549521562,-2.8300339401846,hibridacion,Puesta en servicio,RdT,102.0,
6852.0,BOLARQUE 220,Castilla La Mancha,Guadalajara,Sayatón,220.0,40.364549521562,-2.8300339401846,hidraulica,Puesta en servicio,RdD,190.51,190.51
6852.0,BOLARQUE 220,Castilla La Mancha,Guadalajara,Sayatón,220.0,40.364549521562,-2.8300339401846,hidraulica,Puesta en servicio,RdT,,
6876.0,TRILLO 400,Castilla La Mancha,Guadalajara,Trillo,400.0,40.702988655026,-2.6254512302913,almacenamiento,Con permisos,RdD,,
6876.0,TRILLO 400,Castilla La Mancha,Guadalajara,Trillo,400.0,40.702988655026,-2.6254512302913,almacenamiento,Con permisos,RdT,,500.0
6876.0,TRILLO 400,Castilla La Mancha,Guadalajara,Trillo,400.0,40.702988655026,-2.6254512302913,eolica,Con permisos,RdD,,
6876.0,TRILLO 400,Castilla La Mancha,Guadalajara,Trillo,400.0,40.702988655026,-2.6254512302913,eolica,Con permisos,RdT,,364.0
6876.0,TRILLO 400,Castilla La Mancha,Guadalajara,Trillo,400.0,40.702988655026,-2.6254512302913,fotovoltaica,Puesta en servicio,RdD,,
6876.0,TRILLO 400,Castilla La Mancha,Guadalajara,Trillo,400.0,40.702988655026,-2.6254512302913,fotovoltaica,Puesta en servicio,RdT,170.0,1349.94
6876.0,TRILLO 400,Castilla La Mancha,Guadalajara,Trillo,400.0,40.702988655026,-2.6254512302913,hibridacion,Puesta en servicio,RdD,,
6876.0,TRILLO 400,Castilla La Mancha,Guadalajara,Trillo,400.0,40.702988655026,-2.6254512302913,hibridacion,Puesta en servicio,RdT,499.26,
6876.0,TRILLO 400,Castilla La Mancha,Guadalajara,Trillo,400.0,40.702988655026,-2.6254512302913,otras,Puesta en servicio,RdD,,
6876.0,TRILLO 400,Castilla La Mancha,Guadalajara,Trillo,400.0,40.702988655026,-2.6254512302913,otras,Puesta en servicio,RdT,1003.41,1003.41
13401.0,PRADILLOS 220,Castilla La Mancha,Toledo,Illescas,220.0,40.132031239726,-3.8203421367079,fotovoltaica,Con permisos,RdD,80.0,89.0
13401.0,PRADILLOS 220,Castilla La Mancha,Toledo,Illescas,220.0,40.132031239726,-3.8203421367079,fotovoltaica,Con permisos,RdT,353.0,546.0
13401.0,PRADILLOS 220,Castilla La Mancha,Toledo,Illescas,220.0,40.132031239726,-3.8203421367079,fotovoltaica,Puesta en servicio,RdD,3.5,3.57
13401.0,PRADILLOS 220,Castilla La Mancha,Toledo,Illescas,220.0,40.132031239726,-3.8203421367079,fotovoltaica,Puesta en servicio,RdT,,
13401.0,PRADILLOS 220,Castilla La Mancha,Toledo,Illescas,220.0,40.132031239726,-3.8203421367079,otras,Puesta en servicio,RdD,3.14,3.14
13401.0,PRADILLOS 220,Castilla La Mancha,Toledo,Illescas,220.0,40.132031239726,-3.8203421367079,otras,Puesta en servicio,RdT,,
12933.0,MADRIDEJOS 220,Castilla La Mancha,Toledo,Madridejos,220.0,39.48695321098,-3.5311658088386,almacenamiento,Con permisos,RdD,,19.0
12933.0,MADRIDEJOS 220,Castilla La Mancha,Toledo,Madridejos,220.0,39.48695321098,-3.5311658088386,almacenamiento,Con permisos,RdT,,
12933.0,MADRIDEJOS 220,Castilla La Mancha,Toledo,Madridejos,220.0,39.48695321098,-3.5311658088386,eolica,Con permisos,RdD,,6.0
12933.0,MADRIDEJOS 220,Castilla La Mancha,Toledo,Madridejos,220.0,39.48695321098,-3.5311658088386,eolica,Con permisos,RdT,,
12933.0,MADRIDEJOS 220,Castilla La Mancha,Toledo,Madridejos,220.0,39.48695321098,-3.5311658088386,eolica,Puesta en servicio,RdD,6.75,46.2
12933.0,MADRIDEJOS 220,Castilla La Mancha,Toledo,Madridejos,220.0,39.48695321098,-3.5311658088386,eolica,Puesta en servicio,RdT,,
12933.0,MADRIDEJOS 220,Castilla La Mancha,Toledo,Madridejos,220.0,39.48695321098,-3.5311658088386,fotovoltaica,Con permisos,RdD,28.0,94.0
12933.0,MADRIDEJOS 220,Castilla La Mancha,Toledo,Madridejos,220.0,39.48695321098,-3.5311658088386,fotovoltaica,Con permisos,RdT,,
12933.0,MADRIDEJOS 220,Castilla La Mancha,Toledo,Madridejos,220.0,39.48695321098,-3.5311658088386,fotovoltaica,Puesta en servicio,RdD,47.88,69.21
12933.0,MADRIDEJOS 220,Castilla La Mancha,Toledo,Madridejos,220.0,39.48695321098,-3.5311658088386,fotovoltaica,Puesta en servicio,RdT,,
12933.0,MADRIDEJOS 220,Castilla La Mancha,Toledo,Madridejos,220.0,39.48695321098,-3.5311658088386,hibridacion,Con permisos,RdD,26.0,
12933.0,MADRIDEJOS 220,Castilla La Mancha,Toledo,Madridejos,220.0,39.48695321098,-3.5311658088386,hibridacion,Con permisos,RdT,,
12933.0,MADRIDEJOS 220,Castilla La Mancha,Toledo,Madridejos,220.0,39.48695321098,-3.5311658088386,hibridacion,Puesta en servicio,RdD,55.65,
12933.0,MADRIDEJOS 220,Castilla La Mancha,Toledo,Madridejos,220.0,39.48695321098,-3.5311658088386,hibridacion,Puesta en servicio,RdT,,
12933.0,MADRIDEJOS 220,Castilla La Mancha,Toledo,Madridejos,220.0,39.48695321098,-3.5311658088386,otras,Con permisos,RdD,,9.0
12933.0,MADRIDEJOS 220,Castilla La Mancha,Toledo,Madridejos,220.0,39.48695321098,-3.5311658088386,otras,Con permisos,RdT,,
12933.0,MADRIDEJOS 220,Castilla La Mancha,Toledo,Madridejos,220.0,39.48695321098,-3.5311658088386,otras,Puesta en servicio,RdD,96.14,101.33
12933.0,MADRIDEJOS 220,Castilla La Mancha,Toledo,Madridejos,220.0,39.48695321098,-3.5311658088386,otras,Puesta en servicio,RdT,,
13395.0,CARROYUELAS 220,Castilla La Mancha,Toledo,Madridejos,220.0,39.484260736238,-3.5809044548096,almacenamiento,Con permisos,RdD,,
13395.0,CARROYUELAS 220,Castilla La Mancha,Toledo,Madridejos,220.0,39.484260736238,-3.5809044548096,almacenamiento,Con permisos,RdT,,70.0
13395.0,CARROYUELAS 220,Castilla La Mancha,Toledo,Madridejos,220.0,39.484260736238,-3.5809044548096,almacenamiento,En curso,RdD,,
13395.0,CARROYUELAS 220,Castilla La Mancha,Toledo,Madridejos,220.0,39.484260736238,-3.5809044548096,almacenamiento,En curso,RdT,,70.0
13395.0,CARROYUELAS 220,Castilla La Mancha,Toledo,Madridejos,220.0,39.484260736238,-3.5809044548096,fotovoltaica,En curso,RdD,,
13395.0,CARROYUELAS 220,Castilla La Mancha,Toledo,Madridejos,220.0,39.484260736238,-3.5809044548096,fotovoltaica,En curso,RdT,,189.76
13395.0,CARROYUELAS 220,Castilla La Mancha,Toledo,Madridejos,220.0,39.484260736238,-3.5809044548096,fotovoltaica,Puesta en servicio,RdD,,
13395.0,CARROYUELAS 220,Castilla La Mancha,Toledo,Madridejos,220.0,39.484260736238,-3.5809044548096,fotovoltaica,Puesta en servicio,RdT,,189.76
13395.0,CARROYUELAS 220,Castilla La Mancha,Toledo,Madridejos,220.0,39.484260736238,-3.5809044548096,hibridacion,En curso,RdD,,
13395.0,CARROYUELAS 220,Castilla La Mancha,Toledo,Madridejos,220.0,39.484260736238,-3.5809044548096,hibridacion,En curso,RdT,154.16,
13395.0,CARROYUELAS 220,Castilla La Mancha,Toledo,Madridejos,220.0,39.484260736238,-3.5809044548096,hibridacion,Puesta en servicio,RdD,,
13395.0,CARROYUELAS 220,Castilla La Mancha,Toledo,Madridejos,220.0,39.484260736238,-3.5809044548096,hibridacion,Puesta en servicio,RdT,154.16,
13395.0,CARROYUELAS 220,Castilla La Mancha,Toledo,Madridejos,220.0,39.484260736238,-3.5809044548096,termosolar,Puesta en servicio,RdD,,
13395.0,CARROYUELAS 220,Castilla La Mancha,Toledo,Madridejos,220.0,39.484260736238,-3.5809044548096,termosolar,Puesta en servicio,RdT,99.8,99.8
6874.0,TALAVERA 220,Castilla La Mancha,Toledo,Pepino,220.0,40.00341806348,-4.8227619793383,almacenamiento,Con permisos,RdD,,21.0
6874.0,TALAVERA 220,Castilla La Mancha,Toledo,Pepino,220.0,40.00341806348,-4.8227619793383,almacenamiento,Con permisos,RdT,,
6874.0,TALAVERA 220,Castilla La Mancha,Toledo,Pepino,220.0,40.00341806348,-4.8227619793383,fotovoltaica,Con permisos,RdD,73.0,106.0
6874.0,TALAVERA 220,Castilla La Mancha,Toledo,Pepino,220.0,40.00341806348,-4.8227619793383,fotovoltaica,Con permisos,RdT,,180.0
6874.0,TALAVERA 220,Castilla La Mancha,Toledo,Pepino,220.0,40.00341806348,-4.8227619793383,fotovoltaica,En curso,RdD,4.27,5.0
6874.0,TALAVERA 220,Castilla La Mancha,Toledo,Pepino,220.0,40.00341806348,-4.8227619793383,fotovoltaica,En curso,RdT,,
6874.0,TALAVERA 220,Castilla La Mancha,Toledo,Pepino,220.0,40.00341806348,-4.8227619793383,fotovoltaica,Puesta en servicio,RdD,112.87,122.76
6874.0,TALAVERA 220,Castilla La Mancha,Toledo,Pepino,220.0,40.00341806348,-4.8227619793383,fotovoltaica,Puesta en servicio,RdT,,
6874.0,TALAVERA 220,Castilla La Mancha,Toledo,Pepino,220.0,40.00341806348,-4.8227619793383,hibridacion,Con permisos,RdD,12.0,
6874.0,TALAVERA 220,Castilla La Mancha,Toledo,Pepino,220.0,40.00341806348,-4.8227619793383,hibridacion,Con permisos,RdT,,
6874.0,TALAVERA 220,Castilla La Mancha,Toledo,Pepino,220.0,40.00341806348,-4.8227619793383,hibridacion,Puesta en servicio,RdD,13.41,
6874.0,TALAVERA 220,Castilla La Mancha,Toledo,Pepino,220.0,40.00341806348,-4.8227619793383,hibridacion,Puesta en servicio,RdT,198.01,
6874.0,TALAVERA 220,Castilla La Mancha,Toledo,Pepino,220.0,40.00341806348,-4.8227619793383,hidraulica,Puesta en servicio,RdD,7.26,7.26
6874.0,TALAVERA 220,Castilla La Mancha,Toledo,Pepino,220.0,40.00341806348,-4.8227619793383,hidraulica,Puesta en servicio,RdT,,148.1
6874.0,TALAVERA 220,Castilla La Mancha,Toledo,Pepino,220.0,40.00341806348,-4.8227619793383,otras,Puesta en servicio,RdD,3.12,3.12
6874.0,TALAVERA 220,Castilla La Mancha,Toledo,Pepino,220.0,40.00341806348,-4.8227619793383,otras,Puesta en servicio,RdT,,
12730.0,EBORA 220,Castilla La Mancha,Toledo,Talavera de la Reina,220.0,39.964409071774,-4.7879196750909,fotovoltaica,Con permisos,RdD,,
12730.0,EBORA 220,Castilla La Mancha,Toledo,Talavera de la Reina,220.0,39.964409071774,-4.7879196750909,fotovoltaica,Con permisos,RdT,125.0,153.0
12730.0,EBORA 220,Castilla La Mancha,Toledo,Talavera de la Reina,220.0,39.964409071774,-4.7879196750909,fotovoltaica,En curso,RdD,36.35,44.48
12730.0,EBORA 220,Castilla La Mancha,Toledo,Talavera de la Reina,220.0,39.964409071774,-4.7879196750909,fotovoltaica,En curso,RdT,,
12730.0,EBORA 220,Castilla La Mancha,Toledo,Talavera de la Reina,220.0,39.964409071774,-4.7879196750909,hidraulica,Puesta en servicio,RdD,1.96,1.96
12730.0,EBORA 220,Castilla La Mancha,Toledo,Talavera de la Reina,220.0,39.964409071774,-4.7879196750909,hidraulica,Puesta en servicio,RdT,,
6875.0,TORRIJOS 220,Castilla La Mancha,Toledo,Torrijos,220.0,39.999360371114,-4.2695154843201,almacenamiento,Con permisos,RdD,,41.0
6875.0,TORRIJOS 220,Castilla La Mancha,Toledo,Torrijos,220.0,39.999360371114,-4.2695154843201,almacenamiento,Con permisos,RdT,,60.0
6875.0,TORRIJOS 220,Castilla La Mancha,Toledo,Torrijos,220.0,39.999360371114,-4.2695154843201,fotovoltaica,En curso,RdD,124.0,130.0
6875.0,TORRIJOS 220,Castilla La Mancha,Toledo,Torrijos,220.0,39.999360371114,-4.2695154843201,fotovoltaica,En curso,RdT,,
6875.0,TORRIJOS 220,Castilla La Mancha,Toledo,Torrijos,220.0,39.999360371114,-4.2695154843201,fotovoltaica,Puesta en servicio,RdD,35.27,88.06
6875.0,TORRIJOS 220,Castilla La Mancha,Toledo,Torrijos,220.0,39.999360371114,-4.2695154843201,fotovoltaica,Puesta en servicio,RdT,30.0,128.19
6875.0,TORRIJOS 220,Castilla La Mancha,Toledo,Torrijos,220.0,39.999360371114,-4.2695154843201,hibridacion,Puesta en servicio,RdD,47.0,
6875.0,TORRIJOS 220,Castilla La Mancha,Toledo,Torrijos,220.0,39.999360371114,-4.2695154843201,hibridacion,Puesta en servicio,RdT,85.0,
6847.0,ACECA 220,Castilla La Mancha,Toledo,Villaseca de la Sagra,220.0,39.94210913588,-3.8576191492029,almacenamiento,Con permisos,RdD,,57.0
6847.0,ACECA 220,Castilla La Mancha,Toledo,Villaseca de la Sagra,220.0,39.94210913588,-3.8576191492029,almacenamiento,Con permisos,RdT,,
6847.0,ACECA 220,Castilla La Mancha,Toledo,Villaseca de la Sagra,220.0,39.94210913588,-3.8576191492029,eolica,Puesta en servicio,RdD,,10.0
6847.0,ACECA 220,Castilla La Mancha,Toledo,Villaseca de la Sagra,220.0,39.94210913588,-3.8576191492029,eolica,Puesta en servicio,RdT,,
6847.0,ACECA 220,Castilla La Mancha,Toledo,Villaseca de la Sagra,220.0,39.94210913588,-3.8576191492029,fotovoltaica,Con permisos,RdD,80.0,100.0
6847.0,ACECA 220,Castilla La Mancha,Toledo,Villaseca de la Sagra,220.0,39.94210913588,-3.8576191492029,fotovoltaica,Con permisos,RdT,,
6847.0,ACECA 220,Castilla La Mancha,Toledo,Villaseca de la Sagra,220.0,39.94210913588,-3.8576191492029,fotovoltaica,Puesta en servicio,RdD,581.18,707.4
6847.0,ACECA 220,Castilla La Mancha,Toledo,Villaseca de la Sagra,220.0,39.94210913588,-3.8576191492029,fotovoltaica,Puesta en servicio,RdT,,
6847.0,ACECA 220,Castilla La Mancha,Toledo,Villaseca de la Sagra,220.0,39.94210913588,-3.8576191492029,hibridacion,Con permisos,RdD,46.0,
6847.0,ACECA 220,Castilla La Mancha,Toledo,Villaseca de la Sagra,220.0,39.94210913588,-3.8576191492029,hibridacion,Con permisos,RdT,,
6847.0,ACECA 220,Castilla La Mancha,Toledo,Villaseca de la Sagra,220.0,39.94210913588,-3.8576191492029,hibridacion,Puesta en servicio,RdD,49.41,
6847.0,ACECA 220,Castilla La Mancha,Toledo,Villaseca de la Sagra,220.0,39.94210913588,-3.8576191492029,hibridacion,Puesta en servicio,RdT,386.08,
6847.0,ACECA 220,Castilla La Mancha,Toledo,Villaseca de la Sagra,220.0,39.94210913588,-3.8576191492029,hidraulica,Puesta en servicio,RdD,103.82,103.82
6847.0,ACECA 220,Castilla La Mancha,Toledo,Villaseca de la Sagra,220.0,39.94210913588,-3.8576191492029,hidraulica,Puesta en servicio,RdT,,
6847.0,ACECA 220,Castilla La Mancha,Toledo,Villaseca de la Sagra,220.0,39.94210913588,-3.8576191492029,otras,Puesta en servicio,RdD,60.94,60.94
6847.0,ACECA 220,Castilla La Mancha,Toledo,Villaseca de la Sagra,220.0,39.94210913588,-3.8576191492029,otras,Puesta en servicio,RdT,365.93,1144.82
6915.0,ALCOCERO DE MOLA 220,Castilla y León,Burgos,Alcocero de Mola,220.0,42.48640661943,-3.3658686230042,almacenamiento,Con permisos,RdD,,
6915.0,ALCOCERO DE MOLA 220,Castilla y León,Burgos,Alcocero de Mola,220.0,42.48640661943,-3.3658686230042,almacenamiento,Con permisos,RdT,,49.0
6915.0,ALCOCERO DE MOLA 220,Castilla y León,Burgos,Alcocero de Mola,220.0,42.48640661943,-3.3658686230042,almacenamiento,En curso,RdD,,
6915.0,ALCOCERO DE MOLA 220,Castilla y León,Burgos,Alcocero de Mola,220.0,42.48640661943,-3.3658686230042,almacenamiento,En curso,RdT,476.96,476.96
6915.0,ALCOCERO DE MOLA 220,Castilla y León,Burgos,Alcocero de Mola,220.0,42.48640661943,-3.3658686230042,eolica,Con permisos,RdD,,
6915.0,ALCOCERO DE MOLA 220,Castilla y León,Burgos,Alcocero de Mola,220.0,42.48640661943,-3.3658686230042,eolica,Con permisos,RdT,100.0,186.0
6915.0,ALCOCERO DE MOLA 220,Castilla y León,Burgos,Alcocero de Mola,220.0,42.48640661943,-3.3658686230042,eolica,En curso,RdD,,
6915.0,ALCOCERO DE MOLA 220,Castilla y León,Burgos,Alcocero de Mola,220.0,42.48640661943,-3.3658686230042,eolica,En curso,RdT,750.53,750.54
6915.0,ALCOCERO DE MOLA 220,Castilla y León,Burgos,Alcocero de Mola,220.0,42.48640661943,-3.3658686230042,eolica,Puesta en servicio,RdD,,
6915.0,ALCOCERO DE MOLA 220,Castilla y León,Burgos,Alcocero de Mola,220.0,42.48640661943,-3.3658686230042,eolica,Puesta en servicio,RdT,143.4,157.85
6915.0,ALCOCERO DE MOLA 220,Castilla y León,Burgos,Alcocero de Mola,220.0,42.48640661943,-3.3658686230042,fotovoltaica,Con permisos,RdD,,
6915.0,ALCOCERO DE MOLA 220,Castilla y León,Burgos,Alcocero de Mola,220.0,42.48640661943,-3.3658686230042,fotovoltaica,Con permisos,RdT,50.0,66.0
6915.0,ALCOCERO DE MOLA 220,Castilla y León,Burgos,Alcocero de Mola,220.0,42.48640661943,-3.3658686230042,fotovoltaica,En curso,RdD,,
6915.0,ALCOCERO DE MOLA 220,Castilla y León,Burgos,Alcocero de Mola,220.0,42.48640661943,-3.3658686230042,fotovoltaica,En curso,RdT,190.63,192.63
6915.0,ALCOCERO DE MOLA 220,Castilla y León,Burgos,Alcocero de Mola,220.0,42.48640661943,-3.3658686230042,hibridacion,Con permisos,RdD,,
6915.0,ALCOCERO DE MOLA 220,Castilla y León,Burgos,Alcocero de Mola,220.0,42.48640661943,-3.3658686230042,hibridacion,Con permisos,RdT,102.0,
6915.0,ALCOCERO DE MOLA 220,Castilla y León,Burgos,Alcocero de Mola,220.0,42.48640661943,-3.3658686230042,hibridacion,Puesta en servicio,RdD,,
6915.0,ALCOCERO DE MOLA 220,Castilla y León,Burgos,Alcocero de Mola,220.0,42.48640661943,-3.3658686230042,hibridacion,Puesta en servicio,RdT,14.45,
6915.0,ALCOCERO DE MOLA 220,Castilla y León,Burgos,Alcocero de Mola,220.0,42.48640661943,-3.3658686230042,otras,Puesta en servicio,RdD,,
6915.0,ALCOCERO DE MOLA 220,Castilla y León,Burgos,Alcocero de Mola,220.0,42.48640661943,-3.3658686230042,otras,Puesta en servicio,RdT,16.0,16.0
6922.0,BUNIEL 400,Castilla y León,Burgos,Buniel,400.0,42.322911396204,-3.8206164374683,eolica,Con permisos,RdD,,
6922.0,BUNIEL 400,Castilla y León,Burgos,Buniel,400.0,42.322911396204,-3.8206164374683,eolica,Con permisos,RdT,85.0,85.0
6922.0,BUNIEL 400,Castilla y León,Burgos,Buniel,400.0,42.322911396204,-3.8206164374683,eolica,Puesta en servicio,RdD,,
6922.0,BUNIEL 400,Castilla y León,Burgos,Buniel,400.0,42.322911396204,-3.8206164374683,eolica,Puesta en servicio,RdT,229.0,229.0
6969.0,VILLATORO 220,Castilla y León,Burgos,Burgos,220.0,42.378764755971,-3.7032210448135,eolica,En curso,RdD,54.9,54.9
6969.0,VILLATORO 220,Castilla y León,Burgos,Burgos,220.0,42.378764755971,-3.7032210448135,eolica,En curso,RdT,,
6969.0,VILLATORO 220,Castilla y León,Burgos,Burgos,220.0,42.378764755971,-3.7032210448135,fotovoltaica,En curso,RdD,32.62,34.34
6969.0,VILLATORO 220,Castilla y León,Burgos,Burgos,220.0,42.378764755971,-3.7032210448135,fotovoltaica,En curso,RdT,,
6970.0,VILLIMAR 220,Castilla y León,Burgos,Burgos,220.0,42.371754202074,-3.6516421975847,almacenamiento,Con permisos,RdD,,2.0
6970.0,VILLIMAR 220,Castilla y León,Burgos,Burgos,220.0,42.371754202074,-3.6516421975847,almacenamiento,Con permisos,RdT,,
6970.0,VILLIMAR 220,Castilla y León,Burgos,Burgos,220.0,42.371754202074,-3.6516421975847,almacenamiento,En curso,RdD,,
6970.0,VILLIMAR 220,Castilla y León,Burgos,Burgos,220.0,42.371754202074,-3.6516421975847,almacenamiento,En curso,RdT,329.99,329.99
6970.0,VILLIMAR 220,Castilla y León,Burgos,Burgos,220.0,42.371754202074,-3.6516421975847,eolica,Con permisos,RdD,10.0,10.0
6970.0,VILLIMAR 220,Castilla y León,Burgos,Burgos,220.0,42.371754202074,-3.6516421975847,eolica,Con permisos,RdT,173.0,235.0
6970.0,VILLIMAR 220,Castilla y León,Burgos,Burgos,220.0,42.371754202074,-3.6516421975847,eolica,En curso,RdD,16.31,54.78
6970.0,VILLIMAR 220,Castilla y León,Burgos,Burgos,220.0,42.371754202074,-3.6516421975847,eolica,En curso,RdT,549.19,549.2
6970.0,VILLIMAR 220,Castilla y León,Burgos,Burgos,220.0,42.371754202074,-3.6516421975847,eolica,Puesta en servicio,RdD,39.0,39.0
6970.0,VILLIMAR 220,Castilla y León,Burgos,Burgos,220.0,42.371754202074,-3.6516421975847,eolica,Puesta en servicio,RdT,12.0,151.0
6970.0,VILLIMAR 220,Castilla y León,Burgos,Burgos,220.0,42.371754202074,-3.6516421975847,fotovoltaica,Con permisos,RdD,56.0,67.0
6970.0,VILLIMAR 220,Castilla y León,Burgos,Burgos,220.0,42.371754202074,-3.6516421975847,fotovoltaica,Con permisos,RdT,,112.0
6970.0,VILLIMAR 220,Castilla y León,Burgos,Burgos,220.0,42.371754202074,-3.6516421975847,fotovoltaica,En curso,RdD,,
6970.0,VILLIMAR 220,Castilla y León,Burgos,Burgos,220.0,42.371754202074,-3.6516421975847,fotovoltaica,En curso,RdT,64.9,69.9
6970.0,VILLIMAR 220,Castilla y León,Burgos,Burgos,220.0,42.371754202074,-3.6516421975847,hibridacion,Con permisos,RdD,19.0,
6970.0,VILLIMAR 220,Castilla y León,Burgos,Burgos,220.0,42.371754202074,-3.6516421975847,hibridacion,Con permisos,RdT,19.0,
6970.0,VILLIMAR 220,Castilla y León,Burgos,Burgos,220.0,42.371754202074,-3.6516421975847,hibridacion,Puesta en servicio,RdD,,
6970.0,VILLIMAR 220,Castilla y León,Burgos,Burgos,220.0,42.371754202074,-3.6516421975847,hibridacion,Puesta en servicio,RdT,140.35,
6970.0,VILLIMAR 220,Castilla y León,Burgos,Burgos,220.0,42.371754202074,-3.6516421975847,otras,Con permisos,RdD,,19.0
6970.0,VILLIMAR 220,Castilla y León,Burgos,Burgos,220.0,42.371754202074,-3.6516421975847,otras,Con permisos,RdT,,
6970.0,VILLIMAR 220,Castilla y León,Burgos,Burgos,220.0,42.371754202074,-3.6516421975847,otras,Puesta en servicio,RdD,47.75,47.75
6970.0,VILLIMAR 220,Castilla y León,Burgos,Burgos,220.0,42.371754202074,-3.6516421975847,otras,Puesta en servicio,RdT,,
12900.0,LAS MAZORRAS 220,Castilla y León,Burgos,Merindad de Valdivielso,220.0,42.852824104938,-3.6376870805261,almacenamiento,En curso,RdD,,
12900.0,LAS MAZORRAS 220,Castilla y León,Burgos,Merindad de Valdivielso,220.0,42.852824104938,-3.6376870805261,almacenamiento,En curso,RdT,60.5,61.5
12900.0,LAS MAZORRAS 220,Castilla y León,Burgos,Merindad de Valdivielso,220.0,42.852824104938,-3.6376870805261,eolica,Con permisos,RdD,,
12900.0,LAS MAZORRAS 220,Castilla y León,Burgos,Merindad de Valdivielso,220.0,42.852824104938,-3.6376870805261,eolica,Con permisos,RdT,18.0,38.0
12900.0,LAS MAZORRAS 220,Castilla y León,Burgos,Merindad de Valdivielso,220.0,42.852824104938,-3.6376870805261,eolica,En curso,RdD,,
12900.0,LAS MAZORRAS 220,Castilla y León,Burgos,Merindad de Valdivielso,220.0,42.852824104938,-3.6376870805261,eolica,En curso,RdT,23.0,23.0
12900.0,LAS MAZORRAS 220,Castilla y León,Burgos,Merindad de Valdivielso,220.0,42.852824104938,-3.6376870805261,eolica,Puesta en servicio,RdD,38.51,38.51
12900.0,LAS MAZORRAS 220,Castilla y León,Burgos,Merindad de Valdivielso,220.0,42.852824104938,-3.6376870805261,eolica,Puesta en servicio,RdT,28.39,28.39
12900.0,LAS MAZORRAS 220,Castilla y León,Burgos,Merindad de Valdivielso,220.0,42.852824104938,-3.6376870805261,fotovoltaica,Con permisos,RdD,,
12900.0,LAS MAZORRAS 220,Castilla y León,Burgos,Merindad de Valdivielso,220.0,42.852824104938,-3.6376870805261,fotovoltaica,Con permisos,RdT,123.0,220.0
13358.0,MIRANDA DE EBRO 220,Castilla y León,Burgos,Miranda de Ebro,220.0,42.69598443347,-2.9208536351272,almacenamiento,Con permisos,RdD,,5.0
13358.0,MIRANDA DE EBRO 220,Castilla y León,Burgos,Miranda de Ebro,220.0,42.69598443347,-2.9208536351272,almacenamiento,Con permisos,RdT,99.0,118.0
13358.0,MIRANDA DE EBRO 220,Castilla y León,Burgos,Miranda de Ebro,220.0,42.69598443347,-2.9208536351272,almacenamiento,En curso,RdD,,
13358.0,MIRANDA DE EBRO 220,Castilla y León,Burgos,Miranda de Ebro,220.0,42.69598443347,-2.9208536351272,almacenamiento,En curso,RdT,427.72,427.72
13358.0,MIRANDA DE EBRO 220,Castilla y León,Burgos,Miranda de Ebro,220.0,42.69598443347,-2.9208536351272,eolica,En curso,RdD,,
13358.0,MIRANDA DE EBRO 220,Castilla y León,Burgos,Miranda de Ebro,220.0,42.69598443347,-2.9208536351272,eolica,En curso,RdT,300.0,300.0
13358.0,MIRANDA DE EBRO 220,Castilla y León,Burgos,Miranda de Ebro,220.0,42.69598443347,-2.9208536351272,fotovoltaica,Con permisos,RdD,1.0,10.0
13358.0,MIRANDA DE EBRO 220,Castilla y León,Burgos,Miranda de Ebro,220.0,42.69598443347,-2.9208536351272,fotovoltaica,Con permisos,RdT,22.0,24.0
13358.0,MIRANDA DE EBRO 220,Castilla y León,Burgos,Miranda de Ebro,220.0,42.69598443347,-2.9208536351272,fotovoltaica,En curso,RdD,10.96,10.97
13358.0,MIRANDA DE EBRO 220,Castilla y León,Burgos,Miranda de Ebro,220.0,42.69598443347,-2.9208536351272,fotovoltaica,En curso,RdT,174.65,186.22
13358.0,MIRANDA DE EBRO 220,Castilla y León,Burgos,Miranda de Ebro,220.0,42.69598443347,-2.9208536351272,fotovoltaica,Puesta en servicio,RdD,20.0,24.0
13358.0,MIRANDA DE EBRO 220,Castilla y León,Burgos,Miranda de Ebro,220.0,42.69598443347,-2.9208536351272,fotovoltaica,Puesta en servicio,RdT,,
13358.0,MIRANDA DE EBRO 220,Castilla y León,Burgos,Miranda de Ebro,220.0,42.69598443347,-2.9208536351272,hibridacion,Con permisos,RdD,7.0,
13358.0,MIRANDA DE EBRO 220,Castilla y León,Burgos,Miranda de Ebro,220.0,42.69598443347,-2.9208536351272,hibridacion,Con permisos,RdT,,
13358.0,MIRANDA DE EBRO 220,Castilla y León,Burgos,Miranda de Ebro,220.0,42.69598443347,-2.9208536351272,otras,Con permisos,RdD,,7.0
13358.0,MIRANDA DE EBRO 220,Castilla y León,Burgos,Miranda de Ebro,220.0,42.69598443347,-2.9208536351272,otras,Con permisos,RdT,,
13358.0,MIRANDA DE EBRO 220,Castilla y León,Burgos,Miranda de Ebro,220.0,42.69598443347,-2.9208536351272,otras,Puesta en servicio,RdD,72.64,72.64
13358.0,MIRANDA DE EBRO 220,Castilla y León,Burgos,Miranda de Ebro,220.0,42.69598443347,-2.9208536351272,otras,Puesta en servicio,RdT,,
13360.0,PARAMO DE POZA 220,Castilla y León,Burgos,Poza de la Sal,220.0,42.681797794294,-3.5505446960144,almacenamiento,Con permisos,RdD,,
13360.0,PARAMO DE POZA 220,Castilla y León,Burgos,Poza de la Sal,220.0,42.681797794294,-3.5505446960144,almacenamiento,Con permisos,RdT,45.0,49.0
13360.0,PARAMO DE POZA 220,Castilla y León,Burgos,Poza de la Sal,220.0,42.681797794294,-3.5505446960144,eolica,Con permisos,RdD,,
13360.0,PARAMO DE POZA 220,Castilla y León,Burgos,Poza de la Sal,220.0,42.681797794294,-3.5505446960144,eolica,Con permisos,RdT,45.0,45.0
13360.0,PARAMO DE POZA 220,Castilla y León,Burgos,Poza de la Sal,220.0,42.681797794294,-3.5505446960144,eolica,En curso,RdD,,
13360.0,PARAMO DE POZA 220,Castilla y León,Burgos,Poza de la Sal,220.0,42.681797794294,-3.5505446960144,eolica,En curso,RdT,190.5,190.5
13360.0,PARAMO DE POZA 220,Castilla y León,Burgos,Poza de la Sal,220.0,42.681797794294,-3.5505446960144,eolica,Puesta en servicio,RdD,,
13360.0,PARAMO DE POZA 220,Castilla y León,Burgos,Poza de la Sal,220.0,42.681797794294,-3.5505446960144,eolica,Puesta en servicio,RdT,141.74,144.85
12736.0,EL CERRO 220,Castilla y León,Burgos,Valle de Sedano,220.0,42.733433769062,-3.6497061351052,almacenamiento,En curso,RdD,,
12736.0,EL CERRO 220,Castilla y León,Burgos,Valle de Sedano,220.0,42.733433769062,-3.6497061351052,almacenamiento,En curso,RdT,45.5,49.99
12736.0,EL CERRO 220,Castilla y León,Burgos,Valle de Sedano,220.0,42.733433769062,-3.6497061351052,eolica,En curso,RdD,,
12736.0,EL CERRO 220,Castilla y León,Burgos,Valle de Sedano,220.0,42.733433769062,-3.6497061351052,eolica,En curso,RdT,242.8,297.92
12736.0,EL CERRO 220,Castilla y León,Burgos,Valle de Sedano,220.0,42.733433769062,-3.6497061351052,eolica,Puesta en servicio,RdD,,
12736.0,EL CERRO 220,Castilla y León,Burgos,Valle de Sedano,220.0,42.733433769062,-3.6497061351052,eolica,Puesta en servicio,RdT,30.0,30.0
12792.0,GAROÑA 220,Castilla y León,Burgos,Valle de Tobalina,220.0,42.77446184171,-3.2055787171025,bombeo,Con permisos,RdD,,
12792.0,GAROÑA 220,Castilla y León,Burgos,Valle de Tobalina,220.0,42.77446184171,-3.2055787171025,bombeo,Con permisos,RdT,151.0,151.0
13307.0,BARCINA 400,Castilla y León,Burgos,Valle de Tobalina,400.0,42.777208388564,-3.2153446725509,almacenamiento,Con permisos,RdD,,
13307.0,BARCINA 400,Castilla y León,Burgos,Valle de Tobalina,400.0,42.777208388564,-3.2153446725509,almacenamiento,Con permisos,RdT,,195.0
13307.0,BARCINA 400,Castilla y León,Burgos,Valle de Tobalina,400.0,42.777208388564,-3.2153446725509,eolica,Con permisos,RdD,,
13307.0,BARCINA 400,Castilla y León,Burgos,Valle de Tobalina,400.0,42.777208388564,-3.2153446725509,eolica,Con permisos,RdT,,186.0
13307.0,BARCINA 400,Castilla y León,Burgos,Valle de Tobalina,400.0,42.777208388564,-3.2153446725509,eolica,En curso,RdD,,
13307.0,BARCINA 400,Castilla y León,Burgos,Valle de Tobalina,400.0,42.777208388564,-3.2153446725509,eolica,En curso,RdT,,108.0
13307.0,BARCINA 400,Castilla y León,Burgos,Valle de Tobalina,400.0,42.777208388564,-3.2153446725509,fotovoltaica,En curso,RdD,,
13307.0,BARCINA 400,Castilla y León,Burgos,Valle de Tobalina,400.0,42.777208388564,-3.2153446725509,fotovoltaica,En curso,RdT,,150.0
13307.0,BARCINA 400,Castilla y León,Burgos,Valle de Tobalina,400.0,42.777208388564,-3.2153446725509,fotovoltaica,Puesta en servicio,RdD,,
13307.0,BARCINA 400,Castilla y León,Burgos,Valle de Tobalina,400.0,42.777208388564,-3.2153446725509,fotovoltaica,Puesta en servicio,RdT,,595.0
13307.0,BARCINA 400,Castilla y León,Burgos,Valle de Tobalina,400.0,42.777208388564,-3.2153446725509,hibridacion,En curso,RdD,,
13307.0,BARCINA 400,Castilla y León,Burgos,Valle de Tobalina,400.0,42.777208388564,-3.2153446725509,hibridacion,En curso,RdT,150.0,
13307.0,BARCINA 400,Castilla y León,Burgos,Valle de Tobalina,400.0,42.777208388564,-3.2153446725509,hibridacion,Puesta en servicio,RdD,,
13307.0,BARCINA 400,Castilla y León,Burgos,Valle de Tobalina,400.0,42.777208388564,-3.2153446725509,hibridacion,Puesta en servicio,RdT,595.0,
6971.0,VIRTUS 400,Castilla y León,Burgos,Valle de Valdebezana,400.0,43.002276770487,-3.845238117072,almacenamiento,En curso,RdD,,
6971.0,VIRTUS 400,Castilla y León,Burgos,Valle de Valdebezana,400.0,43.002276770487,-3.845238117072,almacenamiento,En curso,RdT,,24.93
6971.0,VIRTUS 400,Castilla y León,Burgos,Valle de Valdebezana,400.0,43.002276770487,-3.845238117072,eolica,Con permisos,RdD,,
6971.0,VIRTUS 400,Castilla y León,Burgos,Valle de Valdebezana,400.0,43.002276770487,-3.845238117072,eolica,Con permisos,RdT,41.0,41.0
6971.0,VIRTUS 400,Castilla y León,Burgos,Valle de Valdebezana,400.0,43.002276770487,-3.845238117072,eolica,Puesta en servicio,RdD,,
6971.0,VIRTUS 400,Castilla y León,Burgos,Valle de Valdebezana,400.0,43.002276770487,-3.845238117072,eolica,Puesta en servicio,RdT,237.35,237.35
6971.0,VIRTUS 400,Castilla y León,Burgos,Valle de Valdebezana,400.0,43.002276770487,-3.845238117072,fotovoltaica,En curso,RdD,,
6971.0,VIRTUS 400,Castilla y León,Burgos,Valle de Valdebezana,400.0,43.002276770487,-3.845238117072,fotovoltaica,En curso,RdT,,0.07
6971.0,VIRTUS 400,Castilla y León,Burgos,Valle de Valdebezana,400.0,43.002276770487,-3.845238117072,hibridacion,En curso,RdD,,
6971.0,VIRTUS 400,Castilla y León,Burgos,Valle de Valdebezana,400.0,43.002276770487,-3.845238117072,hibridacion,En curso,RdT,25.0,
6960.0,VALLEJERA 220,Castilla y León,Burgos,Vallejera,220.0,42.168605186947,-4.1694015963993,almacenamiento,En curso,RdD,,
6960.0,VALLEJERA 220,Castilla y León,Burgos,Vallejera,220.0,42.168605186947,-4.1694015963993,almacenamiento,En curso,RdT,264.0,271.92
6960.0,VALLEJERA 220,Castilla y León,Burgos,Vallejera,220.0,42.168605186947,-4.1694015963993,almacenamiento,Puesta en servicio,RdD,,
6960.0,VALLEJERA 220,Castilla y León,Burgos,Vallejera,220.0,42.168605186947,-4.1694015963993,almacenamiento,Puesta en servicio,RdT,,28.78
6960.0,VALLEJERA 220,Castilla y León,Burgos,Vallejera,220.0,42.168605186947,-4.1694015963993,eolica,Con permisos,RdD,,
6960.0,VALLEJERA 220,Castilla y León,Burgos,Vallejera,220.0,42.168605186947,-4.1694015963993,eolica,Con permisos,RdT,46.0,90.0
6960.0,VALLEJERA 220,Castilla y León,Burgos,Vallejera,220.0,42.168605186947,-4.1694015963993,eolica,En curso,RdD,,
6960.0,VALLEJERA 220,Castilla y León,Burgos,Vallejera,220.0,42.168605186947,-4.1694015963993,eolica,En curso,RdT,669.31,674.31
6960.0,VALLEJERA 220,Castilla y León,Burgos,Vallejera,220.0,42.168605186947,-4.1694015963993,eolica,Puesta en servicio,RdD,,
6960.0,VALLEJERA 220,Castilla y León,Burgos,Vallejera,220.0,42.168605186947,-4.1694015963993,eolica,Puesta en servicio,RdT,203.45,300.75
6960.0,VALLEJERA 220,Castilla y León,Burgos,Vallejera,220.0,42.168605186947,-4.1694015963993,fotovoltaica,En curso,RdD,,
6960.0,VALLEJERA 220,Castilla y León,Burgos,Vallejera,220.0,42.168605186947,-4.1694015963993,fotovoltaica,En curso,RdT,461.02,482.45
6960.0,VALLEJERA 220,Castilla y León,Burgos,Vallejera,220.0,42.168605186947,-4.1694015963993,fotovoltaica,Puesta en servicio,RdD,,
6960.0,VALLEJERA 220,Castilla y León,Burgos,Vallejera,220.0,42.168605186947,-4.1694015963993,fotovoltaica,Puesta en servicio,RdT,,107.79
6960.0,VALLEJERA 220,Castilla y León,Burgos,Vallejera,220.0,42.168605186947,-4.1694015963993,hibridacion,Puesta en servicio,RdD,,
6960.0,VALLEJERA 220,Castilla y León,Burgos,Vallejera,220.0,42.168605186947,-4.1694015963993,hibridacion,Puesta en servicio,RdT,110.3,
12878.0,LA LORA 400,Castilla y León,Burgos,Villadiego,400.0,42.590933176382,-3.8597103411719,almacenamiento,Con permisos,RdD,,
12878.0,LA LORA 400,Castilla y León,Burgos,Villadiego,400.0,42.590933176382,-3.8597103411719,almacenamiento,Con permisos,RdT,,1.0
12878.0,LA LORA 400,Castilla y León,Burgos,Villadiego,400.0,42.590933176382,-3.8597103411719,almacenamiento,En curso,RdD,,
12878.0,LA LORA 400,Castilla y León,Burgos,Villadiego,400.0,42.590933176382,-3.8597103411719,almacenamiento,En curso,RdT,99.0,99.0
12878.0,LA LORA 400,Castilla y León,Burgos,Villadiego,400.0,42.590933176382,-3.8597103411719,eolica,Con permisos,RdD,,
12878.0,LA LORA 400,Castilla y León,Burgos,Villadiego,400.0,42.590933176382,-3.8597103411719,eolica,Con permisos,RdT,71.0,90.0
12878.0,LA LORA 400,Castilla y León,Burgos,Villadiego,400.0,42.590933176382,-3.8597103411719,eolica,En curso,RdD,,
12878.0,LA LORA 400,Castilla y León,Burgos,Villadiego,400.0,42.590933176382,-3.8597103411719,eolica,En curso,RdT,487.16,497.16
12878.0,LA LORA 400,Castilla y León,Burgos,Villadiego,400.0,42.590933176382,-3.8597103411719,eolica,Puesta en servicio,RdD,,
12878.0,LA LORA 400,Castilla y León,Burgos,Villadiego,400.0,42.590933176382,-3.8597103411719,eolica,Puesta en servicio,RdT,477.79,538.89
12878.0,LA LORA 400,Castilla y León,Burgos,Villadiego,400.0,42.590933176382,-3.8597103411719,fotovoltaica,Con permisos,RdD,,
12878.0,LA LORA 400,Castilla y León,Burgos,Villadiego,400.0,42.590933176382,-3.8597103411719,fotovoltaica,Con permisos,RdT,206.0,253.0
12878.0,LA LORA 400,Castilla y León,Burgos,Villadiego,400.0,42.590933176382,-3.8597103411719,fotovoltaica,En curso,RdD,,
12878.0,LA LORA 400,Castilla y León,Burgos,Villadiego,400.0,42.590933176382,-3.8597103411719,fotovoltaica,En curso,RdT,92.8,95.55
12878.0,LA LORA 400,Castilla y León,Burgos,Villadiego,400.0,42.590933176382,-3.8597103411719,hibridacion,Con permisos,RdD,,
12878.0,LA LORA 400,Castilla y León,Burgos,Villadiego,400.0,42.590933176382,-3.8597103411719,hibridacion,Con permisos,RdT,10.0,
12878.0,LA LORA 400,Castilla y León,Burgos,Villadiego,400.0,42.590933176382,-3.8597103411719,hibridacion,Puesta en servicio,RdD,,
12878.0,LA LORA 400,Castilla y León,Burgos,Villadiego,400.0,42.590933176382,-3.8597103411719,hibridacion,Puesta en servicio,RdT,50.66,
6964.0,VILLALBILLA 220,Castilla y León,Burgos,Villalbilla de Burgos,220.0,42.341055806626,-3.780601159508,almacenamiento,Con permisos,RdD,,12.0
6964.0,VILLALBILLA 220,Castilla y León,Burgos,Villalbilla de Burgos,220.0,42.341055806626,-3.780601159508,almacenamiento,Con permisos,RdT,,30.0
6964.0,VILLALBILLA 220,Castilla y León,Burgos,Villalbilla de Burgos,220.0,42.341055806626,-3.780601159508,eolica,Con permisos,RdD,5.0,60.0
6964.0,VILLALBILLA 220,Castilla y León,Burgos,Villalbilla de Burgos,220.0,42.341055806626,-3.780601159508,eolica,Con permisos,RdT,50.0,77.0
6964.0,VILLALBILLA 220,Castilla y León,Burgos,Villalbilla de Burgos,220.0,42.341055806626,-3.780601159508,eolica,En curso,RdD,50.0,50.0
6964.0,VILLALBILLA 220,Castilla y León,Burgos,Villalbilla de Burgos,220.0,42.341055806626,-3.780601159508,eolica,En curso,RdT,,
6964.0,VILLALBILLA 220,Castilla y León,Burgos,Villalbilla de Burgos,220.0,42.341055806626,-3.780601159508,eolica,Puesta en servicio,RdD,85.0,85.0
6964.0,VILLALBILLA 220,Castilla y León,Burgos,Villalbilla de Burgos,220.0,42.341055806626,-3.780601159508,eolica,Puesta en servicio,RdT,154.5,248.9
6964.0,VILLALBILLA 220,Castilla y León,Burgos,Villalbilla de Burgos,220.0,42.341055806626,-3.780601159508,fotovoltaica,Con permisos,RdD,7.0,48.0
6964.0,VILLALBILLA 220,Castilla y León,Burgos,Villalbilla de Burgos,220.0,42.341055806626,-3.780601159508,fotovoltaica,Con permisos,RdT,,52.0
6964.0,VILLALBILLA 220,Castilla y León,Burgos,Villalbilla de Burgos,220.0,42.341055806626,-3.780601159508,fotovoltaica,Puesta en servicio,RdD,54.19,87.44
6964.0,VILLALBILLA 220,Castilla y León,Burgos,Villalbilla de Burgos,220.0,42.341055806626,-3.780601159508,fotovoltaica,Puesta en servicio,RdT,,
6964.0,VILLALBILLA 220,Castilla y León,Burgos,Villalbilla de Burgos,220.0,42.341055806626,-3.780601159508,hibridacion,Con permisos,RdD,36.0,
6964.0,VILLALBILLA 220,Castilla y León,Burgos,Villalbilla de Burgos,220.0,42.341055806626,-3.780601159508,hibridacion,Con permisos,RdT,25.0,
6964.0,VILLALBILLA 220,Castilla y León,Burgos,Villalbilla de Burgos,220.0,42.341055806626,-3.780601159508,hibridacion,Puesta en servicio,RdD,24.16,
6964.0,VILLALBILLA 220,Castilla y León,Burgos,Villalbilla de Burgos,220.0,42.341055806626,-3.780601159508,hibridacion,Puesta en servicio,RdT,118.0,
6964.0,VILLALBILLA 220,Castilla y León,Burgos,Villalbilla de Burgos,220.0,42.341055806626,-3.780601159508,hidraulica,Puesta en servicio,RdD,15.09,15.09
6964.0,VILLALBILLA 220,Castilla y León,Burgos,Villalbilla de Burgos,220.0,42.341055806626,-3.780601159508,hidraulica,Puesta en servicio,RdT,,
6964.0,VILLALBILLA 220,Castilla y León,Burgos,Villalbilla de Burgos,220.0,42.341055806626,-3.780601159508,otras,Puesta en servicio,RdD,147.89,147.89
6964.0,VILLALBILLA 220,Castilla y León,Burgos,Villalbilla de Burgos,220.0,42.341055806626,-3.780601159508,otras,Puesta en servicio,RdT,,
6963.0,VILECHA 400,Castilla y León,León,León,400.0,42.552885132547,-5.574800967622,eolica,Puesta en servicio,RdD,134.55,134.55
6963.0,VILECHA 400,Castilla y León,León,León,400.0,42.552885132547,-5.574800967622,eolica,Puesta en servicio,RdT,,
6963.0,VILECHA 400,Castilla y León,León,León,400.0,42.552885132547,-5.574800967622,fotovoltaica,Con permisos,RdD,20.0,24.0
6963.0,VILECHA 400,Castilla y León,León,León,400.0,42.552885132547,-5.574800967622,fotovoltaica,Con permisos,RdT,38.0,50.0
6963.0,VILECHA 400,Castilla y León,León,León,400.0,42.552885132547,-5.574800967622,fotovoltaica,En curso,RdD,,
6963.0,VILECHA 400,Castilla y León,León,León,400.0,42.552885132547,-5.574800967622,fotovoltaica,En curso,RdT,40.0,40.0
6963.0,VILECHA 400,Castilla y León,León,León,400.0,42.552885132547,-5.574800967622,fotovoltaica,Puesta en servicio,RdD,129.32,135.96
6963.0,VILECHA 400,Castilla y León,León,León,400.0,42.552885132547,-5.574800967622,fotovoltaica,Puesta en servicio,RdT,155.88,168.96
6963.0,VILECHA 400,Castilla y León,León,León,400.0,42.552885132547,-5.574800967622,hibridacion,Con permisos,RdD,2.0,
6963.0,VILECHA 400,Castilla y León,León,León,400.0,42.552885132547,-5.574800967622,hibridacion,Con permisos,RdT,,
6963.0,VILECHA 400,Castilla y León,León,León,400.0,42.552885132547,-5.574800967622,hidraulica,Puesta en servicio,RdD,79.76,82.23
6963.0,VILECHA 400,Castilla y León,León,León,400.0,42.552885132547,-5.574800967622,hidraulica,Puesta en servicio,RdT,,
6963.0,VILECHA 400,Castilla y León,León,León,400.0,42.552885132547,-5.574800967622,otras,Puesta en servicio,RdD,33.32,33.32
6963.0,VILECHA 400,Castilla y León,León,León,400.0,42.552885132547,-5.574800967622,otras,Puesta en servicio,RdT,,
13176.0,ROBLA 400,Castilla y León,León,"Robla, La",400.0,42.793998062302,-5.6336370690539,bombeo,En curso,RdD,,
13176.0,ROBLA 400,Castilla y León,León,"Robla, La",400.0,42.793998062302,-5.6336370690539,bombeo,En curso,RdT,640.0,640.0
13176.0,ROBLA 400,Castilla y León,León,"Robla, La",400.0,42.793998062302,-5.6336370690539,fotovoltaica,Con permisos,RdD,18.0,19.0
13176.0,ROBLA 400,Castilla y León,León,"Robla, La",400.0,42.793998062302,-5.6336370690539,fotovoltaica,Con permisos,RdT,584.0,643.0
13176.0,ROBLA 400,Castilla y León,León,"Robla, La",400.0,42.793998062302,-5.6336370690539,fotovoltaica,En curso,RdD,,
13176.0,ROBLA 400,Castilla y León,León,"Robla, La",400.0,42.793998062302,-5.6336370690539,fotovoltaica,En curso,RdT,434.4,470.9
13176.0,ROBLA 400,Castilla y León,León,"Robla, La",400.0,42.793998062302,-5.6336370690539,fotovoltaica,Puesta en servicio,RdD,50.9,50.9
13176.0,ROBLA 400,Castilla y León,León,"Robla, La",400.0,42.793998062302,-5.6336370690539,fotovoltaica,Puesta en servicio,RdT,,
13176.0,ROBLA 400,Castilla y León,León,"Robla, La",400.0,42.793998062302,-5.6336370690539,hidraulica,Puesta en servicio,RdD,69.86,69.86
13176.0,ROBLA 400,Castilla y León,León,"Robla, La",400.0,42.793998062302,-5.6336370690539,hidraulica,Puesta en servicio,RdT,,
13176.0,ROBLA 400,Castilla y León,León,"Robla, La",400.0,42.793998062302,-5.6336370690539,otras,Con permisos,RdD,,
13176.0,ROBLA 400,Castilla y León,León,"Robla, La",400.0,42.793998062302,-5.6336370690539,otras,Con permisos,RdT,48.0,49.0
13176.0,ROBLA 400,Castilla y León,León,"Robla, La",400.0,42.793998062302,-5.6336370690539,otras,Puesta en servicio,RdD,11.1,11.1
13176.0,ROBLA 400,Castilla y León,León,"Robla, La",400.0,42.793998062302,-5.6336370690539,otras,Puesta en servicio,RdT,,
12930.0,LUENGOS 400,Castilla y León,León,Santas Martas,400.0,42.450204231479,-5.3717901361098,almacenamiento,Con permisos,RdD,,
12930.0,LUENGOS 400,Castilla y León,León,Santas Martas,400.0,42.450204231479,-5.3717901361098,almacenamiento,Con permisos,RdT,,40.0
12930.0,LUENGOS 400,Castilla y León,León,Santas Martas,400.0,42.450204231479,-5.3717901361098,eolica,Con permisos,RdD,,
12930.0,LUENGOS 400,Castilla y León,León,Santas Martas,400.0,42.450204231479,-5.3717901361098,eolica,Con permisos,RdT,144.0,144.0
12930.0,LUENGOS 400,Castilla y León,León,Santas Martas,400.0,42.450204231479,-5.3717901361098,fotovoltaica,Con permisos,RdD,,
12930.0,LUENGOS 400,Castilla y León,León,Santas Martas,400.0,42.450204231479,-5.3717901361098,fotovoltaica,Con permisos,RdT,243.0,369.0
12930.0,LUENGOS 400,Castilla y León,León,Santas Martas,400.0,42.450204231479,-5.3717901361098,fotovoltaica,En curso,RdD,,
12930.0,LUENGOS 400,Castilla y León,León,Santas Martas,400.0,42.450204231479,-5.3717901361098,fotovoltaica,En curso,RdT,45.0,45.0
12930.0,LUENGOS 400,Castilla y León,León,Santas Martas,400.0,42.450204231479,-5.3717901361098,hibridacion,Con permisos,RdD,,
12930.0,LUENGOS 400,Castilla y León,León,Santas Martas,400.0,42.450204231479,-5.3717901361098,hibridacion,Con permisos,RdT,75.0,
12698.0,CILLAMAYOR 220,Castilla y León,Palencia,Barruelo de Santullán,220.0,42.868109642764,-4.2611075203595,almacenamiento,En curso,RdD,,
12698.0,CILLAMAYOR 220,Castilla y León,Palencia,Barruelo de Santullán,220.0,42.868109642764,-4.2611075203595,almacenamiento,En curso,RdT,134.9,134.9
12698.0,CILLAMAYOR 220,Castilla y León,Palencia,Barruelo de Santullán,220.0,42.868109642764,-4.2611075203595,eolica,Con permisos,RdD,,
12698.0,CILLAMAYOR 220,Castilla y León,Palencia,Barruelo de Santullán,220.0,42.868109642764,-4.2611075203595,eolica,Con permisos,RdT,86.0,86.0
12698.0,CILLAMAYOR 220,Castilla y León,Palencia,Barruelo de Santullán,220.0,42.868109642764,-4.2611075203595,eolica,En curso,RdD,,
12698.0,CILLAMAYOR 220,Castilla y León,Palencia,Barruelo de Santullán,220.0,42.868109642764,-4.2611075203595,eolica,En curso,RdT,86.0,86.0
12698.0,CILLAMAYOR 220,Castilla y León,Palencia,Barruelo de Santullán,220.0,42.868109642764,-4.2611075203595,eolica,Puesta en servicio,RdD,,
12698.0,CILLAMAYOR 220,Castilla y León,Palencia,Barruelo de Santullán,220.0,42.868109642764,-4.2611075203595,eolica,Puesta en servicio,RdT,19.8,19.8
12698.0,CILLAMAYOR 220,Castilla y León,Palencia,Barruelo de Santullán,220.0,42.868109642764,-4.2611075203595,fotovoltaica,Con permisos,RdD,,
12698.0,CILLAMAYOR 220,Castilla y León,Palencia,Barruelo de Santullán,220.0,42.868109642764,-4.2611075203595,fotovoltaica,Con permisos,RdT,193.0,199.0
12808.0,GRIJOTA 400,Castilla y León,Palencia,Grijota,400.0,42.072376328246,-4.5565096140785,almacenamiento,Con permisos,RdD,,
12808.0,GRIJOTA 400,Castilla y León,Palencia,Grijota,400.0,42.072376328246,-4.5565096140785,almacenamiento,Con permisos,RdT,,93.0
12808.0,GRIJOTA 400,Castilla y León,Palencia,Grijota,400.0,42.072376328246,-4.5565096140785,eolica,Con permisos,RdD,,
12808.0,GRIJOTA 400,Castilla y León,Palencia,Grijota,400.0,42.072376328246,-4.5565096140785,eolica,Con permisos,RdT,,147.0
12808.0,GRIJOTA 400,Castilla y León,Palencia,Grijota,400.0,42.072376328246,-4.5565096140785,eolica,Puesta en servicio,RdD,,
12808.0,GRIJOTA 400,Castilla y León,Palencia,Grijota,400.0,42.072376328246,-4.5565096140785,eolica,Puesta en servicio,RdT,74.2,635.88
12808.0,GRIJOTA 400,Castilla y León,Palencia,Grijota,400.0,42.072376328246,-4.5565096140785,fotovoltaica,Con permisos,RdD,,
12808.0,GRIJOTA 400,Castilla y León,Palencia,Grijota,400.0,42.072376328246,-4.5565096140785,fotovoltaica,Con permisos,RdT,13.0,699.0
12808.0,GRIJOTA 400,Castilla y León,Palencia,Grijota,400.0,42.072376328246,-4.5565096140785,fotovoltaica,Puesta en servicio,RdD,,
12808.0,GRIJOTA 400,Castilla y León,Palencia,Grijota,400.0,42.072376328246,-4.5565096140785,fotovoltaica,Puesta en servicio,RdT,284.99,442.48
12808.0,GRIJOTA 400,Castilla y León,Palencia,Grijota,400.0,42.072376328246,-4.5565096140785,hibridacion,Con permisos,RdD,,
12808.0,GRIJOTA 400,Castilla y León,Palencia,Grijota,400.0,42.072376328246,-4.5565096140785,hibridacion,Con permisos,RdT,234.0,
12808.0,GRIJOTA 400,Castilla y León,Palencia,Grijota,400.0,42.072376328246,-4.5565096140785,hibridacion,Puesta en servicio,RdD,,
12808.0,GRIJOTA 400,Castilla y León,Palencia,Grijota,400.0,42.072376328246,-4.5565096140785,hibridacion,Puesta en servicio,RdT,516.3,
13034.0,PALENCIA 220,Castilla y León,Palencia,Palencia,220.0,41.998887623579,-4.499295690666,almacenamiento,Con permisos,RdD,,
13034.0,PALENCIA 220,Castilla y León,Palencia,Palencia,220.0,41.998887623579,-4.499295690666,almacenamiento,Con permisos,RdT,,40.0
13034.0,PALENCIA 220,Castilla y León,Palencia,Palencia,220.0,41.998887623579,-4.499295690666,eolica,Con permisos,RdD,16.0,34.0
13034.0,PALENCIA 220,Castilla y León,Palencia,Palencia,220.0,41.998887623579,-4.499295690666,eolica,Con permisos,RdT,,126.0
13034.0,PALENCIA 220,Castilla y León,Palencia,Palencia,220.0,41.998887623579,-4.499295690666,eolica,En curso,RdD,22.0,22.0
13034.0,PALENCIA 220,Castilla y León,Palencia,Palencia,220.0,41.998887623579,-4.499295690666,eolica,En curso,RdT,100.0,135.0
13034.0,PALENCIA 220,Castilla y León,Palencia,Palencia,220.0,41.998887623579,-4.499295690666,eolica,Puesta en servicio,RdD,86.73,91.23
13034.0,PALENCIA 220,Castilla y León,Palencia,Palencia,220.0,41.998887623579,-4.499295690666,eolica,Puesta en servicio,RdT,,
13034.0,PALENCIA 220,Castilla y León,Palencia,Palencia,220.0,41.998887623579,-4.499295690666,fotovoltaica,Con permisos,RdD,,4.0
13034.0,PALENCIA 220,Castilla y León,Palencia,Palencia,220.0,41.998887623579,-4.499295690666,fotovoltaica,Con permisos,RdT,,72.0
13034.0,PALENCIA 220,Castilla y León,Palencia,Palencia,220.0,41.998887623579,-4.499295690666,fotovoltaica,En curso,RdD,14.6,30.81
13034.0,PALENCIA 220,Castilla y León,Palencia,Palencia,220.0,41.998887623579,-4.499295690666,fotovoltaica,En curso,RdT,43.73,99.88
13034.0,PALENCIA 220,Castilla y León,Palencia,Palencia,220.0,41.998887623579,-4.499295690666,fotovoltaica,Puesta en servicio,RdD,50.52,79.2
13034.0,PALENCIA 220,Castilla y León,Palencia,Palencia,220.0,41.998887623579,-4.499295690666,fotovoltaica,Puesta en servicio,RdT,,49.88
13034.0,PALENCIA 220,Castilla y León,Palencia,Palencia,220.0,41.998887623579,-4.499295690666,hibridacion,Con permisos,RdD,,
13034.0,PALENCIA 220,Castilla y León,Palencia,Palencia,220.0,41.998887623579,-4.499295690666,hibridacion,Con permisos,RdT,135.0,
13034.0,PALENCIA 220,Castilla y León,Palencia,Palencia,220.0,41.998887623579,-4.499295690666,hibridacion,En curso,RdD,,
13034.0,PALENCIA 220,Castilla y León,Palencia,Palencia,220.0,41.998887623579,-4.499295690666,hibridacion,En curso,RdT,43.73,
13034.0,PALENCIA 220,Castilla y León,Palencia,Palencia,220.0,41.998887623579,-4.499295690666,hibridacion,Puesta en servicio,RdD,26.0,
13034.0,PALENCIA 220,Castilla y León,Palencia,Palencia,220.0,41.998887623579,-4.499295690666,hibridacion,Puesta en servicio,RdT,43.73,
12828.0,HERRERA 400,Castilla y León,Palencia,Páramo de Boedo,400.0,42.594436017834,-4.3432807991398,almacenamiento,Con permisos,RdD,,
12828.0,HERRERA 400,Castilla y León,Palencia,Páramo de Boedo,400.0,42.594436017834,-4.3432807991398,almacenamiento,Con permisos,RdT,,70.0
12828.0,HERRERA 400,Castilla y León,Palencia,Páramo de Boedo,400.0,42.594436017834,-4.3432807991398,eolica,Con permisos,RdD,,
12828.0,HERRERA 400,Castilla y León,Palencia,Páramo de Boedo,400.0,42.594436017834,-4.3432807991398,eolica,Con permisos,RdT,,63.0
12828.0,HERRERA 400,Castilla y León,Palencia,Páramo de Boedo,400.0,42.594436017834,-4.3432807991398,eolica,En curso,RdD,,
12828.0,HERRERA 400,Castilla y León,Palencia,Páramo de Boedo,400.0,42.594436017834,-4.3432807991398,eolica,En curso,RdT,181.1,181.1
12828.0,HERRERA 400,Castilla y León,Palencia,Páramo de Boedo,400.0,42.594436017834,-4.3432807991398,eolica,Puesta en servicio,RdD,,
12828.0,HERRERA 400,Castilla y León,Palencia,Páramo de Boedo,400.0,42.594436017834,-4.3432807991398,eolica,Puesta en servicio,RdT,309.1,506.75
12828.0,HERRERA 400,Castilla y León,Palencia,Páramo de Boedo,400.0,42.594436017834,-4.3432807991398,fotovoltaica,Con permisos,RdD,,
12828.0,HERRERA 400,Castilla y León,Palencia,Páramo de Boedo,400.0,42.594436017834,-4.3432807991398,fotovoltaica,Con permisos,RdT,251.0,416.0
12828.0,HERRERA 400,Castilla y León,Palencia,Páramo de Boedo,400.0,42.594436017834,-4.3432807991398,fotovoltaica,En curso,RdD,,
12828.0,HERRERA 400,Castilla y León,Palencia,Páramo de Boedo,400.0,42.594436017834,-4.3432807991398,fotovoltaica,En curso,RdT,70.62,82.28
12828.0,HERRERA 400,Castilla y León,Palencia,Páramo de Boedo,400.0,42.594436017834,-4.3432807991398,fotovoltaica,Puesta en servicio,RdD,,
12828.0,HERRERA 400,Castilla y León,Palencia,Páramo de Boedo,400.0,42.594436017834,-4.3432807991398,fotovoltaica,Puesta en servicio,RdT,282.48,400.46
12828.0,HERRERA 400,Castilla y León,Palencia,Páramo de Boedo,400.0,42.594436017834,-4.3432807991398,hibridacion,Con permisos,RdD,,
12828.0,HERRERA 400,Castilla y León,Palencia,Páramo de Boedo,400.0,42.594436017834,-4.3432807991398,hibridacion,Con permisos,RdT,39.0,
12828.0,HERRERA 400,Castilla y León,Palencia,Páramo de Boedo,400.0,42.594436017834,-4.3432807991398,hibridacion,Puesta en servicio,RdD,,
12828.0,HERRERA 400,Castilla y León,Palencia,Páramo de Boedo,400.0,42.594436017834,-4.3432807991398,hibridacion,Puesta en servicio,RdT,229.23,
12689.0,CERRATO 400,Castilla y León,Palencia,Valle de Cerrato,400.0,41.888782815186,-4.3817374201211,almacenamiento,Con permisos,RdD,,
12689.0,CERRATO 400,Castilla y León,Palencia,Valle de Cerrato,400.0,41.888782815186,-4.3817374201211,almacenamiento,Con permisos,RdT,,160.0
12689.0,CERRATO 400,Castilla y León,Palencia,Valle de Cerrato,400.0,41.888782815186,-4.3817374201211,eolica,Con permisos,RdD,,
12689.0,CERRATO 400,Castilla y León,Palencia,Valle de Cerrato,400.0,41.888782815186,-4.3817374201211,eolica,Con permisos,RdT,360.0,445.0
12689.0,CERRATO 400,Castilla y León,Palencia,Valle de Cerrato,400.0,41.888782815186,-4.3817374201211,eolica,Puesta en servicio,RdD,,
12689.0,CERRATO 400,Castilla y León,Palencia,Valle de Cerrato,400.0,41.888782815186,-4.3817374201211,eolica,Puesta en servicio,RdT,182.9,278.0
12689.0,CERRATO 400,Castilla y León,Palencia,Valle de Cerrato,400.0,41.888782815186,-4.3817374201211,fotovoltaica,Con permisos,RdD,,
12689.0,CERRATO 400,Castilla y León,Palencia,Valle de Cerrato,400.0,41.888782815186,-4.3817374201211,fotovoltaica,Con permisos,RdT,,95.0
12689.0,CERRATO 400,Castilla y León,Palencia,Valle de Cerrato,400.0,41.888782815186,-4.3817374201211,fotovoltaica,Puesta en servicio,RdD,,
12689.0,CERRATO 400,Castilla y León,Palencia,Valle de Cerrato,400.0,41.888782815186,-4.3817374201211,fotovoltaica,Puesta en servicio,RdT,,99.04
12689.0,CERRATO 400,Castilla y León,Palencia,Valle de Cerrato,400.0,41.888782815186,-4.3817374201211,hibridacion,Con permisos,RdD,,
12689.0,CERRATO 400,Castilla y León,Palencia,Valle de Cerrato,400.0,41.888782815186,-4.3817374201211,hibridacion,Con permisos,RdT,38.0,
12689.0,CERRATO 400,Castilla y León,Palencia,Valle de Cerrato,400.0,41.888782815186,-4.3817374201211,hibridacion,Puesta en servicio,RdD,,
12689.0,CERRATO 400,Castilla y León,Palencia,Valle de Cerrato,400.0,41.888782815186,-4.3817374201211,hibridacion,Puesta en servicio,RdT,174.1,
6962.0,VELILLA 400,Castilla y León,Palencia,Velilla del Río Carrión,400.0,42.821915896414,-4.8582145164697,almacenamiento,Con permisos,RdD,,
6962.0,VELILLA 400,Castilla y León,Palencia,Velilla del Río Carrión,400.0,42.821915896414,-4.8582145164697,almacenamiento,Con permisos,RdT,,321.0
6962.0,VELILLA 400,Castilla y León,Palencia,Velilla del Río Carrión,400.0,42.821915896414,-4.8582145164697,bombeo,Con permisos,RdD,,
6962.0,VELILLA 400,Castilla y León,Palencia,Velilla del Río Carrión,400.0,42.821915896414,-4.8582145164697,bombeo,Con permisos,RdT,144.0,144.0
6962.0,VELILLA 400,Castilla y León,Palencia,Velilla del Río Carrión,400.0,42.821915896414,-4.8582145164697,bombeo,En curso,RdD,,
6962.0,VELILLA 400,Castilla y León,Palencia,Velilla del Río Carrión,400.0,42.821915896414,-4.8582145164697,bombeo,En curso,RdT,144.0,144.0
6962.0,VELILLA 400,Castilla y León,Palencia,Velilla del Río Carrión,400.0,42.821915896414,-4.8582145164697,fotovoltaica,Con permisos,RdD,,
6962.0,VELILLA 400,Castilla y León,Palencia,Velilla del Río Carrión,400.0,42.821915896414,-4.8582145164697,fotovoltaica,Con permisos,RdT,30.0,69.0
6962.0,VELILLA 400,Castilla y León,Palencia,Velilla del Río Carrión,400.0,42.821915896414,-4.8582145164697,fotovoltaica,Puesta en servicio,RdD,,
6962.0,VELILLA 400,Castilla y León,Palencia,Velilla del Río Carrión,400.0,42.821915896414,-4.8582145164697,fotovoltaica,Puesta en servicio,RdT,,395.6
6962.0,VELILLA 400,Castilla y León,Palencia,Velilla del Río Carrión,400.0,42.821915896414,-4.8582145164697,hibridacion,Con permisos,RdD,,
6962.0,VELILLA 400,Castilla y León,Palencia,Velilla del Río Carrión,400.0,42.821915896414,-4.8582145164697,hibridacion,Con permisos,RdT,30.0,
6962.0,VELILLA 400,Castilla y León,Palencia,Velilla del Río Carrión,400.0,42.821915896414,-4.8582145164697,hibridacion,Puesta en servicio,RdD,,
6962.0,VELILLA 400,Castilla y León,Palencia,Velilla del Río Carrión,400.0,42.821915896414,-4.8582145164697,hibridacion,Puesta en servicio,RdT,348.0,
6962.0,VELILLA 400,Castilla y León,Palencia,Velilla del Río Carrión,400.0,42.821915896414,-4.8582145164697,hidraulica,Puesta en servicio,RdD,5.0,5.0
6962.0,VELILLA 400,Castilla y León,Palencia,Velilla del Río Carrión,400.0,42.821915896414,-4.8582145164697,hidraulica,Puesta en servicio,RdT,,
12812.0,GUARDO 220,Castilla y León,Palencia,Velilla del Río Carrión,220.0,42.818501230603,-4.8523221520272,eolica,Con permisos,RdD,40.0,40.0
12812.0,GUARDO 220,Castilla y León,Palencia,Velilla del Río Carrión,220.0,42.818501230603,-4.8523221520272,eolica,Con permisos,RdT,,
12812.0,GUARDO 220,Castilla y León,Palencia,Velilla del Río Carrión,220.0,42.818501230603,-4.8523221520272,fotovoltaica,Con permisos,RdD,28.0,28.0
12812.0,GUARDO 220,Castilla y León,Palencia,Velilla del Río Carrión,220.0,42.818501230603,-4.8523221520272,fotovoltaica,Con permisos,RdT,,
12812.0,GUARDO 220,Castilla y León,Palencia,Velilla del Río Carrión,220.0,42.818501230603,-4.8523221520272,hidraulica,Puesta en servicio,RdD,,
12812.0,GUARDO 220,Castilla y León,Palencia,Velilla del Río Carrión,220.0,42.818501230603,-4.8523221520272,hidraulica,Puesta en servicio,RdT,85.0,83.19
12812.0,GUARDO 220,Castilla y León,Palencia,Velilla del Río Carrión,220.0,42.818501230603,-4.8523221520272,otras,Con permisos,RdD,49.0,49.0
12812.0,GUARDO 220,Castilla y León,Palencia,Velilla del Río Carrión,220.0,42.818501230603,-4.8523221520272,otras,Con permisos,RdT,,
6955.0,SANTIZ 220,Castilla y León,Salamanca,Santiz,220.0,41.196939882825,-5.8762246145213,almacenamiento,Con permisos,RdD,,
6955.0,SANTIZ 220,Castilla y León,Salamanca,Santiz,220.0,41.196939882825,-5.8762246145213,almacenamiento,Con permisos,RdT,,92.0
6955.0,SANTIZ 220,Castilla y León,Salamanca,Santiz,220.0,41.196939882825,-5.8762246145213,eolica,Con permisos,RdD,,
6955.0,SANTIZ 220,Castilla y León,Salamanca,Santiz,220.0,41.196939882825,-5.8762246145213,eolica,Con permisos,RdT,47.0,152.0
6955.0,SANTIZ 220,Castilla y León,Salamanca,Santiz,220.0,41.196939882825,-5.8762246145213,eolica,Puesta en servicio,RdD,,
6955.0,SANTIZ 220,Castilla y León,Salamanca,Santiz,220.0,41.196939882825,-5.8762246145213,eolica,Puesta en servicio,RdT,70.0,124.5
6955.0,SANTIZ 220,Castilla y León,Salamanca,Santiz,220.0,41.196939882825,-5.8762246145213,fotovoltaica,Con permisos,RdD,,
6955.0,SANTIZ 220,Castilla y León,Salamanca,Santiz,220.0,41.196939882825,-5.8762246145213,fotovoltaica,Con permisos,RdT,,203.0
6955.0,SANTIZ 220,Castilla y León,Salamanca,Santiz,220.0,41.196939882825,-5.8762246145213,fotovoltaica,Puesta en servicio,RdD,,
6955.0,SANTIZ 220,Castilla y León,Salamanca,Santiz,220.0,41.196939882825,-5.8762246145213,fotovoltaica,Puesta en servicio,RdT,,109.9
6955.0,SANTIZ 220,Castilla y León,Salamanca,Santiz,220.0,41.196939882825,-5.8762246145213,hibridacion,Con permisos,RdD,,
6955.0,SANTIZ 220,Castilla y León,Salamanca,Santiz,220.0,41.196939882825,-5.8762246145213,hibridacion,Con permisos,RdT,226.0,
6955.0,SANTIZ 220,Castilla y León,Salamanca,Santiz,220.0,41.196939882825,-5.8762246145213,hibridacion,Puesta en servicio,RdD,,
6955.0,SANTIZ 220,Castilla y León,Salamanca,Santiz,220.0,41.196939882825,-5.8762246145213,hibridacion,Puesta en servicio,RdT,59.0,
6966.0,VILLAMAYOR 220,Castilla y León,Salamanca,Villamayor,220.0,40.98949808823,-5.6901234039677,eolica,Puesta en servicio,RdD,43.14,63.84
6966.0,VILLAMAYOR 220,Castilla y León,Salamanca,Villamayor,220.0,40.98949808823,-5.6901234039677,eolica,Puesta en servicio,RdT,,
6966.0,VILLAMAYOR 220,Castilla y León,Salamanca,Villamayor,220.0,40.98949808823,-5.6901234039677,fotovoltaica,Con permisos,RdD,6.0,28.0
6966.0,VILLAMAYOR 220,Castilla y León,Salamanca,Villamayor,220.0,40.98949808823,-5.6901234039677,fotovoltaica,Con permisos,RdT,,
6966.0,VILLAMAYOR 220,Castilla y León,Salamanca,Villamayor,220.0,40.98949808823,-5.6901234039677,fotovoltaica,Puesta en servicio,RdD,66.71,68.52
6966.0,VILLAMAYOR 220,Castilla y León,Salamanca,Villamayor,220.0,40.98949808823,-5.6901234039677,fotovoltaica,Puesta en servicio,RdT,,
6966.0,VILLAMAYOR 220,Castilla y León,Salamanca,Villamayor,220.0,40.98949808823,-5.6901234039677,hibridacion,Puesta en servicio,RdD,20.7,
6966.0,VILLAMAYOR 220,Castilla y León,Salamanca,Villamayor,220.0,40.98949808823,-5.6901234039677,hibridacion,Puesta en servicio,RdT,,
6966.0,VILLAMAYOR 220,Castilla y León,Salamanca,Villamayor,220.0,40.98949808823,-5.6901234039677,hidraulica,Puesta en servicio,RdD,11.95,11.95
6966.0,VILLAMAYOR 220,Castilla y León,Salamanca,Villamayor,220.0,40.98949808823,-5.6901234039677,hidraulica,Puesta en servicio,RdT,,
6966.0,VILLAMAYOR 220,Castilla y León,Salamanca,Villamayor,220.0,40.98949808823,-5.6901234039677,otras,Puesta en servicio,RdD,26.82,26.82
6966.0,VILLAMAYOR 220,Castilla y León,Salamanca,Villamayor,220.0,40.98949808823,-5.6901234039677,otras,Puesta en servicio,RdT,,
12903.0,LASTRAS 400,Castilla y León,Segovia,Lastras del Pozo,400.0,40.880487640659,-4.3398240324918,almacenamiento,Con permisos,RdD,1.0,8.0
12903.0,LASTRAS 400,Castilla y León,Segovia,Lastras del Pozo,400.0,40.880487640659,-4.3398240324918,almacenamiento,Con permisos,RdT,,
12903.0,LASTRAS 400,Castilla y León,Segovia,Lastras del Pozo,400.0,40.880487640659,-4.3398240324918,eolica,En curso,RdD,50.0,50.0
12903.0,LASTRAS 400,Castilla y León,Segovia,Lastras del Pozo,400.0,40.880487640659,-4.3398240324918,eolica,En curso,RdT,,
12903.0,LASTRAS 400,Castilla y León,Segovia,Lastras del Pozo,400.0,40.880487640659,-4.3398240324918,eolica,Puesta en servicio,RdD,,
12903.0,LASTRAS 400,Castilla y León,Segovia,Lastras del Pozo,400.0,40.880487640659,-4.3398240324918,eolica,Puesta en servicio,RdT,154.29,284.64
12903.0,LASTRAS 400,Castilla y León,Segovia,Lastras del Pozo,400.0,40.880487640659,-4.3398240324918,fotovoltaica,Con permisos,RdD,21.0,22.0
12903.0,LASTRAS 400,Castilla y León,Segovia,Lastras del Pozo,400.0,40.880487640659,-4.3398240324918,fotovoltaica,Con permisos,RdT,50.0,143.0
12903.0,LASTRAS 400,Castilla y León,Segovia,Lastras del Pozo,400.0,40.880487640659,-4.3398240324918,fotovoltaica,En curso,RdD,44.95,44.95
12903.0,LASTRAS 400,Castilla y León,Segovia,Lastras del Pozo,400.0,40.880487640659,-4.3398240324918,fotovoltaica,En curso,RdT,,
12903.0,LASTRAS 400,Castilla y León,Segovia,Lastras del Pozo,400.0,40.880487640659,-4.3398240324918,fotovoltaica,Puesta en servicio,RdD,185.15,205.16
12903.0,LASTRAS 400,Castilla y León,Segovia,Lastras del Pozo,400.0,40.880487640659,-4.3398240324918,fotovoltaica,Puesta en servicio,RdT,,28.0
12903.0,LASTRAS 400,Castilla y León,Segovia,Lastras del Pozo,400.0,40.880487640659,-4.3398240324918,hibridacion,Con permisos,RdD,15.0,
12903.0,LASTRAS 400,Castilla y León,Segovia,Lastras del Pozo,400.0,40.880487640659,-4.3398240324918,hibridacion,Con permisos,RdT,,
12903.0,LASTRAS 400,Castilla y León,Segovia,Lastras del Pozo,400.0,40.880487640659,-4.3398240324918,hibridacion,Puesta en servicio,RdD,6.16,
12903.0,LASTRAS 400,Castilla y León,Segovia,Lastras del Pozo,400.0,40.880487640659,-4.3398240324918,hibridacion,Puesta en servicio,RdT,130.35,
12903.0,LASTRAS 400,Castilla y León,Segovia,Lastras del Pozo,400.0,40.880487640659,-4.3398240324918,hidraulica,Puesta en servicio,RdD,23.67,23.67
12903.0,LASTRAS 400,Castilla y León,Segovia,Lastras del Pozo,400.0,40.880487640659,-4.3398240324918,hidraulica,Puesta en servicio,RdT,,
12903.0,LASTRAS 400,Castilla y León,Segovia,Lastras del Pozo,400.0,40.880487640659,-4.3398240324918,otras,Con permisos,RdD,,14.0
12903.0,LASTRAS 400,Castilla y León,Segovia,Lastras del Pozo,400.0,40.880487640659,-4.3398240324918,otras,Con permisos,RdT,,
12903.0,LASTRAS 400,Castilla y León,Segovia,Lastras del Pozo,400.0,40.880487640659,-4.3398240324918,otras,Puesta en servicio,RdD,39.07,45.23
12903.0,LASTRAS 400,Castilla y León,Segovia,Lastras del Pozo,400.0,40.880487640659,-4.3398240324918,otras,Puesta en servicio,RdT,,
7211.0,SEGOVIA 400,Castilla y León,Segovia,Segovia,400.0,40.939946109973,-4.1651705823157,almacenamiento,Con permisos,RdD,,
7211.0,SEGOVIA 400,Castilla y León,Segovia,Segovia,400.0,40.939946109973,-4.1651705823157,almacenamiento,Con permisos,RdT,,64.0
7211.0,SEGOVIA 400,Castilla y León,Segovia,Segovia,400.0,40.939946109973,-4.1651705823157,fotovoltaica,Con permisos,RdD,,
7211.0,SEGOVIA 400,Castilla y León,Segovia,Segovia,400.0,40.939946109973,-4.1651705823157,fotovoltaica,Con permisos,RdT,50.0,50.0
7211.0,SEGOVIA 400,Castilla y León,Segovia,Segovia,400.0,40.939946109973,-4.1651705823157,fotovoltaica,Puesta en servicio,RdD,,
7211.0,SEGOVIA 400,Castilla y León,Segovia,Segovia,400.0,40.939946109973,-4.1651705823157,fotovoltaica,Puesta en servicio,RdT,359.4,541.53
7211.0,SEGOVIA 400,Castilla y León,Segovia,Segovia,400.0,40.939946109973,-4.1651705823157,hibridacion,Puesta en servicio,RdD,,
7211.0,SEGOVIA 400,Castilla y León,Segovia,Segovia,400.0,40.939946109973,-4.1651705823157,hibridacion,Puesta en servicio,RdT,114.6,
6918.0,ALMAZAN 400,Castilla y León,Soria,Coscurita,400.0,41.438156620049,-2.5035277493855,almacenamiento,Con permisos,RdD,,
6918.0,ALMAZAN 400,Castilla y León,Soria,Coscurita,400.0,41.438156620049,-2.5035277493855,almacenamiento,Con permisos,RdT,,27.0
6918.0,ALMAZAN 400,Castilla y León,Soria,Coscurita,400.0,41.438156620049,-2.5035277493855,eolica,Con permisos,RdD,,12.0
6918.0,ALMAZAN 400,Castilla y León,Soria,Coscurita,400.0,41.438156620049,-2.5035277493855,eolica,Con permisos,RdT,50.0,64.0
6918.0,ALMAZAN 400,Castilla y León,Soria,Coscurita,400.0,41.438156620049,-2.5035277493855,eolica,Puesta en servicio,RdD,17.88,30.78
6918.0,ALMAZAN 400,Castilla y León,Soria,Coscurita,400.0,41.438156620049,-2.5035277493855,eolica,Puesta en servicio,RdT,57.0,326.8
6918.0,ALMAZAN 400,Castilla y León,Soria,Coscurita,400.0,41.438156620049,-2.5035277493855,fotovoltaica,Con permisos,RdD,1.0,11.0
6918.0,ALMAZAN 400,Castilla y León,Soria,Coscurita,400.0,41.438156620049,-2.5035277493855,fotovoltaica,Con permisos,RdT,10.0,157.0
6918.0,ALMAZAN 400,Castilla y León,Soria,Coscurita,400.0,41.438156620049,-2.5035277493855,fotovoltaica,Puesta en servicio,RdD,28.55,30.11
6918.0,ALMAZAN 400,Castilla y León,Soria,Coscurita,400.0,41.438156620049,-2.5035277493855,fotovoltaica,Puesta en servicio,RdT,,
6918.0,ALMAZAN 400,Castilla y León,Soria,Coscurita,400.0,41.438156620049,-2.5035277493855,hibridacion,Con permisos,RdD,12.0,
6918.0,ALMAZAN 400,Castilla y León,Soria,Coscurita,400.0,41.438156620049,-2.5035277493855,hibridacion,Con permisos,RdT,10.0,
6918.0,ALMAZAN 400,Castilla y León,Soria,Coscurita,400.0,41.438156620049,-2.5035277493855,hibridacion,Puesta en servicio,RdD,12.9,
6918.0,ALMAZAN 400,Castilla y León,Soria,Coscurita,400.0,41.438156620049,-2.5035277493855,hibridacion,Puesta en servicio,RdT,269.8,
6918.0,ALMAZAN 400,Castilla y León,Soria,Coscurita,400.0,41.438156620049,-2.5035277493855,otras,Puesta en servicio,RdD,68.53,68.53
6918.0,ALMAZAN 400,Castilla y León,Soria,Coscurita,400.0,41.438156620049,-2.5035277493855,otras,Puesta en servicio,RdT,,
12958.0,MEDINACELI 400,Castilla y León,Soria,Medinaceli,400.0,41.106040122646,-2.374416072454,almacenamiento,Con permisos,RdD,,
12958.0,MEDINACELI 400,Castilla y León,Soria,Medinaceli,400.0,41.106040122646,-2.374416072454,almacenamiento,Con permisos,RdT,,25.0
12958.0,MEDINACELI 400,Castilla y León,Soria,Medinaceli,400.0,41.106040122646,-2.374416072454,eolica,Con permisos,RdD,,
12958.0,MEDINACELI 400,Castilla y León,Soria,Medinaceli,400.0,41.106040122646,-2.374416072454,eolica,Con permisos,RdT,158.0,158.0
12958.0,MEDINACELI 400,Castilla y León,Soria,Medinaceli,400.0,41.106040122646,-2.374416072454,eolica,Puesta en servicio,RdD,,
12958.0,MEDINACELI 400,Castilla y León,Soria,Medinaceli,400.0,41.106040122646,-2.374416072454,eolica,Puesta en servicio,RdT,92.0,358.04
12958.0,MEDINACELI 400,Castilla y León,Soria,Medinaceli,400.0,41.106040122646,-2.374416072454,fotovoltaica,Con permisos,RdD,,
12958.0,MEDINACELI 400,Castilla y León,Soria,Medinaceli,400.0,41.106040122646,-2.374416072454,fotovoltaica,Con permisos,RdT,82.0,231.0
12958.0,MEDINACELI 400,Castilla y León,Soria,Medinaceli,400.0,41.106040122646,-2.374416072454,hibridacion,Puesta en servicio,RdD,,
12958.0,MEDINACELI 400,Castilla y León,Soria,Medinaceli,400.0,41.106040122646,-2.374416072454,hibridacion,Puesta en servicio,RdT,266.04,
13023.0,ONCALA 220,Castilla y León,Soria,Oncala,220.0,41.963089968995,-2.2467142704142,almacenamiento,Con permisos,RdD,,
13023.0,ONCALA 220,Castilla y León,Soria,Oncala,220.0,41.963089968995,-2.2467142704142,almacenamiento,Con permisos,RdT,,73.0
13023.0,ONCALA 220,Castilla y León,Soria,Oncala,220.0,41.963089968995,-2.2467142704142,eolica,Con permisos,RdD,27.0,27.0
13023.0,ONCALA 220,Castilla y León,Soria,Oncala,220.0,41.963089968995,-2.2467142704142,eolica,Con permisos,RdT,,
13023.0,ONCALA 220,Castilla y León,Soria,Oncala,220.0,41.963089968995,-2.2467142704142,eolica,Puesta en servicio,RdD,99.0,99.0
13023.0,ONCALA 220,Castilla y León,Soria,Oncala,220.0,41.963089968995,-2.2467142704142,eolica,Puesta en servicio,RdT,30.4,77.6
13023.0,ONCALA 220,Castilla y León,Soria,Oncala,220.0,41.963089968995,-2.2467142704142,fotovoltaica,Con permisos,RdD,,
13023.0,ONCALA 220,Castilla y León,Soria,Oncala,220.0,41.963089968995,-2.2467142704142,fotovoltaica,Con permisos,RdT,149.0,243.0
13023.0,ONCALA 220,Castilla y León,Soria,Oncala,220.0,41.963089968995,-2.2467142704142,hibridacion,Con permisos,RdD,,
13023.0,ONCALA 220,Castilla y León,Soria,Oncala,220.0,41.963089968995,-2.2467142704142,hibridacion,Con permisos,RdT,56.0,
13023.0,ONCALA 220,Castilla y León,Soria,Oncala,220.0,41.963089968995,-2.2467142704142,hibridacion,Puesta en servicio,RdD,,
13023.0,ONCALA 220,Castilla y León,Soria,Oncala,220.0,41.963089968995,-2.2467142704142,hibridacion,Puesta en servicio,RdT,47.2,
6959.0,TREVAGO 220,Castilla y León,Soria,Trévago,220.0,41.872979369233,-2.1212757218663,almacenamiento,Con permisos,RdD,,
6959.0,TREVAGO 220,Castilla y León,Soria,Trévago,220.0,41.872979369233,-2.1212757218663,almacenamiento,Con permisos,RdT,,80.0
6959.0,TREVAGO 220,Castilla y León,Soria,Trévago,220.0,41.872979369233,-2.1212757218663,almacenamiento,En curso,RdD,,
6959.0,TREVAGO 220,Castilla y León,Soria,Trévago,220.0,41.872979369233,-2.1212757218663,almacenamiento,En curso,RdT,80.82,84.66
6959.0,TREVAGO 220,Castilla y León,Soria,Trévago,220.0,41.872979369233,-2.1212757218663,bombeo,En curso,RdD,,
6959.0,TREVAGO 220,Castilla y León,Soria,Trévago,220.0,41.872979369233,-2.1212757218663,bombeo,En curso,RdT,25.0,25.0
6959.0,TREVAGO 220,Castilla y León,Soria,Trévago,220.0,41.872979369233,-2.1212757218663,eolica,En curso,RdD,,
6959.0,TREVAGO 220,Castilla y León,Soria,Trévago,220.0,41.872979369233,-2.1212757218663,eolica,En curso,RdT,141.85,141.85
6959.0,TREVAGO 220,Castilla y León,Soria,Trévago,220.0,41.872979369233,-2.1212757218663,eolica,Puesta en servicio,RdD,,
6959.0,TREVAGO 220,Castilla y León,Soria,Trévago,220.0,41.872979369233,-2.1212757218663,eolica,Puesta en servicio,RdT,148.94,191.34
6959.0,TREVAGO 220,Castilla y León,Soria,Trévago,220.0,41.872979369233,-2.1212757218663,fotovoltaica,Puesta en servicio,RdD,,
6959.0,TREVAGO 220,Castilla y León,Soria,Trévago,220.0,41.872979369233,-2.1212757218663,fotovoltaica,Puesta en servicio,RdT,109.0,199.26
6959.0,TREVAGO 220,Castilla y León,Soria,Trévago,220.0,41.872979369233,-2.1212757218663,hibridacion,Puesta en servicio,RdD,,
6959.0,TREVAGO 220,Castilla y León,Soria,Trévago,220.0,41.872979369233,-2.1212757218663,hibridacion,Puesta en servicio,RdT,100.8,
12979.0,MONCAYO 220,Castilla y León,Soria,Ólvega,220.0,41.746378180905,-1.9239592978152,almacenamiento,En curso,RdD,,
12979.0,MONCAYO 220,Castilla y León,Soria,Ólvega,220.0,41.746378180905,-1.9239592978152,almacenamiento,En curso,RdT,45.0,49.26
12979.0,MONCAYO 220,Castilla y León,Soria,Ólvega,220.0,41.746378180905,-1.9239592978152,eolica,Con permisos,RdD,,
12979.0,MONCAYO 220,Castilla y León,Soria,Ólvega,220.0,41.746378180905,-1.9239592978152,eolica,Con permisos,RdT,40.0,121.0
12979.0,MONCAYO 220,Castilla y León,Soria,Ólvega,220.0,41.746378180905,-1.9239592978152,eolica,En curso,RdD,,
12979.0,MONCAYO 220,Castilla y León,Soria,Ólvega,220.0,41.746378180905,-1.9239592978152,eolica,En curso,RdT,244.2,253.8
12979.0,MONCAYO 220,Castilla y León,Soria,Ólvega,220.0,41.746378180905,-1.9239592978152,eolica,Puesta en servicio,RdD,142.5,142.5
12979.0,MONCAYO 220,Castilla y León,Soria,Ólvega,220.0,41.746378180905,-1.9239592978152,eolica,Puesta en servicio,RdT,,
12979.0,MONCAYO 220,Castilla y León,Soria,Ólvega,220.0,41.746378180905,-1.9239592978152,fotovoltaica,Con permisos,RdD,,
12979.0,MONCAYO 220,Castilla y León,Soria,Ólvega,220.0,41.746378180905,-1.9239592978152,fotovoltaica,Con permisos,RdT,49.0,70.0
12979.0,MONCAYO 220,Castilla y León,Soria,Ólvega,220.0,41.746378180905,-1.9239592978152,fotovoltaica,En curso,RdD,,
12979.0,MONCAYO 220,Castilla y León,Soria,Ólvega,220.0,41.746378180905,-1.9239592978152,fotovoltaica,En curso,RdT,434.0,465.98
12979.0,MONCAYO 220,Castilla y León,Soria,Ólvega,220.0,41.746378180905,-1.9239592978152,fotovoltaica,Puesta en servicio,RdD,11.8,11.8
12979.0,MONCAYO 220,Castilla y León,Soria,Ólvega,220.0,41.746378180905,-1.9239592978152,fotovoltaica,Puesta en servicio,RdT,21.58,26.4
12979.0,MONCAYO 220,Castilla y León,Soria,Ólvega,220.0,41.746378180905,-1.9239592978152,hibridacion,Con permisos,RdD,,
12979.0,MONCAYO 220,Castilla y León,Soria,Ólvega,220.0,41.746378180905,-1.9239592978152,hibridacion,Con permisos,RdT,35.0,
12979.0,MONCAYO 220,Castilla y León,Soria,Ólvega,220.0,41.746378180905,-1.9239592978152,hibridacion,En curso,RdD,,
12979.0,MONCAYO 220,Castilla y León,Soria,Ólvega,220.0,41.746378180905,-1.9239592978152,hibridacion,En curso,RdT,31.6,
12979.0,MONCAYO 220,Castilla y León,Soria,Ólvega,220.0,41.746378180905,-1.9239592978152,otras,Puesta en servicio,RdD,14.58,14.58
12979.0,MONCAYO 220,Castilla y León,Soria,Ólvega,220.0,41.746378180905,-1.9239592978152,otras,Puesta en servicio,RdT,,
12895.0,LAS ARROYADAS 220,Castilla y León,Valladolid,Boecillo,220.0,41.525402623822,-4.714278456961,almacenamiento,Con permisos,RdD,,25.0
12895.0,LAS ARROYADAS 220,Castilla y León,Valladolid,Boecillo,220.0,41.525402623822,-4.714278456961,almacenamiento,Con permisos,RdT,,
12895.0,LAS ARROYADAS 220,Castilla y León,Valladolid,Boecillo,220.0,41.525402623822,-4.714278456961,fotovoltaica,Con permisos,RdD,19.0,19.0
12895.0,LAS ARROYADAS 220,Castilla y León,Valladolid,Boecillo,220.0,41.525402623822,-4.714278456961,fotovoltaica,Con permisos,RdT,57.0,59.0
12895.0,LAS ARROYADAS 220,Castilla y León,Valladolid,Boecillo,220.0,41.525402623822,-4.714278456961,fotovoltaica,En curso,RdD,66.6,109.18
12895.0,LAS ARROYADAS 220,Castilla y León,Valladolid,Boecillo,220.0,41.525402623822,-4.714278456961,fotovoltaica,En curso,RdT,,
12895.0,LAS ARROYADAS 220,Castilla y León,Valladolid,Boecillo,220.0,41.525402623822,-4.714278456961,fotovoltaica,Puesta en servicio,RdD,155.63,183.59
12895.0,LAS ARROYADAS 220,Castilla y León,Valladolid,Boecillo,220.0,41.525402623822,-4.714278456961,fotovoltaica,Puesta en servicio,RdT,,
12895.0,LAS ARROYADAS 220,Castilla y León,Valladolid,Boecillo,220.0,41.525402623822,-4.714278456961,hibridacion,Puesta en servicio,RdD,25.0,
12895.0,LAS ARROYADAS 220,Castilla y León,Valladolid,Boecillo,220.0,41.525402623822,-4.714278456961,hibridacion,Puesta en servicio,RdT,,
12895.0,LAS ARROYADAS 220,Castilla y León,Valladolid,Boecillo,220.0,41.525402623822,-4.714278456961,hidraulica,Puesta en servicio,RdD,5.62,5.62
12895.0,LAS ARROYADAS 220,Castilla y León,Valladolid,Boecillo,220.0,41.525402623822,-4.714278456961,hidraulica,Puesta en servicio,RdT,,
12895.0,LAS ARROYADAS 220,Castilla y León,Valladolid,Boecillo,220.0,41.525402623822,-4.714278456961,otras,En curso,RdD,20.0,22.0
12895.0,LAS ARROYADAS 220,Castilla y León,Valladolid,Boecillo,220.0,41.525402623822,-4.714278456961,otras,En curso,RdT,,
12959.0,MEDINA DEL CAMPO 220,Castilla y León,Valladolid,Medina del Campo,220.0,41.327472949072,-4.9109307771468,almacenamiento,Con permisos,RdD,,29.0
12959.0,MEDINA DEL CAMPO 220,Castilla y León,Valladolid,Medina del Campo,220.0,41.327472949072,-4.9109307771468,almacenamiento,Con permisos,RdT,,17.0
12959.0,MEDINA DEL CAMPO 220,Castilla y León,Valladolid,Medina del Campo,220.0,41.327472949072,-4.9109307771468,eolica,Con permisos,RdD,,11.0
12959.0,MEDINA DEL CAMPO 220,Castilla y León,Valladolid,Medina del Campo,220.0,41.327472949072,-4.9109307771468,eolica,Con permisos,RdT,,90.0
12959.0,MEDINA DEL CAMPO 220,Castilla y León,Valladolid,Medina del Campo,220.0,41.327472949072,-4.9109307771468,eolica,Puesta en servicio,RdD,9.9,9.9
12959.0,MEDINA DEL CAMPO 220,Castilla y León,Valladolid,Medina del Campo,220.0,41.327472949072,-4.9109307771468,eolica,Puesta en servicio,RdT,,
12959.0,MEDINA DEL CAMPO 220,Castilla y León,Valladolid,Medina del Campo,220.0,41.327472949072,-4.9109307771468,fotovoltaica,Con permisos,RdD,,15.0
12959.0,MEDINA DEL CAMPO 220,Castilla y León,Valladolid,Medina del Campo,220.0,41.327472949072,-4.9109307771468,fotovoltaica,Con permisos,RdT,259.0,291.0
12959.0,MEDINA DEL CAMPO 220,Castilla y León,Valladolid,Medina del Campo,220.0,41.327472949072,-4.9109307771468,fotovoltaica,Puesta en servicio,RdD,60.96,108.0
12959.0,MEDINA DEL CAMPO 220,Castilla y León,Valladolid,Medina del Campo,220.0,41.327472949072,-4.9109307771468,fotovoltaica,Puesta en servicio,RdT,,142.0
12959.0,MEDINA DEL CAMPO 220,Castilla y León,Valladolid,Medina del Campo,220.0,41.327472949072,-4.9109307771468,hibridacion,Con permisos,RdD,14.0,
12959.0,MEDINA DEL CAMPO 220,Castilla y León,Valladolid,Medina del Campo,220.0,41.327472949072,-4.9109307771468,hibridacion,Con permisos,RdT,,
12959.0,MEDINA DEL CAMPO 220,Castilla y León,Valladolid,Medina del Campo,220.0,41.327472949072,-4.9109307771468,hibridacion,Puesta en servicio,RdD,42.46,
12959.0,MEDINA DEL CAMPO 220,Castilla y León,Valladolid,Medina del Campo,220.0,41.327472949072,-4.9109307771468,hibridacion,Puesta en servicio,RdT,78.98,
12959.0,MEDINA DEL CAMPO 220,Castilla y León,Valladolid,Medina del Campo,220.0,41.327472949072,-4.9109307771468,otras,Con permisos,RdD,,14.0
12959.0,MEDINA DEL CAMPO 220,Castilla y León,Valladolid,Medina del Campo,220.0,41.327472949072,-4.9109307771468,otras,Con permisos,RdT,,
12959.0,MEDINA DEL CAMPO 220,Castilla y León,Valladolid,Medina del Campo,220.0,41.327472949072,-4.9109307771468,otras,Puesta en servicio,RdD,28.34,28.34
12959.0,MEDINA DEL CAMPO 220,Castilla y León,Valladolid,Medina del Campo,220.0,41.327472949072,-4.9109307771468,otras,Puesta en servicio,RdT,,
13000.0,MUDARRA 220,Castilla y León,Valladolid,"Mudarra, La",220.0,41.789660715334,-4.9366149630464,almacenamiento,Con permisos,RdD,,5.0
13000.0,MUDARRA 220,Castilla y León,Valladolid,"Mudarra, La",220.0,41.789660715334,-4.9366149630464,almacenamiento,Con permisos,RdT,,
13000.0,MUDARRA 220,Castilla y León,Valladolid,"Mudarra, La",220.0,41.789660715334,-4.9366149630464,eolica,Con permisos,RdD,,10.0
13000.0,MUDARRA 220,Castilla y León,Valladolid,"Mudarra, La",220.0,41.789660715334,-4.9366149630464,eolica,Con permisos,RdT,,
13000.0,MUDARRA 220,Castilla y León,Valladolid,"Mudarra, La",220.0,41.789660715334,-4.9366149630464,eolica,En curso,RdD,25.0,68.0
13000.0,MUDARRA 220,Castilla y León,Valladolid,"Mudarra, La",220.0,41.789660715334,-4.9366149630464,eolica,En curso,RdT,,
13000.0,MUDARRA 220,Castilla y León,Valladolid,"Mudarra, La",220.0,41.789660715334,-4.9366149630464,eolica,Puesta en servicio,RdD,,97.98
13000.0,MUDARRA 220,Castilla y León,Valladolid,"Mudarra, La",220.0,41.789660715334,-4.9366149630464,eolica,Puesta en servicio,RdT,49.5,544.13
13000.0,MUDARRA 220,Castilla y León,Valladolid,"Mudarra, La",220.0,41.789660715334,-4.9366149630464,fotovoltaica,Con permisos,RdD,,116.0
13000.0,MUDARRA 220,Castilla y León,Valladolid,"Mudarra, La",220.0,41.789660715334,-4.9366149630464,fotovoltaica,Con permisos,RdT,86.0,424.0
13000.0,MUDARRA 220,Castilla y León,Valladolid,"Mudarra, La",220.0,41.789660715334,-4.9366149630464,fotovoltaica,Puesta en servicio,RdD,8.92,19.69
13000.0,MUDARRA 220,Castilla y León,Valladolid,"Mudarra, La",220.0,41.789660715334,-4.9366149630464,fotovoltaica,Puesta en servicio,RdT,100.0,116.75
13000.0,MUDARRA 220,Castilla y León,Valladolid,"Mudarra, La",220.0,41.789660715334,-4.9366149630464,hibridacion,Con permisos,RdD,,
13000.0,MUDARRA 220,Castilla y León,Valladolid,"Mudarra, La",220.0,41.789660715334,-4.9366149630464,hibridacion,Con permisos,RdT,61.0,
13000.0,MUDARRA 220,Castilla y León,Valladolid,"Mudarra, La",220.0,41.789660715334,-4.9366149630464,hibridacion,Puesta en servicio,RdD,107.98,
13000.0,MUDARRA 220,Castilla y León,Valladolid,"Mudarra, La",220.0,41.789660715334,-4.9366149630464,hibridacion,Puesta en servicio,RdT,188.13,
13001.0,MUDARRA 400,Castilla y León,Valladolid,"Mudarra, La",400.0,41.789660715334,-4.9366149630464,almacenamiento,Con permisos,RdD,,
13001.0,MUDARRA 400,Castilla y León,Valladolid,"Mudarra, La",400.0,41.789660715334,-4.9366149630464,almacenamiento,Con permisos,RdT,,196.0
13001.0,MUDARRA 400,Castilla y León,Valladolid,"Mudarra, La",400.0,41.789660715334,-4.9366149630464,eolica,Con permisos,RdD,,
13001.0,MUDARRA 400,Castilla y León,Valladolid,"Mudarra, La",400.0,41.789660715334,-4.9366149630464,eolica,Con permisos,RdT,171.0,351.0
13001.0,MUDARRA 400,Castilla y León,Valladolid,"Mudarra, La",400.0,41.789660715334,-4.9366149630464,eolica,Puesta en servicio,RdD,,
13001.0,MUDARRA 400,Castilla y León,Valladolid,"Mudarra, La",400.0,41.789660715334,-4.9366149630464,eolica,Puesta en servicio,RdT,245.36,519.92
13001.0,MUDARRA 400,Castilla y León,Valladolid,"Mudarra, La",400.0,41.789660715334,-4.9366149630464,fotovoltaica,Con permisos,RdD,,
13001.0,MUDARRA 400,Castilla y León,Valladolid,"Mudarra, La",400.0,41.789660715334,-4.9366149630464,fotovoltaica,Con permisos,RdT,421.0,551.0
13001.0,MUDARRA 400,Castilla y León,Valladolid,"Mudarra, La",400.0,41.789660715334,-4.9366149630464,fotovoltaica,Puesta en servicio,RdD,,
13001.0,MUDARRA 400,Castilla y León,Valladolid,"Mudarra, La",400.0,41.789660715334,-4.9366149630464,fotovoltaica,Puesta en servicio,RdT,95.4,374.26
13001.0,MUDARRA 400,Castilla y León,Valladolid,"Mudarra, La",400.0,41.789660715334,-4.9366149630464,hibridacion,Con permisos,RdD,,
13001.0,MUDARRA 400,Castilla y León,Valladolid,"Mudarra, La",400.0,41.789660715334,-4.9366149630464,hibridacion,Con permisos,RdT,87.0,
13001.0,MUDARRA 400,Castilla y León,Valladolid,"Mudarra, La",400.0,41.789660715334,-4.9366149630464,hibridacion,Puesta en servicio,RdD,,
13001.0,MUDARRA 400,Castilla y León,Valladolid,"Mudarra, La",400.0,41.789660715334,-4.9366149630464,hibridacion,Puesta en servicio,RdT,172.84,
13022.0,OLMEDO 400,Castilla y León,Valladolid,Olmedo,400.0,41.320061189172,-4.7270653090305,almacenamiento,Con permisos,RdD,,
13022.0,OLMEDO 400,Castilla y León,Valladolid,Olmedo,400.0,41.320061189172,-4.7270653090305,almacenamiento,Con permisos,RdT,,223.0
13022.0,OLMEDO 400,Castilla y León,Valladolid,Olmedo,400.0,41.320061189172,-4.7270653090305,eolica,Con permisos,RdD,,
13022.0,OLMEDO 400,Castilla y León,Valladolid,Olmedo,400.0,41.320061189172,-4.7270653090305,eolica,Con permisos,RdT,50.0,50.0
13022.0,OLMEDO 400,Castilla y León,Valladolid,Olmedo,400.0,41.320061189172,-4.7270653090305,fotovoltaica,Con permisos,RdD,,
13022.0,OLMEDO 400,Castilla y León,Valladolid,Olmedo,400.0,41.320061189172,-4.7270653090305,fotovoltaica,Con permisos,RdT,209.0,504.0
13022.0,OLMEDO 400,Castilla y León,Valladolid,Olmedo,400.0,41.320061189172,-4.7270653090305,hibridacion,Con permisos,RdD,,
13022.0,OLMEDO 400,Castilla y León,Valladolid,Olmedo,400.0,41.320061189172,-4.7270653090305,hibridacion,Con permisos,RdT,227.0,
6958.0,TORDESILLAS 220,Castilla y León,Valladolid,Tordesillas,220.0,41.506704904627,-5.013333330411,almacenamiento,Con permisos,RdD,,12.0
6958.0,TORDESILLAS 220,Castilla y León,Valladolid,Tordesillas,220.0,41.506704904627,-5.013333330411,almacenamiento,Con permisos,RdT,,28.0
6958.0,TORDESILLAS 220,Castilla y León,Valladolid,Tordesillas,220.0,41.506704904627,-5.013333330411,eolica,Con permisos,RdD,6.0,6.0
6958.0,TORDESILLAS 220,Castilla y León,Valladolid,Tordesillas,220.0,41.506704904627,-5.013333330411,eolica,Con permisos,RdT,,
6958.0,TORDESILLAS 220,Castilla y León,Valladolid,Tordesillas,220.0,41.506704904627,-5.013333330411,eolica,En curso,RdD,,
6958.0,TORDESILLAS 220,Castilla y León,Valladolid,Tordesillas,220.0,41.506704904627,-5.013333330411,eolica,En curso,RdT,149.6,149.6
6958.0,TORDESILLAS 220,Castilla y León,Valladolid,Tordesillas,220.0,41.506704904627,-5.013333330411,eolica,Puesta en servicio,RdD,19.9,19.9
6958.0,TORDESILLAS 220,Castilla y León,Valladolid,Tordesillas,220.0,41.506704904627,-5.013333330411,eolica,Puesta en servicio,RdT,85.2,199.6
6958.0,TORDESILLAS 220,Castilla y León,Valladolid,Tordesillas,220.0,41.506704904627,-5.013333330411,fotovoltaica,Con permisos,RdD,7.0,7.0
6958.0,TORDESILLAS 220,Castilla y León,Valladolid,Tordesillas,220.0,41.506704904627,-5.013333330411,fotovoltaica,Con permisos,RdT,,108.0
6958.0,TORDESILLAS 220,Castilla y León,Valladolid,Tordesillas,220.0,41.506704904627,-5.013333330411,fotovoltaica,En curso,RdD,,
6958.0,TORDESILLAS 220,Castilla y León,Valladolid,Tordesillas,220.0,41.506704904627,-5.013333330411,fotovoltaica,En curso,RdT,51.57,64.56
6958.0,TORDESILLAS 220,Castilla y León,Valladolid,Tordesillas,220.0,41.506704904627,-5.013333330411,fotovoltaica,Puesta en servicio,RdD,140.08,166.1
6958.0,TORDESILLAS 220,Castilla y León,Valladolid,Tordesillas,220.0,41.506704904627,-5.013333330411,fotovoltaica,Puesta en servicio,RdT,,64.56
6958.0,TORDESILLAS 220,Castilla y León,Valladolid,Tordesillas,220.0,41.506704904627,-5.013333330411,hibridacion,Con permisos,RdD,24.0,
6958.0,TORDESILLAS 220,Castilla y León,Valladolid,Tordesillas,220.0,41.506704904627,-5.013333330411,hibridacion,Con permisos,RdT,,
6958.0,TORDESILLAS 220,Castilla y León,Valladolid,Tordesillas,220.0,41.506704904627,-5.013333330411,hibridacion,Puesta en servicio,RdD,,
6958.0,TORDESILLAS 220,Castilla y León,Valladolid,Tordesillas,220.0,41.506704904627,-5.013333330411,hibridacion,Puesta en servicio,RdT,165.97,
6958.0,TORDESILLAS 220,Castilla y León,Valladolid,Tordesillas,220.0,41.506704904627,-5.013333330411,hidraulica,Puesta en servicio,RdD,6.05,6.05
6958.0,TORDESILLAS 220,Castilla y León,Valladolid,Tordesillas,220.0,41.506704904627,-5.013333330411,hidraulica,Puesta en servicio,RdT,,
12673.0,TORDESILLAS 400,Castilla y León,Valladolid,Tordesillas,400.0,41.506704904627,-5.013333330411,almacenamiento,Con permisos,RdD,,
12673.0,TORDESILLAS 400,Castilla y León,Valladolid,Tordesillas,400.0,41.506704904627,-5.013333330411,almacenamiento,Con permisos,RdT,,210.0
12673.0,TORDESILLAS 400,Castilla y León,Valladolid,Tordesillas,400.0,41.506704904627,-5.013333330411,fotovoltaica,Con permisos,RdD,,
12673.0,TORDESILLAS 400,Castilla y León,Valladolid,Tordesillas,400.0,41.506704904627,-5.013333330411,fotovoltaica,Con permisos,RdT,503.0,880.0
12673.0,TORDESILLAS 400,Castilla y León,Valladolid,Tordesillas,400.0,41.506704904627,-5.013333330411,hibridacion,Con permisos,RdD,,
12673.0,TORDESILLAS 400,Castilla y León,Valladolid,Tordesillas,400.0,41.506704904627,-5.013333330411,hibridacion,Con permisos,RdT,251.0,
7371.0,VALLADOLID NUEVO 220,Castilla y León,Valladolid,Valladolid,220.0,41.647742707593,-4.7428511106793,fotovoltaica,Con permisos,RdD,1.0,1.0
7371.0,VALLADOLID NUEVO 220,Castilla y León,Valladolid,Valladolid,220.0,41.647742707593,-4.7428511106793,fotovoltaica,Con permisos,RdT,242.0,299.0
7371.0,VALLADOLID NUEVO 220,Castilla y León,Valladolid,Valladolid,220.0,41.647742707593,-4.7428511106793,fotovoltaica,Puesta en servicio,RdD,6.06,6.06
7371.0,VALLADOLID NUEVO 220,Castilla y León,Valladolid,Valladolid,220.0,41.647742707593,-4.7428511106793,fotovoltaica,Puesta en servicio,RdT,,
13169.0,RENEDO 220,Castilla y León,Valladolid,Valladolid,220.0,41.643553391827,-4.6772354340814,almacenamiento,Con permisos,RdD,,12.0
13169.0,RENEDO 220,Castilla y León,Valladolid,Valladolid,220.0,41.643553391827,-4.6772354340814,almacenamiento,Con permisos,RdT,,
13169.0,RENEDO 220,Castilla y León,Valladolid,Valladolid,220.0,41.643553391827,-4.6772354340814,almacenamiento,En curso,RdD,19.58,19.58
13169.0,RENEDO 220,Castilla y León,Valladolid,Valladolid,220.0,41.643553391827,-4.6772354340814,almacenamiento,En curso,RdT,,
13169.0,RENEDO 220,Castilla y León,Valladolid,Valladolid,220.0,41.643553391827,-4.6772354340814,eolica,Con permisos,RdD,2.0,2.0
13169.0,RENEDO 220,Castilla y León,Valladolid,Valladolid,220.0,41.643553391827,-4.6772354340814,eolica,Con permisos,RdT,,
13169.0,RENEDO 220,Castilla y León,Valladolid,Valladolid,220.0,41.643553391827,-4.6772354340814,fotovoltaica,Con permisos,RdD,1.0,1.0
13169.0,RENEDO 220,Castilla y León,Valladolid,Valladolid,220.0,41.643553391827,-4.6772354340814,fotovoltaica,Con permisos,RdT,88.0,99.0
13169.0,RENEDO 220,Castilla y León,Valladolid,Valladolid,220.0,41.643553391827,-4.6772354340814,fotovoltaica,En curso,RdD,56.1,63.7
13169.0,RENEDO 220,Castilla y León,Valladolid,Valladolid,220.0,41.643553391827,-4.6772354340814,fotovoltaica,En curso,RdT,,
13169.0,RENEDO 220,Castilla y León,Valladolid,Valladolid,220.0,41.643553391827,-4.6772354340814,fotovoltaica,Puesta en servicio,RdD,88.0,117.2
13169.0,RENEDO 220,Castilla y León,Valladolid,Valladolid,220.0,41.643553391827,-4.6772354340814,fotovoltaica,Puesta en servicio,RdT,,
13169.0,RENEDO 220,Castilla y León,Valladolid,Valladolid,220.0,41.643553391827,-4.6772354340814,hibridacion,Puesta en servicio,RdD,24.96,
13169.0,RENEDO 220,Castilla y León,Valladolid,Valladolid,220.0,41.643553391827,-4.6772354340814,hibridacion,Puesta en servicio,RdT,,
13169.0,RENEDO 220,Castilla y León,Valladolid,Valladolid,220.0,41.643553391827,-4.6772354340814,hidraulica,Puesta en servicio,RdD,4.4,4.4
13169.0,RENEDO 220,Castilla y León,Valladolid,Valladolid,220.0,41.643553391827,-4.6772354340814,hidraulica,Puesta en servicio,RdT,,
13169.0,RENEDO 220,Castilla y León,Valladolid,Valladolid,220.0,41.643553391827,-4.6772354340814,otras,Puesta en servicio,RdD,51.2,51.2
13169.0,RENEDO 220,Castilla y León,Valladolid,Valladolid,220.0,41.643553391827,-4.6772354340814,otras,Puesta en servicio,RdT,,
6973.0,ZARATAN 220,Castilla y León,Valladolid,Zaratán,220.0,41.638488713269,-4.8132864550011,almacenamiento,Con permisos,RdD,,30.0
6973.0,ZARATAN 220,Castilla y León,Valladolid,Zaratán,220.0,41.638488713269,-4.8132864550011,almacenamiento,Con permisos,RdT,,75.0
6973.0,ZARATAN 220,Castilla y León,Valladolid,Zaratán,220.0,41.638488713269,-4.8132864550011,almacenamiento,En curso,RdD,9.91,9.91
6973.0,ZARATAN 220,Castilla y León,Valladolid,Zaratán,220.0,41.638488713269,-4.8132864550011,almacenamiento,En curso,RdT,,
6973.0,ZARATAN 220,Castilla y León,Valladolid,Zaratán,220.0,41.638488713269,-4.8132864550011,eolica,Con permisos,RdD,,20.0
6973.0,ZARATAN 220,Castilla y León,Valladolid,Zaratán,220.0,41.638488713269,-4.8132864550011,eolica,Con permisos,RdT,22.0,32.0
6973.0,ZARATAN 220,Castilla y León,Valladolid,Zaratán,220.0,41.638488713269,-4.8132864550011,eolica,Puesta en servicio,RdD,19.6,19.6
6973.0,ZARATAN 220,Castilla y León,Valladolid,Zaratán,220.0,41.638488713269,-4.8132864550011,eolica,Puesta en servicio,RdT,,
6973.0,ZARATAN 220,Castilla y León,Valladolid,Zaratán,220.0,41.638488713269,-4.8132864550011,fotovoltaica,Con permisos,RdD,9.0,24.0
6973.0,ZARATAN 220,Castilla y León,Valladolid,Zaratán,220.0,41.638488713269,-4.8132864550011,fotovoltaica,Con permisos,RdT,,165.0
6973.0,ZARATAN 220,Castilla y León,Valladolid,Zaratán,220.0,41.638488713269,-4.8132864550011,fotovoltaica,En curso,RdD,41.14,57.21
6973.0,ZARATAN 220,Castilla y León,Valladolid,Zaratán,220.0,41.638488713269,-4.8132864550011,fotovoltaica,En curso,RdT,,
6973.0,ZARATAN 220,Castilla y León,Valladolid,Zaratán,220.0,41.638488713269,-4.8132864550011,fotovoltaica,Puesta en servicio,RdD,178.49,217.45
6973.0,ZARATAN 220,Castilla y León,Valladolid,Zaratán,220.0,41.638488713269,-4.8132864550011,fotovoltaica,Puesta en servicio,RdT,,
6973.0,ZARATAN 220,Castilla y León,Valladolid,Zaratán,220.0,41.638488713269,-4.8132864550011,hibridacion,Con permisos,RdD,19.0,
6973.0,ZARATAN 220,Castilla y León,Valladolid,Zaratán,220.0,41.638488713269,-4.8132864550011,hibridacion,Con permisos,RdT,116.0,
6973.0,ZARATAN 220,Castilla y León,Valladolid,Zaratán,220.0,41.638488713269,-4.8132864550011,hibridacion,Puesta en servicio,RdD,30.0,
6973.0,ZARATAN 220,Castilla y León,Valladolid,Zaratán,220.0,41.638488713269,-4.8132864550011,hibridacion,Puesta en servicio,RdT,,
6973.0,ZARATAN 220,Castilla y León,Valladolid,Zaratán,220.0,41.638488713269,-4.8132864550011,hidraulica,Puesta en servicio,RdD,8.25,8.25
6973.0,ZARATAN 220,Castilla y León,Valladolid,Zaratán,220.0,41.638488713269,-4.8132864550011,hidraulica,Puesta en servicio,RdT,,
6973.0,ZARATAN 220,Castilla y León,Valladolid,Zaratán,220.0,41.638488713269,-4.8132864550011,otras,Puesta en servicio,RdD,14.97,14.97
6973.0,ZARATAN 220,Castilla y León,Valladolid,Zaratán,220.0,41.638488713269,-4.8132864550011,otras,Puesta en servicio,RdT,,
7244.0,TABARA 400,Castilla y León,Zamora,Moreruela de Tábara,400.0,41.759742365122,-5.8615051089445,eolica,Con permisos,RdD,,
7244.0,TABARA 400,Castilla y León,Zamora,Moreruela de Tábara,400.0,41.759742365122,-5.8615051089445,eolica,Con permisos,RdT,50.0,142.0
7244.0,TABARA 400,Castilla y León,Zamora,Moreruela de Tábara,400.0,41.759742365122,-5.8615051089445,fotovoltaica,Con permisos,RdD,,
7244.0,TABARA 400,Castilla y León,Zamora,Moreruela de Tábara,400.0,41.759742365122,-5.8615051089445,fotovoltaica,Con permisos,RdT,210.0,273.0
7244.0,TABARA 400,Castilla y León,Zamora,Moreruela de Tábara,400.0,41.759742365122,-5.8615051089445,hibridacion,Con permisos,RdD,,
7244.0,TABARA 400,Castilla y León,Zamora,Moreruela de Tábara,400.0,41.759742365122,-5.8615051089445,hibridacion,Con permisos,RdT,54.0,
13173.0,RICOBAYO 220,Castilla y León,Zamora,Muelas del Pan,220.0,41.527678042016,-5.9877398917561,almacenamiento,En curso,RdD,,
13173.0,RICOBAYO 220,Castilla y León,Zamora,Muelas del Pan,220.0,41.527678042016,-5.9877398917561,almacenamiento,En curso,RdT,89.0,89.0
13173.0,RICOBAYO 220,Castilla y León,Zamora,Muelas del Pan,220.0,41.527678042016,-5.9877398917561,eolica,Con permisos,RdD,,
13173.0,RICOBAYO 220,Castilla y León,Zamora,Muelas del Pan,220.0,41.527678042016,-5.9877398917561,eolica,Con permisos,RdT,,73.0
13173.0,RICOBAYO 220,Castilla y León,Zamora,Muelas del Pan,220.0,41.527678042016,-5.9877398917561,eolica,En curso,RdD,,
13173.0,RICOBAYO 220,Castilla y León,Zamora,Muelas del Pan,220.0,41.527678042016,-5.9877398917561,eolica,En curso,RdT,49.0,49.0
13173.0,RICOBAYO 220,Castilla y León,Zamora,Muelas del Pan,220.0,41.527678042016,-5.9877398917561,eolica,Puesta en servicio,RdD,44.0,44.0
13173.0,RICOBAYO 220,Castilla y León,Zamora,Muelas del Pan,220.0,41.527678042016,-5.9877398917561,eolica,Puesta en servicio,RdT,,203.2
13173.0,RICOBAYO 220,Castilla y León,Zamora,Muelas del Pan,220.0,41.527678042016,-5.9877398917561,fotovoltaica,Con permisos,RdD,4.0,5.0
13173.0,RICOBAYO 220,Castilla y León,Zamora,Muelas del Pan,220.0,41.527678042016,-5.9877398917561,fotovoltaica,Con permisos,RdT,130.0,432.0
13173.0,RICOBAYO 220,Castilla y León,Zamora,Muelas del Pan,220.0,41.527678042016,-5.9877398917561,fotovoltaica,En curso,RdD,,
13173.0,RICOBAYO 220,Castilla y León,Zamora,Muelas del Pan,220.0,41.527678042016,-5.9877398917561,fotovoltaica,En curso,RdT,405.99,406.99
13173.0,RICOBAYO 220,Castilla y León,Zamora,Muelas del Pan,220.0,41.527678042016,-5.9877398917561,hibridacion,Con permisos,RdD,,
13173.0,RICOBAYO 220,Castilla y León,Zamora,Muelas del Pan,220.0,41.527678042016,-5.9877398917561,hibridacion,Con permisos,RdT,74.0,
13173.0,RICOBAYO 220,Castilla y León,Zamora,Muelas del Pan,220.0,41.527678042016,-5.9877398917561,hibridacion,Puesta en servicio,RdD,,
13173.0,RICOBAYO 220,Castilla y León,Zamora,Muelas del Pan,220.0,41.527678042016,-5.9877398917561,hibridacion,Puesta en servicio,RdT,205.2,
13173.0,RICOBAYO 220,Castilla y León,Zamora,Muelas del Pan,220.0,41.527678042016,-5.9877398917561,hidraulica,Puesta en servicio,RdD,,
13173.0,RICOBAYO 220,Castilla y León,Zamora,Muelas del Pan,220.0,41.527678042016,-5.9877398917561,hidraulica,Puesta en servicio,RdT,158.04,153.05
7239.0,VALDECARRETAS 400,Castilla y León,Zamora,Toro,400.0,41.449660227155,-5.3659428186935,almacenamiento,Con permisos,RdD,,
7239.0,VALDECARRETAS 400,Castilla y León,Zamora,Toro,400.0,41.449660227155,-5.3659428186935,almacenamiento,Con permisos,RdT,,132.0
7239.0,VALDECARRETAS 400,Castilla y León,Zamora,Toro,400.0,41.449660227155,-5.3659428186935,almacenamiento,Puesta en servicio,RdD,,
7239.0,VALDECARRETAS 400,Castilla y León,Zamora,Toro,400.0,41.449660227155,-5.3659428186935,almacenamiento,Puesta en servicio,RdT,,11.0
7239.0,VALDECARRETAS 400,Castilla y León,Zamora,Toro,400.0,41.449660227155,-5.3659428186935,fotovoltaica,Con permisos,RdD,,
7239.0,VALDECARRETAS 400,Castilla y León,Zamora,Toro,400.0,41.449660227155,-5.3659428186935,fotovoltaica,Con permisos,RdT,74.0,179.0
7239.0,VALDECARRETAS 400,Castilla y León,Zamora,Toro,400.0,41.449660227155,-5.3659428186935,fotovoltaica,Puesta en servicio,RdD,,
7239.0,VALDECARRETAS 400,Castilla y León,Zamora,Toro,400.0,41.449660227155,-5.3659428186935,fotovoltaica,Puesta en servicio,RdT,154.42,328.64
7239.0,VALDECARRETAS 400,Castilla y León,Zamora,Toro,400.0,41.449660227155,-5.3659428186935,hibridacion,Con permisos,RdD,,
7239.0,VALDECARRETAS 400,Castilla y León,Zamora,Toro,400.0,41.449660227155,-5.3659428186935,hibridacion,Con permisos,RdT,160.0,
7239.0,VALDECARRETAS 400,Castilla y León,Zamora,Toro,400.0,41.449660227155,-5.3659428186935,hibridacion,Puesta en servicio,RdD,,
7239.0,VALDECARRETAS 400,Castilla y León,Zamora,Toro,400.0,41.449660227155,-5.3659428186935,hibridacion,Puesta en servicio,RdT,54.18,
6972.0,ZAMORA 220,Castilla y León,Zamora,Valcabado,220.0,41.535826360018,-5.7356244131413,almacenamiento,Con permisos,RdD,,
6972.0,ZAMORA 220,Castilla y León,Zamora,Valcabado,220.0,41.535826360018,-5.7356244131413,almacenamiento,Con permisos,RdT,140.0,213.0
6972.0,ZAMORA 220,Castilla y León,Zamora,Valcabado,220.0,41.535826360018,-5.7356244131413,almacenamiento,En curso,RdD,49.55,49.55
6972.0,ZAMORA 220,Castilla y León,Zamora,Valcabado,220.0,41.535826360018,-5.7356244131413,almacenamiento,En curso,RdT,,
6972.0,ZAMORA 220,Castilla y León,Zamora,Valcabado,220.0,41.535826360018,-5.7356244131413,eolica,Con permisos,RdD,,
6972.0,ZAMORA 220,Castilla y León,Zamora,Valcabado,220.0,41.535826360018,-5.7356244131413,eolica,Con permisos,RdT,,63.0
6972.0,ZAMORA 220,Castilla y León,Zamora,Valcabado,220.0,41.535826360018,-5.7356244131413,eolica,Puesta en servicio,RdD,14.98,14.98
6972.0,ZAMORA 220,Castilla y León,Zamora,Valcabado,220.0,41.535826360018,-5.7356244131413,eolica,Puesta en servicio,RdT,,
6972.0,ZAMORA 220,Castilla y León,Zamora,Valcabado,220.0,41.535826360018,-5.7356244131413,fotovoltaica,Con permisos,RdD,12.0,12.0
6972.0,ZAMORA 220,Castilla y León,Zamora,Valcabado,220.0,41.535826360018,-5.7356244131413,fotovoltaica,Con permisos,RdT,,
6972.0,ZAMORA 220,Castilla y León,Zamora,Valcabado,220.0,41.535826360018,-5.7356244131413,fotovoltaica,Puesta en servicio,RdD,36.0,36.06
6972.0,ZAMORA 220,Castilla y León,Zamora,Valcabado,220.0,41.535826360018,-5.7356244131413,fotovoltaica,Puesta en servicio,RdT,,205.67
6972.0,ZAMORA 220,Castilla y León,Zamora,Valcabado,220.0,41.535826360018,-5.7356244131413,hibridacion,Puesta en servicio,RdD,,
6972.0,ZAMORA 220,Castilla y León,Zamora,Valcabado,220.0,41.535826360018,-5.7356244131413,hibridacion,Puesta en servicio,RdT,144.42,
6972.0,ZAMORA 220,Castilla y León,Zamora,Valcabado,220.0,41.535826360018,-5.7356244131413,hidraulica,Puesta en servicio,RdD,9.65,9.65
6972.0,ZAMORA 220,Castilla y León,Zamora,Valcabado,220.0,41.535826360018,-5.7356244131413,hidraulica,Puesta en servicio,RdT,,
6972.0,ZAMORA 220,Castilla y León,Zamora,Valcabado,220.0,41.535826360018,-5.7356244131413,otras,Puesta en servicio,RdD,12.95,12.95
6972.0,ZAMORA 220,Castilla y León,Zamora,Valcabado,220.0,41.535826360018,-5.7356244131413,otras,Puesta en servicio,RdT,,
6772.0,SESUE 220,Cataluña,Girona,Cadaqués,220.0,42.54302148408,6.4702915766917,almacenamiento,Con permisos,RdD,,
6772.0,SESUE 220,Cataluña,Girona,Cadaqués,220.0,42.54302148408,6.4702915766917,almacenamiento,Con permisos,RdT,160.0,160.0
6772.0,SESUE 220,Cataluña,Girona,Cadaqués,220.0,42.54302148408,6.4702915766917,hidraulica,Puesta en servicio,RdD,,
6772.0,SESUE 220,Cataluña,Girona,Cadaqués,220.0,42.54302148408,6.4702915766917,hidraulica,Puesta en servicio,RdT,36.0,36.0
12687.0,CERCS 220,Cataluña,Girona,Cadaqués,220.0,42.174318143997,7.8548700468597,fotovoltaica,Con permisos,RdD,24.0,31.0
12687.0,CERCS 220,Cataluña,Girona,Cadaqués,220.0,42.174318143997,7.8548700468597,fotovoltaica,Con permisos,RdT,,
12687.0,CERCS 220,Cataluña,Girona,Cadaqués,220.0,42.174318143997,7.8548700468597,fotovoltaica,Puesta en servicio,RdD,1.22,1.22
12687.0,CERCS 220,Cataluña,Girona,Cadaqués,220.0,42.174318143997,7.8548700468597,fotovoltaica,Puesta en servicio,RdT,,
12687.0,CERCS 220,Cataluña,Girona,Cadaqués,220.0,42.174318143997,7.8548700468597,hidraulica,Puesta en servicio,RdD,2.5,2.5
12687.0,CERCS 220,Cataluña,Girona,Cadaqués,220.0,42.174318143997,7.8548700468597,hidraulica,Puesta en servicio,RdT,,
12687.0,CERCS 220,Cataluña,Girona,Cadaqués,220.0,42.174318143997,7.8548700468597,otras,Puesta en servicio,RdD,30.6,30.6
12687.0,CERCS 220,Cataluña,Girona,Cadaqués,220.0,42.174318143997,7.8548700468597,otras,Puesta en servicio,RdT,,
12699.0,CINCA 220,Cataluña,Girona,Cadaqués,220.0,41.923319735886,6.1935729071714,almacenamiento,Con permisos,RdD,,15.0
12699.0,CINCA 220,Cataluña,Girona,Cadaqués,220.0,41.923319735886,6.1935729071714,almacenamiento,Con permisos,RdT,,
12699.0,CINCA 220,Cataluña,Girona,Cadaqués,220.0,41.923319735886,6.1935729071714,fotovoltaica,Con permisos,RdD,12.0,34.0
12699.0,CINCA 220,Cataluña,Girona,Cadaqués,220.0,41.923319735886,6.1935729071714,fotovoltaica,Con permisos,RdT,,
12699.0,CINCA 220,Cataluña,Girona,Cadaqués,220.0,41.923319735886,6.1935729071714,fotovoltaica,Puesta en servicio,RdD,21.5,23.1
12699.0,CINCA 220,Cataluña,Girona,Cadaqués,220.0,41.923319735886,6.1935729071714,fotovoltaica,Puesta en servicio,RdT,,
12699.0,CINCA 220,Cataluña,Girona,Cadaqués,220.0,41.923319735886,6.1935729071714,hibridacion,Con permisos,RdD,24.0,
12699.0,CINCA 220,Cataluña,Girona,Cadaqués,220.0,41.923319735886,6.1935729071714,hibridacion,Con permisos,RdT,,
12699.0,CINCA 220,Cataluña,Girona,Cadaqués,220.0,41.923319735886,6.1935729071714,otras,Con permisos,RdD,,14.0
12699.0,CINCA 220,Cataluña,Girona,Cadaqués,220.0,41.923319735886,6.1935729071714,otras,Con permisos,RdT,,
12699.0,CINCA 220,Cataluña,Girona,Cadaqués,220.0,41.923319735886,6.1935729071714,otras,Puesta en servicio,RdD,65.15,65.15
12699.0,CINCA 220,Cataluña,Girona,Cadaqués,220.0,41.923319735886,6.1935729071714,otras,Puesta en servicio,RdT,,
12759.0,ERISTE 220,Cataluña,Girona,Cadaqués,220.0,42.58893097903,6.4919486565991,almacenamiento,En curso,RdD,,
12759.0,ERISTE 220,Cataluña,Girona,Cadaqués,220.0,42.58893097903,6.4919486565991,almacenamiento,En curso,RdT,41.0,41.0
12759.0,ERISTE 220,Cataluña,Girona,Cadaqués,220.0,42.58893097903,6.4919486565991,hidraulica,Puesta en servicio,RdD,,
12759.0,ERISTE 220,Cataluña,Girona,Cadaqués,220.0,42.58893097903,6.4919486565991,hidraulica,Puesta en servicio,RdT,80.0,87.6
12802.0,GRADO 220,Cataluña,Girona,Cadaqués,220.0,42.153360193778,6.2330630546475,fotovoltaica,Con permisos,RdD,,
12802.0,GRADO 220,Cataluña,Girona,Cadaqués,220.0,42.153360193778,6.2330630546475,fotovoltaica,Con permisos,RdT,252.0,254.0
12802.0,GRADO 220,Cataluña,Girona,Cadaqués,220.0,42.153360193778,6.2330630546475,hidraulica,Puesta en servicio,RdD,,
12802.0,GRADO 220,Cataluña,Girona,Cadaqués,220.0,42.153360193778,6.2330630546475,hidraulica,Puesta en servicio,RdT,18.56,18.46
12802.0,GRADO 220,Cataluña,Girona,Cadaqués,220.0,42.153360193778,6.2330630546475,otras,Puesta en servicio,RdD,5.0,5.0
12802.0,GRADO 220,Cataluña,Girona,Cadaqués,220.0,42.153360193778,6.2330630546475,otras,Puesta en servicio,RdT,,
12872.0,LA FORTUNADA 220,Cataluña,Girona,Cadaqués,220.0,42.54255964103,6.1966850907841,hidraulica,Puesta en servicio,RdD,,
12872.0,LA FORTUNADA 220,Cataluña,Girona,Cadaqués,220.0,42.54255964103,6.1966850907841,hidraulica,Puesta en servicio,RdT,83.4,82.2
12872.0,LA FORTUNADA 220,Cataluña,Girona,Cadaqués,220.0,42.54255964103,6.1966850907841,otras,Puesta en servicio,RdD,111.8,111.8
12872.0,LA FORTUNADA 220,Cataluña,Girona,Cadaqués,220.0,42.54255964103,6.1966850907841,otras,Puesta en servicio,RdT,,
12957.0,MEDIANO 220,Cataluña,Girona,Cadaqués,220.0,42.31302037459,6.2118834484812,hidraulica,Puesta en servicio,RdD,,
12957.0,MEDIANO 220,Cataluña,Girona,Cadaqués,220.0,42.31302037459,6.2118834484812,hidraulica,Puesta en servicio,RdT,66.4,66.97
12989.0,MONZON 220,Cataluña,Girona,Cadaqués,220.0,41.933718880046,6.1756761150439,eolica,Con permisos,RdD,60.0,66.0
12989.0,MONZON 220,Cataluña,Girona,Cadaqués,220.0,41.933718880046,6.1756761150439,eolica,Con permisos,RdT,,
12989.0,MONZON 220,Cataluña,Girona,Cadaqués,220.0,41.933718880046,6.1756761150439,eolica,En curso,RdD,,
12989.0,MONZON 220,Cataluña,Girona,Cadaqués,220.0,41.933718880046,6.1756761150439,eolica,En curso,RdT,12.0,12.0
12989.0,MONZON 220,Cataluña,Girona,Cadaqués,220.0,41.933718880046,6.1756761150439,eolica,Puesta en servicio,RdD,48.8,48.8
12989.0,MONZON 220,Cataluña,Girona,Cadaqués,220.0,41.933718880046,6.1756761150439,eolica,Puesta en servicio,RdT,,
12989.0,MONZON 220,Cataluña,Girona,Cadaqués,220.0,41.933718880046,6.1756761150439,fotovoltaica,Con permisos,RdD,18.0,31.0
12989.0,MONZON 220,Cataluña,Girona,Cadaqués,220.0,41.933718880046,6.1756761150439,fotovoltaica,Con permisos,RdT,73.0,80.0
12989.0,MONZON 220,Cataluña,Girona,Cadaqués,220.0,41.933718880046,6.1756761150439,fotovoltaica,Puesta en servicio,RdD,16.0,21.43
12989.0,MONZON 220,Cataluña,Girona,Cadaqués,220.0,41.933718880046,6.1756761150439,fotovoltaica,Puesta en servicio,RdT,,
12989.0,MONZON 220,Cataluña,Girona,Cadaqués,220.0,41.933718880046,6.1756761150439,hibridacion,Con permisos,RdD,14.0,
12989.0,MONZON 220,Cataluña,Girona,Cadaqués,220.0,41.933718880046,6.1756761150439,hibridacion,Con permisos,RdT,,
12989.0,MONZON 220,Cataluña,Girona,Cadaqués,220.0,41.933718880046,6.1756761150439,hibridacion,Puesta en servicio,RdD,31.76,
12989.0,MONZON 220,Cataluña,Girona,Cadaqués,220.0,41.933718880046,6.1756761150439,hibridacion,Puesta en servicio,RdT,,
12989.0,MONZON 220,Cataluña,Girona,Cadaqués,220.0,41.933718880046,6.1756761150439,otras,Con permisos,RdD,,14.0
12989.0,MONZON 220,Cataluña,Girona,Cadaqués,220.0,41.933718880046,6.1756761150439,otras,Con permisos,RdT,,
12989.0,MONZON 220,Cataluña,Girona,Cadaqués,220.0,41.933718880046,6.1756761150439,otras,Puesta en servicio,RdD,136.6,169.29
12989.0,MONZON 220,Cataluña,Girona,Cadaqués,220.0,41.933718880046,6.1756761150439,otras,Puesta en servicio,RdT,,
13370.0,MORALETS 220,Cataluña,Girona,Cadaqués,220.0,42.569176851539,6.756713463258,bombeo,Puesta en servicio,RdD,,
13370.0,MORALETS 220,Cataluña,Girona,Cadaqués,220.0,42.569176851539,6.756713463258,bombeo,Puesta en servicio,RdT,221.4,219.14
13537.0,VIRGEN DE AFRICA 132,Ciudad Autónoma de Ceuta,Ceuta,Ceuta,132.0,35.883380214188,-5.3432897920699,fotovoltaica,En curso,RdD,2.67,2.67
13537.0,VIRGEN DE AFRICA 132,Ciudad Autónoma de Ceuta,Ceuta,Ceuta,132.0,35.883380214188,-5.3432897920699,fotovoltaica,En curso,RdT,,
12748.0,EL PALMERAL 220,Comunidad Valenciana,Alacant/Alicante,Alacant/Alicante,220.0,38.328615159044,-0.51933478540517,fotovoltaica,Con permisos,RdD,1.0,1.0
12748.0,EL PALMERAL 220,Comunidad Valenciana,Alacant/Alicante,Alacant/Alicante,220.0,38.328615159044,-0.51933478540517,fotovoltaica,Con permisos,RdT,169.0,196.0
6884.0,BENEJAMA 400,Comunidad Valenciana,Alacant/Alicante,Beneixama,400.0,38.718517432271,-0.72240992142127,eolica,Puesta en servicio,RdD,150.51,150.51
6884.0,BENEJAMA 400,Comunidad Valenciana,Alacant/Alicante,Beneixama,400.0,38.718517432271,-0.72240992142127,eolica,Puesta en servicio,RdT,,
6884.0,BENEJAMA 400,Comunidad Valenciana,Alacant/Alicante,Beneixama,400.0,38.718517432271,-0.72240992142127,fotovoltaica,Con permisos,RdD,398.0,449.0
6884.0,BENEJAMA 400,Comunidad Valenciana,Alacant/Alicante,Beneixama,400.0,38.718517432271,-0.72240992142127,fotovoltaica,Con permisos,RdT,,
6884.0,BENEJAMA 400,Comunidad Valenciana,Alacant/Alicante,Beneixama,400.0,38.718517432271,-0.72240992142127,fotovoltaica,Puesta en servicio,RdD,211.04,218.12
6884.0,BENEJAMA 400,Comunidad Valenciana,Alacant/Alicante,Beneixama,400.0,38.718517432271,-0.72240992142127,fotovoltaica,Puesta en servicio,RdT,,
6884.0,BENEJAMA 400,Comunidad Valenciana,Alacant/Alicante,Beneixama,400.0,38.718517432271,-0.72240992142127,otras,Puesta en servicio,RdD,28.29,28.29
6884.0,BENEJAMA 400,Comunidad Valenciana,Alacant/Alicante,Beneixama,400.0,38.718517432271,-0.72240992142127,otras,Puesta en servicio,RdT,,
6884.0,BENEJAMA 400,Comunidad Valenciana,Alacant/Alicante,Beneixama,400.0,38.718517432271,-0.72240992142127,termosolar,Puesta en servicio,RdD,49.9,49.9
6884.0,BENEJAMA 400,Comunidad Valenciana,Alacant/Alicante,Beneixama,400.0,38.718517432271,-0.72240992142127,termosolar,Puesta en servicio,RdT,,
12585.0,BENEJAMA 220,Comunidad Valenciana,Alacant/Alicante,Beneixama,220.0,38.718517432271,-0.72240992142127,fotovoltaica,Con permisos,RdD,,
12585.0,BENEJAMA 220,Comunidad Valenciana,Alacant/Alicante,Beneixama,220.0,38.718517432271,-0.72240992142127,fotovoltaica,Con permisos,RdT,54.0,65.0
6886.0,CASTALLA 220,Comunidad Valenciana,Alacant/Alicante,Castalla,220.0,38.595806649262,-0.72167982323779,almacenamiento,En curso,RdD,49.94,49.94
6886.0,CASTALLA 220,Comunidad Valenciana,Alacant/Alicante,Castalla,220.0,38.595806649262,-0.72167982323779,almacenamiento,En curso,RdT,,
6886.0,CASTALLA 220,Comunidad Valenciana,Alacant/Alicante,Castalla,220.0,38.595806649262,-0.72167982323779,fotovoltaica,Con permisos,RdD,3.0,3.0
6886.0,CASTALLA 220,Comunidad Valenciana,Alacant/Alicante,Castalla,220.0,38.595806649262,-0.72167982323779,fotovoltaica,Con permisos,RdT,90.0,99.0
6886.0,CASTALLA 220,Comunidad Valenciana,Alacant/Alicante,Castalla,220.0,38.595806649262,-0.72167982323779,fotovoltaica,En curso,RdD,50.0,58.05
6886.0,CASTALLA 220,Comunidad Valenciana,Alacant/Alicante,Castalla,220.0,38.595806649262,-0.72167982323779,fotovoltaica,En curso,RdT,50.0,
12737.0,ELCHE 220,Comunidad Valenciana,Alacant/Alicante,Elx/Elche,220.0,38.264477743239,-0.63618340692621,fotovoltaica,Con permisos,RdD,66.0,66.0
12737.0,ELCHE 220,Comunidad Valenciana,Alacant/Alicante,Elx/Elche,220.0,38.264477743239,-0.63618340692621,fotovoltaica,Con permisos,RdT,,
12737.0,ELCHE 220,Comunidad Valenciana,Alacant/Alicante,Elx/Elche,220.0,38.264477743239,-0.63618340692621,fotovoltaica,En curso,RdD,9.0,12.78
12737.0,ELCHE 220,Comunidad Valenciana,Alacant/Alicante,Elx/Elche,220.0,38.264477743239,-0.63618340692621,fotovoltaica,En curso,RdT,,
13193.0,SALADAS 220,Comunidad Valenciana,Alacant/Alicante,Elx/Elche,220.0,38.299206234961,-0.62029360136891,fotovoltaica,Con permisos,RdD,38.0,41.0
13193.0,SALADAS 220,Comunidad Valenciana,Alacant/Alicante,Elx/Elche,220.0,38.299206234961,-0.62029360136891,fotovoltaica,Con permisos,RdT,,
13193.0,SALADAS 220,Comunidad Valenciana,Alacant/Alicante,Elx/Elche,220.0,38.299206234961,-0.62029360136891,fotovoltaica,Puesta en servicio,RdD,4.67,4.91
13193.0,SALADAS 220,Comunidad Valenciana,Alacant/Alicante,Elx/Elche,220.0,38.299206234961,-0.62029360136891,fotovoltaica,Puesta en servicio,RdT,,
13177.0,ROCAMORA 400,Comunidad Valenciana,Alacant/Alicante,Granja de Rocamora,400.0,38.148729416916,-0.94656720049844,almacenamiento,Con permisos,RdD,,36.0
13177.0,ROCAMORA 400,Comunidad Valenciana,Alacant/Alicante,Granja de Rocamora,400.0,38.148729416916,-0.94656720049844,almacenamiento,Con permisos,RdT,,
13177.0,ROCAMORA 400,Comunidad Valenciana,Alacant/Alicante,Granja de Rocamora,400.0,38.148729416916,-0.94656720049844,eolica,Puesta en servicio,RdD,7.64,7.64
13177.0,ROCAMORA 400,Comunidad Valenciana,Alacant/Alicante,Granja de Rocamora,400.0,38.148729416916,-0.94656720049844,eolica,Puesta en servicio,RdT,,
13177.0,ROCAMORA 400,Comunidad Valenciana,Alacant/Alicante,Granja de Rocamora,400.0,38.148729416916,-0.94656720049844,fotovoltaica,Con permisos,RdD,213.0,237.0
13177.0,ROCAMORA 400,Comunidad Valenciana,Alacant/Alicante,Granja de Rocamora,400.0,38.148729416916,-0.94656720049844,fotovoltaica,Con permisos,RdT,,
13177.0,ROCAMORA 400,Comunidad Valenciana,Alacant/Alicante,Granja de Rocamora,400.0,38.148729416916,-0.94656720049844,fotovoltaica,Puesta en servicio,RdD,384.84,439.69
13177.0,ROCAMORA 400,Comunidad Valenciana,Alacant/Alicante,Granja de Rocamora,400.0,38.148729416916,-0.94656720049844,fotovoltaica,Puesta en servicio,RdT,,
13177.0,ROCAMORA 400,Comunidad Valenciana,Alacant/Alicante,Granja de Rocamora,400.0,38.148729416916,-0.94656720049844,hibridacion,Con permisos,RdD,1.0,
13177.0,ROCAMORA 400,Comunidad Valenciana,Alacant/Alicante,Granja de Rocamora,400.0,38.148729416916,-0.94656720049844,hibridacion,Con permisos,RdT,,
13177.0,ROCAMORA 400,Comunidad Valenciana,Alacant/Alicante,Granja de Rocamora,400.0,38.148729416916,-0.94656720049844,hibridacion,Puesta en servicio,RdD,31.12,
13177.0,ROCAMORA 400,Comunidad Valenciana,Alacant/Alicante,Granja de Rocamora,400.0,38.148729416916,-0.94656720049844,hibridacion,Puesta en servicio,RdT,,
13177.0,ROCAMORA 400,Comunidad Valenciana,Alacant/Alicante,Granja de Rocamora,400.0,38.148729416916,-0.94656720049844,hidraulica,Puesta en servicio,RdD,9.09,9.09
13177.0,ROCAMORA 400,Comunidad Valenciana,Alacant/Alicante,Granja de Rocamora,400.0,38.148729416916,-0.94656720049844,hidraulica,Puesta en servicio,RdT,,
13177.0,ROCAMORA 400,Comunidad Valenciana,Alacant/Alicante,Granja de Rocamora,400.0,38.148729416916,-0.94656720049844,otras,Puesta en servicio,RdD,11.28,11.28
13177.0,ROCAMORA 400,Comunidad Valenciana,Alacant/Alicante,Granja de Rocamora,400.0,38.148729416916,-0.94656720049844,otras,Puesta en servicio,RdT,,
13177.0,ROCAMORA 400,Comunidad Valenciana,Alacant/Alicante,Granja de Rocamora,400.0,38.148729416916,-0.94656720049844,termosolar,Puesta en servicio,RdD,31.4,31.4
13177.0,ROCAMORA 400,Comunidad Valenciana,Alacant/Alicante,Granja de Rocamora,400.0,38.148729416916,-0.94656720049844,termosolar,Puesta en servicio,RdT,,
13012.0,NOVELDA 220,Comunidad Valenciana,Alacant/Alicante,Novelda,220.0,38.374469269925,-0.75687023304841,fotovoltaica,Con permisos,RdD,1.0,1.0
13012.0,NOVELDA 220,Comunidad Valenciana,Alacant/Alicante,Novelda,220.0,38.374469269925,-0.75687023304841,fotovoltaica,Con permisos,RdT,207.0,248.0
13012.0,NOVELDA 220,Comunidad Valenciana,Alacant/Alicante,Novelda,220.0,38.374469269925,-0.75687023304841,fotovoltaica,En curso,RdD,15.0,34.97
13012.0,NOVELDA 220,Comunidad Valenciana,Alacant/Alicante,Novelda,220.0,38.374469269925,-0.75687023304841,fotovoltaica,En curso,RdT,,
12983.0,MONTEBELLO 220,Comunidad Valenciana,Alacant/Alicante,"Nucia, la",220.0,38.596046575128,-0.13948248892946,fotovoltaica,Con permisos,RdD,4.0,4.0
12983.0,MONTEBELLO 220,Comunidad Valenciana,Alacant/Alicante,"Nucia, la",220.0,38.596046575128,-0.13948248892946,fotovoltaica,Con permisos,RdT,,
12983.0,MONTEBELLO 220,Comunidad Valenciana,Alacant/Alicante,"Nucia, la",220.0,38.596046575128,-0.13948248892946,otras,Puesta en servicio,RdD,2.44,2.44
12983.0,MONTEBELLO 220,Comunidad Valenciana,Alacant/Alicante,"Nucia, la",220.0,38.596046575128,-0.13948248892946,otras,Puesta en servicio,RdT,,
13403.0,EL PETREL 220,Comunidad Valenciana,Alacant/Alicante,Petrer,220.0,38.438733751452,-0.78212922461649,fotovoltaica,Con permisos,RdD,195.0,235.0
13403.0,EL PETREL 220,Comunidad Valenciana,Alacant/Alicante,Petrer,220.0,38.438733751452,-0.78212922461649,fotovoltaica,Con permisos,RdT,,
13403.0,EL PETREL 220,Comunidad Valenciana,Alacant/Alicante,Petrer,220.0,38.438733751452,-0.78212922461649,fotovoltaica,Puesta en servicio,RdD,49.77,50.85
13403.0,EL PETREL 220,Comunidad Valenciana,Alacant/Alicante,Petrer,220.0,38.438733751452,-0.78212922461649,fotovoltaica,Puesta en servicio,RdT,,
13403.0,EL PETREL 220,Comunidad Valenciana,Alacant/Alicante,Petrer,220.0,38.438733751452,-0.78212922461649,otras,Puesta en servicio,RdD,9.17,9.17
13403.0,EL PETREL 220,Comunidad Valenciana,Alacant/Alicante,Petrer,220.0,38.438733751452,-0.78212922461649,otras,Puesta en servicio,RdT,,
6885.0,CAMPOAMOR 220,Comunidad Valenciana,Alacant/Alicante,Pilar de la Horadada,220.0,37.907177175895,-0.78393977415362,fotovoltaica,Con permisos,RdD,61.0,71.0
6885.0,CAMPOAMOR 220,Comunidad Valenciana,Alacant/Alicante,Pilar de la Horadada,220.0,37.907177175895,-0.78393977415362,fotovoltaica,Con permisos,RdT,,
6885.0,CAMPOAMOR 220,Comunidad Valenciana,Alacant/Alicante,Pilar de la Horadada,220.0,37.907177175895,-0.78393977415362,fotovoltaica,En curso,RdD,7.0,8.4
6885.0,CAMPOAMOR 220,Comunidad Valenciana,Alacant/Alicante,Pilar de la Horadada,220.0,37.907177175895,-0.78393977415362,fotovoltaica,En curso,RdT,,
6885.0,CAMPOAMOR 220,Comunidad Valenciana,Alacant/Alicante,Pilar de la Horadada,220.0,37.907177175895,-0.78393977415362,fotovoltaica,Puesta en servicio,RdD,2.0,2.0
6885.0,CAMPOAMOR 220,Comunidad Valenciana,Alacant/Alicante,Pilar de la Horadada,220.0,37.907177175895,-0.78393977415362,fotovoltaica,Puesta en servicio,RdT,,
13179.0,ROJALES 220,Comunidad Valenciana,Alacant/Alicante,Rojales,220.0,38.056319249754,-0.73654207779039,fotovoltaica,Con permisos,RdD,62.0,62.0
13179.0,ROJALES 220,Comunidad Valenciana,Alacant/Alicante,Rojales,220.0,38.056319249754,-0.73654207779039,fotovoltaica,Con permisos,RdT,,
13179.0,ROJALES 220,Comunidad Valenciana,Alacant/Alicante,Rojales,220.0,38.056319249754,-0.73654207779039,fotovoltaica,En curso,RdD,24.0,25.59
13179.0,ROJALES 220,Comunidad Valenciana,Alacant/Alicante,Rojales,220.0,38.056319249754,-0.73654207779039,fotovoltaica,En curso,RdT,,
13211.0,SAN MIGUEL DE SALINAS 220,Comunidad Valenciana,Alacant/Alicante,San Miguel de Salinas,220.0,38.0002778582,-0.76532022711473,almacenamiento,En curso,RdD,15.0,15.75
13211.0,SAN MIGUEL DE SALINAS 220,Comunidad Valenciana,Alacant/Alicante,San Miguel de Salinas,220.0,38.0002778582,-0.76532022711473,almacenamiento,En curso,RdT,,
13211.0,SAN MIGUEL DE SALINAS 220,Comunidad Valenciana,Alacant/Alicante,San Miguel de Salinas,220.0,38.0002778582,-0.76532022711473,fotovoltaica,Con permisos,RdD,18.0,22.0
13211.0,SAN MIGUEL DE SALINAS 220,Comunidad Valenciana,Alacant/Alicante,San Miguel de Salinas,220.0,38.0002778582,-0.76532022711473,fotovoltaica,Con permisos,RdT,,
13211.0,SAN MIGUEL DE SALINAS 220,Comunidad Valenciana,Alacant/Alicante,San Miguel de Salinas,220.0,38.0002778582,-0.76532022711473,fotovoltaica,En curso,RdD,30.0,30.0
13211.0,SAN MIGUEL DE SALINAS 220,Comunidad Valenciana,Alacant/Alicante,San Miguel de Salinas,220.0,38.0002778582,-0.76532022711473,fotovoltaica,En curso,RdT,,
12734.0,EL CANTALAR 220,Comunidad Valenciana,Alacant/Alicante,Sant Joan d'Alacant,220.0,38.424545733457,-0.42065691184493,fotovoltaica,Con permisos,RdD,16.0,16.0
12734.0,EL CANTALAR 220,Comunidad Valenciana,Alacant/Alicante,Sant Joan d'Alacant,220.0,38.424545733457,-0.42065691184493,fotovoltaica,Con permisos,RdT,154.0,167.0
12734.0,EL CANTALAR 220,Comunidad Valenciana,Alacant/Alicante,Sant Joan d'Alacant,220.0,38.424545733457,-0.42065691184493,otras,Puesta en servicio,RdD,7.49,7.49
12734.0,EL CANTALAR 220,Comunidad Valenciana,Alacant/Alicante,Sant Joan d'Alacant,220.0,38.424545733457,-0.42065691184493,otras,Puesta en servicio,RdT,,
6909.0,SAN VICENTE 220,Comunidad Valenciana,Alacant/Alicante,Sant Vicent del Raspeig/San Vicente del Raspeig,220.0,38.396973018427,-0.53844355101398,fotovoltaica,Con permisos,RdD,225.0,237.0
6909.0,SAN VICENTE 220,Comunidad Valenciana,Alacant/Alicante,Sant Vicent del Raspeig/San Vicente del Raspeig,220.0,38.396973018427,-0.53844355101398,fotovoltaica,Con permisos,RdT,,
6909.0,SAN VICENTE 220,Comunidad Valenciana,Alacant/Alicante,Sant Vicent del Raspeig/San Vicente del Raspeig,220.0,38.396973018427,-0.53844355101398,fotovoltaica,Puesta en servicio,RdD,1.12,1.12
6909.0,SAN VICENTE 220,Comunidad Valenciana,Alacant/Alicante,Sant Vicent del Raspeig/San Vicente del Raspeig,220.0,38.396973018427,-0.53844355101398,fotovoltaica,Puesta en servicio,RdT,,
6909.0,SAN VICENTE 220,Comunidad Valenciana,Alacant/Alicante,Sant Vicent del Raspeig/San Vicente del Raspeig,220.0,38.396973018427,-0.53844355101398,otras,Con permisos,RdD,1.0,1.0
6909.0,SAN VICENTE 220,Comunidad Valenciana,Alacant/Alicante,Sant Vicent del Raspeig/San Vicente del Raspeig,220.0,38.396973018427,-0.53844355101398,otras,Con permisos,RdT,,
6909.0,SAN VICENTE 220,Comunidad Valenciana,Alacant/Alicante,Sant Vicent del Raspeig/San Vicente del Raspeig,220.0,38.396973018427,-0.53844355101398,otras,Puesta en servicio,RdD,2.13,2.13
6909.0,SAN VICENTE 220,Comunidad Valenciana,Alacant/Alicante,Sant Vicent del Raspeig/San Vicente del Raspeig,220.0,38.396973018427,-0.53844355101398,otras,Puesta en servicio,RdT,,
7311.0,SANTA POLA 220,Comunidad Valenciana,Alacant/Alicante,Santa Pola,220.0,38.218614708821,-0.55518315235913,fotovoltaica,Con permisos,RdD,5.0,5.0
7311.0,SANTA POLA 220,Comunidad Valenciana,Alacant/Alicante,Santa Pola,220.0,38.218614708821,-0.55518315235913,fotovoltaica,Con permisos,RdT,,
7227.0,SAX 400,Comunidad Valenciana,Alacant/Alicante,Villena,400.0,38.56174420905,-0.86167140946811,almacenamiento,Con permisos,RdD,,
7227.0,SAX 400,Comunidad Valenciana,Alacant/Alicante,Villena,400.0,38.56174420905,-0.86167140946811,almacenamiento,Con permisos,RdT,,184.0
7227.0,SAX 400,Comunidad Valenciana,Alacant/Alicante,Villena,400.0,38.56174420905,-0.86167140946811,fotovoltaica,Con permisos,RdD,,
7227.0,SAX 400,Comunidad Valenciana,Alacant/Alicante,Villena,400.0,38.56174420905,-0.86167140946811,fotovoltaica,Con permisos,RdT,422.0,666.0
7227.0,SAX 400,Comunidad Valenciana,Alacant/Alicante,Villena,400.0,38.56174420905,-0.86167140946811,hibridacion,Con permisos,RdD,,
7227.0,SAX 400,Comunidad Valenciana,Alacant/Alicante,Villena,400.0,38.56174420905,-0.86167140946811,hibridacion,Con permisos,RdT,76.0,
12850.0,JIJONA 220,Comunidad Valenciana,Alacant/Alicante,Xixona/Jijona,220.0,38.492059618567,-0.47792193978187,fotovoltaica,Con permisos,RdD,288.0,345.0
12850.0,JIJONA 220,Comunidad Valenciana,Alacant/Alicante,Xixona/Jijona,220.0,38.492059618567,-0.47792193978187,fotovoltaica,Con permisos,RdT,,
12850.0,JIJONA 220,Comunidad Valenciana,Alacant/Alicante,Xixona/Jijona,220.0,38.492059618567,-0.47792193978187,fotovoltaica,Puesta en servicio,RdD,52.35,59.89
12850.0,JIJONA 220,Comunidad Valenciana,Alacant/Alicante,Xixona/Jijona,220.0,38.492059618567,-0.47792193978187,fotovoltaica,Puesta en servicio,RdT,,
12850.0,JIJONA 220,Comunidad Valenciana,Alacant/Alicante,Xixona/Jijona,220.0,38.492059618567,-0.47792193978187,otras,Puesta en servicio,RdD,25.3,25.3
12850.0,JIJONA 220,Comunidad Valenciana,Alacant/Alicante,Xixona/Jijona,220.0,38.492059618567,-0.47792193978187,otras,Puesta en servicio,RdT,,
12887.0,LA PLANA 220,Comunidad Valenciana,Castelló/Castellón,Almassora,220.0,39.967142703365,-0.097017136861521,almacenamiento,Con permisos,RdD,4.0,8.0
12887.0,LA PLANA 220,Comunidad Valenciana,Castelló/Castellón,Almassora,220.0,39.967142703365,-0.097017136861521,almacenamiento,Con permisos,RdT,,
12887.0,LA PLANA 220,Comunidad Valenciana,Castelló/Castellón,Almassora,220.0,39.967142703365,-0.097017136861521,eolica,Con permisos,RdD,110.0,110.0
12887.0,LA PLANA 220,Comunidad Valenciana,Castelló/Castellón,Almassora,220.0,39.967142703365,-0.097017136861521,eolica,Con permisos,RdT,,
12887.0,LA PLANA 220,Comunidad Valenciana,Castelló/Castellón,Almassora,220.0,39.967142703365,-0.097017136861521,fotovoltaica,Con permisos,RdD,127.0,160.0
12887.0,LA PLANA 220,Comunidad Valenciana,Castelló/Castellón,Almassora,220.0,39.967142703365,-0.097017136861521,fotovoltaica,Con permisos,RdT,,
12887.0,LA PLANA 220,Comunidad Valenciana,Castelló/Castellón,Almassora,220.0,39.967142703365,-0.097017136861521,fotovoltaica,Puesta en servicio,RdD,48.03,45.85
12887.0,LA PLANA 220,Comunidad Valenciana,Castelló/Castellón,Almassora,220.0,39.967142703365,-0.097017136861521,fotovoltaica,Puesta en servicio,RdT,,
12887.0,LA PLANA 220,Comunidad Valenciana,Castelló/Castellón,Almassora,220.0,39.967142703365,-0.097017136861521,hibridacion,Con permisos,RdD,9.0,
12887.0,LA PLANA 220,Comunidad Valenciana,Castelló/Castellón,Almassora,220.0,39.967142703365,-0.097017136861521,hibridacion,Con permisos,RdT,,
12887.0,LA PLANA 220,Comunidad Valenciana,Castelló/Castellón,Almassora,220.0,39.967142703365,-0.097017136861521,hidraulica,Con permisos,RdD,5.0,5.0
12887.0,LA PLANA 220,Comunidad Valenciana,Castelló/Castellón,Almassora,220.0,39.967142703365,-0.097017136861521,hidraulica,Con permisos,RdT,,
12887.0,LA PLANA 220,Comunidad Valenciana,Castelló/Castellón,Almassora,220.0,39.967142703365,-0.097017136861521,otras,Con permisos,RdD,7.0,16.0
12887.0,LA PLANA 220,Comunidad Valenciana,Castelló/Castellón,Almassora,220.0,39.967142703365,-0.097017136861521,otras,Con permisos,RdT,,
12887.0,LA PLANA 220,Comunidad Valenciana,Castelló/Castellón,Almassora,220.0,39.967142703365,-0.097017136861521,otras,Puesta en servicio,RdD,245.28,245.28
12887.0,LA PLANA 220,Comunidad Valenciana,Castelló/Castellón,Almassora,220.0,39.967142703365,-0.097017136861521,otras,Puesta en servicio,RdT,,
12888.0,LA PLANA 400,Comunidad Valenciana,Castelló/Castellón,Almassora,400.0,39.967142703365,-0.097017136861521,almacenamiento,En curso,RdD,50.0,50.0
12888.0,LA PLANA 400,Comunidad Valenciana,Castelló/Castellón,Almassora,400.0,39.967142703365,-0.097017136861521,almacenamiento,En curso,RdT,,
12888.0,LA PLANA 400,Comunidad Valenciana,Castelló/Castellón,Almassora,400.0,39.967142703365,-0.097017136861521,eolica,Con permisos,RdD,50.0,50.0
12888.0,LA PLANA 400,Comunidad Valenciana,Castelló/Castellón,Almassora,400.0,39.967142703365,-0.097017136861521,eolica,Con permisos,RdT,,
12888.0,LA PLANA 400,Comunidad Valenciana,Castelló/Castellón,Almassora,400.0,39.967142703365,-0.097017136861521,eolica,En curso,RdD,162.0,176.0
12888.0,LA PLANA 400,Comunidad Valenciana,Castelló/Castellón,Almassora,400.0,39.967142703365,-0.097017136861521,eolica,En curso,RdT,,
12888.0,LA PLANA 400,Comunidad Valenciana,Castelló/Castellón,Almassora,400.0,39.967142703365,-0.097017136861521,fotovoltaica,Con permisos,RdD,133.0,149.0
12888.0,LA PLANA 400,Comunidad Valenciana,Castelló/Castellón,Almassora,400.0,39.967142703365,-0.097017136861521,fotovoltaica,Con permisos,RdT,,
12888.0,LA PLANA 400,Comunidad Valenciana,Castelló/Castellón,Almassora,400.0,39.967142703365,-0.097017136861521,otras,Puesta en servicio,RdD,,
12888.0,LA PLANA 400,Comunidad Valenciana,Castelló/Castellón,Almassora,400.0,39.967142703365,-0.097017136861521,otras,Puesta en servicio,RdT,1621.55,1621.35
6882.0,BECHI 220,Comunidad Valenciana,Castelló/Castellón,Betxí,220.0,39.927903866873,-0.1781660428463,almacenamiento,Con permisos,RdD,,
6882.0,BECHI 220,Comunidad Valenciana,Castelló/Castellón,Betxí,220.0,39.927903866873,-0.1781660428463,almacenamiento,Con permisos,RdT,100.0,103.0
6882.0,BECHI 220,Comunidad Valenciana,Castelló/Castellón,Betxí,220.0,39.927903866873,-0.1781660428463,almacenamiento,En curso,RdD,71.41,71.41
6882.0,BECHI 220,Comunidad Valenciana,Castelló/Castellón,Betxí,220.0,39.927903866873,-0.1781660428463,almacenamiento,En curso,RdT,40.0,40.0
6882.0,BECHI 220,Comunidad Valenciana,Castelló/Castellón,Betxí,220.0,39.927903866873,-0.1781660428463,fotovoltaica,Con permisos,RdD,,
6882.0,BECHI 220,Comunidad Valenciana,Castelló/Castellón,Betxí,220.0,39.927903866873,-0.1781660428463,fotovoltaica,Con permisos,RdT,177.0,199.0
6882.0,BECHI 220,Comunidad Valenciana,Castelló/Castellón,Betxí,220.0,39.927903866873,-0.1781660428463,fotovoltaica,En curso,RdD,,
6882.0,BECHI 220,Comunidad Valenciana,Castelló/Castellón,Betxí,220.0,39.927903866873,-0.1781660428463,fotovoltaica,En curso,RdT,40.0,40.0
6882.0,BECHI 220,Comunidad Valenciana,Castelló/Castellón,Betxí,220.0,39.927903866873,-0.1781660428463,fotovoltaica,Puesta en servicio,RdD,2.3,2.3
6882.0,BECHI 220,Comunidad Valenciana,Castelló/Castellón,Betxí,220.0,39.927903866873,-0.1781660428463,fotovoltaica,Puesta en servicio,RdT,,
6883.0,BENADRESA 220,Comunidad Valenciana,Castelló/Castellón,Castelló de la Plana/Castellón de la Plana,220.0,40.003587129462,-0.086296144874847,fotovoltaica,Con permisos,RdD,3.0,3.0
6883.0,BENADRESA 220,Comunidad Valenciana,Castelló/Castellón,Castelló de la Plana/Castellón de la Plana,220.0,40.003587129462,-0.086296144874847,fotovoltaica,Con permisos,RdT,,
12844.0,INGENIO 220,Comunidad Valenciana,Castelló/Castellón,Castelló de la Plana/Castellón de la Plana,220.0,39.978399134321,-0.015446039895912,almacenamiento,Con permisos,RdD,10.0,10.0
12844.0,INGENIO 220,Comunidad Valenciana,Castelló/Castellón,Castelló de la Plana/Castellón de la Plana,220.0,39.978399134321,-0.015446039895912,almacenamiento,Con permisos,RdT,,
12844.0,INGENIO 220,Comunidad Valenciana,Castelló/Castellón,Castelló de la Plana/Castellón de la Plana,220.0,39.978399134321,-0.015446039895912,fotovoltaica,Con permisos,RdD,22.0,22.0
12844.0,INGENIO 220,Comunidad Valenciana,Castelló/Castellón,Castelló de la Plana/Castellón de la Plana,220.0,39.978399134321,-0.015446039895912,fotovoltaica,Con permisos,RdT,,
12844.0,INGENIO 220,Comunidad Valenciana,Castelló/Castellón,Castelló de la Plana/Castellón de la Plana,220.0,39.978399134321,-0.015446039895912,fotovoltaica,Puesta en servicio,RdD,22.94,23.58
12844.0,INGENIO 220,Comunidad Valenciana,Castelló/Castellón,Castelló de la Plana/Castellón de la Plana,220.0,39.978399134321,-0.015446039895912,fotovoltaica,Puesta en servicio,RdT,,
12844.0,INGENIO 220,Comunidad Valenciana,Castelló/Castellón,Castelló de la Plana/Castellón de la Plana,220.0,39.978399134321,-0.015446039895912,otras,Puesta en servicio,RdD,88.72,88.72
12844.0,INGENIO 220,Comunidad Valenciana,Castelló/Castellón,Castelló de la Plana/Castellón de la Plana,220.0,39.978399134321,-0.015446039895912,otras,Puesta en servicio,RdT,,
12996.0,MORELLA 400,Comunidad Valenciana,Castelló/Castellón,Morella,400.0,40.611191986865,-0.19517789777956,eolica,Con permisos,RdD,,
12996.0,MORELLA 400,Comunidad Valenciana,Castelló/Castellón,Morella,400.0,40.611191986865,-0.19517789777956,eolica,Con permisos,RdT,823.0,854.0
12996.0,MORELLA 400,Comunidad Valenciana,Castelló/Castellón,Morella,400.0,40.611191986865,-0.19517789777956,eolica,Puesta en servicio,RdD,,
12996.0,MORELLA 400,Comunidad Valenciana,Castelló/Castellón,Morella,400.0,40.611191986865,-0.19517789777956,eolica,Puesta en servicio,RdT,394.5,394.5
12996.0,MORELLA 400,Comunidad Valenciana,Castelló/Castellón,Morella,400.0,40.611191986865,-0.19517789777956,fotovoltaica,Con permisos,RdD,,
12996.0,MORELLA 400,Comunidad Valenciana,Castelló/Castellón,Morella,400.0,40.611191986865,-0.19517789777956,fotovoltaica,Con permisos,RdT,162.0,196.0
12996.0,MORELLA 400,Comunidad Valenciana,Castelló/Castellón,Morella,400.0,40.611191986865,-0.19517789777956,otras,Puesta en servicio,RdD,8.47,8.47
12996.0,MORELLA 400,Comunidad Valenciana,Castelló/Castellón,Morella,400.0,40.611191986865,-0.19517789777956,otras,Puesta en servicio,RdT,,
6910.0,SEGORBE 220,Comunidad Valenciana,Castelló/Castellón,Segorbe,220.0,39.827343709003,-0.45658815265805,eolica,En curso,RdD,,
6910.0,SEGORBE 220,Comunidad Valenciana,Castelló/Castellón,Segorbe,220.0,39.827343709003,-0.45658815265805,eolica,En curso,RdT,302.4,302.4
6910.0,SEGORBE 220,Comunidad Valenciana,Castelló/Castellón,Segorbe,220.0,39.827343709003,-0.45658815265805,eolica,Puesta en servicio,RdD,,
6910.0,SEGORBE 220,Comunidad Valenciana,Castelló/Castellón,Segorbe,220.0,39.827343709003,-0.45658815265805,eolica,Puesta en servicio,RdT,138.0,196.3
6910.0,SEGORBE 220,Comunidad Valenciana,Castelló/Castellón,Segorbe,220.0,39.827343709003,-0.45658815265805,fotovoltaica,Con permisos,RdD,2.0,2.0
6910.0,SEGORBE 220,Comunidad Valenciana,Castelló/Castellón,Segorbe,220.0,39.827343709003,-0.45658815265805,fotovoltaica,Con permisos,RdT,,39.0
6910.0,SEGORBE 220,Comunidad Valenciana,Castelló/Castellón,Segorbe,220.0,39.827343709003,-0.45658815265805,fotovoltaica,Puesta en servicio,RdD,1.1,1.1
6910.0,SEGORBE 220,Comunidad Valenciana,Castelló/Castellón,Segorbe,220.0,39.827343709003,-0.45658815265805,fotovoltaica,Puesta en servicio,RdT,,
6910.0,SEGORBE 220,Comunidad Valenciana,Castelló/Castellón,Segorbe,220.0,39.827343709003,-0.45658815265805,hibridacion,Puesta en servicio,RdD,,
6910.0,SEGORBE 220,Comunidad Valenciana,Castelló/Castellón,Segorbe,220.0,39.827343709003,-0.45658815265805,hibridacion,Puesta en servicio,RdT,58.3,
6914.0,VALL D'UXO 220,Comunidad Valenciana,Castelló/Castellón,"Vall d'Uixó, la",220.0,39.793460044788,-0.22122464076248,almacenamiento,Con permisos,RdD,,
6914.0,VALL D'UXO 220,Comunidad Valenciana,Castelló/Castellón,"Vall d'Uixó, la",220.0,39.793460044788,-0.22122464076248,almacenamiento,Con permisos,RdT,165.0,171.0
6914.0,VALL D'UXO 220,Comunidad Valenciana,Castelló/Castellón,"Vall d'Uixó, la",220.0,39.793460044788,-0.22122464076248,almacenamiento,En curso,RdD,,
6914.0,VALL D'UXO 220,Comunidad Valenciana,Castelló/Castellón,"Vall d'Uixó, la",220.0,39.793460044788,-0.22122464076248,almacenamiento,En curso,RdT,99.8,99.8
6914.0,VALL D'UXO 220,Comunidad Valenciana,Castelló/Castellón,"Vall d'Uixó, la",220.0,39.793460044788,-0.22122464076248,fotovoltaica,Con permisos,RdD,3.0,3.0
6914.0,VALL D'UXO 220,Comunidad Valenciana,Castelló/Castellón,"Vall d'Uixó, la",220.0,39.793460044788,-0.22122464076248,fotovoltaica,Con permisos,RdT,,
6914.0,VALL D'UXO 220,Comunidad Valenciana,Castelló/Castellón,"Vall d'Uixó, la",220.0,39.793460044788,-0.22122464076248,fotovoltaica,En curso,RdD,,
6914.0,VALL D'UXO 220,Comunidad Valenciana,Castelló/Castellón,"Vall d'Uixó, la",220.0,39.793460044788,-0.22122464076248,fotovoltaica,En curso,RdT,20.0,20.0
6914.0,VALL D'UXO 220,Comunidad Valenciana,Castelló/Castellón,"Vall d'Uixó, la",220.0,39.793460044788,-0.22122464076248,fotovoltaica,Puesta en servicio,RdD,1.6,1.6
6914.0,VALL D'UXO 220,Comunidad Valenciana,Castelló/Castellón,"Vall d'Uixó, la",220.0,39.793460044788,-0.22122464076248,fotovoltaica,Puesta en servicio,RdT,,
6914.0,VALL D'UXO 220,Comunidad Valenciana,Castelló/Castellón,"Vall d'Uixó, la",220.0,39.793460044788,-0.22122464076248,otras,Puesta en servicio,RdD,2.08,2.08
6914.0,VALL D'UXO 220,Comunidad Valenciana,Castelló/Castellón,"Vall d'Uixó, la",220.0,39.793460044788,-0.22122464076248,otras,Puesta en servicio,RdT,,
6879.0,ALBAL 220,Comunidad Valenciana,València/Valencia,Albal,220.0,39.39760128367,-0.44520264602075,almacenamiento,En curso,RdD,8.99,9.99
6879.0,ALBAL 220,Comunidad Valenciana,València/Valencia,Albal,220.0,39.39760128367,-0.44520264602075,almacenamiento,En curso,RdT,,
6879.0,ALBAL 220,Comunidad Valenciana,València/Valencia,Albal,220.0,39.39760128367,-0.44520264602075,fotovoltaica,En curso,RdD,8.0,9.6
6879.0,ALBAL 220,Comunidad Valenciana,València/Valencia,Albal,220.0,39.39760128367,-0.44520264602075,fotovoltaica,En curso,RdT,,
6879.0,ALBAL 220,Comunidad Valenciana,València/Valencia,Albal,220.0,39.39760128367,-0.44520264602075,otras,Puesta en servicio,RdD,3.0,3.0
6879.0,ALBAL 220,Comunidad Valenciana,València/Valencia,Albal,220.0,39.39760128367,-0.44520264602075,otras,Puesta en servicio,RdT,,
13383.0,ALDAIA 220,Comunidad Valenciana,València/Valencia,Aldaia,220.0,39.45168605488,-0.50117123778734,almacenamiento,Con permisos,RdD,5.0,5.0
13383.0,ALDAIA 220,Comunidad Valenciana,València/Valencia,Aldaia,220.0,39.45168605488,-0.50117123778734,almacenamiento,Con permisos,RdT,,
13383.0,ALDAIA 220,Comunidad Valenciana,València/Valencia,Aldaia,220.0,39.45168605488,-0.50117123778734,almacenamiento,En curso,RdD,9.94,9.94
13383.0,ALDAIA 220,Comunidad Valenciana,València/Valencia,Aldaia,220.0,39.45168605488,-0.50117123778734,almacenamiento,En curso,RdT,,
13383.0,ALDAIA 220,Comunidad Valenciana,València/Valencia,Aldaia,220.0,39.45168605488,-0.50117123778734,fotovoltaica,Con permisos,RdD,13.0,13.0
13383.0,ALDAIA 220,Comunidad Valenciana,València/Valencia,Aldaia,220.0,39.45168605488,-0.50117123778734,fotovoltaica,Con permisos,RdT,,
13383.0,ALDAIA 220,Comunidad Valenciana,València/Valencia,Aldaia,220.0,39.45168605488,-0.50117123778734,otras,Puesta en servicio,RdD,1.94,1.94
13383.0,ALDAIA 220,Comunidad Valenciana,València/Valencia,Aldaia,220.0,39.45168605488,-0.50117123778734,otras,Puesta en servicio,RdT,,
6880.0,ALCIRA 220,Comunidad Valenciana,València/Valencia,Alzira,220.0,39.149431987051,-0.45790093536556,almacenamiento,En curso,RdD,128.88,138.79
6880.0,ALCIRA 220,Comunidad Valenciana,València/Valencia,Alzira,220.0,39.149431987051,-0.45790093536556,almacenamiento,En curso,RdT,,
6880.0,ALCIRA 220,Comunidad Valenciana,València/Valencia,Alzira,220.0,39.149431987051,-0.45790093536556,fotovoltaica,Con permisos,RdD,55.0,63.0
6880.0,ALCIRA 220,Comunidad Valenciana,València/Valencia,Alzira,220.0,39.149431987051,-0.45790093536556,fotovoltaica,Con permisos,RdT,,
6880.0,ALCIRA 220,Comunidad Valenciana,València/Valencia,Alzira,220.0,39.149431987051,-0.45790093536556,fotovoltaica,En curso,RdD,38.0,38.0
6880.0,ALCIRA 220,Comunidad Valenciana,València/Valencia,Alzira,220.0,39.149431987051,-0.45790093536556,fotovoltaica,En curso,RdT,,
6880.0,ALCIRA 220,Comunidad Valenciana,València/Valencia,Alzira,220.0,39.149431987051,-0.45790093536556,fotovoltaica,Puesta en servicio,RdD,2.85,2.85
6880.0,ALCIRA 220,Comunidad Valenciana,València/Valencia,Alzira,220.0,39.149431987051,-0.45790093536556,fotovoltaica,Puesta en servicio,RdT,,
6880.0,ALCIRA 220,Comunidad Valenciana,València/Valencia,Alzira,220.0,39.149431987051,-0.45790093536556,otras,Con permisos,RdD,20.0,20.0
6880.0,ALCIRA 220,Comunidad Valenciana,València/Valencia,Alzira,220.0,39.149431987051,-0.45790093536556,otras,Con permisos,RdT,,
6880.0,ALCIRA 220,Comunidad Valenciana,València/Valencia,Alzira,220.0,39.149431987051,-0.45790093536556,otras,Puesta en servicio,RdD,8.28,8.28
6880.0,ALCIRA 220,Comunidad Valenciana,València/Valencia,Alzira,220.0,39.149431987051,-0.45790093536556,otras,Puesta en servicio,RdT,,
6881.0,AYORA 400,Comunidad Valenciana,València/Valencia,Ayora,400.0,39.041322577525,-1.0075141192842,almacenamiento,Con permisos,RdD,,
6881.0,AYORA 400,Comunidad Valenciana,València/Valencia,Ayora,400.0,39.041322577525,-1.0075141192842,almacenamiento,Con permisos,RdT,,206.0
6881.0,AYORA 400,Comunidad Valenciana,València/Valencia,Ayora,400.0,39.041322577525,-1.0075141192842,eolica,Puesta en servicio,RdD,,
6881.0,AYORA 400,Comunidad Valenciana,València/Valencia,Ayora,400.0,39.041322577525,-1.0075141192842,eolica,Puesta en servicio,RdT,292.65,375.45
6881.0,AYORA 400,Comunidad Valenciana,València/Valencia,Ayora,400.0,39.041322577525,-1.0075141192842,fotovoltaica,Con permisos,RdD,,
6881.0,AYORA 400,Comunidad Valenciana,València/Valencia,Ayora,400.0,39.041322577525,-1.0075141192842,fotovoltaica,Con permisos,RdT,148.0,485.0
6881.0,AYORA 400,Comunidad Valenciana,València/Valencia,Ayora,400.0,39.041322577525,-1.0075141192842,fotovoltaica,Puesta en servicio,RdD,,
6881.0,AYORA 400,Comunidad Valenciana,València/Valencia,Ayora,400.0,39.041322577525,-1.0075141192842,fotovoltaica,Puesta en servicio,RdT,172.24,278.99
6881.0,AYORA 400,Comunidad Valenciana,València/Valencia,Ayora,400.0,39.041322577525,-1.0075141192842,hibridacion,Con permisos,RdD,,
6881.0,AYORA 400,Comunidad Valenciana,València/Valencia,Ayora,400.0,39.041322577525,-1.0075141192842,hibridacion,Con permisos,RdT,262.0,
6881.0,AYORA 400,Comunidad Valenciana,València/Valencia,Ayora,400.0,39.041322577525,-1.0075141192842,hibridacion,Puesta en servicio,RdD,,
6881.0,AYORA 400,Comunidad Valenciana,València/Valencia,Ayora,400.0,39.041322577525,-1.0075141192842,hibridacion,Puesta en servicio,RdT,151.8,
12683.0,CATADAU 400,Comunidad Valenciana,València/Valencia,Catadau,400.0,39.250790229238,-0.56122630559134,almacenamiento,Con permisos,RdD,,
12683.0,CATADAU 400,Comunidad Valenciana,València/Valencia,Catadau,400.0,39.250790229238,-0.56122630559134,almacenamiento,Con permisos,RdT,,67.0
12683.0,CATADAU 400,Comunidad Valenciana,València/Valencia,Catadau,400.0,39.250790229238,-0.56122630559134,eolica,Puesta en servicio,RdD,49.79,49.79
12683.0,CATADAU 400,Comunidad Valenciana,València/Valencia,Catadau,400.0,39.250790229238,-0.56122630559134,eolica,Puesta en servicio,RdT,,
12683.0,CATADAU 400,Comunidad Valenciana,València/Valencia,Catadau,400.0,39.250790229238,-0.56122630559134,fotovoltaica,Con permisos,RdD,232.0,267.0
12683.0,CATADAU 400,Comunidad Valenciana,València/Valencia,Catadau,400.0,39.250790229238,-0.56122630559134,fotovoltaica,Con permisos,RdT,,58.0
12683.0,CATADAU 400,Comunidad Valenciana,València/Valencia,Catadau,400.0,39.250790229238,-0.56122630559134,fotovoltaica,Puesta en servicio,RdD,15.99,16.08
12683.0,CATADAU 400,Comunidad Valenciana,València/Valencia,Catadau,400.0,39.250790229238,-0.56122630559134,fotovoltaica,Puesta en servicio,RdT,,
12683.0,CATADAU 400,Comunidad Valenciana,València/Valencia,Catadau,400.0,39.250790229238,-0.56122630559134,hibridacion,Con permisos,RdD,,
12683.0,CATADAU 400,Comunidad Valenciana,València/Valencia,Catadau,400.0,39.250790229238,-0.56122630559134,hibridacion,Con permisos,RdT,50.0,
12706.0,COFRENTES 400,Comunidad Valenciana,València/Valencia,Cofrentes,400.0,39.214112937996,-1.0546186076654,eolica,Con permisos,RdD,,
12706.0,COFRENTES 400,Comunidad Valenciana,València/Valencia,Cofrentes,400.0,39.214112937996,-1.0546186076654,eolica,Con permisos,RdT,,90.0
12706.0,COFRENTES 400,Comunidad Valenciana,València/Valencia,Cofrentes,400.0,39.214112937996,-1.0546186076654,fotovoltaica,Con permisos,RdD,,
12706.0,COFRENTES 400,Comunidad Valenciana,València/Valencia,Cofrentes,400.0,39.214112937996,-1.0546186076654,fotovoltaica,Con permisos,RdT,,304.0
12706.0,COFRENTES 400,Comunidad Valenciana,València/Valencia,Cofrentes,400.0,39.214112937996,-1.0546186076654,hibridacion,Con permisos,RdD,,
12706.0,COFRENTES 400,Comunidad Valenciana,València/Valencia,Cofrentes,400.0,39.214112937996,-1.0546186076654,hibridacion,Con permisos,RdT,298.0,
12706.0,COFRENTES 400,Comunidad Valenciana,València/Valencia,Cofrentes,400.0,39.214112937996,-1.0546186076654,hidraulica,Puesta en servicio,RdD,124.2,124.2
12706.0,COFRENTES 400,Comunidad Valenciana,València/Valencia,Cofrentes,400.0,39.214112937996,-1.0546186076654,hidraulica,Puesta en servicio,RdT,,
12706.0,COFRENTES 400,Comunidad Valenciana,València/Valencia,Cofrentes,400.0,39.214112937996,-1.0546186076654,otras,Puesta en servicio,RdD,,
12706.0,COFRENTES 400,Comunidad Valenciana,València/Valencia,Cofrentes,400.0,39.214112937996,-1.0546186076654,otras,Puesta en servicio,RdT,1025.4,1063.94
13324.0,MUELA 400,Comunidad Valenciana,València/Valencia,Cortes de Pallás,400.0,39.243859445378,-0.93157295154828,bombeo,Puesta en servicio,RdD,,
13324.0,MUELA 400,Comunidad Valenciana,València/Valencia,Cortes de Pallás,400.0,39.243859445378,-0.93157295154828,bombeo,Puesta en servicio,RdT,1536.45,1511.95
13324.0,MUELA 400,Comunidad Valenciana,València/Valencia,Cortes de Pallás,400.0,39.243859445378,-0.93157295154828,hidraulica,Puesta en servicio,RdD,,
13324.0,MUELA 400,Comunidad Valenciana,València/Valencia,Cortes de Pallás,400.0,39.243859445378,-0.93157295154828,hidraulica,Puesta en servicio,RdT,280.0,289.92
13321.0,ELIANA 400,Comunidad Valenciana,València/Valencia,"Eliana, l'",400.0,39.554873615177,-0.51082273851062,almacenamiento,En curso,RdD,94.84,109.78
13321.0,ELIANA 400,Comunidad Valenciana,València/Valencia,"Eliana, l'",400.0,39.554873615177,-0.51082273851062,almacenamiento,En curso,RdT,,
13321.0,ELIANA 400,Comunidad Valenciana,València/Valencia,"Eliana, l'",400.0,39.554873615177,-0.51082273851062,eolica,Puesta en servicio,RdD,226.99,226.99
13321.0,ELIANA 400,Comunidad Valenciana,València/Valencia,"Eliana, l'",400.0,39.554873615177,-0.51082273851062,eolica,Puesta en servicio,RdT,,
13321.0,ELIANA 400,Comunidad Valenciana,València/Valencia,"Eliana, l'",400.0,39.554873615177,-0.51082273851062,fotovoltaica,Con permisos,RdD,51.0,57.0
13321.0,ELIANA 400,Comunidad Valenciana,València/Valencia,"Eliana, l'",400.0,39.554873615177,-0.51082273851062,fotovoltaica,Con permisos,RdT,,
13321.0,ELIANA 400,Comunidad Valenciana,València/Valencia,"Eliana, l'",400.0,39.554873615177,-0.51082273851062,fotovoltaica,Puesta en servicio,RdD,34.97,35.06
13321.0,ELIANA 400,Comunidad Valenciana,València/Valencia,"Eliana, l'",400.0,39.554873615177,-0.51082273851062,fotovoltaica,Puesta en servicio,RdT,,
13321.0,ELIANA 400,Comunidad Valenciana,València/Valencia,"Eliana, l'",400.0,39.554873615177,-0.51082273851062,hidraulica,Puesta en servicio,RdD,24.68,24.68
13321.0,ELIANA 400,Comunidad Valenciana,València/Valencia,"Eliana, l'",400.0,39.554873615177,-0.51082273851062,hidraulica,Puesta en servicio,RdT,,
13321.0,ELIANA 400,Comunidad Valenciana,València/Valencia,"Eliana, l'",400.0,39.554873615177,-0.51082273851062,otras,Puesta en servicio,RdD,27.98,27.98
13321.0,ELIANA 400,Comunidad Valenciana,València/Valencia,"Eliana, l'",400.0,39.554873615177,-0.51082273851062,otras,Puesta en servicio,RdT,,
13392.0,ELIANA 220,Comunidad Valenciana,València/Valencia,"Eliana, l'",220.0,39.554873615177,-0.51082273851062,fotovoltaica,En curso,RdD,49.75,74.6
13392.0,ELIANA 220,Comunidad Valenciana,València/Valencia,"Eliana, l'",220.0,39.554873615177,-0.51082273851062,fotovoltaica,En curso,RdT,,
12790.0,GANDIA 220,Comunidad Valenciana,València/Valencia,Gandia,220.0,38.982046528085,-0.18500909826197,almacenamiento,En curso,RdD,4.95,4.95
12790.0,GANDIA 220,Comunidad Valenciana,València/Valencia,Gandia,220.0,38.982046528085,-0.18500909826197,almacenamiento,En curso,RdT,,
12790.0,GANDIA 220,Comunidad Valenciana,València/Valencia,Gandia,220.0,38.982046528085,-0.18500909826197,fotovoltaica,Con permisos,RdD,2.0,2.0
12790.0,GANDIA 220,Comunidad Valenciana,València/Valencia,Gandia,220.0,38.982046528085,-0.18500909826197,fotovoltaica,Con permisos,RdT,,
12790.0,GANDIA 220,Comunidad Valenciana,València/Valencia,Gandia,220.0,38.982046528085,-0.18500909826197,otras,Puesta en servicio,RdD,2.06,2.06
12790.0,GANDIA 220,Comunidad Valenciana,València/Valencia,Gandia,220.0,38.982046528085,-0.18500909826197,otras,Puesta en servicio,RdT,,
13204.0,SANCHO LLOP 220,Comunidad Valenciana,València/Valencia,Gandia,220.0,38.964189865457,-0.17496991790504,almacenamiento,En curso,RdD,14.91,14.91
13204.0,SANCHO LLOP 220,Comunidad Valenciana,València/Valencia,Gandia,220.0,38.964189865457,-0.17496991790504,almacenamiento,En curso,RdT,,
12800.0,GODELLETA 220,Comunidad Valenciana,València/Valencia,Godelleta,220.0,39.443186167809,-0.67173522718567,fotovoltaica,En curso,RdD,,
12800.0,GODELLETA 220,Comunidad Valenciana,València/Valencia,Godelleta,220.0,39.443186167809,-0.67173522718567,fotovoltaica,En curso,RdT,0.05,0.05
12801.0,GODELLETA 400,Comunidad Valenciana,València/Valencia,Godelleta,400.0,39.443186167809,-0.67173522718567,fotovoltaica,Con permisos,RdD,,
12801.0,GODELLETA 400,Comunidad Valenciana,València/Valencia,Godelleta,400.0,39.443186167809,-0.67173522718567,fotovoltaica,Con permisos,RdT,87.0,150.0
13101.0,QUART DE POBLET 220,Comunidad Valenciana,València/Valencia,Quart de Poblet,220.0,39.480449151858,-0.52659872033254,almacenamiento,Con permisos,RdD,19.0,19.0
13101.0,QUART DE POBLET 220,Comunidad Valenciana,València/Valencia,Quart de Poblet,220.0,39.480449151858,-0.52659872033254,almacenamiento,Con permisos,RdT,,
13101.0,QUART DE POBLET 220,Comunidad Valenciana,València/Valencia,Quart de Poblet,220.0,39.480449151858,-0.52659872033254,fotovoltaica,Con permisos,RdD,15.0,15.0
13101.0,QUART DE POBLET 220,Comunidad Valenciana,València/Valencia,Quart de Poblet,220.0,39.480449151858,-0.52659872033254,fotovoltaica,Con permisos,RdT,,
13101.0,QUART DE POBLET 220,Comunidad Valenciana,València/Valencia,Quart de Poblet,220.0,39.480449151858,-0.52659872033254,fotovoltaica,Puesta en servicio,RdD,2.0,2.0
13101.0,QUART DE POBLET 220,Comunidad Valenciana,València/Valencia,Quart de Poblet,220.0,39.480449151858,-0.52659872033254,fotovoltaica,Puesta en servicio,RdT,,
13170.0,REQUENA 400,Comunidad Valenciana,València/Valencia,Requena,400.0,39.459158702584,-0.98823601922447,almacenamiento,Con permisos,RdD,,
13170.0,REQUENA 400,Comunidad Valenciana,València/Valencia,Requena,400.0,39.459158702584,-0.98823601922447,almacenamiento,Con permisos,RdT,,81.0
13170.0,REQUENA 400,Comunidad Valenciana,València/Valencia,Requena,400.0,39.459158702584,-0.98823601922447,fotovoltaica,Con permisos,RdD,,
13170.0,REQUENA 400,Comunidad Valenciana,València/Valencia,Requena,400.0,39.459158702584,-0.98823601922447,fotovoltaica,Con permisos,RdT,255.0,508.0
13170.0,REQUENA 400,Comunidad Valenciana,València/Valencia,Requena,400.0,39.459158702584,-0.98823601922447,hibridacion,Con permisos,RdD,,
13170.0,REQUENA 400,Comunidad Valenciana,València/Valencia,Requena,400.0,39.459158702584,-0.98823601922447,hibridacion,Con permisos,RdT,90.0,
12998.0,MORVEDRE 400,Comunidad Valenciana,València/Valencia,Sagunt/Sagunto,400.0,39.642227905153,-0.23628480487288,otras,Puesta en servicio,RdD,,
12998.0,MORVEDRE 400,Comunidad Valenciana,València/Valencia,Sagunt/Sagunto,400.0,39.642227905153,-0.23628480487288,otras,Puesta en servicio,RdT,1168.2,1232.19
13191.0,SAGUNTO 220,Comunidad Valenciana,València/Valencia,Sagunt/Sagunto,220.0,39.672672428128,-0.26816364766972,almacenamiento,En curso,RdD,818.02,844.7
13191.0,SAGUNTO 220,Comunidad Valenciana,València/Valencia,Sagunt/Sagunto,220.0,39.672672428128,-0.26816364766972,almacenamiento,En curso,RdT,,
13191.0,SAGUNTO 220,Comunidad Valenciana,València/Valencia,Sagunt/Sagunto,220.0,39.672672428128,-0.26816364766972,fotovoltaica,Con permisos,RdD,192.0,223.0
13191.0,SAGUNTO 220,Comunidad Valenciana,València/Valencia,Sagunt/Sagunto,220.0,39.672672428128,-0.26816364766972,fotovoltaica,Con permisos,RdT,,
13191.0,SAGUNTO 220,Comunidad Valenciana,València/Valencia,Sagunt/Sagunto,220.0,39.672672428128,-0.26816364766972,fotovoltaica,En curso,RdD,36.0,36.0
13191.0,SAGUNTO 220,Comunidad Valenciana,València/Valencia,Sagunt/Sagunto,220.0,39.672672428128,-0.26816364766972,fotovoltaica,En curso,RdT,,
13191.0,SAGUNTO 220,Comunidad Valenciana,València/Valencia,Sagunt/Sagunto,220.0,39.672672428128,-0.26816364766972,otras,Con permisos,RdD,15.0,28.0
13191.0,SAGUNTO 220,Comunidad Valenciana,València/Valencia,Sagunt/Sagunto,220.0,39.672672428128,-0.26816364766972,otras,Con permisos,RdT,,
13191.0,SAGUNTO 220,Comunidad Valenciana,València/Valencia,Sagunt/Sagunto,220.0,39.672672428128,-0.26816364766972,otras,Puesta en servicio,RdD,43.12,43.12
13191.0,SAGUNTO 220,Comunidad Valenciana,València/Valencia,Sagunt/Sagunto,220.0,39.672672428128,-0.26816364766972,otras,Puesta en servicio,RdT,,
13192.0,SAGUNTO GIS 220,Comunidad Valenciana,València/Valencia,Sagunt/Sagunto,220.0,39.673172819816,-0.26783933012838,almacenamiento,Con permisos,RdD,19.0,19.0
13192.0,SAGUNTO GIS 220,Comunidad Valenciana,València/Valencia,Sagunt/Sagunto,220.0,39.673172819816,-0.26783933012838,almacenamiento,Con permisos,RdT,,
13192.0,SAGUNTO GIS 220,Comunidad Valenciana,València/Valencia,Sagunt/Sagunto,220.0,39.673172819816,-0.26783933012838,fotovoltaica,Con permisos,RdD,5.0,11.0
13192.0,SAGUNTO GIS 220,Comunidad Valenciana,València/Valencia,Sagunt/Sagunto,220.0,39.673172819816,-0.26783933012838,fotovoltaica,Con permisos,RdT,,
13400.0,MORVEDRE B 220,Comunidad Valenciana,València/Valencia,Sagunt/Sagunto,220.0,39.642227905153,-0.23628480487288,fotovoltaica,Con permisos,RdD,2.0,2.0
13400.0,MORVEDRE B 220,Comunidad Valenciana,València/Valencia,Sagunt/Sagunto,220.0,39.642227905153,-0.23628480487288,fotovoltaica,Con permisos,RdT,,
16767.0,SAGUNTUM 220,Comunidad Valenciana,València/Valencia,Sagunt/Sagunto,220.0,39.649367255392,-0.24336268393346,almacenamiento,En curso,RdD,15.0,15.17
16767.0,SAGUNTUM 220,Comunidad Valenciana,València/Valencia,Sagunt/Sagunto,220.0,39.649367255392,-0.24336268393346,almacenamiento,En curso,RdT,,
16767.0,SAGUNTUM 220,Comunidad Valenciana,València/Valencia,Sagunt/Sagunto,220.0,39.649367255392,-0.24336268393346,fotovoltaica,Con permisos,RdD,,
16767.0,SAGUNTUM 220,Comunidad Valenciana,València/Valencia,Sagunt/Sagunto,220.0,39.649367255392,-0.24336268393346,fotovoltaica,Con permisos,RdT,65.0,150.0
7350.0,VALLDIGNA 220,Comunidad Valenciana,València/Valencia,Tavernes de la Valldigna,220.0,39.060794649,-0.27921533043009,otras,Puesta en servicio,RdD,5.2,5.2
7350.0,VALLDIGNA 220,Comunidad Valenciana,València/Valencia,Tavernes de la Valldigna,220.0,39.060794649,-0.27921533043009,otras,Puesta en servicio,RdT,,
6912.0,TORRENTE 220,Comunidad Valenciana,València/Valencia,Torrent,220.0,39.422940026902,-0.45519181506643,almacenamiento,En curso,RdD,19.86,19.86
6912.0,TORRENTE 220,Comunidad Valenciana,València/Valencia,Torrent,220.0,39.422940026902,-0.45519181506643,almacenamiento,En curso,RdT,,
6912.0,TORRENTE 220,Comunidad Valenciana,València/Valencia,Torrent,220.0,39.422940026902,-0.45519181506643,fotovoltaica,Con permisos,RdD,231.0,234.0
6912.0,TORRENTE 220,Comunidad Valenciana,València/Valencia,Torrent,220.0,39.422940026902,-0.45519181506643,fotovoltaica,Con permisos,RdT,,
6912.0,TORRENTE 220,Comunidad Valenciana,València/Valencia,Torrent,220.0,39.422940026902,-0.45519181506643,fotovoltaica,En curso,RdD,34.0,42.16
6912.0,TORRENTE 220,Comunidad Valenciana,València/Valencia,Torrent,220.0,39.422940026902,-0.45519181506643,fotovoltaica,En curso,RdT,,
6912.0,TORRENTE 220,Comunidad Valenciana,València/Valencia,Torrent,220.0,39.422940026902,-0.45519181506643,otras,Puesta en servicio,RdD,3.24,3.24
6912.0,TORRENTE 220,Comunidad Valenciana,València/Valencia,Torrent,220.0,39.422940026902,-0.45519181506643,otras,Puesta en servicio,RdT,,
6913.0,TORRENTE 400,Comunidad Valenciana,València/Valencia,Torrent,400.0,39.422940026902,-0.45519181506643,fotovoltaica,Con permisos,RdD,136.0,154.0
6913.0,TORRENTE 400,Comunidad Valenciana,València/Valencia,Torrent,400.0,39.422940026902,-0.45519181506643,fotovoltaica,Con permisos,RdT,,
6913.0,TORRENTE 400,Comunidad Valenciana,València/Valencia,Torrent,400.0,39.422940026902,-0.45519181506643,fotovoltaica,Puesta en servicio,RdD,1.08,1.08
6913.0,TORRENTE 400,Comunidad Valenciana,València/Valencia,Torrent,400.0,39.422940026902,-0.45519181506643,fotovoltaica,Puesta en servicio,RdT,,
6913.0,TORRENTE 400,Comunidad Valenciana,València/Valencia,Torrent,400.0,39.422940026902,-0.45519181506643,hidraulica,Puesta en servicio,RdD,3.6,3.6
6913.0,TORRENTE 400,Comunidad Valenciana,València/Valencia,Torrent,400.0,39.422940026902,-0.45519181506643,hidraulica,Puesta en servicio,RdT,,
6913.0,TORRENTE 400,Comunidad Valenciana,València/Valencia,Torrent,400.0,39.422940026902,-0.45519181506643,otras,Puesta en servicio,RdD,15.72,15.72
6913.0,TORRENTE 400,Comunidad Valenciana,València/Valencia,Torrent,400.0,39.422940026902,-0.45519181506643,otras,Puesta en servicio,RdT,,
7301.0,AQUA 220,Comunidad Valenciana,València/Valencia,València,220.0,39.456148623308,-0.34754409978994,almacenamiento,Con permisos,RdD,33.0,51.0
7301.0,AQUA 220,Comunidad Valenciana,València/Valencia,València,220.0,39.456148623308,-0.34754409978994,almacenamiento,Con permisos,RdT,,
7301.0,AQUA 220,Comunidad Valenciana,València/Valencia,València,220.0,39.456148623308,-0.34754409978994,almacenamiento,En curso,RdD,140.29,152.29
7301.0,AQUA 220,Comunidad Valenciana,València/Valencia,València,220.0,39.456148623308,-0.34754409978994,almacenamiento,En curso,RdT,,
7301.0,AQUA 220,Comunidad Valenciana,València/Valencia,València,220.0,39.456148623308,-0.34754409978994,otras,Puesta en servicio,RdD,6.3,6.3
7301.0,AQUA 220,Comunidad Valenciana,València/Valencia,València,220.0,39.456148623308,-0.34754409978994,otras,Puesta en servicio,RdT,,
7305.0,BENIFERRI 220,Comunidad Valenciana,València/Valencia,València,220.0,39.493746334609,-0.4087654842995,almacenamiento,Con permisos,RdD,30.0,30.0
7305.0,BENIFERRI 220,Comunidad Valenciana,València/Valencia,València,220.0,39.493746334609,-0.4087654842995,almacenamiento,Con permisos,RdT,,
7305.0,BENIFERRI 220,Comunidad Valenciana,València/Valencia,València,220.0,39.493746334609,-0.4087654842995,otras,Puesta en servicio,RdD,7.5,7.5
7305.0,BENIFERRI 220,Comunidad Valenciana,València/Valencia,València,220.0,39.493746334609,-0.4087654842995,otras,Puesta en servicio,RdT,,
12773.0,FERIA DE MUESTRAS 220,Comunidad Valenciana,València/Valencia,València,220.0,39.502527936436,-0.42716998313983,almacenamiento,Con permisos,RdD,30.0,30.0
12773.0,FERIA DE MUESTRAS 220,Comunidad Valenciana,València/Valencia,València,220.0,39.502527936436,-0.42716998313983,almacenamiento,Con permisos,RdT,,
12783.0,FUENTE SAN LUIS 220,Comunidad Valenciana,València/Valencia,València,220.0,39.439170830429,-0.37342640412901,almacenamiento,Con permisos,RdD,254.0,288.0
12783.0,FUENTE SAN LUIS 220,Comunidad Valenciana,València/Valencia,València,220.0,39.439170830429,-0.37342640412901,almacenamiento,Con permisos,RdT,,
12783.0,FUENTE SAN LUIS 220,Comunidad Valenciana,València/Valencia,València,220.0,39.439170830429,-0.37342640412901,almacenamiento,En curso,RdD,45.0,45.0
12783.0,FUENTE SAN LUIS 220,Comunidad Valenciana,València/Valencia,València,220.0,39.439170830429,-0.37342640412901,almacenamiento,En curso,RdT,,
12783.0,FUENTE SAN LUIS 220,Comunidad Valenciana,València/Valencia,València,220.0,39.439170830429,-0.37342640412901,fotovoltaica,Con permisos,RdD,56.0,57.0
12783.0,FUENTE SAN LUIS 220,Comunidad Valenciana,València/Valencia,València,220.0,39.439170830429,-0.37342640412901,fotovoltaica,Con permisos,RdT,,
12783.0,FUENTE SAN LUIS 220,Comunidad Valenciana,València/Valencia,València,220.0,39.439170830429,-0.37342640412901,fotovoltaica,Puesta en servicio,RdD,1.03,1.03
12783.0,FUENTE SAN LUIS 220,Comunidad Valenciana,València/Valencia,València,220.0,39.439170830429,-0.37342640412901,fotovoltaica,Puesta en servicio,RdT,,
12783.0,FUENTE SAN LUIS 220,Comunidad Valenciana,València/Valencia,València,220.0,39.439170830429,-0.37342640412901,otras,Puesta en servicio,RdD,9.3,9.3
12783.0,FUENTE SAN LUIS 220,Comunidad Valenciana,València/Valencia,València,220.0,39.439170830429,-0.37342640412901,otras,Puesta en servicio,RdT,,
6999.0,VALDECABALLEROS 400,Extremadura,Badajoz,Valdecaballeros,400.0,39.291526364976,-5.1825228332975,almacenamiento,Con permisos,RdD,,
6999.0,VALDECABALLEROS 400,Extremadura,Badajoz,Valdecaballeros,400.0,39.291526364976,-5.1825228332975,almacenamiento,Con permisos,RdT,,648.0
6999.0,VALDECABALLEROS 400,Extremadura,Badajoz,Valdecaballeros,400.0,39.291526364976,-5.1825228332975,fotovoltaica,Con permisos,RdD,,58.0
6999.0,VALDECABALLEROS 400,Extremadura,Badajoz,Valdecaballeros,400.0,39.291526364976,-5.1825228332975,fotovoltaica,Con permisos,RdT,,12.0
6999.0,VALDECABALLEROS 400,Extremadura,Badajoz,Valdecaballeros,400.0,39.291526364976,-5.1825228332975,fotovoltaica,Puesta en servicio,RdD,116.34,118.57
6999.0,VALDECABALLEROS 400,Extremadura,Badajoz,Valdecaballeros,400.0,39.291526364976,-5.1825228332975,fotovoltaica,Puesta en servicio,RdT,68.72,583.22
6999.0,VALDECABALLEROS 400,Extremadura,Badajoz,Valdecaballeros,400.0,39.291526364976,-5.1825228332975,hibridacion,Con permisos,RdD,50.0,
6999.0,VALDECABALLEROS 400,Extremadura,Badajoz,Valdecaballeros,400.0,39.291526364976,-5.1825228332975,hibridacion,Con permisos,RdT,100.0,
6999.0,VALDECABALLEROS 400,Extremadura,Badajoz,Valdecaballeros,400.0,39.291526364976,-5.1825228332975,hibridacion,Puesta en servicio,RdD,,
6999.0,VALDECABALLEROS 400,Extremadura,Badajoz,Valdecaballeros,400.0,39.291526364976,-5.1825228332975,hibridacion,Puesta en servicio,RdT,512.28,
6999.0,VALDECABALLEROS 400,Extremadura,Badajoz,Valdecaballeros,400.0,39.291526364976,-5.1825228332975,hidraulica,Con permisos,RdD,,50.0
6999.0,VALDECABALLEROS 400,Extremadura,Badajoz,Valdecaballeros,400.0,39.291526364976,-5.1825228332975,hidraulica,Con permisos,RdT,,
6999.0,VALDECABALLEROS 400,Extremadura,Badajoz,Valdecaballeros,400.0,39.291526364976,-5.1825228332975,otras,Puesta en servicio,RdD,185.08,185.08
6999.0,VALDECABALLEROS 400,Extremadura,Badajoz,Valdecaballeros,400.0,39.291526364976,-5.1825228332975,otras,Puesta en servicio,RdT,49.9,49.9
6999.0,VALDECABALLEROS 400,Extremadura,Badajoz,Valdecaballeros,400.0,39.291526364976,-5.1825228332975,termosolar,Puesta en servicio,RdD,,
6999.0,VALDECABALLEROS 400,Extremadura,Badajoz,Valdecaballeros,400.0,39.291526364976,-5.1825228332975,termosolar,Puesta en servicio,RdT,149.9,349.9
6975.0,ALMARAZ E.T. 220,Extremadura,Cáceres,Almaraz,220.0,39.820997007328,-5.6644497758604,almacenamiento,Con permisos,RdD,,
6975.0,ALMARAZ E.T. 220,Extremadura,Cáceres,Almaraz,220.0,39.820997007328,-5.6644497758604,almacenamiento,Con permisos,RdT,,15.0
6975.0,ALMARAZ E.T. 220,Extremadura,Cáceres,Almaraz,220.0,39.820997007328,-5.6644497758604,almacenamiento,Puesta en servicio,RdD,,60.56
6975.0,ALMARAZ E.T. 220,Extremadura,Cáceres,Almaraz,220.0,39.820997007328,-5.6644497758604,almacenamiento,Puesta en servicio,RdT,,
6975.0,ALMARAZ E.T. 220,Extremadura,Cáceres,Almaraz,220.0,39.820997007328,-5.6644497758604,fotovoltaica,Con permisos,RdD,6.0,7.0
6975.0,ALMARAZ E.T. 220,Extremadura,Cáceres,Almaraz,220.0,39.820997007328,-5.6644497758604,fotovoltaica,Con permisos,RdT,,
6975.0,ALMARAZ E.T. 220,Extremadura,Cáceres,Almaraz,220.0,39.820997007328,-5.6644497758604,fotovoltaica,Puesta en servicio,RdD,311.98,439.8
6975.0,ALMARAZ E.T. 220,Extremadura,Cáceres,Almaraz,220.0,39.820997007328,-5.6644497758604,fotovoltaica,Puesta en servicio,RdT,94.8,101.2
6975.0,ALMARAZ E.T. 220,Extremadura,Cáceres,Almaraz,220.0,39.820997007328,-5.6644497758604,hibridacion,Con permisos,RdD,,
6975.0,ALMARAZ E.T. 220,Extremadura,Cáceres,Almaraz,220.0,39.820997007328,-5.6644497758604,hibridacion,Con permisos,RdT,82.0,
6975.0,ALMARAZ E.T. 220,Extremadura,Cáceres,Almaraz,220.0,39.820997007328,-5.6644497758604,hibridacion,Puesta en servicio,RdD,100.0,
6975.0,ALMARAZ E.T. 220,Extremadura,Cáceres,Almaraz,220.0,39.820997007328,-5.6644497758604,hibridacion,Puesta en servicio,RdT,,
6975.0,ALMARAZ E.T. 220,Extremadura,Cáceres,Almaraz,220.0,39.820997007328,-5.6644497758604,hidraulica,Puesta en servicio,RdD,,
6975.0,ALMARAZ E.T. 220,Extremadura,Cáceres,Almaraz,220.0,39.820997007328,-5.6644497758604,hidraulica,Puesta en servicio,RdT,164.38,247.17
13319.0,ALMARAZ CN 400,Extremadura,Cáceres,Almaraz,400.0,39.807630689244,-5.6937784847938,almacenamiento,Con permisos,RdD,,
13319.0,ALMARAZ CN 400,Extremadura,Cáceres,Almaraz,400.0,39.807630689244,-5.6937784847938,almacenamiento,Con permisos,RdT,,787.0
13319.0,ALMARAZ CN 400,Extremadura,Cáceres,Almaraz,400.0,39.807630689244,-5.6937784847938,fotovoltaica,Con permisos,RdD,,
13319.0,ALMARAZ CN 400,Extremadura,Cáceres,Almaraz,400.0,39.807630689244,-5.6937784847938,fotovoltaica,Con permisos,RdT,250.0,266.0
13319.0,ALMARAZ CN 400,Extremadura,Cáceres,Almaraz,400.0,39.807630689244,-5.6937784847938,fotovoltaica,Puesta en servicio,RdD,,
13319.0,ALMARAZ CN 400,Extremadura,Cáceres,Almaraz,400.0,39.807630689244,-5.6937784847938,fotovoltaica,Puesta en servicio,RdT,202.2,1253.18
13319.0,ALMARAZ CN 400,Extremadura,Cáceres,Almaraz,400.0,39.807630689244,-5.6937784847938,hibridacion,Puesta en servicio,RdD,,
13319.0,ALMARAZ CN 400,Extremadura,Cáceres,Almaraz,400.0,39.807630689244,-5.6937784847938,hibridacion,Puesta en servicio,RdT,430.0,
13319.0,ALMARAZ CN 400,Extremadura,Cáceres,Almaraz,400.0,39.807630689244,-5.6937784847938,otras,Puesta en servicio,RdD,,
13319.0,ALMARAZ CN 400,Extremadura,Cáceres,Almaraz,400.0,39.807630689244,-5.6937784847938,otras,Puesta en servicio,RdT,1956.1,2017.13
6984.0,CASATEJADA 220,Extremadura,Cáceres,Casatejada,220.0,39.974977994028,-5.7036098985982,almacenamiento,Con permisos,RdD,,16.0
6984.0,CASATEJADA 220,Extremadura,Cáceres,Casatejada,220.0,39.974977994028,-5.7036098985982,almacenamiento,Con permisos,RdT,,
6984.0,CASATEJADA 220,Extremadura,Cáceres,Casatejada,220.0,39.974977994028,-5.7036098985982,fotovoltaica,Con permisos,RdD,20.0,20.0
6984.0,CASATEJADA 220,Extremadura,Cáceres,Casatejada,220.0,39.974977994028,-5.7036098985982,fotovoltaica,Con permisos,RdT,,
6984.0,CASATEJADA 220,Extremadura,Cáceres,Casatejada,220.0,39.974977994028,-5.7036098985982,fotovoltaica,Puesta en servicio,RdD,29.74,69.88
6984.0,CASATEJADA 220,Extremadura,Cáceres,Casatejada,220.0,39.974977994028,-5.7036098985982,fotovoltaica,Puesta en servicio,RdT,,
6984.0,CASATEJADA 220,Extremadura,Cáceres,Casatejada,220.0,39.974977994028,-5.7036098985982,hibridacion,Puesta en servicio,RdD,33.14,
6984.0,CASATEJADA 220,Extremadura,Cáceres,Casatejada,220.0,39.974977994028,-5.7036098985982,hibridacion,Puesta en servicio,RdT,,
6984.0,CASATEJADA 220,Extremadura,Cáceres,Casatejada,220.0,39.974977994028,-5.7036098985982,hidraulica,Puesta en servicio,RdD,1.72,1.72
6984.0,CASATEJADA 220,Extremadura,Cáceres,Casatejada,220.0,39.974977994028,-5.7036098985982,hidraulica,Puesta en servicio,RdT,,
6984.0,CASATEJADA 220,Extremadura,Cáceres,Casatejada,220.0,39.974977994028,-5.7036098985982,termosolar,Puesta en servicio,RdD,50.0,50.0
6984.0,CASATEJADA 220,Extremadura,Cáceres,Casatejada,220.0,39.974977994028,-5.7036098985982,termosolar,Puesta en servicio,RdT,,
6976.0,ALVARADO 220,Extremadura,Cáceres,Cedillo,220.0,38.787202547643,-12.799780214118,almacenamiento,Con permisos,RdD,,
6976.0,ALVARADO 220,Extremadura,Cáceres,Cedillo,220.0,38.787202547643,-12.799780214118,almacenamiento,Con permisos,RdT,22.0,67.0
6976.0,ALVARADO 220,Extremadura,Cáceres,Cedillo,220.0,38.787202547643,-12.799780214118,almacenamiento,En curso,RdD,,
6976.0,ALVARADO 220,Extremadura,Cáceres,Cedillo,220.0,38.787202547643,-12.799780214118,almacenamiento,En curso,RdT,210.0,224.89
6976.0,ALVARADO 220,Extremadura,Cáceres,Cedillo,220.0,38.787202547643,-12.799780214118,fotovoltaica,Con permisos,RdD,51.0,54.0
6976.0,ALVARADO 220,Extremadura,Cáceres,Cedillo,220.0,38.787202547643,-12.799780214118,fotovoltaica,Con permisos,RdT,,17.0
6976.0,ALVARADO 220,Extremadura,Cáceres,Cedillo,220.0,38.787202547643,-12.799780214118,fotovoltaica,En curso,RdD,,
6976.0,ALVARADO 220,Extremadura,Cáceres,Cedillo,220.0,38.787202547643,-12.799780214118,fotovoltaica,En curso,RdT,99.99,99.99
6976.0,ALVARADO 220,Extremadura,Cáceres,Cedillo,220.0,38.787202547643,-12.799780214118,fotovoltaica,Puesta en servicio,RdD,39.61,41.01
6976.0,ALVARADO 220,Extremadura,Cáceres,Cedillo,220.0,38.787202547643,-12.799780214118,fotovoltaica,Puesta en servicio,RdT,113.6,198.81
6976.0,ALVARADO 220,Extremadura,Cáceres,Cedillo,220.0,38.787202547643,-12.799780214118,hibridacion,Puesta en servicio,RdD,50.0,
6976.0,ALVARADO 220,Extremadura,Cáceres,Cedillo,220.0,38.787202547643,-12.799780214118,hibridacion,Puesta en servicio,RdT,46.15,
6976.0,ALVARADO 220,Extremadura,Cáceres,Cedillo,220.0,38.787202547643,-12.799780214118,termosolar,Puesta en servicio,RdD,,50.0
6976.0,ALVARADO 220,Extremadura,Cáceres,Cedillo,220.0,38.787202547643,-12.799780214118,termosolar,Puesta en servicio,RdT,100.0,100.0
6983.0,CARMONITA 400,Extremadura,Cáceres,Cedillo,400.0,39.094995227655,-12.36900807668,almacenamiento,Con permisos,RdD,,
6983.0,CARMONITA 400,Extremadura,Cáceres,Cedillo,400.0,39.094995227655,-12.36900807668,almacenamiento,Con permisos,RdT,,561.0
6983.0,CARMONITA 400,Extremadura,Cáceres,Cedillo,400.0,39.094995227655,-12.36900807668,eolica,Con permisos,RdD,,
6983.0,CARMONITA 400,Extremadura,Cáceres,Cedillo,400.0,39.094995227655,-12.36900807668,eolica,Con permisos,RdT,,33.0
6983.0,CARMONITA 400,Extremadura,Cáceres,Cedillo,400.0,39.094995227655,-12.36900807668,fotovoltaica,Con permisos,RdD,,
6983.0,CARMONITA 400,Extremadura,Cáceres,Cedillo,400.0,39.094995227655,-12.36900807668,fotovoltaica,Con permisos,RdT,303.0,535.0
6983.0,CARMONITA 400,Extremadura,Cáceres,Cedillo,400.0,39.094995227655,-12.36900807668,fotovoltaica,Puesta en servicio,RdD,,
6983.0,CARMONITA 400,Extremadura,Cáceres,Cedillo,400.0,39.094995227655,-12.36900807668,fotovoltaica,Puesta en servicio,RdT,2.0,660.05
6983.0,CARMONITA 400,Extremadura,Cáceres,Cedillo,400.0,39.094995227655,-12.36900807668,hibridacion,Puesta en servicio,RdD,,
6983.0,CARMONITA 400,Extremadura,Cáceres,Cedillo,400.0,39.094995227655,-12.36900807668,hibridacion,Puesta en servicio,RdT,663.0,
6998.0,VAGUADAS 220,Extremadura,Cáceres,Cedillo,220.0,38.837903042991,-12.979132206773,almacenamiento,Con permisos,RdD,,45.0
6998.0,VAGUADAS 220,Extremadura,Cáceres,Cedillo,220.0,38.837903042991,-12.979132206773,almacenamiento,Con permisos,RdT,,
6998.0,VAGUADAS 220,Extremadura,Cáceres,Cedillo,220.0,38.837903042991,-12.979132206773,almacenamiento,En curso,RdD,,
6998.0,VAGUADAS 220,Extremadura,Cáceres,Cedillo,220.0,38.837903042991,-12.979132206773,almacenamiento,En curso,RdT,50.0,57.59
6998.0,VAGUADAS 220,Extremadura,Cáceres,Cedillo,220.0,38.837903042991,-12.979132206773,fotovoltaica,Con permisos,RdD,86.0,91.0
6998.0,VAGUADAS 220,Extremadura,Cáceres,Cedillo,220.0,38.837903042991,-12.979132206773,fotovoltaica,Con permisos,RdT,,13.0
6998.0,VAGUADAS 220,Extremadura,Cáceres,Cedillo,220.0,38.837903042991,-12.979132206773,fotovoltaica,En curso,RdD,,
6998.0,VAGUADAS 220,Extremadura,Cáceres,Cedillo,220.0,38.837903042991,-12.979132206773,fotovoltaica,En curso,RdT,99.99,99.99
6998.0,VAGUADAS 220,Extremadura,Cáceres,Cedillo,220.0,38.837903042991,-12.979132206773,fotovoltaica,Puesta en servicio,RdD,98.69,156.88
6998.0,VAGUADAS 220,Extremadura,Cáceres,Cedillo,220.0,38.837903042991,-12.979132206773,fotovoltaica,Puesta en servicio,RdT,,
6998.0,VAGUADAS 220,Extremadura,Cáceres,Cedillo,220.0,38.837903042991,-12.979132206773,hibridacion,Puesta en servicio,RdD,40.25,
6998.0,VAGUADAS 220,Extremadura,Cáceres,Cedillo,220.0,38.837903042991,-12.979132206773,hibridacion,Puesta en servicio,RdT,99.8,
6998.0,VAGUADAS 220,Extremadura,Cáceres,Cedillo,220.0,38.837903042991,-12.979132206773,termosolar,Puesta en servicio,RdD,,
6998.0,VAGUADAS 220,Extremadura,Cáceres,Cedillo,220.0,38.837903042991,-12.979132206773,termosolar,Puesta en servicio,RdT,99.9,199.7
12968.0,MERIDA 220,Extremadura,Cáceres,Cedillo,220.0,38.896259138054,-12.342122936299,almacenamiento,Con permisos,RdD,,109.0
12968.0,MERIDA 220,Extremadura,Cáceres,Cedillo,220.0,38.896259138054,-12.342122936299,almacenamiento,Con permisos,RdT,,
12968.0,MERIDA 220,Extremadura,Cáceres,Cedillo,220.0,38.896259138054,-12.342122936299,fotovoltaica,Con permisos,RdD,29.0,33.0
12968.0,MERIDA 220,Extremadura,Cáceres,Cedillo,220.0,38.896259138054,-12.342122936299,fotovoltaica,Con permisos,RdT,,
12968.0,MERIDA 220,Extremadura,Cáceres,Cedillo,220.0,38.896259138054,-12.342122936299,fotovoltaica,Puesta en servicio,RdD,153.06,319.52
12968.0,MERIDA 220,Extremadura,Cáceres,Cedillo,220.0,38.896259138054,-12.342122936299,fotovoltaica,Puesta en servicio,RdT,,
12968.0,MERIDA 220,Extremadura,Cáceres,Cedillo,220.0,38.896259138054,-12.342122936299,hibridacion,Puesta en servicio,RdD,146.67,
12968.0,MERIDA 220,Extremadura,Cáceres,Cedillo,220.0,38.896259138054,-12.342122936299,hibridacion,Puesta en servicio,RdT,,
12968.0,MERIDA 220,Extremadura,Cáceres,Cedillo,220.0,38.896259138054,-12.342122936299,otras,Puesta en servicio,RdD,34.89,38.72
12968.0,MERIDA 220,Extremadura,Cáceres,Cedillo,220.0,38.896259138054,-12.342122936299,otras,Puesta en servicio,RdT,,
12968.0,MERIDA 220,Extremadura,Cáceres,Cedillo,220.0,38.896259138054,-12.342122936299,termosolar,Puesta en servicio,RdD,99.8,99.8
12968.0,MERIDA 220,Extremadura,Cáceres,Cedillo,220.0,38.896259138054,-12.342122936299,termosolar,Puesta en servicio,RdT,,
13216.0,SAN SERVAN 220,Extremadura,Cáceres,Cedillo,220.0,38.806408399704,-12.51588116175,almacenamiento,Con permisos,RdD,,
13216.0,SAN SERVAN 220,Extremadura,Cáceres,Cedillo,220.0,38.806408399704,-12.51588116175,almacenamiento,Con permisos,RdT,,106.0
13216.0,SAN SERVAN 220,Extremadura,Cáceres,Cedillo,220.0,38.806408399704,-12.51588116175,almacenamiento,Puesta en servicio,RdD,,
13216.0,SAN SERVAN 220,Extremadura,Cáceres,Cedillo,220.0,38.806408399704,-12.51588116175,almacenamiento,Puesta en servicio,RdT,,2.18
13216.0,SAN SERVAN 220,Extremadura,Cáceres,Cedillo,220.0,38.806408399704,-12.51588116175,fotovoltaica,Puesta en servicio,RdD,,
13216.0,SAN SERVAN 220,Extremadura,Cáceres,Cedillo,220.0,38.806408399704,-12.51588116175,fotovoltaica,Puesta en servicio,RdT,199.69,472.46
13216.0,SAN SERVAN 220,Extremadura,Cáceres,Cedillo,220.0,38.806408399704,-12.51588116175,hibridacion,Con permisos,RdD,,
13216.0,SAN SERVAN 220,Extremadura,Cáceres,Cedillo,220.0,38.806408399704,-12.51588116175,hibridacion,Con permisos,RdT,9.0,
13216.0,SAN SERVAN 220,Extremadura,Cáceres,Cedillo,220.0,38.806408399704,-12.51588116175,hibridacion,Puesta en servicio,RdD,,
13216.0,SAN SERVAN 220,Extremadura,Cáceres,Cedillo,220.0,38.806408399704,-12.51588116175,hibridacion,Puesta en servicio,RdT,179.43,
13217.0,SAN SERVAN 400,Extremadura,Cáceres,Cedillo,400.0,38.806408399704,-12.51588116175,almacenamiento,Con permisos,RdD,,
13217.0,SAN SERVAN 400,Extremadura,Cáceres,Cedillo,400.0,38.806408399704,-12.51588116175,almacenamiento,Con permisos,RdT,,201.0
13217.0,SAN SERVAN 400,Extremadura,Cáceres,Cedillo,400.0,38.806408399704,-12.51588116175,fotovoltaica,Puesta en servicio,RdD,,
13217.0,SAN SERVAN 400,Extremadura,Cáceres,Cedillo,400.0,38.806408399704,-12.51588116175,fotovoltaica,Puesta en servicio,RdT,243.91,781.69
13217.0,SAN SERVAN 400,Extremadura,Cáceres,Cedillo,400.0,38.806408399704,-12.51588116175,hibridacion,Puesta en servicio,RdD,,
13217.0,SAN SERVAN 400,Extremadura,Cáceres,Cedillo,400.0,38.806408399704,-12.51588116175,hibridacion,Puesta en servicio,RdT,399.99,
13341.0,FUENTE DEL MAESTRE 400,Extremadura,Cáceres,Cedillo,400.0,38.533005458679,-12.453854845437,fotovoltaica,En curso,RdD,,
13341.0,FUENTE DEL MAESTRE 400,Extremadura,Cáceres,Cedillo,400.0,38.533005458679,-12.453854845437,fotovoltaica,En curso,RdT,52.05,58.05
6977.0,ARAÑUELO 400,Extremadura,Cáceres,Navalmoral de la Mata,400.0,39.95038308824,-5.5899943737967,almacenamiento,Con permisos,RdD,,
6977.0,ARAÑUELO 400,Extremadura,Cáceres,Navalmoral de la Mata,400.0,39.95038308824,-5.5899943737967,almacenamiento,Con permisos,RdT,,23.0
6977.0,ARAÑUELO 400,Extremadura,Cáceres,Navalmoral de la Mata,400.0,39.95038308824,-5.5899943737967,fotovoltaica,Con permisos,RdD,,
6977.0,ARAÑUELO 400,Extremadura,Cáceres,Navalmoral de la Mata,400.0,39.95038308824,-5.5899943737967,fotovoltaica,Con permisos,RdT,165.0,197.0
6977.0,ARAÑUELO 400,Extremadura,Cáceres,Navalmoral de la Mata,400.0,39.95038308824,-5.5899943737967,fotovoltaica,En curso,RdD,,
6977.0,ARAÑUELO 400,Extremadura,Cáceres,Navalmoral de la Mata,400.0,39.95038308824,-5.5899943737967,fotovoltaica,En curso,RdT,165.56,193.62
6977.0,ARAÑUELO 400,Extremadura,Cáceres,Navalmoral de la Mata,400.0,39.95038308824,-5.5899943737967,fotovoltaica,Puesta en servicio,RdD,,
6977.0,ARAÑUELO 400,Extremadura,Cáceres,Navalmoral de la Mata,400.0,39.95038308824,-5.5899943737967,fotovoltaica,Puesta en servicio,RdT,266.4,363.11
6977.0,ARAÑUELO 400,Extremadura,Cáceres,Navalmoral de la Mata,400.0,39.95038308824,-5.5899943737967,hibridacion,Puesta en servicio,RdD,,
6977.0,ARAÑUELO 400,Extremadura,Cáceres,Navalmoral de la Mata,400.0,39.95038308824,-5.5899943737967,hibridacion,Puesta en servicio,RdT,44.0,
6996.0,TORREJON 220,Extremadura,Cáceres,Toril,220.0,39.835631114426,-5.9894974743556,bombeo,Puesta en servicio,RdD,,
6996.0,TORREJON 220,Extremadura,Cáceres,Toril,220.0,39.835631114426,-5.9894974743556,bombeo,Puesta en servicio,RdT,129.6,129.6
6997.0,TRUJILLO 220,Extremadura,Cáceres,Trujillo,220.0,39.454806402345,-5.8905045791578,almacenamiento,Con permisos,RdD,,
6997.0,TRUJILLO 220,Extremadura,Cáceres,Trujillo,220.0,39.454806402345,-5.8905045791578,almacenamiento,Con permisos,RdT,,126.0
6997.0,TRUJILLO 220,Extremadura,Cáceres,Trujillo,220.0,39.454806402345,-5.8905045791578,fotovoltaica,Con permisos,RdD,1.0,1.0
6997.0,TRUJILLO 220,Extremadura,Cáceres,Trujillo,220.0,39.454806402345,-5.8905045791578,fotovoltaica,Con permisos,RdT,,152.0
6997.0,TRUJILLO 220,Extremadura,Cáceres,Trujillo,220.0,39.454806402345,-5.8905045791578,fotovoltaica,En curso,RdD,,
6997.0,TRUJILLO 220,Extremadura,Cáceres,Trujillo,220.0,39.454806402345,-5.8905045791578,fotovoltaica,En curso,RdT,19.0,19.0
6997.0,TRUJILLO 220,Extremadura,Cáceres,Trujillo,220.0,39.454806402345,-5.8905045791578,fotovoltaica,Puesta en servicio,RdD,38.5,48.59
6997.0,TRUJILLO 220,Extremadura,Cáceres,Trujillo,220.0,39.454806402345,-5.8905045791578,fotovoltaica,Puesta en servicio,RdT,,42.77
6997.0,TRUJILLO 220,Extremadura,Cáceres,Trujillo,220.0,39.454806402345,-5.8905045791578,hibridacion,Con permisos,RdD,,
6997.0,TRUJILLO 220,Extremadura,Cáceres,Trujillo,220.0,39.454806402345,-5.8905045791578,hibridacion,Con permisos,RdT,135.0,
6997.0,TRUJILLO 220,Extremadura,Cáceres,Trujillo,220.0,39.454806402345,-5.8905045791578,hibridacion,Puesta en servicio,RdD,10.0,
6997.0,TRUJILLO 220,Extremadura,Cáceres,Trujillo,220.0,39.454806402345,-5.8905045791578,hibridacion,Puesta en servicio,RdT,39.0,
6997.0,TRUJILLO 220,Extremadura,Cáceres,Trujillo,220.0,39.454806402345,-5.8905045791578,hidraulica,Con permisos,RdD,3.0,3.0
6997.0,TRUJILLO 220,Extremadura,Cáceres,Trujillo,220.0,39.454806402345,-5.8905045791578,hidraulica,Con permisos,RdT,,
6997.0,TRUJILLO 220,Extremadura,Cáceres,Trujillo,220.0,39.454806402345,-5.8905045791578,otras,Puesta en servicio,RdD,4.5,4.5
6997.0,TRUJILLO 220,Extremadura,Cáceres,Trujillo,220.0,39.454806402345,-5.8905045791578,otras,Puesta en servicio,RdT,,
6789.0,VILLABLINO 220,Galicia,A Coruña,Fisterra,220.0,42.939030720563,-12.28763096279,fotovoltaica,Con permisos,RdD,20.0,22.0
6789.0,VILLABLINO 220,Galicia,A Coruña,Fisterra,220.0,42.939030720563,-12.28763096279,fotovoltaica,Con permisos,RdT,,
6789.0,VILLABLINO 220,Galicia,A Coruña,Fisterra,220.0,42.939030720563,-12.28763096279,otras,Puesta en servicio,RdD,15.0,15.0
6789.0,VILLABLINO 220,Galicia,A Coruña,Fisterra,220.0,42.939030720563,-12.28763096279,otras,Puesta en servicio,RdT,,
6920.0,APARECIDA 400,Galicia,A Coruña,Fisterra,400.0,42.03367082285,-12.861802947861,eolica,Puesta en servicio,RdD,,
6920.0,APARECIDA 400,Galicia,A Coruña,Fisterra,400.0,42.03367082285,-12.861802947861,eolica,Puesta en servicio,RdT,242.25,293.65
6954.0,SANTA MARINA 220,Galicia,A Coruña,Fisterra,220.0,42.669827423654,-12.512932285123,eolica,Puesta en servicio,RdD,41.25,41.25
6954.0,SANTA MARINA 220,Galicia,A Coruña,Fisterra,220.0,42.669827423654,-12.512932285123,eolica,Puesta en servicio,RdT,,
6954.0,SANTA MARINA 220,Galicia,A Coruña,Fisterra,220.0,42.669827423654,-12.512932285123,fotovoltaica,Puesta en servicio,RdD,1.0,1.0
6954.0,SANTA MARINA 220,Galicia,A Coruña,Fisterra,220.0,42.669827423654,-12.512932285123,fotovoltaica,Puesta en servicio,RdT,,
6954.0,SANTA MARINA 220,Galicia,A Coruña,Fisterra,220.0,42.669827423654,-12.512932285123,hidraulica,Puesta en servicio,RdD,,
6954.0,SANTA MARINA 220,Galicia,A Coruña,Fisterra,220.0,42.669827423654,-12.512932285123,hidraulica,Puesta en servicio,RdT,13.7,13.95
6954.0,SANTA MARINA 220,Galicia,A Coruña,Fisterra,220.0,42.669827423654,-12.512932285123,otras,Puesta en servicio,RdD,19.2,19.2
6954.0,SANTA MARINA 220,Galicia,A Coruña,Fisterra,220.0,42.669827423654,-12.512932285123,otras,Puesta en servicio,RdT,,
6961.0,VALPARAISO 220,Galicia,A Coruña,Fisterra,220.0,41.997154181286,-12.27384362096,almacenamiento,En curso,RdD,,
6961.0,VALPARAISO 220,Galicia,A Coruña,Fisterra,220.0,41.997154181286,-12.27384362096,almacenamiento,En curso,RdT,,26.93
6961.0,VALPARAISO 220,Galicia,A Coruña,Fisterra,220.0,41.997154181286,-12.27384362096,bombeo,Puesta en servicio,RdD,,
6961.0,VALPARAISO 220,Galicia,A Coruña,Fisterra,220.0,41.997154181286,-12.27384362096,bombeo,Puesta en servicio,RdT,67.5,65.1
6961.0,VALPARAISO 220,Galicia,A Coruña,Fisterra,220.0,41.997154181286,-12.27384362096,fotovoltaica,En curso,RdD,,
6961.0,VALPARAISO 220,Galicia,A Coruña,Fisterra,220.0,41.997154181286,-12.27384362096,fotovoltaica,En curso,RdT,,0.07
6961.0,VALPARAISO 220,Galicia,A Coruña,Fisterra,220.0,41.997154181286,-12.27384362096,hibridacion,En curso,RdD,,
6961.0,VALPARAISO 220,Galicia,A Coruña,Fisterra,220.0,41.997154181286,-12.27384362096,hibridacion,En curso,RdT,27.0,
6967.0,VILLAMECA 400,Galicia,A Coruña,Fisterra,400.0,42.631696683954,-12.041023162095,almacenamiento,Con permisos,RdD,,
6967.0,VILLAMECA 400,Galicia,A Coruña,Fisterra,400.0,42.631696683954,-12.041023162095,almacenamiento,Con permisos,RdT,,40.0
6967.0,VILLAMECA 400,Galicia,A Coruña,Fisterra,400.0,42.631696683954,-12.041023162095,eolica,Con permisos,RdD,,
6967.0,VILLAMECA 400,Galicia,A Coruña,Fisterra,400.0,42.631696683954,-12.041023162095,eolica,Con permisos,RdT,,70.0
6967.0,VILLAMECA 400,Galicia,A Coruña,Fisterra,400.0,42.631696683954,-12.041023162095,eolica,Puesta en servicio,RdD,,
6967.0,VILLAMECA 400,Galicia,A Coruña,Fisterra,400.0,42.631696683954,-12.041023162095,eolica,Puesta en servicio,RdT,134.8,134.8
6967.0,VILLAMECA 400,Galicia,A Coruña,Fisterra,400.0,42.631696683954,-12.041023162095,fotovoltaica,Con permisos,RdD,,
6967.0,VILLAMECA 400,Galicia,A Coruña,Fisterra,400.0,42.631696683954,-12.041023162095,fotovoltaica,Con permisos,RdT,273.0,323.0
6967.0,VILLAMECA 400,Galicia,A Coruña,Fisterra,400.0,42.631696683954,-12.041023162095,fotovoltaica,Puesta en servicio,RdD,,
6967.0,VILLAMECA 400,Galicia,A Coruña,Fisterra,400.0,42.631696683954,-12.041023162095,fotovoltaica,Puesta en servicio,RdT,150.4,288.13
6967.0,VILLAMECA 400,Galicia,A Coruña,Fisterra,400.0,42.631696683954,-12.041023162095,hibridacion,Puesta en servicio,RdD,,
6967.0,VILLAMECA 400,Galicia,A Coruña,Fisterra,400.0,42.631696683954,-12.041023162095,hibridacion,Puesta en servicio,RdT,99.88,
7000.0,ALBARELLOS 220,Galicia,A Coruña,Fisterra,220.0,42.39768272869,-14.159011099699,almacenamiento,Con permisos,RdD,,
7000.0,ALBARELLOS 220,Galicia,A Coruña,Fisterra,220.0,42.39768272869,-14.159011099699,almacenamiento,Con permisos,RdT,,13.0
7000.0,ALBARELLOS 220,Galicia,A Coruña,Fisterra,220.0,42.39768272869,-14.159011099699,eolica,Con permisos,RdD,,
7000.0,ALBARELLOS 220,Galicia,A Coruña,Fisterra,220.0,42.39768272869,-14.159011099699,eolica,Con permisos,RdT,50.0,50.0
7000.0,ALBARELLOS 220,Galicia,A Coruña,Fisterra,220.0,42.39768272869,-14.159011099699,eolica,Puesta en servicio,RdD,,
7000.0,ALBARELLOS 220,Galicia,A Coruña,Fisterra,220.0,42.39768272869,-14.159011099699,eolica,Puesta en servicio,RdT,99.0,165.5
7000.0,ALBARELLOS 220,Galicia,A Coruña,Fisterra,220.0,42.39768272869,-14.159011099699,hibridacion,Puesta en servicio,RdD,,
7000.0,ALBARELLOS 220,Galicia,A Coruña,Fisterra,220.0,42.39768272869,-14.159011099699,hibridacion,Puesta en servicio,RdT,64.21,
7000.0,ALBARELLOS 220,Galicia,A Coruña,Fisterra,220.0,42.39768272869,-14.159011099699,hidraulica,Puesta en servicio,RdD,23.27,23.27
7000.0,ALBARELLOS 220,Galicia,A Coruña,Fisterra,220.0,42.39768272869,-14.159011099699,hidraulica,Puesta en servicio,RdT,59.2,67.6
7002.0,ATIOS 220,Galicia,A Coruña,Fisterra,220.0,42.138044524875,-14.622182260401,almacenamiento,Con permisos,RdD,27.0,27.0
7002.0,ATIOS 220,Galicia,A Coruña,Fisterra,220.0,42.138044524875,-14.622182260401,almacenamiento,Con permisos,RdT,,
7002.0,ATIOS 220,Galicia,A Coruña,Fisterra,220.0,42.138044524875,-14.622182260401,eolica,Con permisos,RdD,141.0,141.0
7002.0,ATIOS 220,Galicia,A Coruña,Fisterra,220.0,42.138044524875,-14.622182260401,eolica,Con permisos,RdT,,
7002.0,ATIOS 220,Galicia,A Coruña,Fisterra,220.0,42.138044524875,-14.622182260401,eolica,En curso,RdD,91.5,91.5
7002.0,ATIOS 220,Galicia,A Coruña,Fisterra,220.0,42.138044524875,-14.622182260401,eolica,En curso,RdT,,
7002.0,ATIOS 220,Galicia,A Coruña,Fisterra,220.0,42.138044524875,-14.622182260401,eolica,Puesta en servicio,RdD,2.4,2.4
7002.0,ATIOS 220,Galicia,A Coruña,Fisterra,220.0,42.138044524875,-14.622182260401,eolica,Puesta en servicio,RdT,,
7002.0,ATIOS 220,Galicia,A Coruña,Fisterra,220.0,42.138044524875,-14.622182260401,fotovoltaica,Con permisos,RdD,2.0,2.0
7002.0,ATIOS 220,Galicia,A Coruña,Fisterra,220.0,42.138044524875,-14.622182260401,fotovoltaica,Con permisos,RdT,,
7002.0,ATIOS 220,Galicia,A Coruña,Fisterra,220.0,42.138044524875,-14.622182260401,fotovoltaica,En curso,RdD,23.0,23.0
7002.0,ATIOS 220,Galicia,A Coruña,Fisterra,220.0,42.138044524875,-14.622182260401,fotovoltaica,En curso,RdT,,
7002.0,ATIOS 220,Galicia,A Coruña,Fisterra,220.0,42.138044524875,-14.622182260401,fotovoltaica,Puesta en servicio,RdD,0.33,0.33
7002.0,ATIOS 220,Galicia,A Coruña,Fisterra,220.0,42.138044524875,-14.622182260401,fotovoltaica,Puesta en servicio,RdT,,
7002.0,ATIOS 220,Galicia,A Coruña,Fisterra,220.0,42.138044524875,-14.622182260401,hidraulica,Puesta en servicio,RdD,1.25,1.25
7002.0,ATIOS 220,Galicia,A Coruña,Fisterra,220.0,42.138044524875,-14.622182260401,hidraulica,Puesta en servicio,RdT,,
7002.0,ATIOS 220,Galicia,A Coruña,Fisterra,220.0,42.138044524875,-14.622182260401,otras,Puesta en servicio,RdD,15.78,15.78
7002.0,ATIOS 220,Galicia,A Coruña,Fisterra,220.0,42.138044524875,-14.622182260401,otras,Puesta en servicio,RdT,,
7003.0,BELESAR 220,Galicia,A Coruña,Fisterra,220.0,42.626342042829,-13.71348868489,almacenamiento,Con permisos,RdD,,
7003.0,BELESAR 220,Galicia,A Coruña,Fisterra,220.0,42.626342042829,-13.71348868489,almacenamiento,Con permisos,RdT,113.0,140.0
7003.0,BELESAR 220,Galicia,A Coruña,Fisterra,220.0,42.626342042829,-13.71348868489,eolica,Con permisos,RdD,85.0,85.0
7003.0,BELESAR 220,Galicia,A Coruña,Fisterra,220.0,42.626342042829,-13.71348868489,eolica,Con permisos,RdT,278.0,292.0
7003.0,BELESAR 220,Galicia,A Coruña,Fisterra,220.0,42.626342042829,-13.71348868489,hidraulica,Puesta en servicio,RdD,20.8,20.8
7003.0,BELESAR 220,Galicia,A Coruña,Fisterra,220.0,42.626342042829,-13.71348868489,hidraulica,Puesta en servicio,RdT,310.2,310.21
7005.0,CASTRELO 220,Galicia,A Coruña,Fisterra,220.0,42.291552446226,-14.113665511184,almacenamiento,Con permisos,RdD,,
7005.0,CASTRELO 220,Galicia,A Coruña,Fisterra,220.0,42.291552446226,-14.113665511184,almacenamiento,Con permisos,RdT,50.0,50.0
7005.0,CASTRELO 220,Galicia,A Coruña,Fisterra,220.0,42.291552446226,-14.113665511184,almacenamiento,En curso,RdD,,
7005.0,CASTRELO 220,Galicia,A Coruña,Fisterra,220.0,42.291552446226,-14.113665511184,almacenamiento,En curso,RdT,,37.8
7005.0,CASTRELO 220,Galicia,A Coruña,Fisterra,220.0,42.291552446226,-14.113665511184,eolica,Con permisos,RdD,,
7005.0,CASTRELO 220,Galicia,A Coruña,Fisterra,220.0,42.291552446226,-14.113665511184,eolica,Con permisos,RdT,95.0,95.0
7005.0,CASTRELO 220,Galicia,A Coruña,Fisterra,220.0,42.291552446226,-14.113665511184,eolica,En curso,RdD,,
7005.0,CASTRELO 220,Galicia,A Coruña,Fisterra,220.0,42.291552446226,-14.113665511184,eolica,En curso,RdT,147.0,148.0
7005.0,CASTRELO 220,Galicia,A Coruña,Fisterra,220.0,42.291552446226,-14.113665511184,hidraulica,Puesta en servicio,RdD,28.76,28.76
7005.0,CASTRELO 220,Galicia,A Coruña,Fisterra,220.0,42.291552446226,-14.113665511184,hidraulica,Puesta en servicio,RdT,112.0,135.59
7034.0,SANTIAGO 220,Galicia,A Coruña,Fisterra,220.0,42.392615074148,-13.089402410889,almacenamiento,Con permisos,RdD,,
7034.0,SANTIAGO 220,Galicia,A Coruña,Fisterra,220.0,42.392615074148,-13.089402410889,almacenamiento,Con permisos,RdT,,7.0
7034.0,SANTIAGO 220,Galicia,A Coruña,Fisterra,220.0,42.392615074148,-13.089402410889,eolica,Con permisos,RdD,,
7034.0,SANTIAGO 220,Galicia,A Coruña,Fisterra,220.0,42.392615074148,-13.089402410889,eolica,Con permisos,RdT,27.0,27.0
7034.0,SANTIAGO 220,Galicia,A Coruña,Fisterra,220.0,42.392615074148,-13.089402410889,eolica,En curso,RdD,,
7034.0,SANTIAGO 220,Galicia,A Coruña,Fisterra,220.0,42.392615074148,-13.089402410889,eolica,En curso,RdT,42.0,42.0
7034.0,SANTIAGO 220,Galicia,A Coruña,Fisterra,220.0,42.392615074148,-13.089402410889,hidraulica,Con permisos,RdD,,
7034.0,SANTIAGO 220,Galicia,A Coruña,Fisterra,220.0,42.392615074148,-13.089402410889,hidraulica,Con permisos,RdT,25.0,
7034.0,SANTIAGO 220,Galicia,A Coruña,Fisterra,220.0,42.392615074148,-13.089402410889,hidraulica,Puesta en servicio,RdD,,
7034.0,SANTIAGO 220,Galicia,A Coruña,Fisterra,220.0,42.392615074148,-13.089402410889,hidraulica,Puesta en servicio,RdT,42.47,68.1
7038.0,SOBRADELO 220,Galicia,A Coruña,Fisterra,220.0,42.414391816714,-12.920364966462,hidraulica,Puesta en servicio,RdD,,
7038.0,SOBRADELO 220,Galicia,A Coruña,Fisterra,220.0,42.414391816714,-12.920364966462,hidraulica,Puesta en servicio,RdT,38.4,44.25
7040.0,SUIDO 220,Galicia,A Coruña,Fisterra,220.0,42.26136427544,-14.269383603801,eolica,Puesta en servicio,RdD,,
7040.0,SUIDO 220,Galicia,A Coruña,Fisterra,220.0,42.26136427544,-14.269383603801,eolica,Puesta en servicio,RdT,174.8,174.8
7042.0,TIBO 220,Galicia,A Coruña,Fisterra,220.0,42.58519161178,-14.643501726362,almacenamiento,Con permisos,RdD,4.0,4.0
7042.0,TIBO 220,Galicia,A Coruña,Fisterra,220.0,42.58519161178,-14.643501726362,almacenamiento,Con permisos,RdT,,
7042.0,TIBO 220,Galicia,A Coruña,Fisterra,220.0,42.58519161178,-14.643501726362,almacenamiento,En curso,RdD,,
7042.0,TIBO 220,Galicia,A Coruña,Fisterra,220.0,42.58519161178,-14.643501726362,almacenamiento,En curso,RdT,149.74,149.74
7042.0,TIBO 220,Galicia,A Coruña,Fisterra,220.0,42.58519161178,-14.643501726362,almacenamiento,Puesta en servicio,RdD,1.0,1.0
7042.0,TIBO 220,Galicia,A Coruña,Fisterra,220.0,42.58519161178,-14.643501726362,almacenamiento,Puesta en servicio,RdT,,
7042.0,TIBO 220,Galicia,A Coruña,Fisterra,220.0,42.58519161178,-14.643501726362,eolica,Con permisos,RdD,56.0,56.0
7042.0,TIBO 220,Galicia,A Coruña,Fisterra,220.0,42.58519161178,-14.643501726362,eolica,Con permisos,RdT,101.0,101.0
7042.0,TIBO 220,Galicia,A Coruña,Fisterra,220.0,42.58519161178,-14.643501726362,eolica,En curso,RdD,20.0,20.0
7042.0,TIBO 220,Galicia,A Coruña,Fisterra,220.0,42.58519161178,-14.643501726362,eolica,En curso,RdT,176.4,176.4
7042.0,TIBO 220,Galicia,A Coruña,Fisterra,220.0,42.58519161178,-14.643501726362,eolica,Puesta en servicio,RdD,38.4,38.4
7042.0,TIBO 220,Galicia,A Coruña,Fisterra,220.0,42.58519161178,-14.643501726362,eolica,Puesta en servicio,RdT,,
7042.0,TIBO 220,Galicia,A Coruña,Fisterra,220.0,42.58519161178,-14.643501726362,fotovoltaica,Con permisos,RdD,7.0,7.0
7042.0,TIBO 220,Galicia,A Coruña,Fisterra,220.0,42.58519161178,-14.643501726362,fotovoltaica,Con permisos,RdT,,
7042.0,TIBO 220,Galicia,A Coruña,Fisterra,220.0,42.58519161178,-14.643501726362,hidraulica,Puesta en servicio,RdD,68.93,68.93
7042.0,TIBO 220,Galicia,A Coruña,Fisterra,220.0,42.58519161178,-14.643501726362,hidraulica,Puesta en servicio,RdT,,
7042.0,TIBO 220,Galicia,A Coruña,Fisterra,220.0,42.58519161178,-14.643501726362,otras,Con permisos,RdD,2.0,2.0
7042.0,TIBO 220,Galicia,A Coruña,Fisterra,220.0,42.58519161178,-14.643501726362,otras,Con permisos,RdT,,
7042.0,TIBO 220,Galicia,A Coruña,Fisterra,220.0,42.58519161178,-14.643501726362,otras,Puesta en servicio,RdD,6.1,6.1
7042.0,TIBO 220,Galicia,A Coruña,Fisterra,220.0,42.58519161178,-14.643501726362,otras,Puesta en servicio,RdT,,
7043.0,TOMEZA 220,Galicia,A Coruña,Fisterra,220.0,42.387124191419,-14.628928391147,almacenamiento,En curso,RdD,,
7043.0,TOMEZA 220,Galicia,A Coruña,Fisterra,220.0,42.387124191419,-14.628928391147,almacenamiento,En curso,RdT,100.0,100.0
7043.0,TOMEZA 220,Galicia,A Coruña,Fisterra,220.0,42.387124191419,-14.628928391147,eolica,En curso,RdD,,
7043.0,TOMEZA 220,Galicia,A Coruña,Fisterra,220.0,42.387124191419,-14.628928391147,eolica,En curso,RdT,99.4,99.4
7044.0,TRIVES 220,Galicia,A Coruña,Fisterra,220.0,42.3442778069,-13.281500438697,eolica,Con permisos,RdD,,
7044.0,TRIVES 220,Galicia,A Coruña,Fisterra,220.0,42.3442778069,-13.281500438697,eolica,Con permisos,RdT,291.0,291.0
7044.0,TRIVES 220,Galicia,A Coruña,Fisterra,220.0,42.3442778069,-13.281500438697,eolica,Puesta en servicio,RdD,21.25,21.25
7044.0,TRIVES 220,Galicia,A Coruña,Fisterra,220.0,42.3442778069,-13.281500438697,eolica,Puesta en servicio,RdT,,
7044.0,TRIVES 220,Galicia,A Coruña,Fisterra,220.0,42.3442778069,-13.281500438697,fotovoltaica,Con permisos,RdD,5.0,6.0
7044.0,TRIVES 220,Galicia,A Coruña,Fisterra,220.0,42.3442778069,-13.281500438697,fotovoltaica,Con permisos,RdT,,
7045.0,VELLE 220,Galicia,A Coruña,Fisterra,220.0,42.357788798165,-13.848776610606,almacenamiento,Con permisos,RdD,11.0,14.0
7045.0,VELLE 220,Galicia,A Coruña,Fisterra,220.0,42.357788798165,-13.848776610606,almacenamiento,Con permisos,RdT,,
7045.0,VELLE 220,Galicia,A Coruña,Fisterra,220.0,42.357788798165,-13.848776610606,hidraulica,Con permisos,RdD,1.0,1.0
7045.0,VELLE 220,Galicia,A Coruña,Fisterra,220.0,42.357788798165,-13.848776610606,hidraulica,Con permisos,RdT,,
7045.0,VELLE 220,Galicia,A Coruña,Fisterra,220.0,42.357788798165,-13.848776610606,hidraulica,Puesta en servicio,RdD,1.21,1.21
7045.0,VELLE 220,Galicia,A Coruña,Fisterra,220.0,42.357788798165,-13.848776610606,hidraulica,Puesta en servicio,RdT,90.69,86.48
7225.0,SILLEDA 400,Galicia,A Coruña,Fisterra,400.0,42.746821978768,-14.251264855764,eolica,Con permisos,RdD,,
7225.0,SILLEDA 400,Galicia,A Coruña,Fisterra,400.0,42.746821978768,-14.251264855764,eolica,Con permisos,RdT,178.0,178.0
12581.0,ARBILLERA 220,Galicia,A Coruña,Fisterra,220.0,42.047639577988,-12.543877198586,almacenamiento,Con permisos,RdD,,
12581.0,ARBILLERA 220,Galicia,A Coruña,Fisterra,220.0,42.047639577988,-12.543877198586,almacenamiento,Con permisos,RdT,,70.0
12581.0,ARBILLERA 220,Galicia,A Coruña,Fisterra,220.0,42.047639577988,-12.543877198586,eolica,Con permisos,RdD,,
12581.0,ARBILLERA 220,Galicia,A Coruña,Fisterra,220.0,42.047639577988,-12.543877198586,eolica,Con permisos,RdT,,90.0
12581.0,ARBILLERA 220,Galicia,A Coruña,Fisterra,220.0,42.047639577988,-12.543877198586,fotovoltaica,Con permisos,RdD,,
12581.0,ARBILLERA 220,Galicia,A Coruña,Fisterra,220.0,42.047639577988,-12.543877198586,fotovoltaica,Con permisos,RdT,,124.0
12581.0,ARBILLERA 220,Galicia,A Coruña,Fisterra,220.0,42.047639577988,-12.543877198586,fotovoltaica,Puesta en servicio,RdD,,
12581.0,ARBILLERA 220,Galicia,A Coruña,Fisterra,220.0,42.047639577988,-12.543877198586,fotovoltaica,Puesta en servicio,RdT,,80.85
12581.0,ARBILLERA 220,Galicia,A Coruña,Fisterra,220.0,42.047639577988,-12.543877198586,hibridacion,Con permisos,RdD,,
12581.0,ARBILLERA 220,Galicia,A Coruña,Fisterra,220.0,42.047639577988,-12.543877198586,hibridacion,Con permisos,RdT,124.0,
12581.0,ARBILLERA 220,Galicia,A Coruña,Fisterra,220.0,42.047639577988,-12.543877198586,hibridacion,Puesta en servicio,RdD,,
12581.0,ARBILLERA 220,Galicia,A Coruña,Fisterra,220.0,42.047639577988,-12.543877198586,hibridacion,Puesta en servicio,RdT,68.3,
12582.0,BEARIZ 400,Galicia,A Coruña,Fisterra,400.0,42.46963497966,-14.27598833309,almacenamiento,Con permisos,RdD,,
12582.0,BEARIZ 400,Galicia,A Coruña,Fisterra,400.0,42.46963497966,-14.27598833309,almacenamiento,Con permisos,RdT,49.0,49.0
12582.0,BEARIZ 400,Galicia,A Coruña,Fisterra,400.0,42.46963497966,-14.27598833309,almacenamiento,En curso,RdD,,
12582.0,BEARIZ 400,Galicia,A Coruña,Fisterra,400.0,42.46963497966,-14.27598833309,almacenamiento,En curso,RdT,411.33,413.32
12582.0,BEARIZ 400,Galicia,A Coruña,Fisterra,400.0,42.46963497966,-14.27598833309,eolica,Con permisos,RdD,,
12582.0,BEARIZ 400,Galicia,A Coruña,Fisterra,400.0,42.46963497966,-14.27598833309,eolica,Con permisos,RdT,254.0,257.0
12582.0,BEARIZ 400,Galicia,A Coruña,Fisterra,400.0,42.46963497966,-14.27598833309,eolica,En curso,RdD,,
12582.0,BEARIZ 400,Galicia,A Coruña,Fisterra,400.0,42.46963497966,-14.27598833309,eolica,En curso,RdT,263.89,263.89
12693.0,CHANTADA 220,Galicia,A Coruña,Fisterra,220.0,42.625595050593,-13.767645054622,almacenamiento,Con permisos,RdD,,9.0
12693.0,CHANTADA 220,Galicia,A Coruña,Fisterra,220.0,42.625595050593,-13.767645054622,almacenamiento,Con permisos,RdT,,
12693.0,CHANTADA 220,Galicia,A Coruña,Fisterra,220.0,42.625595050593,-13.767645054622,eolica,Con permisos,RdD,68.0,88.0
12693.0,CHANTADA 220,Galicia,A Coruña,Fisterra,220.0,42.625595050593,-13.767645054622,eolica,Con permisos,RdT,28.0,28.0
12693.0,CHANTADA 220,Galicia,A Coruña,Fisterra,220.0,42.625595050593,-13.767645054622,eolica,Puesta en servicio,RdD,166.0,186.0
12693.0,CHANTADA 220,Galicia,A Coruña,Fisterra,220.0,42.625595050593,-13.767645054622,eolica,Puesta en servicio,RdT,54.0,54.0
12693.0,CHANTADA 220,Galicia,A Coruña,Fisterra,220.0,42.625595050593,-13.767645054622,fotovoltaica,Puesta en servicio,RdD,,3.38
12693.0,CHANTADA 220,Galicia,A Coruña,Fisterra,220.0,42.625595050593,-13.767645054622,fotovoltaica,Puesta en servicio,RdT,,
12693.0,CHANTADA 220,Galicia,A Coruña,Fisterra,220.0,42.625595050593,-13.767645054622,hibridacion,Con permisos,RdD,9.0,
12693.0,CHANTADA 220,Galicia,A Coruña,Fisterra,220.0,42.625595050593,-13.767645054622,hibridacion,Con permisos,RdT,,
12693.0,CHANTADA 220,Galicia,A Coruña,Fisterra,220.0,42.625595050593,-13.767645054622,hibridacion,Puesta en servicio,RdD,20.0,
12693.0,CHANTADA 220,Galicia,A Coruña,Fisterra,220.0,42.625595050593,-13.767645054622,hibridacion,Puesta en servicio,RdT,,
12693.0,CHANTADA 220,Galicia,A Coruña,Fisterra,220.0,42.625595050593,-13.767645054622,hidraulica,Puesta en servicio,RdD,225.4,225.4
12693.0,CHANTADA 220,Galicia,A Coruña,Fisterra,220.0,42.625595050593,-13.767645054622,hidraulica,Puesta en servicio,RdT,,
12693.0,CHANTADA 220,Galicia,A Coruña,Fisterra,220.0,42.625595050593,-13.767645054622,otras,Con permisos,RdD,3.0,3.0
12693.0,CHANTADA 220,Galicia,A Coruña,Fisterra,220.0,42.625595050593,-13.767645054622,otras,Con permisos,RdT,,
12693.0,CHANTADA 220,Galicia,A Coruña,Fisterra,220.0,42.625595050593,-13.767645054622,otras,Puesta en servicio,RdD,61.79,61.79
12693.0,CHANTADA 220,Galicia,A Coruña,Fisterra,220.0,42.625595050593,-13.767645054622,otras,Puesta en servicio,RdT,,
12710.0,COMPOSTILLA 220,Galicia,A Coruña,Fisterra,220.0,42.614026585435,-12.566237702735,eolica,Con permisos,RdD,9.0,9.0
12710.0,COMPOSTILLA 220,Galicia,A Coruña,Fisterra,220.0,42.614026585435,-12.566237702735,eolica,Con permisos,RdT,,
12710.0,COMPOSTILLA 220,Galicia,A Coruña,Fisterra,220.0,42.614026585435,-12.566237702735,otras,Puesta en servicio,RdD,110.3,110.3
12710.0,COMPOSTILLA 220,Galicia,A Coruña,Fisterra,220.0,42.614026585435,-12.566237702735,otras,Puesta en servicio,RdT,,
12711.0,COMPOSTILLA 400,Galicia,A Coruña,Fisterra,400.0,42.614026585435,-12.566237702735,fotovoltaica,Con permisos,RdD,1.0,1.0
12711.0,COMPOSTILLA 400,Galicia,A Coruña,Fisterra,400.0,42.614026585435,-12.566237702735,fotovoltaica,Con permisos,RdT,,
12711.0,COMPOSTILLA 400,Galicia,A Coruña,Fisterra,400.0,42.614026585435,-12.566237702735,fotovoltaica,Puesta en servicio,RdD,8.05,8.42
12711.0,COMPOSTILLA 400,Galicia,A Coruña,Fisterra,400.0,42.614026585435,-12.566237702735,fotovoltaica,Puesta en servicio,RdT,,
12711.0,COMPOSTILLA 400,Galicia,A Coruña,Fisterra,400.0,42.614026585435,-12.566237702735,hidraulica,Puesta en servicio,RdD,1.55,1.55
12711.0,COMPOSTILLA 400,Galicia,A Coruña,Fisterra,400.0,42.614026585435,-12.566237702735,hidraulica,Puesta en servicio,RdT,,
12711.0,COMPOSTILLA 400,Galicia,A Coruña,Fisterra,400.0,42.614026585435,-12.566237702735,otras,Puesta en servicio,RdD,12.8,12.8
12711.0,COMPOSTILLA 400,Galicia,A Coruña,Fisterra,400.0,42.614026585435,-12.566237702735,otras,Puesta en servicio,RdT,,
12712.0,CONSO 220,Galicia,A Coruña,Fisterra,220.0,42.16775512188,-13.174341240267,almacenamiento,En curso,RdD,,
12712.0,CONSO 220,Galicia,A Coruña,Fisterra,220.0,42.16775512188,-13.174341240267,almacenamiento,En curso,RdT,144.7,98.99
12712.0,CONSO 220,Galicia,A Coruña,Fisterra,220.0,42.16775512188,-13.174341240267,bombeo,Puesta en servicio,RdD,,
12712.0,CONSO 220,Galicia,A Coruña,Fisterra,220.0,42.16775512188,-13.174341240267,bombeo,Puesta en servicio,RdT,309.6,349.7
12712.0,CONSO 220,Galicia,A Coruña,Fisterra,220.0,42.16775512188,-13.174341240267,eolica,Con permisos,RdD,,
12712.0,CONSO 220,Galicia,A Coruña,Fisterra,220.0,42.16775512188,-13.174341240267,eolica,Con permisos,RdT,99.0,102.0
12712.0,CONSO 220,Galicia,A Coruña,Fisterra,220.0,42.16775512188,-13.174341240267,eolica,En curso,RdD,,
12712.0,CONSO 220,Galicia,A Coruña,Fisterra,220.0,42.16775512188,-13.174341240267,eolica,En curso,RdT,79.0,152.5
12712.0,CONSO 220,Galicia,A Coruña,Fisterra,220.0,42.16775512188,-13.174341240267,fotovoltaica,En curso,RdD,,
12712.0,CONSO 220,Galicia,A Coruña,Fisterra,220.0,42.16775512188,-13.174341240267,fotovoltaica,En curso,RdT,,14.7
12712.0,CONSO 220,Galicia,A Coruña,Fisterra,220.0,42.16775512188,-13.174341240267,hibridacion,En curso,RdD,,
12712.0,CONSO 220,Galicia,A Coruña,Fisterra,220.0,42.16775512188,-13.174341240267,hibridacion,En curso,RdT,31.0,
12712.0,CONSO 220,Galicia,A Coruña,Fisterra,220.0,42.16775512188,-13.174341240267,hidraulica,Puesta en servicio,RdD,,
12712.0,CONSO 220,Galicia,A Coruña,Fisterra,220.0,42.16775512188,-13.174341240267,hidraulica,Puesta en servicio,RdT,124.56,131.96
12774.0,FONTEFRIA 220,Galicia,A Coruña,Fisterra,220.0,42.252530036233,-14.316775589169,eolica,Con permisos,RdD,,
12774.0,FONTEFRIA 220,Galicia,A Coruña,Fisterra,220.0,42.252530036233,-14.316775589169,eolica,Con permisos,RdT,37.0,39.0
12774.0,FONTEFRIA 220,Galicia,A Coruña,Fisterra,220.0,42.252530036233,-14.316775589169,eolica,En curso,RdD,,
12774.0,FONTEFRIA 220,Galicia,A Coruña,Fisterra,220.0,42.252530036233,-14.316775589169,eolica,En curso,RdT,1.5,1.5
12777.0,FRIEIRA 220,Galicia,A Coruña,Fisterra,220.0,42.153529201508,-14.192543903451,almacenamiento,Con permisos,RdD,9.0,9.0
12777.0,FRIEIRA 220,Galicia,A Coruña,Fisterra,220.0,42.153529201508,-14.192543903451,almacenamiento,Con permisos,RdT,,
12777.0,FRIEIRA 220,Galicia,A Coruña,Fisterra,220.0,42.153529201508,-14.192543903451,eolica,Con permisos,RdD,112.0,112.0
12777.0,FRIEIRA 220,Galicia,A Coruña,Fisterra,220.0,42.153529201508,-14.192543903451,eolica,Con permisos,RdT,,
12777.0,FRIEIRA 220,Galicia,A Coruña,Fisterra,220.0,42.153529201508,-14.192543903451,eolica,Puesta en servicio,RdD,36.75,36.75
12777.0,FRIEIRA 220,Galicia,A Coruña,Fisterra,220.0,42.153529201508,-14.192543903451,eolica,Puesta en servicio,RdT,,
12777.0,FRIEIRA 220,Galicia,A Coruña,Fisterra,220.0,42.153529201508,-14.192543903451,fotovoltaica,Puesta en servicio,RdD,1.5,1.5
12777.0,FRIEIRA 220,Galicia,A Coruña,Fisterra,220.0,42.153529201508,-14.192543903451,fotovoltaica,Puesta en servicio,RdT,,
12777.0,FRIEIRA 220,Galicia,A Coruña,Fisterra,220.0,42.153529201508,-14.192543903451,hidraulica,Con permisos,RdD,1.0,1.0
12777.0,FRIEIRA 220,Galicia,A Coruña,Fisterra,220.0,42.153529201508,-14.192543903451,hidraulica,Con permisos,RdT,,
12777.0,FRIEIRA 220,Galicia,A Coruña,Fisterra,220.0,42.153529201508,-14.192543903451,hidraulica,Puesta en servicio,RdD,260.51,260.51
12777.0,FRIEIRA 220,Galicia,A Coruña,Fisterra,220.0,42.153529201508,-14.192543903451,hidraulica,Puesta en servicio,RdT,17.54,17.54
12777.0,FRIEIRA 220,Galicia,A Coruña,Fisterra,220.0,42.153529201508,-14.192543903451,otras,Puesta en servicio,RdD,3.0,3.0
12777.0,FRIEIRA 220,Galicia,A Coruña,Fisterra,220.0,42.153529201508,-14.192543903451,otras,Puesta en servicio,RdT,,
12925.0,LOURIZAN 220,Galicia,A Coruña,Fisterra,220.0,42.417462480258,-14.664888342062,almacenamiento,Con permisos,RdD,5.0,5.0
12925.0,LOURIZAN 220,Galicia,A Coruña,Fisterra,220.0,42.417462480258,-14.664888342062,almacenamiento,Con permisos,RdT,,
12925.0,LOURIZAN 220,Galicia,A Coruña,Fisterra,220.0,42.417462480258,-14.664888342062,almacenamiento,En curso,RdD,8.4,8.4
12925.0,LOURIZAN 220,Galicia,A Coruña,Fisterra,220.0,42.417462480258,-14.664888342062,almacenamiento,En curso,RdT,,
12925.0,LOURIZAN 220,Galicia,A Coruña,Fisterra,220.0,42.417462480258,-14.664888342062,eolica,Con permisos,RdD,9.0,9.0
12925.0,LOURIZAN 220,Galicia,A Coruña,Fisterra,220.0,42.417462480258,-14.664888342062,eolica,Con permisos,RdT,,
12925.0,LOURIZAN 220,Galicia,A Coruña,Fisterra,220.0,42.417462480258,-14.664888342062,eolica,En curso,RdD,15.0,15.0
12925.0,LOURIZAN 220,Galicia,A Coruña,Fisterra,220.0,42.417462480258,-14.664888342062,eolica,En curso,RdT,,
12925.0,LOURIZAN 220,Galicia,A Coruña,Fisterra,220.0,42.417462480258,-14.664888342062,eolica,Puesta en servicio,RdD,2.55,2.55
12925.0,LOURIZAN 220,Galicia,A Coruña,Fisterra,220.0,42.417462480258,-14.664888342062,eolica,Puesta en servicio,RdT,,
12925.0,LOURIZAN 220,Galicia,A Coruña,Fisterra,220.0,42.417462480258,-14.664888342062,fotovoltaica,Con permisos,RdD,2.0,2.0
12925.0,LOURIZAN 220,Galicia,A Coruña,Fisterra,220.0,42.417462480258,-14.664888342062,fotovoltaica,Con permisos,RdT,,
12925.0,LOURIZAN 220,Galicia,A Coruña,Fisterra,220.0,42.417462480258,-14.664888342062,fotovoltaica,Puesta en servicio,RdD,1.3,1.39
12925.0,LOURIZAN 220,Galicia,A Coruña,Fisterra,220.0,42.417462480258,-14.664888342062,fotovoltaica,Puesta en servicio,RdT,,
12925.0,LOURIZAN 220,Galicia,A Coruña,Fisterra,220.0,42.417462480258,-14.664888342062,otras,Puesta en servicio,RdD,9.25,9.25
12925.0,LOURIZAN 220,Galicia,A Coruña,Fisterra,220.0,42.417462480258,-14.664888342062,otras,Puesta en servicio,RdT,,
12926.0,LOUSAME 220,Galicia,A Coruña,Fisterra,220.0,42.8174313255,-14.780988271896,almacenamiento,Con permisos,RdD,,
12926.0,LOUSAME 220,Galicia,A Coruña,Fisterra,220.0,42.8174313255,-14.780988271896,almacenamiento,Con permisos,RdT,48.0,49.0
12926.0,LOUSAME 220,Galicia,A Coruña,Fisterra,220.0,42.8174313255,-14.780988271896,eolica,Con permisos,RdD,,
12926.0,LOUSAME 220,Galicia,A Coruña,Fisterra,220.0,42.8174313255,-14.780988271896,eolica,Con permisos,RdT,191.0,195.0
12927.0,LUBIAN 220,Galicia,A Coruña,Fisterra,220.0,42.039008241802,-12.893026575346,almacenamiento,En curso,RdD,,
12927.0,LUBIAN 220,Galicia,A Coruña,Fisterra,220.0,42.039008241802,-12.893026575346,almacenamiento,En curso,RdT,1.0,49.92
12927.0,LUBIAN 220,Galicia,A Coruña,Fisterra,220.0,42.039008241802,-12.893026575346,eolica,Con permisos,RdD,,
12927.0,LUBIAN 220,Galicia,A Coruña,Fisterra,220.0,42.039008241802,-12.893026575346,eolica,Con permisos,RdT,89.0,89.0
12927.0,LUBIAN 220,Galicia,A Coruña,Fisterra,220.0,42.039008241802,-12.893026575346,eolica,En curso,RdD,,
12927.0,LUBIAN 220,Galicia,A Coruña,Fisterra,220.0,42.039008241802,-12.893026575346,eolica,En curso,RdT,498.8,499.8
12927.0,LUBIAN 220,Galicia,A Coruña,Fisterra,220.0,42.039008241802,-12.893026575346,eolica,Puesta en servicio,RdD,,
12927.0,LUBIAN 220,Galicia,A Coruña,Fisterra,220.0,42.039008241802,-12.893026575346,eolica,Puesta en servicio,RdT,124.7,124.7
12955.0,MAZARICOS 220,Galicia,A Coruña,Fisterra,220.0,42.891367082468,-15.03019946784,almacenamiento,Con permisos,RdD,,5.0
12955.0,MAZARICOS 220,Galicia,A Coruña,Fisterra,220.0,42.891367082468,-15.03019946784,almacenamiento,Con permisos,RdT,,
12955.0,MAZARICOS 220,Galicia,A Coruña,Fisterra,220.0,42.891367082468,-15.03019946784,eolica,Puesta en servicio,RdD,273.4,307.0
12955.0,MAZARICOS 220,Galicia,A Coruña,Fisterra,220.0,42.891367082468,-15.03019946784,eolica,Puesta en servicio,RdT,,
12955.0,MAZARICOS 220,Galicia,A Coruña,Fisterra,220.0,42.891367082468,-15.03019946784,hibridacion,Puesta en servicio,RdD,33.6,
12955.0,MAZARICOS 220,Galicia,A Coruña,Fisterra,220.0,42.891367082468,-15.03019946784,hibridacion,Puesta en servicio,RdT,,
12981.0,MONTEARENAS 220,Galicia,A Coruña,Fisterra,220.0,42.572977022205,-12.550126910827,almacenamiento,Con permisos,RdD,,
12981.0,MONTEARENAS 220,Galicia,A Coruña,Fisterra,220.0,42.572977022205,-12.550126910827,almacenamiento,Con permisos,RdT,,9.0
12981.0,MONTEARENAS 220,Galicia,A Coruña,Fisterra,220.0,42.572977022205,-12.550126910827,eolica,Puesta en servicio,RdD,,
12981.0,MONTEARENAS 220,Galicia,A Coruña,Fisterra,220.0,42.572977022205,-12.550126910827,eolica,Puesta en servicio,RdT,153.9,184.5
12981.0,MONTEARENAS 220,Galicia,A Coruña,Fisterra,220.0,42.572977022205,-12.550126910827,hibridacion,Puesta en servicio,RdD,,
12981.0,MONTEARENAS 220,Galicia,A Coruña,Fisterra,220.0,42.572977022205,-12.550126910827,hibridacion,Puesta en servicio,RdT,30.6,
12982.0,MONTEARENAS 400,Galicia,A Coruña,Fisterra,400.0,42.572977022205,-12.550126910827,bombeo,Con permisos,RdD,,
12982.0,MONTEARENAS 400,Galicia,A Coruña,Fisterra,400.0,42.572977022205,-12.550126910827,bombeo,Con permisos,RdT,535.0,535.0
12982.0,MONTEARENAS 400,Galicia,A Coruña,Fisterra,400.0,42.572977022205,-12.550126910827,eolica,Con permisos,RdD,,
12982.0,MONTEARENAS 400,Galicia,A Coruña,Fisterra,400.0,42.572977022205,-12.550126910827,eolica,Con permisos,RdT,110.0,110.0
12982.0,MONTEARENAS 400,Galicia,A Coruña,Fisterra,400.0,42.572977022205,-12.550126910827,fotovoltaica,Con permisos,RdD,,
12982.0,MONTEARENAS 400,Galicia,A Coruña,Fisterra,400.0,42.572977022205,-12.550126910827,fotovoltaica,Con permisos,RdT,306.0,347.0
12988.0,MONTOUTO 220,Galicia,A Coruña,Fisterra,220.0,42.124253803896,-14.312060104058,eolica,Con permisos,RdD,,
12988.0,MONTOUTO 220,Galicia,A Coruña,Fisterra,220.0,42.124253803896,-14.312060104058,eolica,Con permisos,RdT,18.0,18.0
12988.0,MONTOUTO 220,Galicia,A Coruña,Fisterra,220.0,42.124253803896,-14.312060104058,eolica,Puesta en servicio,RdD,,
12988.0,MONTOUTO 220,Galicia,A Coruña,Fisterra,220.0,42.124253803896,-14.312060104058,eolica,Puesta en servicio,RdT,50.4,50.4
13044.0,PAZOS DE BORBEN 220,Galicia,A Coruña,Fisterra,220.0,42.26317847883,-14.589723853375,almacenamiento,Con permisos,RdD,5.0,5.0
13044.0,PAZOS DE BORBEN 220,Galicia,A Coruña,Fisterra,220.0,42.26317847883,-14.589723853375,almacenamiento,Con permisos,RdT,,
13044.0,PAZOS DE BORBEN 220,Galicia,A Coruña,Fisterra,220.0,42.26317847883,-14.589723853375,almacenamiento,En curso,RdD,20.0,20.0
13044.0,PAZOS DE BORBEN 220,Galicia,A Coruña,Fisterra,220.0,42.26317847883,-14.589723853375,almacenamiento,En curso,RdT,,
13044.0,PAZOS DE BORBEN 220,Galicia,A Coruña,Fisterra,220.0,42.26317847883,-14.589723853375,eolica,Con permisos,RdD,233.0,233.0
13044.0,PAZOS DE BORBEN 220,Galicia,A Coruña,Fisterra,220.0,42.26317847883,-14.589723853375,eolica,Con permisos,RdT,,
13044.0,PAZOS DE BORBEN 220,Galicia,A Coruña,Fisterra,220.0,42.26317847883,-14.589723853375,eolica,Puesta en servicio,RdD,2.55,2.55
13044.0,PAZOS DE BORBEN 220,Galicia,A Coruña,Fisterra,220.0,42.26317847883,-14.589723853375,eolica,Puesta en servicio,RdT,,
13044.0,PAZOS DE BORBEN 220,Galicia,A Coruña,Fisterra,220.0,42.26317847883,-14.589723853375,fotovoltaica,Con permisos,RdD,7.0,7.0
13044.0,PAZOS DE BORBEN 220,Galicia,A Coruña,Fisterra,220.0,42.26317847883,-14.589723853375,fotovoltaica,Con permisos,RdT,,
13044.0,PAZOS DE BORBEN 220,Galicia,A Coruña,Fisterra,220.0,42.26317847883,-14.589723853375,fotovoltaica,En curso,RdD,49.88,49.88
13044.0,PAZOS DE BORBEN 220,Galicia,A Coruña,Fisterra,220.0,42.26317847883,-14.589723853375,fotovoltaica,En curso,RdT,,
13044.0,PAZOS DE BORBEN 220,Galicia,A Coruña,Fisterra,220.0,42.26317847883,-14.589723853375,hidraulica,Puesta en servicio,RdD,25.38,25.38
13044.0,PAZOS DE BORBEN 220,Galicia,A Coruña,Fisterra,220.0,42.26317847883,-14.589723853375,hidraulica,Puesta en servicio,RdT,,
13044.0,PAZOS DE BORBEN 220,Galicia,A Coruña,Fisterra,220.0,42.26317847883,-14.589723853375,otras,Con permisos,RdD,27.0,27.0
13044.0,PAZOS DE BORBEN 220,Galicia,A Coruña,Fisterra,220.0,42.26317847883,-14.589723853375,otras,Con permisos,RdT,,
13044.0,PAZOS DE BORBEN 220,Galicia,A Coruña,Fisterra,220.0,42.26317847883,-14.589723853375,otras,Puesta en servicio,RdD,39.09,39.09
13044.0,PAZOS DE BORBEN 220,Galicia,A Coruña,Fisterra,220.0,42.26317847883,-14.589723853375,otras,Puesta en servicio,RdT,,
13046.0,PEÑADRADA 220,Galicia,A Coruña,Fisterra,220.0,42.767224453899,-12.532511301085,almacenamiento,Con permisos,RdD,,
13046.0,PEÑADRADA 220,Galicia,A Coruña,Fisterra,220.0,42.767224453899,-12.532511301085,almacenamiento,Con permisos,RdT,29.0,35.0
13046.0,PEÑADRADA 220,Galicia,A Coruña,Fisterra,220.0,42.767224453899,-12.532511301085,almacenamiento,En curso,RdD,,
13046.0,PEÑADRADA 220,Galicia,A Coruña,Fisterra,220.0,42.767224453899,-12.532511301085,almacenamiento,En curso,RdT,262.75,363.04
13046.0,PEÑADRADA 220,Galicia,A Coruña,Fisterra,220.0,42.767224453899,-12.532511301085,eolica,Con permisos,RdD,,
13046.0,PEÑADRADA 220,Galicia,A Coruña,Fisterra,220.0,42.767224453899,-12.532511301085,eolica,Con permisos,RdT,22.0,22.0
13046.0,PEÑADRADA 220,Galicia,A Coruña,Fisterra,220.0,42.767224453899,-12.532511301085,eolica,En curso,RdD,,
13046.0,PEÑADRADA 220,Galicia,A Coruña,Fisterra,220.0,42.767224453899,-12.532511301085,eolica,En curso,RdT,241.9,339.9
13046.0,PEÑADRADA 220,Galicia,A Coruña,Fisterra,220.0,42.767224453899,-12.532511301085,hibridacion,En curso,RdD,,
13046.0,PEÑADRADA 220,Galicia,A Coruña,Fisterra,220.0,42.767224453899,-12.532511301085,hibridacion,En curso,RdT,98.0,
13046.0,PEÑADRADA 220,Galicia,A Coruña,Fisterra,220.0,42.767224453899,-12.532511301085,hidraulica,Puesta en servicio,RdD,,
13046.0,PEÑADRADA 220,Galicia,A Coruña,Fisterra,220.0,42.767224453899,-12.532511301085,hidraulica,Puesta en servicio,RdT,37.6,38.17
13077.0,PORTODEMOUROS 220,Galicia,A Coruña,Fisterra,220.0,42.85372093805,-14.189701840712,eolica,Con permisos,RdD,,
13077.0,PORTODEMOUROS 220,Galicia,A Coruña,Fisterra,220.0,42.85372093805,-14.189701840712,eolica,Con permisos,RdT,60.0,60.0
13077.0,PORTODEMOUROS 220,Galicia,A Coruña,Fisterra,220.0,42.85372093805,-14.189701840712,eolica,Puesta en servicio,RdD,60.3,60.3
13077.0,PORTODEMOUROS 220,Galicia,A Coruña,Fisterra,220.0,42.85372093805,-14.189701840712,eolica,Puesta en servicio,RdT,31.45,31.45
13077.0,PORTODEMOUROS 220,Galicia,A Coruña,Fisterra,220.0,42.85372093805,-14.189701840712,hidraulica,Puesta en servicio,RdD,43.51,43.51
13077.0,PORTODEMOUROS 220,Galicia,A Coruña,Fisterra,220.0,42.85372093805,-14.189701840712,hidraulica,Puesta en servicio,RdT,95.0,88.12
13077.0,PORTODEMOUROS 220,Galicia,A Coruña,Fisterra,220.0,42.85372093805,-14.189701840712,otras,Puesta en servicio,RdD,1.0,1.0
13077.0,PORTODEMOUROS 220,Galicia,A Coruña,Fisterra,220.0,42.85372093805,-14.189701840712,otras,Puesta en servicio,RdT,,
13078.0,PRADA 220,Galicia,A Coruña,Fisterra,220.0,42.329501007031,-13.038072127394,almacenamiento,Con permisos,RdD,,
13078.0,PRADA 220,Galicia,A Coruña,Fisterra,220.0,42.329501007031,-13.038072127394,almacenamiento,Con permisos,RdT,28.0,50.0
13078.0,PRADA 220,Galicia,A Coruña,Fisterra,220.0,42.329501007031,-13.038072127394,almacenamiento,En curso,RdD,,
13078.0,PRADA 220,Galicia,A Coruña,Fisterra,220.0,42.329501007031,-13.038072127394,almacenamiento,En curso,RdT,70.0,70.0
13078.0,PRADA 220,Galicia,A Coruña,Fisterra,220.0,42.329501007031,-13.038072127394,bombeo,En curso,RdD,,
13078.0,PRADA 220,Galicia,A Coruña,Fisterra,220.0,42.329501007031,-13.038072127394,bombeo,En curso,RdT,25.0,25.0
13078.0,PRADA 220,Galicia,A Coruña,Fisterra,220.0,42.329501007031,-13.038072127394,eolica,En curso,RdD,,
13078.0,PRADA 220,Galicia,A Coruña,Fisterra,220.0,42.329501007031,-13.038072127394,eolica,En curso,RdT,214.7,214.7
13078.0,PRADA 220,Galicia,A Coruña,Fisterra,220.0,42.329501007031,-13.038072127394,hidraulica,Puesta en servicio,RdD,,
13078.0,PRADA 220,Galicia,A Coruña,Fisterra,220.0,42.329501007031,-13.038072127394,hidraulica,Puesta en servicio,RdT,66.4,70.72
13083.0,PUEBLA DE SANABRIA 220,Galicia,A Coruña,Fisterra,220.0,42.06160729967,-12.623762995577,hidraulica,Puesta en servicio,RdD,,
13083.0,PUEBLA DE SANABRIA 220,Galicia,A Coruña,Fisterra,220.0,42.06160729967,-12.623762995577,hidraulica,Puesta en servicio,RdT,35.96,35.96
13084.0,PUENTE BIBEY 220,Galicia,A Coruña,Fisterra,220.0,42.314430022447,-13.222910389805,bombeo,Puesta en servicio,RdD,,
13084.0,PUENTE BIBEY 220,Galicia,A Coruña,Fisterra,220.0,42.314430022447,-13.222910389805,bombeo,Puesta en servicio,RdT,71.0,76.23
13084.0,PUENTE BIBEY 220,Galicia,A Coruña,Fisterra,220.0,42.314430022447,-13.222910389805,hidraulica,Puesta en servicio,RdD,,
13084.0,PUENTE BIBEY 220,Galicia,A Coruña,Fisterra,220.0,42.314430022447,-13.222910389805,hidraulica,Puesta en servicio,RdT,213.8,236.9
13103.0,QUEREÑO 220,Galicia,A Coruña,Fisterra,220.0,42.416886625561,-12.831116445122,almacenamiento,Con permisos,RdD,,
13103.0,QUEREÑO 220,Galicia,A Coruña,Fisterra,220.0,42.416886625561,-12.831116445122,almacenamiento,Con permisos,RdT,46.0,50.0
13103.0,QUEREÑO 220,Galicia,A Coruña,Fisterra,220.0,42.416886625561,-12.831116445122,almacenamiento,En curso,RdD,,
13103.0,QUEREÑO 220,Galicia,A Coruña,Fisterra,220.0,42.416886625561,-12.831116445122,almacenamiento,En curso,RdT,82.0,104.57
13103.0,QUEREÑO 220,Galicia,A Coruña,Fisterra,220.0,42.416886625561,-12.831116445122,eolica,En curso,RdD,,
13103.0,QUEREÑO 220,Galicia,A Coruña,Fisterra,220.0,42.416886625561,-12.831116445122,eolica,En curso,RdT,143.9,170.9
13103.0,QUEREÑO 220,Galicia,A Coruña,Fisterra,220.0,42.416886625561,-12.831116445122,hibridacion,En curso,RdD,,
13103.0,QUEREÑO 220,Galicia,A Coruña,Fisterra,220.0,42.416886625561,-12.831116445122,hibridacion,En curso,RdT,49.57,
13103.0,QUEREÑO 220,Galicia,A Coruña,Fisterra,220.0,42.416886625561,-12.831116445122,hidraulica,Puesta en servicio,RdD,,
13103.0,QUEREÑO 220,Galicia,A Coruña,Fisterra,220.0,42.416886625561,-12.831116445122,hidraulica,Puesta en servicio,RdT,34.0,36.46
13168.0,REGOELLE 220,Galicia,A Coruña,Fisterra,220.0,43.014067452703,-15.051104191568,almacenamiento,Con permisos,RdD,,
13168.0,REGOELLE 220,Galicia,A Coruña,Fisterra,220.0,43.014067452703,-15.051104191568,almacenamiento,Con permisos,RdT,131.0,131.0
13168.0,REGOELLE 220,Galicia,A Coruña,Fisterra,220.0,43.014067452703,-15.051104191568,eolica,Con permisos,RdD,,
13168.0,REGOELLE 220,Galicia,A Coruña,Fisterra,220.0,43.014067452703,-15.051104191568,eolica,Con permisos,RdT,186.0,191.0
13168.0,REGOELLE 220,Galicia,A Coruña,Fisterra,220.0,43.014067452703,-15.051104191568,eolica,Puesta en servicio,RdD,,
13168.0,REGOELLE 220,Galicia,A Coruña,Fisterra,220.0,43.014067452703,-15.051104191568,eolica,Puesta en servicio,RdT,135.19,135.19
13168.0,REGOELLE 220,Galicia,A Coruña,Fisterra,220.0,43.014067452703,-15.051104191568,hidraulica,Con permisos,RdD,,
13168.0,REGOELLE 220,Galicia,A Coruña,Fisterra,220.0,43.014067452703,-15.051104191568,hidraulica,Con permisos,RdT,166.0,
13202.0,SAN CAYETANO 220,Galicia,A Coruña,Fisterra,220.0,42.890944913822,-14.531438349548,almacenamiento,Con permisos,RdD,11.0,11.0
13202.0,SAN CAYETANO 220,Galicia,A Coruña,Fisterra,220.0,42.890944913822,-14.531438349548,almacenamiento,Con permisos,RdT,,
13202.0,SAN CAYETANO 220,Galicia,A Coruña,Fisterra,220.0,42.890944913822,-14.531438349548,hidraulica,Puesta en servicio,RdD,2.2,2.2
13202.0,SAN CAYETANO 220,Galicia,A Coruña,Fisterra,220.0,42.890944913822,-14.531438349548,hidraulica,Puesta en servicio,RdT,,
13202.0,SAN CAYETANO 220,Galicia,A Coruña,Fisterra,220.0,42.890944913822,-14.531438349548,otras,Puesta en servicio,RdD,4.63,4.63
13202.0,SAN CAYETANO 220,Galicia,A Coruña,Fisterra,220.0,42.890944913822,-14.531438349548,otras,Puesta en servicio,RdT,,
13205.0,SAN ESTEBAN 220,Galicia,A Coruña,Fisterra,220.0,42.414204255697,-13.653295458318,hidraulica,Puesta en servicio,RdD,,
13205.0,SAN ESTEBAN 220,Galicia,A Coruña,Fisterra,220.0,42.414204255697,-13.653295458318,hidraulica,Puesta en servicio,RdT,450.81,439.25
13212.0,SAN PEDRO 220,Galicia,A Coruña,Fisterra,220.0,42.451117655499,-13.712851126766,eolica,Con permisos,RdD,,
13212.0,SAN PEDRO 220,Galicia,A Coruña,Fisterra,220.0,42.451117655499,-13.712851126766,eolica,Con permisos,RdT,33.0,33.0
13212.0,SAN PEDRO 220,Galicia,A Coruña,Fisterra,220.0,42.451117655499,-13.712851126766,hidraulica,Puesta en servicio,RdD,,
13212.0,SAN PEDRO 220,Galicia,A Coruña,Fisterra,220.0,42.451117655499,-13.712851126766,hidraulica,Puesta en servicio,RdT,57.89,60.25
13305.0,TRIVES 400,Galicia,A Coruña,Fisterra,400.0,42.3442778069,-13.281500438697,fotovoltaica,Con permisos,RdD,5.0,5.0
13305.0,TRIVES 400,Galicia,A Coruña,Fisterra,400.0,42.3442778069,-13.281500438697,fotovoltaica,Con permisos,RdT,,
13305.0,TRIVES 400,Galicia,A Coruña,Fisterra,400.0,42.3442778069,-13.281500438697,hidraulica,Puesta en servicio,RdD,4.14,4.14
13305.0,TRIVES 400,Galicia,A Coruña,Fisterra,400.0,42.3442778069,-13.281500438697,hidraulica,Puesta en servicio,RdT,,
13344.0,CORNATEL 220,Galicia,A Coruña,Fisterra,220.0,42.470604545821,-12.814699044497,almacenamiento,Con permisos,RdD,,
13344.0,CORNATEL 220,Galicia,A Coruña,Fisterra,220.0,42.470604545821,-12.814699044497,almacenamiento,Con permisos,RdT,116.0,149.0
13344.0,CORNATEL 220,Galicia,A Coruña,Fisterra,220.0,42.470604545821,-12.814699044497,hidraulica,Puesta en servicio,RdD,,
13344.0,CORNATEL 220,Galicia,A Coruña,Fisterra,220.0,42.470604545821,-12.814699044497,hidraulica,Puesta en servicio,RdT,120.0,130.66
13345.0,LOMBA 220,Galicia,A Coruña,Fisterra,220.0,42.585920706767,-12.624448567194,fotovoltaica,En curso,RdD,,
13345.0,LOMBA 220,Galicia,A Coruña,Fisterra,220.0,42.585920706767,-12.624448567194,fotovoltaica,En curso,RdT,0.05,0.05
13347.0,ONDINAS 220,Galicia,A Coruña,Fisterra,220.0,42.842833515897,-12.469904175583,almacenamiento,En curso,RdD,,
13347.0,ONDINAS 220,Galicia,A Coruña,Fisterra,220.0,42.842833515897,-12.469904175583,almacenamiento,En curso,RdT,120.0,128.0
13347.0,ONDINAS 220,Galicia,A Coruña,Fisterra,220.0,42.842833515897,-12.469904175583,bombeo,En curso,RdD,,
13347.0,ONDINAS 220,Galicia,A Coruña,Fisterra,220.0,42.842833515897,-12.469904175583,bombeo,En curso,RdT,25.0,25.0
13347.0,ONDINAS 220,Galicia,A Coruña,Fisterra,220.0,42.842833515897,-12.469904175583,eolica,Con permisos,RdD,,
13347.0,ONDINAS 220,Galicia,A Coruña,Fisterra,220.0,42.842833515897,-12.469904175583,eolica,Con permisos,RdT,99.0,99.0
13347.0,ONDINAS 220,Galicia,A Coruña,Fisterra,220.0,42.842833515897,-12.469904175583,eolica,En curso,RdD,,
13347.0,ONDINAS 220,Galicia,A Coruña,Fisterra,220.0,42.842833515897,-12.469904175583,eolica,En curso,RdT,269.99,269.99
13347.0,ONDINAS 220,Galicia,A Coruña,Fisterra,220.0,42.842833515897,-12.469904175583,hidraulica,Puesta en servicio,RdD,,
13347.0,ONDINAS 220,Galicia,A Coruña,Fisterra,220.0,42.842833515897,-12.469904175583,hidraulica,Puesta en servicio,RdT,80.8,82.46
13350.0,PARQUE EOLICO DO SIL 220,Galicia,A Coruña,Fisterra,220.0,42.357919917919,-13.636401188263,eolica,Con permisos,RdD,,
13350.0,PARQUE EOLICO DO SIL 220,Galicia,A Coruña,Fisterra,220.0,42.357919917919,-13.636401188263,eolica,Con permisos,RdT,58.0,58.0
13350.0,PARQUE EOLICO DO SIL 220,Galicia,A Coruña,Fisterra,220.0,42.357919917919,-13.636401188263,eolica,Puesta en servicio,RdD,,
13350.0,PARQUE EOLICO DO SIL 220,Galicia,A Coruña,Fisterra,220.0,42.357919917919,-13.636401188263,eolica,Puesta en servicio,RdT,42.55,42.55
13352.0,S.AGUSTIN 220,Galicia,A Coruña,Fisterra,220.0,42.153325037421,-13.062869577086,almacenamiento,En curso,RdD,,
13352.0,S.AGUSTIN 220,Galicia,A Coruña,Fisterra,220.0,42.153325037421,-13.062869577086,almacenamiento,En curso,RdT,65.0,65.0
13352.0,S.AGUSTIN 220,Galicia,A Coruña,Fisterra,220.0,42.153325037421,-13.062869577086,eolica,Con permisos,RdD,,
13352.0,S.AGUSTIN 220,Galicia,A Coruña,Fisterra,220.0,42.153325037421,-13.062869577086,eolica,Con permisos,RdT,58.0,58.0
13352.0,S.AGUSTIN 220,Galicia,A Coruña,Fisterra,220.0,42.153325037421,-13.062869577086,hidraulica,Puesta en servicio,RdD,,
13352.0,S.AGUSTIN 220,Galicia,A Coruña,Fisterra,220.0,42.153325037421,-13.062869577086,hidraulica,Puesta en servicio,RdT,65.28,62.88
13352.0,S.AGUSTIN 220,Galicia,A Coruña,Fisterra,220.0,42.153325037421,-13.062869577086,otras,Puesta en servicio,RdD,35.2,35.2
13352.0,S.AGUSTIN 220,Galicia,A Coruña,Fisterra,220.0,42.153325037421,-13.062869577086,otras,Puesta en servicio,RdT,,
13353.0,SANTIAGO DE COMPOSTELA 220,Galicia,A Coruña,Fisterra,220.0,42.854311945772,-14.578533200015,eolica,Con permisos,RdD,33.0,33.0
13353.0,SANTIAGO DE COMPOSTELA 220,Galicia,A Coruña,Fisterra,220.0,42.854311945772,-14.578533200015,eolica,Con permisos,RdT,42.0,42.0
13353.0,SANTIAGO DE COMPOSTELA 220,Galicia,A Coruña,Fisterra,220.0,42.854311945772,-14.578533200015,eolica,En curso,RdD,63.9,87.0
13353.0,SANTIAGO DE COMPOSTELA 220,Galicia,A Coruña,Fisterra,220.0,42.854311945772,-14.578533200015,eolica,En curso,RdT,,
13353.0,SANTIAGO DE COMPOSTELA 220,Galicia,A Coruña,Fisterra,220.0,42.854311945772,-14.578533200015,otras,Puesta en servicio,RdD,9.34,9.34
13353.0,SANTIAGO DE COMPOSTELA 220,Galicia,A Coruña,Fisterra,220.0,42.854311945772,-14.578533200015,otras,Puesta en servicio,RdT,,
13354.0,TAMBRE 220,Galicia,A Coruña,Fisterra,220.0,42.83064686673,-14.8453016424,eolica,Con permisos,RdD,72.0,72.0
13354.0,TAMBRE 220,Galicia,A Coruña,Fisterra,220.0,42.83064686673,-14.8453016424,eolica,Con permisos,RdT,,
13354.0,TAMBRE 220,Galicia,A Coruña,Fisterra,220.0,42.83064686673,-14.8453016424,eolica,Puesta en servicio,RdD,121.73,121.73
13354.0,TAMBRE 220,Galicia,A Coruña,Fisterra,220.0,42.83064686673,-14.8453016424,eolica,Puesta en servicio,RdT,,
13354.0,TAMBRE 220,Galicia,A Coruña,Fisterra,220.0,42.83064686673,-14.8453016424,hidraulica,Puesta en servicio,RdD,95.07,95.07
13354.0,TAMBRE 220,Galicia,A Coruña,Fisterra,220.0,42.83064686673,-14.8453016424,hidraulica,Puesta en servicio,RdT,,
13354.0,TAMBRE 220,Galicia,A Coruña,Fisterra,220.0,42.83064686673,-14.8453016424,otras,Puesta en servicio,RdD,100.51,104.47
13354.0,TAMBRE 220,Galicia,A Coruña,Fisterra,220.0,42.83064686673,-14.8453016424,otras,Puesta en servicio,RdT,,
7004.0,BOIMENTE 400,Galicia,A Coruña,Muxía,400.0,43.589001630504,-13.553313411559,eolica,Con permisos,RdD,68.0,68.0
7004.0,BOIMENTE 400,Galicia,A Coruña,Muxía,400.0,43.589001630504,-13.553313411559,eolica,Con permisos,RdT,,
7004.0,BOIMENTE 400,Galicia,A Coruña,Muxía,400.0,43.589001630504,-13.553313411559,eolica,Puesta en servicio,RdD,839.23,843.73
7004.0,BOIMENTE 400,Galicia,A Coruña,Muxía,400.0,43.589001630504,-13.553313411559,eolica,Puesta en servicio,RdT,,
7004.0,BOIMENTE 400,Galicia,A Coruña,Muxía,400.0,43.589001630504,-13.553313411559,fotovoltaica,Con permisos,RdD,3.0,3.0
7004.0,BOIMENTE 400,Galicia,A Coruña,Muxía,400.0,43.589001630504,-13.553313411559,fotovoltaica,Con permisos,RdT,,
7004.0,BOIMENTE 400,Galicia,A Coruña,Muxía,400.0,43.589001630504,-13.553313411559,fotovoltaica,Puesta en servicio,RdD,0.02,0.02
7004.0,BOIMENTE 400,Galicia,A Coruña,Muxía,400.0,43.589001630504,-13.553313411559,fotovoltaica,Puesta en servicio,RdT,,
7004.0,BOIMENTE 400,Galicia,A Coruña,Muxía,400.0,43.589001630504,-13.553313411559,hidraulica,Puesta en servicio,RdD,15.45,15.45
7004.0,BOIMENTE 400,Galicia,A Coruña,Muxía,400.0,43.589001630504,-13.553313411559,hidraulica,Puesta en servicio,RdT,,
7004.0,BOIMENTE 400,Galicia,A Coruña,Muxía,400.0,43.589001630504,-13.553313411559,otras,Puesta en servicio,RdD,8.0,8.0
7004.0,BOIMENTE 400,Galicia,A Coruña,Muxía,400.0,43.589001630504,-13.553313411559,otras,Puesta en servicio,RdT,,
7037.0,SIDEGASA 220,Galicia,A Coruña,Muxía,220.0,43.1513366929,-14.023720602222,eolica,Puesta en servicio,RdD,206.8,206.8
7037.0,SIDEGASA 220,Galicia,A Coruña,Muxía,220.0,43.1513366929,-14.023720602222,eolica,Puesta en servicio,RdT,,
7037.0,SIDEGASA 220,Galicia,A Coruña,Muxía,220.0,43.1513366929,-14.023720602222,hidraulica,Puesta en servicio,RdD,9.73,9.73
7037.0,SIDEGASA 220,Galicia,A Coruña,Muxía,220.0,43.1513366929,-14.023720602222,hidraulica,Puesta en servicio,RdT,,
7037.0,SIDEGASA 220,Galicia,A Coruña,Muxía,220.0,43.1513366929,-14.023720602222,otras,Puesta en servicio,RdD,74.71,74.71
7037.0,SIDEGASA 220,Galicia,A Coruña,Muxía,220.0,43.1513366929,-14.023720602222,otras,Puesta en servicio,RdT,,
7046.0,VIMIANZO 220,Galicia,A Coruña,Muxía,220.0,43.101619883031,-15.048442612668,almacenamiento,Con permisos,RdD,,7.0
7046.0,VIMIANZO 220,Galicia,A Coruña,Muxía,220.0,43.101619883031,-15.048442612668,almacenamiento,Con permisos,RdT,,
7046.0,VIMIANZO 220,Galicia,A Coruña,Muxía,220.0,43.101619883031,-15.048442612668,eolica,Con permisos,RdD,49.0,49.0
7046.0,VIMIANZO 220,Galicia,A Coruña,Muxía,220.0,43.101619883031,-15.048442612668,eolica,Con permisos,RdT,,
7046.0,VIMIANZO 220,Galicia,A Coruña,Muxía,220.0,43.101619883031,-15.048442612668,eolica,Puesta en servicio,RdD,302.17,318.62
7046.0,VIMIANZO 220,Galicia,A Coruña,Muxía,220.0,43.101619883031,-15.048442612668,eolica,Puesta en servicio,RdT,,
7046.0,VIMIANZO 220,Galicia,A Coruña,Muxía,220.0,43.101619883031,-15.048442612668,hibridacion,Puesta en servicio,RdD,16.45,
7046.0,VIMIANZO 220,Galicia,A Coruña,Muxía,220.0,43.101619883031,-15.048442612668,hibridacion,Puesta en servicio,RdT,,
7046.0,VIMIANZO 220,Galicia,A Coruña,Muxía,220.0,43.101619883031,-15.048442612668,hidraulica,Puesta en servicio,RdD,1.15,1.15
7046.0,VIMIANZO 220,Galicia,A Coruña,Muxía,220.0,43.101619883031,-15.048442612668,hidraulica,Puesta en servicio,RdT,,
7046.0,VIMIANZO 220,Galicia,A Coruña,Muxía,220.0,43.101619883031,-15.048442612668,otras,Puesta en servicio,RdD,3.68,3.68
7046.0,VIMIANZO 220,Galicia,A Coruña,Muxía,220.0,43.101619883031,-15.048442612668,otras,Puesta en servicio,RdT,,
12577.0,ABEGONDO 220,Galicia,A Coruña,Muxía,220.0,43.219900805353,-14.295517241432,eolica,Con permisos,RdD,,
12577.0,ABEGONDO 220,Galicia,A Coruña,Muxía,220.0,43.219900805353,-14.295517241432,eolica,Con permisos,RdT,75.0,75.0
12577.0,ABEGONDO 220,Galicia,A Coruña,Muxía,220.0,43.219900805353,-14.295517241432,eolica,En curso,RdD,,
12577.0,ABEGONDO 220,Galicia,A Coruña,Muxía,220.0,43.219900805353,-14.295517241432,eolica,En curso,RdT,4.0,4.0
12680.0,XOVE 400,Galicia,A Coruña,Muxía,400.0,43.693287906813,-13.503960848967,eolica,Con permisos,RdD,,
12680.0,XOVE 400,Galicia,A Coruña,Muxía,400.0,43.693287906813,-13.503960848967,eolica,Con permisos,RdT,177.0,177.0
12731.0,EIRIS 220,Galicia,A Coruña,Muxía,220.0,43.342992022584,-14.397825559784,almacenamiento,Con permisos,RdD,9.0,9.0
12731.0,EIRIS 220,Galicia,A Coruña,Muxía,220.0,43.342992022584,-14.397825559784,almacenamiento,Con permisos,RdT,,
12749.0,EL PALO 400,Galicia,A Coruña,Muxía,400.0,43.270236215217,-12.676727745586,eolica,Con permisos,RdD,11.0,11.0
12749.0,EL PALO 400,Galicia,A Coruña,Muxía,400.0,43.270236215217,-12.676727745586,eolica,Con permisos,RdT,,
12749.0,EL PALO 400,Galicia,A Coruña,Muxía,400.0,43.270236215217,-12.676727745586,eolica,En curso,RdD,90.0,90.0
12749.0,EL PALO 400,Galicia,A Coruña,Muxía,400.0,43.270236215217,-12.676727745586,eolica,En curso,RdT,,
12749.0,EL PALO 400,Galicia,A Coruña,Muxía,400.0,43.270236215217,-12.676727745586,eolica,Puesta en servicio,RdD,303.57,303.57
12749.0,EL PALO 400,Galicia,A Coruña,Muxía,400.0,43.270236215217,-12.676727745586,eolica,Puesta en servicio,RdT,,
12873.0,LA GRELA 220,Galicia,A Coruña,Muxía,220.0,43.342677240384,-14.429020516219,almacenamiento,Con permisos,RdD,17.0,20.0
12873.0,LA GRELA 220,Galicia,A Coruña,Muxía,220.0,43.342677240384,-14.429020516219,almacenamiento,Con permisos,RdT,,
12873.0,LA GRELA 220,Galicia,A Coruña,Muxía,220.0,43.342677240384,-14.429020516219,otras,En curso,RdD,,
12873.0,LA GRELA 220,Galicia,A Coruña,Muxía,220.0,43.342677240384,-14.429020516219,otras,En curso,RdT,93.78,94.16
12873.0,LA GRELA 220,Galicia,A Coruña,Muxía,220.0,43.342677240384,-14.429020516219,otras,Puesta en servicio,RdD,2.5,2.5
12873.0,LA GRELA 220,Galicia,A Coruña,Muxía,220.0,43.342677240384,-14.429020516219,otras,Puesta en servicio,RdT,93.78,94.16
12929.0,LUDRIO 400,Galicia,A Coruña,Muxía,400.0,43.128660733725,-13.41639692569,almacenamiento,En curso,RdD,,
12929.0,LUDRIO 400,Galicia,A Coruña,Muxía,400.0,43.128660733725,-13.41639692569,almacenamiento,En curso,RdT,45.0,45.0
12929.0,LUDRIO 400,Galicia,A Coruña,Muxía,400.0,43.128660733725,-13.41639692569,eolica,Con permisos,RdD,28.0,34.0
12929.0,LUDRIO 400,Galicia,A Coruña,Muxía,400.0,43.128660733725,-13.41639692569,eolica,Con permisos,RdT,160.0,210.0
12929.0,LUDRIO 400,Galicia,A Coruña,Muxía,400.0,43.128660733725,-13.41639692569,eolica,En curso,RdD,,
12929.0,LUDRIO 400,Galicia,A Coruña,Muxía,400.0,43.128660733725,-13.41639692569,eolica,En curso,RdT,696.89,696.89
12929.0,LUDRIO 400,Galicia,A Coruña,Muxía,400.0,43.128660733725,-13.41639692569,eolica,Puesta en servicio,RdD,480.88,477.88
12929.0,LUDRIO 400,Galicia,A Coruña,Muxía,400.0,43.128660733725,-13.41639692569,eolica,Puesta en servicio,RdT,129.58,129.58
12929.0,LUDRIO 400,Galicia,A Coruña,Muxía,400.0,43.128660733725,-13.41639692569,fotovoltaica,En curso,RdD,,
12929.0,LUDRIO 400,Galicia,A Coruña,Muxía,400.0,43.128660733725,-13.41639692569,fotovoltaica,En curso,RdT,85.65,85.65
12929.0,LUDRIO 400,Galicia,A Coruña,Muxía,400.0,43.128660733725,-13.41639692569,hidraulica,Puesta en servicio,RdD,4.75,4.75
12929.0,LUDRIO 400,Galicia,A Coruña,Muxía,400.0,43.128660733725,-13.41639692569,hidraulica,Puesta en servicio,RdT,,
12929.0,LUDRIO 400,Galicia,A Coruña,Muxía,400.0,43.128660733725,-13.41639692569,otras,Puesta en servicio,RdD,13.35,13.35
12929.0,LUDRIO 400,Galicia,A Coruña,Muxía,400.0,43.128660733725,-13.41639692569,otras,Puesta en servicio,RdT,,
12961.0,MEIRAMA 220,Galicia,A Coruña,Muxía,220.0,43.16911517999,-14.40941862938,almacenamiento,Con permisos,RdD,14.0,16.0
12961.0,MEIRAMA 220,Galicia,A Coruña,Muxía,220.0,43.16911517999,-14.40941862938,almacenamiento,Con permisos,RdT,,
12961.0,MEIRAMA 220,Galicia,A Coruña,Muxía,220.0,43.16911517999,-14.40941862938,bombeo,En curso,RdD,,
12961.0,MEIRAMA 220,Galicia,A Coruña,Muxía,220.0,43.16911517999,-14.40941862938,bombeo,En curso,RdT,440.0,440.0
12961.0,MEIRAMA 220,Galicia,A Coruña,Muxía,220.0,43.16911517999,-14.40941862938,eolica,Con permisos,RdD,,
12961.0,MEIRAMA 220,Galicia,A Coruña,Muxía,220.0,43.16911517999,-14.40941862938,eolica,Con permisos,RdT,212.0,212.0
12961.0,MEIRAMA 220,Galicia,A Coruña,Muxía,220.0,43.16911517999,-14.40941862938,eolica,En curso,RdD,31.0,31.0
12961.0,MEIRAMA 220,Galicia,A Coruña,Muxía,220.0,43.16911517999,-14.40941862938,eolica,En curso,RdT,,
12961.0,MEIRAMA 220,Galicia,A Coruña,Muxía,220.0,43.16911517999,-14.40941862938,eolica,Puesta en servicio,RdD,3.0,3.0
12961.0,MEIRAMA 220,Galicia,A Coruña,Muxía,220.0,43.16911517999,-14.40941862938,eolica,Puesta en servicio,RdT,,
12961.0,MEIRAMA 220,Galicia,A Coruña,Muxía,220.0,43.16911517999,-14.40941862938,fotovoltaica,Con permisos,RdD,7.0,7.0
12961.0,MEIRAMA 220,Galicia,A Coruña,Muxía,220.0,43.16911517999,-14.40941862938,fotovoltaica,Con permisos,RdT,,
12961.0,MEIRAMA 220,Galicia,A Coruña,Muxía,220.0,43.16911517999,-14.40941862938,otras,Puesta en servicio,RdD,7.01,9.71
12961.0,MEIRAMA 220,Galicia,A Coruña,Muxía,220.0,43.16911517999,-14.40941862938,otras,Puesta en servicio,RdT,71.26,71.26
13010.0,NARCEA 400,Galicia,A Coruña,Muxía,400.0,43.291791311275,-12.395310687841,almacenamiento,Con permisos,RdD,5.0,5.0
13010.0,NARCEA 400,Galicia,A Coruña,Muxía,400.0,43.291791311275,-12.395310687841,almacenamiento,Con permisos,RdT,,
13010.0,NARCEA 400,Galicia,A Coruña,Muxía,400.0,43.291791311275,-12.395310687841,fotovoltaica,Con permisos,RdD,6.0,6.0
13010.0,NARCEA 400,Galicia,A Coruña,Muxía,400.0,43.291791311275,-12.395310687841,fotovoltaica,Con permisos,RdT,,
13010.0,NARCEA 400,Galicia,A Coruña,Muxía,400.0,43.291791311275,-12.395310687841,fotovoltaica,En curso,RdD,27.0,32.0
13010.0,NARCEA 400,Galicia,A Coruña,Muxía,400.0,43.291791311275,-12.395310687841,fotovoltaica,En curso,RdT,,
13010.0,NARCEA 400,Galicia,A Coruña,Muxía,400.0,43.291791311275,-12.395310687841,hidraulica,Puesta en servicio,RdD,7.6,7.6
13010.0,NARCEA 400,Galicia,A Coruña,Muxía,400.0,43.291791311275,-12.395310687841,hidraulica,Puesta en servicio,RdT,,
13053.0,PESOZ 400,Galicia,A Coruña,Muxía,400.0,43.243057466552,-12.865870897747,almacenamiento,En curso,RdD,96.0,96.0
13053.0,PESOZ 400,Galicia,A Coruña,Muxía,400.0,43.243057466552,-12.865870897747,almacenamiento,En curso,RdT,,
13053.0,PESOZ 400,Galicia,A Coruña,Muxía,400.0,43.243057466552,-12.865870897747,bombeo,Con permisos,RdD,,
13053.0,PESOZ 400,Galicia,A Coruña,Muxía,400.0,43.243057466552,-12.865870897747,bombeo,Con permisos,RdT,247.0,265.0
13053.0,PESOZ 400,Galicia,A Coruña,Muxía,400.0,43.243057466552,-12.865870897747,eolica,Con permisos,RdD,219.0,226.0
13053.0,PESOZ 400,Galicia,A Coruña,Muxía,400.0,43.243057466552,-12.865870897747,eolica,Con permisos,RdT,315.0,315.0
13053.0,PESOZ 400,Galicia,A Coruña,Muxía,400.0,43.243057466552,-12.865870897747,eolica,En curso,RdD,32.0,32.0
13053.0,PESOZ 400,Galicia,A Coruña,Muxía,400.0,43.243057466552,-12.865870897747,eolica,En curso,RdT,,
13053.0,PESOZ 400,Galicia,A Coruña,Muxía,400.0,43.243057466552,-12.865870897747,eolica,Puesta en servicio,RdD,147.04,147.04
13053.0,PESOZ 400,Galicia,A Coruña,Muxía,400.0,43.243057466552,-12.865870897747,eolica,Puesta en servicio,RdT,,
13053.0,PESOZ 400,Galicia,A Coruña,Muxía,400.0,43.243057466552,-12.865870897747,hidraulica,Puesta en servicio,RdD,157.24,157.24
13053.0,PESOZ 400,Galicia,A Coruña,Muxía,400.0,43.243057466552,-12.865870897747,hidraulica,Puesta en servicio,RdT,,
13090.0,PUENTES G.R. 400,Galicia,A Coruña,Muxía,400.0,43.439475057323,-13.860666851003,almacenamiento,Con permisos,RdD,,
13090.0,PUENTES G.R. 400,Galicia,A Coruña,Muxía,400.0,43.439475057323,-13.860666851003,almacenamiento,Con permisos,RdT,,28.0
13090.0,PUENTES G.R. 400,Galicia,A Coruña,Muxía,400.0,43.439475057323,-13.860666851003,eolica,Con permisos,RdD,88.0,93.0
13090.0,PUENTES G.R. 400,Galicia,A Coruña,Muxía,400.0,43.439475057323,-13.860666851003,eolica,Con permisos,RdT,377.0,490.0
13090.0,PUENTES G.R. 400,Galicia,A Coruña,Muxía,400.0,43.439475057323,-13.860666851003,eolica,En curso,RdD,47.3,47.3
13090.0,PUENTES G.R. 400,Galicia,A Coruña,Muxía,400.0,43.439475057323,-13.860666851003,eolica,En curso,RdT,,
13090.0,PUENTES G.R. 400,Galicia,A Coruña,Muxía,400.0,43.439475057323,-13.860666851003,eolica,Puesta en servicio,RdD,516.24,516.24
13090.0,PUENTES G.R. 400,Galicia,A Coruña,Muxía,400.0,43.439475057323,-13.860666851003,eolica,Puesta en servicio,RdT,,
13090.0,PUENTES G.R. 400,Galicia,A Coruña,Muxía,400.0,43.439475057323,-13.860666851003,fotovoltaica,Puesta en servicio,RdD,3.4,3.54
13090.0,PUENTES G.R. 400,Galicia,A Coruña,Muxía,400.0,43.439475057323,-13.860666851003,fotovoltaica,Puesta en servicio,RdT,,
13090.0,PUENTES G.R. 400,Galicia,A Coruña,Muxía,400.0,43.439475057323,-13.860666851003,hibridacion,Con permisos,RdD,,
13090.0,PUENTES G.R. 400,Galicia,A Coruña,Muxía,400.0,43.439475057323,-13.860666851003,hibridacion,Con permisos,RdT,113.0,
13090.0,PUENTES G.R. 400,Galicia,A Coruña,Muxía,400.0,43.439475057323,-13.860666851003,hidraulica,Puesta en servicio,RdD,70.63,70.63
13090.0,PUENTES G.R. 400,Galicia,A Coruña,Muxía,400.0,43.439475057323,-13.860666851003,hidraulica,Puesta en servicio,RdT,,
13090.0,PUENTES G.R. 400,Galicia,A Coruña,Muxía,400.0,43.439475057323,-13.860666851003,otras,Puesta en servicio,RdD,176.85,176.85
13090.0,PUENTES G.R. 400,Galicia,A Coruña,Muxía,400.0,43.439475057323,-13.860666851003,otras,Puesta en servicio,RdT,834.79,1555.67
13188.0,SABON 220,Galicia,A Coruña,Muxía,220.0,43.329329307472,-14.500776301423,almacenamiento,Con permisos,RdD,26.0,26.0
13188.0,SABON 220,Galicia,A Coruña,Muxía,220.0,43.329329307472,-14.500776301423,almacenamiento,Con permisos,RdT,,
13188.0,SABON 220,Galicia,A Coruña,Muxía,220.0,43.329329307472,-14.500776301423,eolica,Con permisos,RdD,65.0,67.0
13188.0,SABON 220,Galicia,A Coruña,Muxía,220.0,43.329329307472,-14.500776301423,eolica,Con permisos,RdT,,
13188.0,SABON 220,Galicia,A Coruña,Muxía,220.0,43.329329307472,-14.500776301423,eolica,Puesta en servicio,RdD,2.85,2.85
13188.0,SABON 220,Galicia,A Coruña,Muxía,220.0,43.329329307472,-14.500776301423,eolica,Puesta en servicio,RdT,,
13188.0,SABON 220,Galicia,A Coruña,Muxía,220.0,43.329329307472,-14.500776301423,fotovoltaica,Con permisos,RdD,1.0,1.0
13188.0,SABON 220,Galicia,A Coruña,Muxía,220.0,43.329329307472,-14.500776301423,fotovoltaica,Con permisos,RdT,,
13188.0,SABON 220,Galicia,A Coruña,Muxía,220.0,43.329329307472,-14.500776301423,fotovoltaica,Puesta en servicio,RdD,,2.4
13188.0,SABON 220,Galicia,A Coruña,Muxía,220.0,43.329329307472,-14.500776301423,fotovoltaica,Puesta en servicio,RdT,,
13188.0,SABON 220,Galicia,A Coruña,Muxía,220.0,43.329329307472,-14.500776301423,hibridacion,Puesta en servicio,RdD,5.25,
13188.0,SABON 220,Galicia,A Coruña,Muxía,220.0,43.329329307472,-14.500776301423,hibridacion,Puesta en servicio,RdT,,
13188.0,SABON 220,Galicia,A Coruña,Muxía,220.0,43.329329307472,-14.500776301423,hidraulica,Puesta en servicio,RdD,25.6,25.6
13188.0,SABON 220,Galicia,A Coruña,Muxía,220.0,43.329329307472,-14.500776301423,hidraulica,Puesta en servicio,RdT,,
13188.0,SABON 220,Galicia,A Coruña,Muxía,220.0,43.329329307472,-14.500776301423,otras,Con permisos,RdD,8.0,8.0
13188.0,SABON 220,Galicia,A Coruña,Muxía,220.0,43.329329307472,-14.500776301423,otras,Con permisos,RdT,,
13188.0,SABON 220,Galicia,A Coruña,Muxía,220.0,43.329329307472,-14.500776301423,otras,En curso,RdD,,
13188.0,SABON 220,Galicia,A Coruña,Muxía,220.0,43.329329307472,-14.500776301423,otras,En curso,RdT,382.27,391.31
13188.0,SABON 220,Galicia,A Coruña,Muxía,220.0,43.329329307472,-14.500776301423,otras,Puesta en servicio,RdD,56.45,60.55
13188.0,SABON 220,Galicia,A Coruña,Muxía,220.0,43.329329307472,-14.500776301423,otras,Puesta en servicio,RdT,382.27,391.31
13194.0,SALAS 400,Galicia,A Coruña,Muxía,400.0,43.366346033985,-12.302067383822,eolica,Con permisos,RdD,11.0,11.0
13194.0,SALAS 400,Galicia,A Coruña,Muxía,400.0,43.366346033985,-12.302067383822,eolica,Con permisos,RdT,,
13194.0,SALAS 400,Galicia,A Coruña,Muxía,400.0,43.366346033985,-12.302067383822,eolica,Puesta en servicio,RdD,246.47,246.47
13194.0,SALAS 400,Galicia,A Coruña,Muxía,400.0,43.366346033985,-12.302067383822,eolica,Puesta en servicio,RdT,,
13194.0,SALAS 400,Galicia,A Coruña,Muxía,400.0,43.366346033985,-12.302067383822,hidraulica,Puesta en servicio,RdD,202.03,202.03
13194.0,SALAS 400,Galicia,A Coruña,Muxía,400.0,43.366346033985,-12.302067383822,hidraulica,Puesta en servicio,RdT,,
13194.0,SALAS 400,Galicia,A Coruña,Muxía,400.0,43.366346033985,-12.302067383822,otras,Puesta en servicio,RdD,107.05,116.41
13194.0,SALAS 400,Galicia,A Coruña,Muxía,400.0,43.366346033985,-12.302067383822,otras,Puesta en servicio,RdT,,
13303.0,MESON D.V. 400,Galicia,A Coruña,Muxía,400.0,43.167450641861,-14.355964503985,otras,Puesta en servicio,RdD,20.0,20.0
13303.0,MESON D.V. 400,Galicia,A Coruña,Muxía,400.0,43.167450641861,-14.355964503985,otras,Puesta en servicio,RdT,,
13346.0,MESON D.V. 220,Galicia,A Coruña,Muxía,220.0,43.167450641861,-14.355964503985,eolica,Con permisos,RdD,,
13346.0,MESON D.V. 220,Galicia,A Coruña,Muxía,220.0,43.167450641861,-14.355964503985,eolica,Con permisos,RdT,435.0,439.0
13346.0,MESON D.V. 220,Galicia,A Coruña,Muxía,220.0,43.167450641861,-14.355964503985,fotovoltaica,Con permisos,RdD,2.0,2.0
13346.0,MESON D.V. 220,Galicia,A Coruña,Muxía,220.0,43.167450641861,-14.355964503985,fotovoltaica,Con permisos,RdT,,
13346.0,MESON D.V. 220,Galicia,A Coruña,Muxía,220.0,43.167450641861,-14.355964503985,fotovoltaica,Puesta en servicio,RdD,,2.45
13346.0,MESON D.V. 220,Galicia,A Coruña,Muxía,220.0,43.167450641861,-14.355964503985,fotovoltaica,Puesta en servicio,RdT,,
13346.0,MESON D.V. 220,Galicia,A Coruña,Muxía,220.0,43.167450641861,-14.355964503985,hibridacion,Puesta en servicio,RdD,6.55,
13346.0,MESON D.V. 220,Galicia,A Coruña,Muxía,220.0,43.167450641861,-14.355964503985,hibridacion,Puesta en servicio,RdT,,
13346.0,MESON D.V. 220,Galicia,A Coruña,Muxía,220.0,43.167450641861,-14.355964503985,hidraulica,Puesta en servicio,RdD,3.2,3.2
13346.0,MESON D.V. 220,Galicia,A Coruña,Muxía,220.0,43.167450641861,-14.355964503985,hidraulica,Puesta en servicio,RdT,,68.7
13346.0,MESON D.V. 220,Galicia,A Coruña,Muxía,220.0,43.167450641861,-14.355964503985,otras,Puesta en servicio,RdD,,4.1
13346.0,MESON D.V. 220,Galicia,A Coruña,Muxía,220.0,43.167450641861,-14.355964503985,otras,Puesta en servicio,RdT,,
6916.0,ALDEADAVILA 220,Galicia,Pontevedra,"Guarda, A",220.0,41.207701625051,-12.67849814708,hidraulica,Puesta en servicio,RdD,,
6916.0,ALDEADAVILA 220,Galicia,Pontevedra,"Guarda, A",220.0,41.207701625051,-12.67849814708,hidraulica,Puesta en servicio,RdT,732.9,797.94
6917.0,ALDEADAVILA 400,Galicia,Pontevedra,"Guarda, A",400.0,41.207701625051,-12.67849814708,bombeo,Puesta en servicio,RdD,,
6917.0,ALDEADAVILA 400,Galicia,Pontevedra,"Guarda, A",400.0,41.207701625051,-12.67849814708,bombeo,Puesta en servicio,RdT,428.0,428.49
6956.0,SAUCELLE 220,Galicia,Pontevedra,"Guarda, A",220.0,41.043477756207,-12.806849634546,fotovoltaica,Con permisos,RdD,6.0,6.0
6956.0,SAUCELLE 220,Galicia,Pontevedra,"Guarda, A",220.0,41.043477756207,-12.806849634546,fotovoltaica,Con permisos,RdT,,
6956.0,SAUCELLE 220,Galicia,Pontevedra,"Guarda, A",220.0,41.043477756207,-12.806849634546,fotovoltaica,Puesta en servicio,RdD,6.4,11.35
6956.0,SAUCELLE 220,Galicia,Pontevedra,"Guarda, A",220.0,41.043477756207,-12.806849634546,fotovoltaica,Puesta en servicio,RdT,,
6956.0,SAUCELLE 220,Galicia,Pontevedra,"Guarda, A",220.0,41.043477756207,-12.806849634546,hibridacion,Puesta en servicio,RdD,4.61,
6956.0,SAUCELLE 220,Galicia,Pontevedra,"Guarda, A",220.0,41.043477756207,-12.806849634546,hibridacion,Puesta en servicio,RdT,,
6956.0,SAUCELLE 220,Galicia,Pontevedra,"Guarda, A",220.0,41.043477756207,-12.806849634546,hidraulica,Con permisos,RdD,4.0,4.0
6956.0,SAUCELLE 220,Galicia,Pontevedra,"Guarda, A",220.0,41.043477756207,-12.806849634546,hidraulica,Con permisos,RdT,,
6956.0,SAUCELLE 220,Galicia,Pontevedra,"Guarda, A",220.0,41.043477756207,-12.806849634546,hidraulica,Puesta en servicio,RdD,5.0,9.61
6956.0,SAUCELLE 220,Galicia,Pontevedra,"Guarda, A",220.0,41.043477756207,-12.806849634546,hidraulica,Puesta en servicio,RdT,240.0,249.88
6965.0,VILLALCAMPO 220,Galicia,Pontevedra,"Guarda, A",220.0,41.490972503584,-12.089266942517,eolica,En curso,RdD,36.0,36.0
6965.0,VILLALCAMPO 220,Galicia,Pontevedra,"Guarda, A",220.0,41.490972503584,-12.089266942517,eolica,En curso,RdT,,
6965.0,VILLALCAMPO 220,Galicia,Pontevedra,"Guarda, A",220.0,41.490972503584,-12.089266942517,hidraulica,Puesta en servicio,RdD,,
6965.0,VILLALCAMPO 220,Galicia,Pontevedra,"Guarda, A",220.0,41.490972503584,-12.089266942517,hidraulica,Puesta en servicio,RdT,299.8,313.81
6968.0,VILLARINO 220,Galicia,Pontevedra,"Guarda, A",220.0,41.255316955546,-12.488219792831,bombeo,Puesta en servicio,RdD,,
6968.0,VILLARINO 220,Galicia,Pontevedra,"Guarda, A",220.0,41.255316955546,-12.488219792831,bombeo,Puesta en servicio,RdT,810.0,850.88
6968.0,VILLARINO 220,Galicia,Pontevedra,"Guarda, A",220.0,41.255316955546,-12.488219792831,fotovoltaica,Con permisos,RdD,,
6968.0,VILLARINO 220,Galicia,Pontevedra,"Guarda, A",220.0,41.255316955546,-12.488219792831,fotovoltaica,Con permisos,RdT,11.0,12.0
6968.0,VILLARINO 220,Galicia,Pontevedra,"Guarda, A",220.0,41.255316955546,-12.488219792831,fotovoltaica,Puesta en servicio,RdD,82.52,88.1
6968.0,VILLARINO 220,Galicia,Pontevedra,"Guarda, A",220.0,41.255316955546,-12.488219792831,fotovoltaica,Puesta en servicio,RdT,200.0,221.0
6981.0,CACERES 220,Galicia,Pontevedra,"Guarda, A",220.0,39.479163407106,-12.356914363895,almacenamiento,Con permisos,RdD,,10.0
6981.0,CACERES 220,Galicia,Pontevedra,"Guarda, A",220.0,39.479163407106,-12.356914363895,almacenamiento,Con permisos,RdT,,
6981.0,CACERES 220,Galicia,Pontevedra,"Guarda, A",220.0,39.479163407106,-12.356914363895,fotovoltaica,Con permisos,RdD,165.0,182.0
6981.0,CACERES 220,Galicia,Pontevedra,"Guarda, A",220.0,39.479163407106,-12.356914363895,fotovoltaica,Con permisos,RdT,,
6981.0,CACERES 220,Galicia,Pontevedra,"Guarda, A",220.0,39.479163407106,-12.356914363895,fotovoltaica,En curso,RdD,49.0,53.16
6981.0,CACERES 220,Galicia,Pontevedra,"Guarda, A",220.0,39.479163407106,-12.356914363895,fotovoltaica,En curso,RdT,,
6981.0,CACERES 220,Galicia,Pontevedra,"Guarda, A",220.0,39.479163407106,-12.356914363895,fotovoltaica,Puesta en servicio,RdD,54.18,74.2
6981.0,CACERES 220,Galicia,Pontevedra,"Guarda, A",220.0,39.479163407106,-12.356914363895,fotovoltaica,Puesta en servicio,RdT,,
6981.0,CACERES 220,Galicia,Pontevedra,"Guarda, A",220.0,39.479163407106,-12.356914363895,hibridacion,Puesta en servicio,RdD,18.51,
6981.0,CACERES 220,Galicia,Pontevedra,"Guarda, A",220.0,39.479163407106,-12.356914363895,hibridacion,Puesta en servicio,RdT,,
6981.0,CACERES 220,Galicia,Pontevedra,"Guarda, A",220.0,39.479163407106,-12.356914363895,hidraulica,Puesta en servicio,RdD,1.48,1.48
6981.0,CACERES 220,Galicia,Pontevedra,"Guarda, A",220.0,39.479163407106,-12.356914363895,hidraulica,Puesta en servicio,RdT,,
6981.0,CACERES 220,Galicia,Pontevedra,"Guarda, A",220.0,39.479163407106,-12.356914363895,otras,Puesta en servicio,RdD,15.0,15.0
6981.0,CACERES 220,Galicia,Pontevedra,"Guarda, A",220.0,39.479163407106,-12.356914363895,otras,Puesta en servicio,RdT,,
6982.0,CAÑAVERAL 400,Galicia,Pontevedra,"Guarda, A",400.0,39.799362146689,-12.361075017427,almacenamiento,Con permisos,RdD,,
6982.0,CAÑAVERAL 400,Galicia,Pontevedra,"Guarda, A",400.0,39.799362146689,-12.361075017427,almacenamiento,Con permisos,RdT,,46.0
6982.0,CAÑAVERAL 400,Galicia,Pontevedra,"Guarda, A",400.0,39.799362146689,-12.361075017427,eolica,Con permisos,RdD,,
6982.0,CAÑAVERAL 400,Galicia,Pontevedra,"Guarda, A",400.0,39.799362146689,-12.361075017427,eolica,Con permisos,RdT,33.0,33.0
6982.0,CAÑAVERAL 400,Galicia,Pontevedra,"Guarda, A",400.0,39.799362146689,-12.361075017427,fotovoltaica,Puesta en servicio,RdD,,
6982.0,CAÑAVERAL 400,Galicia,Pontevedra,"Guarda, A",400.0,39.799362146689,-12.361075017427,fotovoltaica,Puesta en servicio,RdT,243.9,341.32
6982.0,CAÑAVERAL 400,Galicia,Pontevedra,"Guarda, A",400.0,39.799362146689,-12.361075017427,hibridacion,Puesta en servicio,RdD,,
6982.0,CAÑAVERAL 400,Galicia,Pontevedra,"Guarda, A",400.0,39.799362146689,-12.361075017427,hibridacion,Puesta en servicio,RdT,61.69,
12684.0,CEDILLO 400,Galicia,Pontevedra,"Guarda, A",400.0,39.664242209679,-13.533234773269,almacenamiento,Con permisos,RdD,,
12684.0,CEDILLO 400,Galicia,Pontevedra,"Guarda, A",400.0,39.664242209679,-13.533234773269,almacenamiento,Con permisos,RdT,,275.0
12684.0,CEDILLO 400,Galicia,Pontevedra,"Guarda, A",400.0,39.664242209679,-13.533234773269,fotovoltaica,Con permisos,RdD,,
12684.0,CEDILLO 400,Galicia,Pontevedra,"Guarda, A",400.0,39.664242209679,-13.533234773269,fotovoltaica,Con permisos,RdT,,86.0
12684.0,CEDILLO 400,Galicia,Pontevedra,"Guarda, A",400.0,39.664242209679,-13.533234773269,fotovoltaica,Puesta en servicio,RdD,,
12684.0,CEDILLO 400,Galicia,Pontevedra,"Guarda, A",400.0,39.664242209679,-13.533234773269,fotovoltaica,Puesta en servicio,RdT,,379.58
12684.0,CEDILLO 400,Galicia,Pontevedra,"Guarda, A",400.0,39.664242209679,-13.533234773269,hibridacion,Con permisos,RdD,,
12684.0,CEDILLO 400,Galicia,Pontevedra,"Guarda, A",400.0,39.664242209679,-13.533234773269,hibridacion,Con permisos,RdT,473.0,
12684.0,CEDILLO 400,Galicia,Pontevedra,"Guarda, A",400.0,39.664242209679,-13.533234773269,hibridacion,Puesta en servicio,RdD,,
12684.0,CEDILLO 400,Galicia,Pontevedra,"Guarda, A",400.0,39.664242209679,-13.533234773269,hibridacion,Puesta en servicio,RdT,343.0,
12684.0,CEDILLO 400,Galicia,Pontevedra,"Guarda, A",400.0,39.664242209679,-13.533234773269,hidraulica,Con permisos,RdD,,
12684.0,CEDILLO 400,Galicia,Pontevedra,"Guarda, A",400.0,39.664242209679,-13.533234773269,hidraulica,Con permisos,RdT,,495.0
12704.0,CIUDAD RODRIGO 400,Galicia,Pontevedra,"Guarda, A",400.0,40.641939161101,-12.55067768671,almacenamiento,Con permisos,RdD,,
12704.0,CIUDAD RODRIGO 400,Galicia,Pontevedra,"Guarda, A",400.0,40.641939161101,-12.55067768671,almacenamiento,Con permisos,RdT,,238.0
12704.0,CIUDAD RODRIGO 400,Galicia,Pontevedra,"Guarda, A",400.0,40.641939161101,-12.55067768671,fotovoltaica,Con permisos,RdD,,
12704.0,CIUDAD RODRIGO 400,Galicia,Pontevedra,"Guarda, A",400.0,40.641939161101,-12.55067768671,fotovoltaica,Con permisos,RdT,33.0,140.0
12704.0,CIUDAD RODRIGO 400,Galicia,Pontevedra,"Guarda, A",400.0,40.641939161101,-12.55067768671,fotovoltaica,Puesta en servicio,RdD,,
12704.0,CIUDAD RODRIGO 400,Galicia,Pontevedra,"Guarda, A",400.0,40.641939161101,-12.55067768671,fotovoltaica,Puesta en servicio,RdT,,268.09
12704.0,CIUDAD RODRIGO 400,Galicia,Pontevedra,"Guarda, A",400.0,40.641939161101,-12.55067768671,hibridacion,Con permisos,RdD,,
12704.0,CIUDAD RODRIGO 400,Galicia,Pontevedra,"Guarda, A",400.0,40.641939161101,-12.55067768671,hibridacion,Con permisos,RdT,16.0,
12704.0,CIUDAD RODRIGO 400,Galicia,Pontevedra,"Guarda, A",400.0,40.641939161101,-12.55067768671,hibridacion,Puesta en servicio,RdD,,
12704.0,CIUDAD RODRIGO 400,Galicia,Pontevedra,"Guarda, A",400.0,40.641939161101,-12.55067768671,hibridacion,Puesta en servicio,RdT,236.0,
12832.0,HINOJOSA 400,Galicia,Pontevedra,"Guarda, A",400.0,41.017204137669,-12.733412466908,hidraulica,Puesta en servicio,RdD,,
12832.0,HINOJOSA 400,Galicia,Pontevedra,"Guarda, A",400.0,41.017204137669,-12.733412466908,hidraulica,Puesta en servicio,RdT,285.0,271.9
12917.0,LOS ARENALES 220,Galicia,Pontevedra,"Guarda, A",220.0,39.506693551338,-12.425098724089,almacenamiento,Con permisos,RdD,,
12917.0,LOS ARENALES 220,Galicia,Pontevedra,"Guarda, A",220.0,39.506693551338,-12.425098724089,almacenamiento,Con permisos,RdT,,294.0
12917.0,LOS ARENALES 220,Galicia,Pontevedra,"Guarda, A",220.0,39.506693551338,-12.425098724089,almacenamiento,Puesta en servicio,RdD,,
12917.0,LOS ARENALES 220,Galicia,Pontevedra,"Guarda, A",220.0,39.506693551338,-12.425098724089,almacenamiento,Puesta en servicio,RdT,,2.0
12917.0,LOS ARENALES 220,Galicia,Pontevedra,"Guarda, A",220.0,39.506693551338,-12.425098724089,fotovoltaica,En curso,RdD,34.98,35.8
12917.0,LOS ARENALES 220,Galicia,Pontevedra,"Guarda, A",220.0,39.506693551338,-12.425098724089,fotovoltaica,En curso,RdT,,
12917.0,LOS ARENALES 220,Galicia,Pontevedra,"Guarda, A",220.0,39.506693551338,-12.425098724089,fotovoltaica,Puesta en servicio,RdD,,
12917.0,LOS ARENALES 220,Galicia,Pontevedra,"Guarda, A",220.0,39.506693551338,-12.425098724089,fotovoltaica,Puesta en servicio,RdT,,363.73
12917.0,LOS ARENALES 220,Galicia,Pontevedra,"Guarda, A",220.0,39.506693551338,-12.425098724089,hibridacion,Puesta en servicio,RdD,,
12917.0,LOS ARENALES 220,Galicia,Pontevedra,"Guarda, A",220.0,39.506693551338,-12.425098724089,hibridacion,Puesta en servicio,RdT,212.0,
13066.0,PLASENCIA 220,Galicia,Pontevedra,"Guarda, A",220.0,40.022413846513,-12.094581335424,almacenamiento,Con permisos,RdD,,38.0
13066.0,PLASENCIA 220,Galicia,Pontevedra,"Guarda, A",220.0,40.022413846513,-12.094581335424,almacenamiento,Con permisos,RdT,,
13066.0,PLASENCIA 220,Galicia,Pontevedra,"Guarda, A",220.0,40.022413846513,-12.094581335424,bombeo,Puesta en servicio,RdD,,
13066.0,PLASENCIA 220,Galicia,Pontevedra,"Guarda, A",220.0,40.022413846513,-12.094581335424,bombeo,Puesta en servicio,RdT,162.8,162.61
13066.0,PLASENCIA 220,Galicia,Pontevedra,"Guarda, A",220.0,40.022413846513,-12.094581335424,eolica,Puesta en servicio,RdD,49.28,49.28
13066.0,PLASENCIA 220,Galicia,Pontevedra,"Guarda, A",220.0,40.022413846513,-12.094581335424,eolica,Puesta en servicio,RdT,49.5,49.5
13066.0,PLASENCIA 220,Galicia,Pontevedra,"Guarda, A",220.0,40.022413846513,-12.094581335424,fotovoltaica,Puesta en servicio,RdD,102.04,143.96
13066.0,PLASENCIA 220,Galicia,Pontevedra,"Guarda, A",220.0,40.022413846513,-12.094581335424,fotovoltaica,Puesta en servicio,RdT,22.79,25.6
13066.0,PLASENCIA 220,Galicia,Pontevedra,"Guarda, A",220.0,40.022413846513,-12.094581335424,hibridacion,Puesta en servicio,RdD,38.7,
13066.0,PLASENCIA 220,Galicia,Pontevedra,"Guarda, A",220.0,40.022413846513,-12.094581335424,hibridacion,Puesta en servicio,RdT,,
13066.0,PLASENCIA 220,Galicia,Pontevedra,"Guarda, A",220.0,40.022413846513,-12.094581335424,hidraulica,Puesta en servicio,RdD,4.31,4.31
13066.0,PLASENCIA 220,Galicia,Pontevedra,"Guarda, A",220.0,40.022413846513,-12.094581335424,hidraulica,Puesta en servicio,RdT,,
13323.0,J.M.ORIOL 400,Galicia,Pontevedra,"Guarda, A",400.0,39.724375327137,-12.877505249688,almacenamiento,Con permisos,RdD,,
13323.0,J.M.ORIOL 400,Galicia,Pontevedra,"Guarda, A",400.0,39.724375327137,-12.877505249688,almacenamiento,Con permisos,RdT,,165.0
13323.0,J.M.ORIOL 400,Galicia,Pontevedra,"Guarda, A",400.0,39.724375327137,-12.877505249688,bombeo,Con permisos,RdD,,
13323.0,J.M.ORIOL 400,Galicia,Pontevedra,"Guarda, A",400.0,39.724375327137,-12.877505249688,bombeo,Con permisos,RdT,440.0,440.0
13323.0,J.M.ORIOL 400,Galicia,Pontevedra,"Guarda, A",400.0,39.724375327137,-12.877505249688,fotovoltaica,Puesta en servicio,RdD,,
13323.0,J.M.ORIOL 400,Galicia,Pontevedra,"Guarda, A",400.0,39.724375327137,-12.877505249688,fotovoltaica,Puesta en servicio,RdT,,494.93
13323.0,J.M.ORIOL 400,Galicia,Pontevedra,"Guarda, A",400.0,39.724375327137,-12.877505249688,hibridacion,Puesta en servicio,RdD,,
13323.0,J.M.ORIOL 400,Galicia,Pontevedra,"Guarda, A",400.0,39.724375327137,-12.877505249688,hibridacion,Puesta en servicio,RdT,473.0,
13323.0,J.M.ORIOL 400,Galicia,Pontevedra,"Guarda, A",400.0,39.724375327137,-12.877505249688,hidraulica,Puesta en servicio,RdD,,
13323.0,J.M.ORIOL 400,Galicia,Pontevedra,"Guarda, A",400.0,39.724375327137,-12.877505249688,hidraulica,Puesta en servicio,RdT,953.32,953.32
13398.0,J.M.ORIOL 220,Galicia,Pontevedra,"Guarda, A",220.0,39.724375327137,-12.877505249688,almacenamiento,Con permisos,RdD,,
13398.0,J.M.ORIOL 220,Galicia,Pontevedra,"Guarda, A",220.0,39.724375327137,-12.877505249688,almacenamiento,Con permisos,RdT,,205.0
13398.0,J.M.ORIOL 220,Galicia,Pontevedra,"Guarda, A",220.0,39.724375327137,-12.877505249688,fotovoltaica,Con permisos,RdD,25.0,28.0
13398.0,J.M.ORIOL 220,Galicia,Pontevedra,"Guarda, A",220.0,39.724375327137,-12.877505249688,fotovoltaica,Con permisos,RdT,,
13398.0,J.M.ORIOL 220,Galicia,Pontevedra,"Guarda, A",220.0,39.724375327137,-12.877505249688,fotovoltaica,En curso,RdD,99.92,129.93
13398.0,J.M.ORIOL 220,Galicia,Pontevedra,"Guarda, A",220.0,39.724375327137,-12.877505249688,fotovoltaica,En curso,RdT,,
13398.0,J.M.ORIOL 220,Galicia,Pontevedra,"Guarda, A",220.0,39.724375327137,-12.877505249688,fotovoltaica,Puesta en servicio,RdD,7.0,7.0
13398.0,J.M.ORIOL 220,Galicia,Pontevedra,"Guarda, A",220.0,39.724375327137,-12.877505249688,fotovoltaica,Puesta en servicio,RdT,,273.38
13398.0,J.M.ORIOL 220,Galicia,Pontevedra,"Guarda, A",220.0,39.724375327137,-12.877505249688,hibridacion,Puesta en servicio,RdD,,
13398.0,J.M.ORIOL 220,Galicia,Pontevedra,"Guarda, A",220.0,39.724375327137,-12.877505249688,hibridacion,Puesta en servicio,RdT,226.0,
12754.0,EL SEQUERO 220,La Rioja,La Rioja,Arrúbal,220.0,42.417386042706,-2.2524230843781,almacenamiento,Con permisos,RdD,,
12754.0,EL SEQUERO 220,La Rioja,La Rioja,Arrúbal,220.0,42.417386042706,-2.2524230843781,almacenamiento,Con permisos,RdT,,20.0
12754.0,EL SEQUERO 220,La Rioja,La Rioja,Arrúbal,220.0,42.417386042706,-2.2524230843781,eolica,En curso,RdD,24.0,24.0
12754.0,EL SEQUERO 220,La Rioja,La Rioja,Arrúbal,220.0,42.417386042706,-2.2524230843781,eolica,En curso,RdT,258.0,262.4
12754.0,EL SEQUERO 220,La Rioja,La Rioja,Arrúbal,220.0,42.417386042706,-2.2524230843781,eolica,Puesta en servicio,RdD,65.5,65.5
12754.0,EL SEQUERO 220,La Rioja,La Rioja,Arrúbal,220.0,42.417386042706,-2.2524230843781,eolica,Puesta en servicio,RdT,157.25,157.25
12754.0,EL SEQUERO 220,La Rioja,La Rioja,Arrúbal,220.0,42.417386042706,-2.2524230843781,fotovoltaica,Con permisos,RdD,64.0,71.0
12754.0,EL SEQUERO 220,La Rioja,La Rioja,Arrúbal,220.0,42.417386042706,-2.2524230843781,fotovoltaica,Con permisos,RdT,,32.0
12754.0,EL SEQUERO 220,La Rioja,La Rioja,Arrúbal,220.0,42.417386042706,-2.2524230843781,fotovoltaica,En curso,RdD,23.5,26.4
12754.0,EL SEQUERO 220,La Rioja,La Rioja,Arrúbal,220.0,42.417386042706,-2.2524230843781,fotovoltaica,En curso,RdT,100.0,100.0
12754.0,EL SEQUERO 220,La Rioja,La Rioja,Arrúbal,220.0,42.417386042706,-2.2524230843781,fotovoltaica,Puesta en servicio,RdD,11.66,11.79
12754.0,EL SEQUERO 220,La Rioja,La Rioja,Arrúbal,220.0,42.417386042706,-2.2524230843781,fotovoltaica,Puesta en servicio,RdT,25.0,32.01
12754.0,EL SEQUERO 220,La Rioja,La Rioja,Arrúbal,220.0,42.417386042706,-2.2524230843781,hibridacion,Con permisos,RdD,,
12754.0,EL SEQUERO 220,La Rioja,La Rioja,Arrúbal,220.0,42.417386042706,-2.2524230843781,hibridacion,Con permisos,RdT,25.0,
12754.0,EL SEQUERO 220,La Rioja,La Rioja,Arrúbal,220.0,42.417386042706,-2.2524230843781,hidraulica,Puesta en servicio,RdD,3.94,3.94
12754.0,EL SEQUERO 220,La Rioja,La Rioja,Arrúbal,220.0,42.417386042706,-2.2524230843781,hidraulica,Puesta en servicio,RdT,,
12754.0,EL SEQUERO 220,La Rioja,La Rioja,Arrúbal,220.0,42.417386042706,-2.2524230843781,otras,Puesta en servicio,RdD,2.19,2.19
12754.0,EL SEQUERO 220,La Rioja,La Rioja,Arrúbal,220.0,42.417386042706,-2.2524230843781,otras,Puesta en servicio,RdT,,
12824.0,HARO 220,La Rioja,La Rioja,Haro,220.0,42.568273785081,-2.8851832392069,almacenamiento,En curso,RdD,,
12824.0,HARO 220,La Rioja,La Rioja,Haro,220.0,42.568273785081,-2.8851832392069,almacenamiento,En curso,RdT,138.0,147.99
12824.0,HARO 220,La Rioja,La Rioja,Haro,220.0,42.568273785081,-2.8851832392069,eolica,En curso,RdD,31.8,31.8
12824.0,HARO 220,La Rioja,La Rioja,Haro,220.0,42.568273785081,-2.8851832392069,eolica,En curso,RdT,105.5,105.5
12824.0,HARO 220,La Rioja,La Rioja,Haro,220.0,42.568273785081,-2.8851832392069,fotovoltaica,Con permisos,RdD,,
12824.0,HARO 220,La Rioja,La Rioja,Haro,220.0,42.568273785081,-2.8851832392069,fotovoltaica,Con permisos,RdT,30.0,38.0
12824.0,HARO 220,La Rioja,La Rioja,Haro,220.0,42.568273785081,-2.8851832392069,fotovoltaica,Puesta en servicio,RdD,,
12824.0,HARO 220,La Rioja,La Rioja,Haro,220.0,42.568273785081,-2.8851832392069,fotovoltaica,Puesta en servicio,RdT,250.89,306.82
12915.0,LOGROÑO 220,La Rioja,La Rioja,Logroño,220.0,42.458061903302,-2.4909167607592,almacenamiento,En curso,RdD,4.95,4.95
12915.0,LOGROÑO 220,La Rioja,La Rioja,Logroño,220.0,42.458061903302,-2.4909167607592,almacenamiento,En curso,RdT,,
12915.0,LOGROÑO 220,La Rioja,La Rioja,Logroño,220.0,42.458061903302,-2.4909167607592,eolica,En curso,RdD,58.2,59.88
12915.0,LOGROÑO 220,La Rioja,La Rioja,Logroño,220.0,42.458061903302,-2.4909167607592,eolica,En curso,RdT,,
12915.0,LOGROÑO 220,La Rioja,La Rioja,Logroño,220.0,42.458061903302,-2.4909167607592,fotovoltaica,Puesta en servicio,RdD,42.63,42.63
12915.0,LOGROÑO 220,La Rioja,La Rioja,Logroño,220.0,42.458061903302,-2.4909167607592,fotovoltaica,Puesta en servicio,RdT,,
12915.0,LOGROÑO 220,La Rioja,La Rioja,Logroño,220.0,42.458061903302,-2.4909167607592,hibridacion,Puesta en servicio,RdD,4.52,
12915.0,LOGROÑO 220,La Rioja,La Rioja,Logroño,220.0,42.458061903302,-2.4909167607592,hibridacion,Puesta en servicio,RdT,,
12915.0,LOGROÑO 220,La Rioja,La Rioja,Logroño,220.0,42.458061903302,-2.4909167607592,hidraulica,Puesta en servicio,RdD,35.59,35.59
12915.0,LOGROÑO 220,La Rioja,La Rioja,Logroño,220.0,42.458061903302,-2.4909167607592,hidraulica,Puesta en servicio,RdT,,
12915.0,LOGROÑO 220,La Rioja,La Rioja,Logroño,220.0,42.458061903302,-2.4909167607592,otras,Puesta en servicio,RdD,13.61,17.23
12915.0,LOGROÑO 220,La Rioja,La Rioja,Logroño,220.0,42.458061903302,-2.4909167607592,otras,Puesta en servicio,RdT,,
13102.0,QUEL 220,La Rioja,La Rioja,Quel,220.0,42.278211527643,-2.0186642322233,almacenamiento,Con permisos,RdD,,
13102.0,QUEL 220,La Rioja,La Rioja,Quel,220.0,42.278211527643,-2.0186642322233,almacenamiento,Con permisos,RdT,,5.0
13102.0,QUEL 220,La Rioja,La Rioja,Quel,220.0,42.278211527643,-2.0186642322233,eolica,Con permisos,RdD,10.0,10.0
13102.0,QUEL 220,La Rioja,La Rioja,Quel,220.0,42.278211527643,-2.0186642322233,eolica,Con permisos,RdT,,
13102.0,QUEL 220,La Rioja,La Rioja,Quel,220.0,42.278211527643,-2.0186642322233,eolica,En curso,RdD,33.49,34.99
13102.0,QUEL 220,La Rioja,La Rioja,Quel,220.0,42.278211527643,-2.0186642322233,eolica,En curso,RdT,,
13102.0,QUEL 220,La Rioja,La Rioja,Quel,220.0,42.278211527643,-2.0186642322233,eolica,Puesta en servicio,RdD,29.37,29.37
13102.0,QUEL 220,La Rioja,La Rioja,Quel,220.0,42.278211527643,-2.0186642322233,eolica,Puesta en servicio,RdT,146.1,186.6
13102.0,QUEL 220,La Rioja,La Rioja,Quel,220.0,42.278211527643,-2.0186642322233,fotovoltaica,Con permisos,RdD,17.0,18.0
13102.0,QUEL 220,La Rioja,La Rioja,Quel,220.0,42.278211527643,-2.0186642322233,fotovoltaica,Con permisos,RdT,,16.0
13102.0,QUEL 220,La Rioja,La Rioja,Quel,220.0,42.278211527643,-2.0186642322233,fotovoltaica,En curso,RdD,30.0,38.16
13102.0,QUEL 220,La Rioja,La Rioja,Quel,220.0,42.278211527643,-2.0186642322233,fotovoltaica,En curso,RdT,,
13102.0,QUEL 220,La Rioja,La Rioja,Quel,220.0,42.278211527643,-2.0186642322233,fotovoltaica,Puesta en servicio,RdD,58.9,60.1
13102.0,QUEL 220,La Rioja,La Rioja,Quel,220.0,42.278211527643,-2.0186642322233,fotovoltaica,Puesta en servicio,RdT,,
13102.0,QUEL 220,La Rioja,La Rioja,Quel,220.0,42.278211527643,-2.0186642322233,hibridacion,Puesta en servicio,RdD,,
13102.0,QUEL 220,La Rioja,La Rioja,Quel,220.0,42.278211527643,-2.0186642322233,hibridacion,Puesta en servicio,RdT,40.5,
13102.0,QUEL 220,La Rioja,La Rioja,Quel,220.0,42.278211527643,-2.0186642322233,hidraulica,Puesta en servicio,RdD,16.68,16.68
13102.0,QUEL 220,La Rioja,La Rioja,Quel,220.0,42.278211527643,-2.0186642322233,hidraulica,Puesta en servicio,RdT,,
13102.0,QUEL 220,La Rioja,La Rioja,Quel,220.0,42.278211527643,-2.0186642322233,otras,Puesta en servicio,RdD,16.71,16.71
13102.0,QUEL 220,La Rioja,La Rioja,Quel,220.0,42.278211527643,-2.0186642322233,otras,Puesta en servicio,RdT,,
7207.0,SANTA ENGRACIA 400,La Rioja,La Rioja,Santa Engracia del Jubera,400.0,42.347560825749,-2.2634854547296,fotovoltaica,Con permisos,RdD,,
7207.0,SANTA ENGRACIA 400,La Rioja,La Rioja,Santa Engracia del Jubera,400.0,42.347560825749,-2.2634854547296,fotovoltaica,Con permisos,RdT,225.0,250.0
7207.0,SANTA ENGRACIA 400,La Rioja,La Rioja,Santa Engracia del Jubera,400.0,42.347560825749,-2.2634854547296,otras,Con permisos,RdD,,
7207.0,SANTA ENGRACIA 400,La Rioja,La Rioja,Santa Engracia del Jubera,400.0,42.347560825749,-2.2634854547296,otras,Con permisos,RdT,,400.0
7207.0,SANTA ENGRACIA 400,La Rioja,La Rioja,Santa Engracia del Jubera,400.0,42.347560825749,-2.2634854547296,otras,Puesta en servicio,RdD,,
7207.0,SANTA ENGRACIA 400,La Rioja,La Rioja,Santa Engracia del Jubera,400.0,42.347560825749,-2.2634854547296,otras,Puesta en servicio,RdT,784.7,1589.28
12664.0,SANTA ENGRACIA 220,La Rioja,La Rioja,Santa Engracia del Jubera,220.0,42.347560825749,-2.2634854547296,almacenamiento,Con permisos,RdD,,
12664.0,SANTA ENGRACIA 220,La Rioja,La Rioja,Santa Engracia del Jubera,220.0,42.347560825749,-2.2634854547296,almacenamiento,Con permisos,RdT,,46.0
12664.0,SANTA ENGRACIA 220,La Rioja,La Rioja,Santa Engracia del Jubera,220.0,42.347560825749,-2.2634854547296,eolica,Puesta en servicio,RdD,,
12664.0,SANTA ENGRACIA 220,La Rioja,La Rioja,Santa Engracia del Jubera,220.0,42.347560825749,-2.2634854547296,eolica,Puesta en servicio,RdT,63.8,63.8
12664.0,SANTA ENGRACIA 220,La Rioja,La Rioja,Santa Engracia del Jubera,220.0,42.347560825749,-2.2634854547296,fotovoltaica,Con permisos,RdD,,
12664.0,SANTA ENGRACIA 220,La Rioja,La Rioja,Santa Engracia del Jubera,220.0,42.347560825749,-2.2634854547296,fotovoltaica,Con permisos,RdT,43.0,99.0
12664.0,SANTA ENGRACIA 220,La Rioja,La Rioja,Santa Engracia del Jubera,220.0,42.347560825749,-2.2634854547296,hibridacion,Con permisos,RdD,,
12664.0,SANTA ENGRACIA 220,La Rioja,La Rioja,Santa Engracia del Jubera,220.0,42.347560825749,-2.2634854547296,hibridacion,Con permisos,RdT,40.0,
7133.0,AENA 220,Madrid,Madrid,Alcobendas,220.0,40.509656790555,-3.5978670205579,fotovoltaica,Con permisos,RdD,,
7133.0,AENA 220,Madrid,Madrid,Alcobendas,220.0,40.509656790555,-3.5978670205579,fotovoltaica,Con permisos,RdT,45.0,45.0
7133.0,AENA 220,Madrid,Madrid,Alcobendas,220.0,40.509656790555,-3.5978670205579,fotovoltaica,Puesta en servicio,RdD,,
7133.0,AENA 220,Madrid,Madrid,Alcobendas,220.0,40.509656790555,-3.5978670205579,fotovoltaica,Puesta en servicio,RdT,120.0,121.0
7133.0,AENA 220,Madrid,Madrid,Alcobendas,220.0,40.509656790555,-3.5978670205579,otras,Puesta en servicio,RdD,33.0,33.0
7133.0,AENA 220,Madrid,Madrid,Alcobendas,220.0,40.509656790555,-3.5978670205579,otras,Puesta en servicio,RdT,,
7325.0,ARROYO DE LA VEGA 220,Madrid,Madrid,Alcobendas,220.0,40.536015865685,-3.5966544348268,almacenamiento,Con permisos,RdD,,
7325.0,ARROYO DE LA VEGA 220,Madrid,Madrid,Alcobendas,220.0,40.536015865685,-3.5966544348268,almacenamiento,Con permisos,RdT,,230.0
7325.0,ARROYO DE LA VEGA 220,Madrid,Madrid,Alcobendas,220.0,40.536015865685,-3.5966544348268,fotovoltaica,Con permisos,RdD,1.0,1.0
7325.0,ARROYO DE LA VEGA 220,Madrid,Madrid,Alcobendas,220.0,40.536015865685,-3.5966544348268,fotovoltaica,Con permisos,RdT,,164.0
7325.0,ARROYO DE LA VEGA 220,Madrid,Madrid,Alcobendas,220.0,40.536015865685,-3.5966544348268,hibridacion,Con permisos,RdD,,
7325.0,ARROYO DE LA VEGA 220,Madrid,Madrid,Alcobendas,220.0,40.536015865685,-3.5966544348268,hibridacion,Con permisos,RdT,250.0,
7310.0,ALGETE 220,Madrid,Madrid,Algete,220.0,40.592767857149,-3.5520250041522,fotovoltaica,En curso,RdD,40.0,40.0
7310.0,ALGETE 220,Madrid,Madrid,Algete,220.0,40.592767857149,-3.5520250041522,fotovoltaica,En curso,RdT,49.9,49.9
7256.0,ANCHUELO 400,Madrid,Madrid,Anchuelo,400.0,40.464874822961,-3.2966944954531,almacenamiento,Con permisos,RdD,,
7256.0,ANCHUELO 400,Madrid,Madrid,Anchuelo,400.0,40.464874822961,-3.2966944954531,almacenamiento,Con permisos,RdT,,108.0
7256.0,ANCHUELO 400,Madrid,Madrid,Anchuelo,400.0,40.464874822961,-3.2966944954531,fotovoltaica,Con permisos,RdD,,
7256.0,ANCHUELO 400,Madrid,Madrid,Anchuelo,400.0,40.464874822961,-3.2966944954531,fotovoltaica,Con permisos,RdT,137.0,648.0
7256.0,ANCHUELO 400,Madrid,Madrid,Anchuelo,400.0,40.464874822961,-3.2966944954531,hibridacion,Con permisos,RdD,,
7256.0,ANCHUELO 400,Madrid,Madrid,Anchuelo,400.0,40.464874822961,-3.2966944954531,hibridacion,Con permisos,RdT,274.0,
12580.0,ANCHUELO 220,Madrid,Madrid,Anchuelo,220.0,40.464874822961,-3.2966944954531,fotovoltaica,Con permisos,RdD,,
12580.0,ANCHUELO 220,Madrid,Madrid,Anchuelo,220.0,40.464874822961,-3.2966944954531,fotovoltaica,Con permisos,RdT,115.0,119.0
12580.0,ANCHUELO 220,Madrid,Madrid,Anchuelo,220.0,40.464874822961,-3.2966944954531,fotovoltaica,En curso,RdD,,
12580.0,ANCHUELO 220,Madrid,Madrid,Anchuelo,220.0,40.464874822961,-3.2966944954531,fotovoltaica,En curso,RdT,52.0,52.0
7272.0,ARGANDA 220,Madrid,Madrid,Arganda del Rey,220.0,40.302014482594,-3.4592199092053,almacenamiento,Con permisos,RdD,40.0,44.0
7272.0,ARGANDA 220,Madrid,Madrid,Arganda del Rey,220.0,40.302014482594,-3.4592199092053,almacenamiento,Con permisos,RdT,,372.0
7272.0,ARGANDA 220,Madrid,Madrid,Arganda del Rey,220.0,40.302014482594,-3.4592199092053,fotovoltaica,Con permisos,RdD,10.0,10.0
7272.0,ARGANDA 220,Madrid,Madrid,Arganda del Rey,220.0,40.302014482594,-3.4592199092053,fotovoltaica,Con permisos,RdT,,448.0
7272.0,ARGANDA 220,Madrid,Madrid,Arganda del Rey,220.0,40.302014482594,-3.4592199092053,hibridacion,Con permisos,RdD,,
7272.0,ARGANDA 220,Madrid,Madrid,Arganda del Rey,220.0,40.302014482594,-3.4592199092053,hibridacion,Con permisos,RdT,353.0,
7289.0,BOADILLA 220,Madrid,Madrid,Boadilla del Monte,220.0,40.407646960454,-3.9088786486564,almacenamiento,En curso,RdD,15.0,15.0
7289.0,BOADILLA 220,Madrid,Madrid,Boadilla del Monte,220.0,40.407646960454,-3.9088786486564,almacenamiento,En curso,RdT,35.0,35.0
7289.0,BOADILLA 220,Madrid,Madrid,Boadilla del Monte,220.0,40.407646960454,-3.9088786486564,fotovoltaica,Con permisos,RdD,1.0,1.0
7289.0,BOADILLA 220,Madrid,Madrid,Boadilla del Monte,220.0,40.407646960454,-3.9088786486564,fotovoltaica,Con permisos,RdT,,
12716.0,COSLADA 220,Madrid,Madrid,Coslada,220.0,40.421997079827,-3.5756151048397,fotovoltaica,Con permisos,RdD,5.0,5.0
12716.0,COSLADA 220,Madrid,Madrid,Coslada,220.0,40.421997079827,-3.5756151048397,fotovoltaica,Con permisos,RdT,,
12716.0,COSLADA 220,Madrid,Madrid,Coslada,220.0,40.421997079827,-3.5756151048397,otras,Puesta en servicio,RdD,2.0,2.0
12716.0,COSLADA 220,Madrid,Madrid,Coslada,220.0,40.421997079827,-3.5756151048397,otras,Puesta en servicio,RdT,,
12722.0,DAGANZO 220,Madrid,Madrid,Daganzo de Arriba,220.0,40.553760472047,-3.4788420307051,almacenamiento,Con permisos,RdD,,10.0
12722.0,DAGANZO 220,Madrid,Madrid,Daganzo de Arriba,220.0,40.553760472047,-3.4788420307051,almacenamiento,Con permisos,RdT,,80.0
12722.0,DAGANZO 220,Madrid,Madrid,Daganzo de Arriba,220.0,40.553760472047,-3.4788420307051,eolica,Con permisos,RdD,,5.0
12722.0,DAGANZO 220,Madrid,Madrid,Daganzo de Arriba,220.0,40.553760472047,-3.4788420307051,eolica,Con permisos,RdT,,
12722.0,DAGANZO 220,Madrid,Madrid,Daganzo de Arriba,220.0,40.553760472047,-3.4788420307051,fotovoltaica,Con permisos,RdD,,5.0
12722.0,DAGANZO 220,Madrid,Madrid,Daganzo de Arriba,220.0,40.553760472047,-3.4788420307051,fotovoltaica,Con permisos,RdT,54.0,240.0
12722.0,DAGANZO 220,Madrid,Madrid,Daganzo de Arriba,220.0,40.553760472047,-3.4788420307051,fotovoltaica,Puesta en servicio,RdD,1.98,1.98
12722.0,DAGANZO 220,Madrid,Madrid,Daganzo de Arriba,220.0,40.553760472047,-3.4788420307051,fotovoltaica,Puesta en servicio,RdT,,
12722.0,DAGANZO 220,Madrid,Madrid,Daganzo de Arriba,220.0,40.553760472047,-3.4788420307051,hibridacion,Con permisos,RdD,9.0,
12722.0,DAGANZO 220,Madrid,Madrid,Daganzo de Arriba,220.0,40.553760472047,-3.4788420307051,hibridacion,Con permisos,RdT,120.0,
7281.0,CAMINO FREGACEDOS 220,Madrid,Madrid,Fuenlabrada,220.0,40.291515716493,-3.8169904288123,almacenamiento,En curso,RdD,19.9,19.9
7281.0,CAMINO FREGACEDOS 220,Madrid,Madrid,Fuenlabrada,220.0,40.291515716493,-3.8169904288123,almacenamiento,En curso,RdT,,
12782.0,FUENLABRADA 220,Madrid,Madrid,Fuenlabrada,220.0,40.276599755207,-3.7817081608559,almacenamiento,Con permisos,RdD,,
12782.0,FUENLABRADA 220,Madrid,Madrid,Fuenlabrada,220.0,40.276599755207,-3.7817081608559,almacenamiento,Con permisos,RdT,25.0,25.0
12782.0,FUENLABRADA 220,Madrid,Madrid,Fuenlabrada,220.0,40.276599755207,-3.7817081608559,almacenamiento,En curso,RdD,49.43,62.7
12782.0,FUENLABRADA 220,Madrid,Madrid,Fuenlabrada,220.0,40.276599755207,-3.7817081608559,almacenamiento,En curso,RdT,,
12782.0,FUENLABRADA 220,Madrid,Madrid,Fuenlabrada,220.0,40.276599755207,-3.7817081608559,fotovoltaica,En curso,RdD,,
12782.0,FUENLABRADA 220,Madrid,Madrid,Fuenlabrada,220.0,40.276599755207,-3.7817081608559,fotovoltaica,En curso,RdT,75.0,75.0
12782.0,FUENLABRADA 220,Madrid,Madrid,Fuenlabrada,220.0,40.276599755207,-3.7817081608559,otras,Con permisos,RdD,,
12782.0,FUENLABRADA 220,Madrid,Madrid,Fuenlabrada,220.0,40.276599755207,-3.7817081608559,otras,Con permisos,RdT,8.0,8.0
12782.0,FUENLABRADA 220,Madrid,Madrid,Fuenlabrada,220.0,40.276599755207,-3.7817081608559,otras,En curso,RdD,,
12782.0,FUENLABRADA 220,Madrid,Madrid,Fuenlabrada,220.0,40.276599755207,-3.7817081608559,otras,En curso,RdT,1.0,1.0
12782.0,FUENLABRADA 220,Madrid,Madrid,Fuenlabrada,220.0,40.276599755207,-3.7817081608559,otras,Puesta en servicio,RdD,,
12782.0,FUENLABRADA 220,Madrid,Madrid,Fuenlabrada,220.0,40.276599755207,-3.7817081608559,otras,Puesta en servicio,RdT,38.47,38.47
13079.0,PRADO SANTO DOMINGO 220,Madrid,Madrid,Fuenlabrada,220.0,40.325518311725,-3.8382158468161,almacenamiento,En curso,RdD,7.48,10.0
13079.0,PRADO SANTO DOMINGO 220,Madrid,Madrid,Fuenlabrada,220.0,40.325518311725,-3.8382158468161,almacenamiento,En curso,RdT,,
13079.0,PRADO SANTO DOMINGO 220,Madrid,Madrid,Fuenlabrada,220.0,40.325518311725,-3.8382158468161,fotovoltaica,Con permisos,RdD,,
13079.0,PRADO SANTO DOMINGO 220,Madrid,Madrid,Fuenlabrada,220.0,40.325518311725,-3.8382158468161,fotovoltaica,Con permisos,RdT,147.0,196.0
13079.0,PRADO SANTO DOMINGO 220,Madrid,Madrid,Fuenlabrada,220.0,40.325518311725,-3.8382158468161,fotovoltaica,En curso,RdD,,
13079.0,PRADO SANTO DOMINGO 220,Madrid,Madrid,Fuenlabrada,220.0,40.325518311725,-3.8382158468161,fotovoltaica,En curso,RdT,147.56,178.2
13079.0,PRADO SANTO DOMINGO 220,Madrid,Madrid,Fuenlabrada,220.0,40.325518311725,-3.8382158468161,otras,En curso,RdD,,
13079.0,PRADO SANTO DOMINGO 220,Madrid,Madrid,Fuenlabrada,220.0,40.325518311725,-3.8382158468161,otras,En curso,RdT,1.0,1.0
12787.0,GALAPAGAR 220,Madrid,Madrid,Galapagar,220.0,40.598573242314,-4.0048783118757,fotovoltaica,Con permisos,RdD,,
12787.0,GALAPAGAR 220,Madrid,Madrid,Galapagar,220.0,40.598573242314,-4.0048783118757,fotovoltaica,Con permisos,RdT,50.0,50.0
7285.0,BUENAVISTA 220,Madrid,Madrid,Getafe,220.0,40.310427270089,-3.7507057836659,almacenamiento,En curso,RdD,5.0,5.0
7285.0,BUENAVISTA 220,Madrid,Madrid,Getafe,220.0,40.310427270089,-3.7507057836659,almacenamiento,En curso,RdT,,
7285.0,BUENAVISTA 220,Madrid,Madrid,Getafe,220.0,40.310427270089,-3.7507057836659,fotovoltaica,Con permisos,RdD,3.0,3.0
7285.0,BUENAVISTA 220,Madrid,Madrid,Getafe,220.0,40.310427270089,-3.7507057836659,fotovoltaica,Con permisos,RdT,95.0,108.0
7285.0,BUENAVISTA 220,Madrid,Madrid,Getafe,220.0,40.310427270089,-3.7507057836659,otras,Con permisos,RdD,,
7285.0,BUENAVISTA 220,Madrid,Madrid,Getafe,220.0,40.310427270089,-3.7507057836659,otras,Con permisos,RdT,1.0,1.0
12798.0,GETAFE 220,Madrid,Madrid,Getafe,220.0,40.318623019602,-3.6908837640095,almacenamiento,Con permisos,RdD,31.0,54.0
12798.0,GETAFE 220,Madrid,Madrid,Getafe,220.0,40.318623019602,-3.6908837640095,almacenamiento,Con permisos,RdT,,
12798.0,GETAFE 220,Madrid,Madrid,Getafe,220.0,40.318623019602,-3.6908837640095,fotovoltaica,Con permisos,RdD,46.0,47.0
12798.0,GETAFE 220,Madrid,Madrid,Getafe,220.0,40.318623019602,-3.6908837640095,fotovoltaica,Con permisos,RdT,,
12798.0,GETAFE 220,Madrid,Madrid,Getafe,220.0,40.318623019602,-3.6908837640095,fotovoltaica,Puesta en servicio,RdD,4.44,4.44
12798.0,GETAFE 220,Madrid,Madrid,Getafe,220.0,40.318623019602,-3.6908837640095,fotovoltaica,Puesta en servicio,RdT,,
12798.0,GETAFE 220,Madrid,Madrid,Getafe,220.0,40.318623019602,-3.6908837640095,hidraulica,Puesta en servicio,RdD,0.18,0.18
12798.0,GETAFE 220,Madrid,Madrid,Getafe,220.0,40.318623019602,-3.6908837640095,hidraulica,Puesta en servicio,RdT,,
12798.0,GETAFE 220,Madrid,Madrid,Getafe,220.0,40.318623019602,-3.6908837640095,otras,Puesta en servicio,RdD,59.02,59.02
12798.0,GETAFE 220,Madrid,Madrid,Getafe,220.0,40.318623019602,-3.6908837640095,otras,Puesta en servicio,RdT,,
12905.0,LEGANES 220,Madrid,Madrid,Leganés,220.0,40.313760437824,-3.7771897565292,almacenamiento,Con permisos,RdD,,
12905.0,LEGANES 220,Madrid,Madrid,Leganés,220.0,40.313760437824,-3.7771897565292,almacenamiento,Con permisos,RdT,,110.0
12905.0,LEGANES 220,Madrid,Madrid,Leganés,220.0,40.313760437824,-3.7771897565292,almacenamiento,En curso,RdD,42.65,62.88
12905.0,LEGANES 220,Madrid,Madrid,Leganés,220.0,40.313760437824,-3.7771897565292,almacenamiento,En curso,RdT,,
12905.0,LEGANES 220,Madrid,Madrid,Leganés,220.0,40.313760437824,-3.7771897565292,fotovoltaica,Con permisos,RdD,,
12905.0,LEGANES 220,Madrid,Madrid,Leganés,220.0,40.313760437824,-3.7771897565292,fotovoltaica,Con permisos,RdT,303.0,593.0
12905.0,LEGANES 220,Madrid,Madrid,Leganés,220.0,40.313760437824,-3.7771897565292,hibridacion,Con permisos,RdD,,
12905.0,LEGANES 220,Madrid,Madrid,Leganés,220.0,40.313760437824,-3.7771897565292,hibridacion,Con permisos,RdT,176.0,
12905.0,LEGANES 220,Madrid,Madrid,Leganés,220.0,40.313760437824,-3.7771897565292,otras,Con permisos,RdD,,
12905.0,LEGANES 220,Madrid,Madrid,Leganés,220.0,40.313760437824,-3.7771897565292,otras,Con permisos,RdT,1.0,1.0
13394.0,FORTUNA 220,Madrid,Madrid,Leganés,220.0,40.347154201292,-3.7832894863131,almacenamiento,En curso,RdD,61.44,63.15
13394.0,FORTUNA 220,Madrid,Madrid,Leganés,220.0,40.347154201292,-3.7832894863131,almacenamiento,En curso,RdT,,
13394.0,FORTUNA 220,Madrid,Madrid,Leganés,220.0,40.347154201292,-3.7832894863131,fotovoltaica,Con permisos,RdD,,
13394.0,FORTUNA 220,Madrid,Madrid,Leganés,220.0,40.347154201292,-3.7832894863131,fotovoltaica,Con permisos,RdT,400.0,461.0
13394.0,FORTUNA 220,Madrid,Madrid,Leganés,220.0,40.347154201292,-3.7832894863131,fotovoltaica,En curso,RdD,,
13394.0,FORTUNA 220,Madrid,Madrid,Leganés,220.0,40.347154201292,-3.7832894863131,fotovoltaica,En curso,RdT,325.0,368.82
12912.0,LOECHES 220,Madrid,Madrid,Loeches,220.0,40.387765146705,-3.4223267029702,fotovoltaica,Con permisos,RdD,280.0,344.0
12912.0,LOECHES 220,Madrid,Madrid,Loeches,220.0,40.387765146705,-3.4223267029702,fotovoltaica,Con permisos,RdT,,
12912.0,LOECHES 220,Madrid,Madrid,Loeches,220.0,40.387765146705,-3.4223267029702,fotovoltaica,Puesta en servicio,RdD,46.97,50.97
12912.0,LOECHES 220,Madrid,Madrid,Loeches,220.0,40.387765146705,-3.4223267029702,fotovoltaica,Puesta en servicio,RdT,,
12912.0,LOECHES 220,Madrid,Madrid,Loeches,220.0,40.387765146705,-3.4223267029702,hibridacion,Con permisos,RdD,21.0,
12912.0,LOECHES 220,Madrid,Madrid,Loeches,220.0,40.387765146705,-3.4223267029702,hibridacion,Con permisos,RdT,,
12912.0,LOECHES 220,Madrid,Madrid,Loeches,220.0,40.387765146705,-3.4223267029702,otras,Con permisos,RdD,1.0,23.0
12912.0,LOECHES 220,Madrid,Madrid,Loeches,220.0,40.387765146705,-3.4223267029702,otras,Con permisos,RdT,,
12912.0,LOECHES 220,Madrid,Madrid,Loeches,220.0,40.387765146705,-3.4223267029702,otras,Puesta en servicio,RdD,32.16,32.16
12912.0,LOECHES 220,Madrid,Madrid,Loeches,220.0,40.387765146705,-3.4223267029702,otras,Puesta en servicio,RdT,,
12913.0,LOECHES 400,Madrid,Madrid,Loeches,400.0,40.387765146705,-3.4223267029702,fotovoltaica,Con permisos,RdD,,
12913.0,LOECHES 400,Madrid,Madrid,Loeches,400.0,40.387765146705,-3.4223267029702,fotovoltaica,Con permisos,RdT,907.0,1967.0
7153.0,VALLECAS 220,Madrid,Madrid,Madrid,220.0,40.388796554146,-3.6201289959901,fotovoltaica,Con permisos,RdD,2.0,2.0
7153.0,VALLECAS 220,Madrid,Madrid,Madrid,220.0,40.388796554146,-3.6201289959901,fotovoltaica,Con permisos,RdT,,
7153.0,VALLECAS 220,Madrid,Madrid,Madrid,220.0,40.388796554146,-3.6201289959901,fotovoltaica,Puesta en servicio,RdD,1.75,2.06
7153.0,VALLECAS 220,Madrid,Madrid,Madrid,220.0,40.388796554146,-3.6201289959901,fotovoltaica,Puesta en servicio,RdT,,
7153.0,VALLECAS 220,Madrid,Madrid,Madrid,220.0,40.388796554146,-3.6201289959901,otras,Puesta en servicio,RdD,35.87,35.87
7153.0,VALLECAS 220,Madrid,Madrid,Madrid,220.0,40.388796554146,-3.6201289959901,otras,Puesta en servicio,RdT,,
7154.0,VENTAS DEL BATAN 220,Madrid,Madrid,Madrid,220.0,40.400735855546,-3.7610118610465,almacenamiento,En curso,RdD,9.9,9.9
7154.0,VENTAS DEL BATAN 220,Madrid,Madrid,Madrid,220.0,40.400735855546,-3.7610118610465,almacenamiento,En curso,RdT,,
7155.0,VILLAVERDE 220,Madrid,Madrid,Madrid,220.0,40.341387252696,-3.6688761600222,otras,Puesta en servicio,RdD,18.0,18.0
7155.0,VILLAVERDE 220,Madrid,Madrid,Madrid,220.0,40.341387252696,-3.6688761600222,otras,Puesta en servicio,RdT,,
7270.0,AGUACATE 220,Madrid,Madrid,Madrid,220.0,40.364870978706,-3.7482780619024,almacenamiento,Con permisos,RdD,30.0,30.0
7270.0,AGUACATE 220,Madrid,Madrid,Madrid,220.0,40.364870978706,-3.7482780619024,almacenamiento,Con permisos,RdT,,
7277.0,SIMANCAS 220,Madrid,Madrid,Madrid,220.0,40.436190559244,-3.6282861148117,fotovoltaica,Puesta en servicio,RdD,0.31,0.33
7277.0,SIMANCAS 220,Madrid,Madrid,Madrid,220.0,40.436190559244,-3.6282861148117,fotovoltaica,Puesta en servicio,RdT,,
7342.0,ARAVACA 220,Madrid,Madrid,Madrid,220.0,40.464407998091,-3.8063832451093,almacenamiento,Con permisos,RdD,30.0,30.0
7342.0,ARAVACA 220,Madrid,Madrid,Madrid,220.0,40.464407998091,-3.8063832451093,almacenamiento,Con permisos,RdT,,
7353.0,CANILLEJAS 220,Madrid,Madrid,Madrid,220.0,40.43446955211,-3.6144400959878,almacenamiento,Con permisos,RdD,35.0,35.0
7353.0,CANILLEJAS 220,Madrid,Madrid,Madrid,220.0,40.43446955211,-3.6144400959878,almacenamiento,Con permisos,RdT,,
7353.0,CANILLEJAS 220,Madrid,Madrid,Madrid,220.0,40.43446955211,-3.6144400959878,otras,Puesta en servicio,RdD,2.25,2.25
7353.0,CANILLEJAS 220,Madrid,Madrid,Madrid,220.0,40.43446955211,-3.6144400959878,otras,Puesta en servicio,RdT,,
12701.0,CISNEROS 220,Madrid,Madrid,Madrid,220.0,40.438678274669,-3.70310569876,fotovoltaica,Con permisos,RdD,,
12701.0,CISNEROS 220,Madrid,Madrid,Madrid,220.0,40.438678274669,-3.70310569876,fotovoltaica,Con permisos,RdT,45.0,45.0
12778.0,FUENCARRAL 220,Madrid,Madrid,Madrid,220.0,40.519065094972,-3.6716869745628,almacenamiento,En curso,RdD,85.0,85.0
12778.0,FUENCARRAL 220,Madrid,Madrid,Madrid,220.0,40.519065094972,-3.6716869745628,almacenamiento,En curso,RdT,,
12778.0,FUENCARRAL 220,Madrid,Madrid,Madrid,220.0,40.519065094972,-3.6716869745628,fotovoltaica,Con permisos,RdD,4.0,4.0
12778.0,FUENCARRAL 220,Madrid,Madrid,Madrid,220.0,40.519065094972,-3.6716869745628,fotovoltaica,Con permisos,RdT,424.0,515.0
12778.0,FUENCARRAL 220,Madrid,Madrid,Madrid,220.0,40.519065094972,-3.6716869745628,hidraulica,Puesta en servicio,RdD,13.2,13.2
12778.0,FUENCARRAL 220,Madrid,Madrid,Madrid,220.0,40.519065094972,-3.6716869745628,hidraulica,Puesta en servicio,RdT,,
12778.0,FUENCARRAL 220,Madrid,Madrid,Madrid,220.0,40.519065094972,-3.6716869745628,otras,Puesta en servicio,RdD,2.08,2.08
12778.0,FUENCARRAL 220,Madrid,Madrid,Madrid,220.0,40.519065094972,-3.6716869745628,otras,Puesta en servicio,RdT,,
12779.0,FUENCARRAL 400,Madrid,Madrid,Madrid,400.0,40.519065094972,-3.6716869745628,fotovoltaica,Con permisos,RdD,,
12779.0,FUENCARRAL 400,Madrid,Madrid,Madrid,400.0,40.519065094972,-3.6716869745628,fotovoltaica,Con permisos,RdT,300.0,361.0
12779.0,FUENCARRAL 400,Madrid,Madrid,Madrid,400.0,40.519065094972,-3.6716869745628,fotovoltaica,En curso,RdD,,
12779.0,FUENCARRAL 400,Madrid,Madrid,Madrid,400.0,40.519065094972,-3.6716869745628,fotovoltaica,En curso,RdT,300.0,361.4
12904.0,LA TORRECILLA 220,Madrid,Madrid,Madrid,220.0,40.318913473668,-3.6133778976339,almacenamiento,Con permisos,RdD,,
12904.0,LA TORRECILLA 220,Madrid,Madrid,Madrid,220.0,40.318913473668,-3.6133778976339,almacenamiento,Con permisos,RdT,149.0,149.0
12904.0,LA TORRECILLA 220,Madrid,Madrid,Madrid,220.0,40.318913473668,-3.6133778976339,fotovoltaica,Con permisos,RdD,,
12904.0,LA TORRECILLA 220,Madrid,Madrid,Madrid,220.0,40.318913473668,-3.6133778976339,fotovoltaica,Con permisos,RdT,110.0,220.0
12904.0,LA TORRECILLA 220,Madrid,Madrid,Madrid,220.0,40.318913473668,-3.6133778976339,otras,Puesta en servicio,RdD,,
12904.0,LA TORRECILLA 220,Madrid,Madrid,Madrid,220.0,40.318913473668,-3.6133778976339,otras,Puesta en servicio,RdT,24.13,24.13
12960.0,MEDIODIA 220,Madrid,Madrid,Madrid,220.0,40.406430040022,-3.6917063950909,otras,Puesta en servicio,RdD,1.27,1.27
12960.0,MEDIODIA 220,Madrid,Madrid,Madrid,220.0,40.406430040022,-3.6917063950909,otras,Puesta en servicio,RdT,,
12976.0,MIRASIERRA 220,Madrid,Madrid,Madrid,220.0,40.490934289184,-3.7180725746192,otras,Puesta en servicio,RdD,4.8,4.8
12976.0,MIRASIERRA 220,Madrid,Madrid,Madrid,220.0,40.490934289184,-3.7180725746192,otras,Puesta en servicio,RdT,,
13041.0,PARQUE INGENIEROS 220,Madrid,Madrid,Madrid,220.0,40.350236150114,-3.7023276767366,almacenamiento,Con permisos,RdD,30.0,30.0
13041.0,PARQUE INGENIEROS 220,Madrid,Madrid,Madrid,220.0,40.350236150114,-3.7023276767366,almacenamiento,Con permisos,RdT,,
13072.0,POLIGONO C 220,Madrid,Madrid,Madrid,220.0,40.379078294852,-3.7622957380469,almacenamiento,Con permisos,RdD,168.0,189.0
13072.0,POLIGONO C 220,Madrid,Madrid,Madrid,220.0,40.379078294852,-3.7622957380469,almacenamiento,Con permisos,RdT,,
13072.0,POLIGONO C 220,Madrid,Madrid,Madrid,220.0,40.379078294852,-3.7622957380469,fotovoltaica,Con permisos,RdD,19.0,21.0
13072.0,POLIGONO C 220,Madrid,Madrid,Madrid,220.0,40.379078294852,-3.7622957380469,fotovoltaica,Con permisos,RdT,,
13072.0,POLIGONO C 220,Madrid,Madrid,Madrid,220.0,40.379078294852,-3.7622957380469,otras,Puesta en servicio,RdD,5.81,5.81
13072.0,POLIGONO C 220,Madrid,Madrid,Madrid,220.0,40.379078294852,-3.7622957380469,otras,Puesta en servicio,RdT,,
13086.0,PUENTE PRINCESA 220,Madrid,Madrid,Madrid,220.0,40.383512215115,-3.6932769887145,almacenamiento,Con permisos,RdD,30.0,30.0
13086.0,PUENTE PRINCESA 220,Madrid,Madrid,Madrid,220.0,40.383512215115,-3.6932769887145,almacenamiento,Con permisos,RdT,,
13171.0,RETAMAR 220,Madrid,Madrid,Madrid,220.0,40.334816307753,-3.7225964787769,almacenamiento,En curso,RdD,27.0,30.0
13171.0,RETAMAR 220,Madrid,Madrid,Madrid,220.0,40.334816307753,-3.7225964787769,almacenamiento,En curso,RdT,,
13171.0,RETAMAR 220,Madrid,Madrid,Madrid,220.0,40.334816307753,-3.7225964787769,fotovoltaica,Con permisos,RdD,6.0,7.0
13171.0,RETAMAR 220,Madrid,Madrid,Madrid,220.0,40.334816307753,-3.7225964787769,fotovoltaica,Con permisos,RdT,,
13171.0,RETAMAR 220,Madrid,Madrid,Madrid,220.0,40.334816307753,-3.7225964787769,hibridacion,Con permisos,RdD,2.0,
13171.0,RETAMAR 220,Madrid,Madrid,Madrid,220.0,40.334816307753,-3.7225964787769,hibridacion,Con permisos,RdT,,
13171.0,RETAMAR 220,Madrid,Madrid,Madrid,220.0,40.334816307753,-3.7225964787769,otras,Con permisos,RdD,,2.0
13171.0,RETAMAR 220,Madrid,Madrid,Madrid,220.0,40.334816307753,-3.7225964787769,otras,Con permisos,RdT,,
13171.0,RETAMAR 220,Madrid,Madrid,Madrid,220.0,40.334816307753,-3.7225964787769,otras,Puesta en servicio,RdD,3.4,3.4
13171.0,RETAMAR 220,Madrid,Madrid,Madrid,220.0,40.334816307753,-3.7225964787769,otras,Puesta en servicio,RdT,,
13389.0,CERRO PLATA 220,Madrid,Madrid,Madrid,220.0,40.396776044841,-3.6764711973219,almacenamiento,Con permisos,RdD,30.0,30.0
13389.0,CERRO PLATA 220,Madrid,Madrid,Madrid,220.0,40.396776044841,-3.6764711973219,almacenamiento,Con permisos,RdT,,
13391.0,COMPLUTUM 220,Madrid,Madrid,Madrid,220.0,40.449594634121,-3.6055232192059,fotovoltaica,Con permisos,RdD,,
13391.0,COMPLUTUM 220,Madrid,Madrid,Madrid,220.0,40.449594634121,-3.6055232192059,fotovoltaica,Con permisos,RdT,226.0,286.0
7359.0,VALLE DEL ARCIPRESTE 220,Madrid,Madrid,Majadahonda,220.0,40.487821993565,-3.8942855253658,almacenamiento,Con permisos,RdD,30.0,35.0
7359.0,VALLE DEL ARCIPRESTE 220,Madrid,Madrid,Majadahonda,220.0,40.487821993565,-3.8942855253658,almacenamiento,Con permisos,RdT,,
7359.0,VALLE DEL ARCIPRESTE 220,Madrid,Madrid,Majadahonda,220.0,40.487821993565,-3.8942855253658,fotovoltaica,Con permisos,RdD,27.0,35.0
7359.0,VALLE DEL ARCIPRESTE 220,Madrid,Madrid,Majadahonda,220.0,40.487821993565,-3.8942855253658,fotovoltaica,Con permisos,RdT,,
12940.0,MAJADAHONDA 220,Madrid,Madrid,Majadahonda,220.0,40.448521532407,-3.8843172518996,almacenamiento,En curso,RdD,55.0,80.0
12940.0,MAJADAHONDA 220,Madrid,Madrid,Majadahonda,220.0,40.448521532407,-3.8843172518996,almacenamiento,En curso,RdT,,
12940.0,MAJADAHONDA 220,Madrid,Madrid,Majadahonda,220.0,40.448521532407,-3.8843172518996,fotovoltaica,Con permisos,RdD,6.0,6.0
12940.0,MAJADAHONDA 220,Madrid,Madrid,Majadahonda,220.0,40.448521532407,-3.8843172518996,fotovoltaica,Con permisos,RdT,,
12940.0,MAJADAHONDA 220,Madrid,Madrid,Majadahonda,220.0,40.448521532407,-3.8843172518996,fotovoltaica,Puesta en servicio,RdD,18.0,18.0
12940.0,MAJADAHONDA 220,Madrid,Madrid,Majadahonda,220.0,40.448521532407,-3.8843172518996,fotovoltaica,Puesta en servicio,RdT,,
12956.0,MECO 220,Madrid,Madrid,Meco,220.0,40.540402165599,-3.31416490956,eolica,Con permisos,RdD,4.0,4.0
12956.0,MECO 220,Madrid,Madrid,Meco,220.0,40.540402165599,-3.31416490956,eolica,Con permisos,RdT,,
12956.0,MECO 220,Madrid,Madrid,Meco,220.0,40.540402165599,-3.31416490956,eolica,Puesta en servicio,RdD,187.63,187.63
12956.0,MECO 220,Madrid,Madrid,Meco,220.0,40.540402165599,-3.31416490956,eolica,Puesta en servicio,RdT,,
12956.0,MECO 220,Madrid,Madrid,Meco,220.0,40.540402165599,-3.31416490956,fotovoltaica,Con permisos,RdD,169.0,200.0
12956.0,MECO 220,Madrid,Madrid,Meco,220.0,40.540402165599,-3.31416490956,fotovoltaica,Con permisos,RdT,,
12956.0,MECO 220,Madrid,Madrid,Meco,220.0,40.540402165599,-3.31416490956,fotovoltaica,Puesta en servicio,RdD,229.21,236.91
12956.0,MECO 220,Madrid,Madrid,Meco,220.0,40.540402165599,-3.31416490956,fotovoltaica,Puesta en servicio,RdT,,
12956.0,MECO 220,Madrid,Madrid,Meco,220.0,40.540402165599,-3.31416490956,otras,Puesta en servicio,RdD,26.81,26.81
12956.0,MECO 220,Madrid,Madrid,Meco,220.0,40.540402165599,-3.31416490956,otras,Puesta en servicio,RdT,,
12991.0,MORALEJA 220,Madrid,Madrid,Moraleja de Enmedio,220.0,40.260026311174,-3.8755278632283,almacenamiento,Con permisos,RdD,,
12991.0,MORALEJA 220,Madrid,Madrid,Moraleja de Enmedio,220.0,40.260026311174,-3.8755278632283,almacenamiento,Con permisos,RdT,,93.0
12991.0,MORALEJA 220,Madrid,Madrid,Moraleja de Enmedio,220.0,40.260026311174,-3.8755278632283,almacenamiento,En curso,RdD,103.65,103.65
12991.0,MORALEJA 220,Madrid,Madrid,Moraleja de Enmedio,220.0,40.260026311174,-3.8755278632283,almacenamiento,En curso,RdT,,
12991.0,MORALEJA 220,Madrid,Madrid,Moraleja de Enmedio,220.0,40.260026311174,-3.8755278632283,fotovoltaica,Con permisos,RdD,,
12991.0,MORALEJA 220,Madrid,Madrid,Moraleja de Enmedio,220.0,40.260026311174,-3.8755278632283,fotovoltaica,Con permisos,RdT,376.0,1095.0
12991.0,MORALEJA 220,Madrid,Madrid,Moraleja de Enmedio,220.0,40.260026311174,-3.8755278632283,fotovoltaica,En curso,RdD,48.36,69.5
12991.0,MORALEJA 220,Madrid,Madrid,Moraleja de Enmedio,220.0,40.260026311174,-3.8755278632283,fotovoltaica,En curso,RdT,4.3,4.99
12991.0,MORALEJA 220,Madrid,Madrid,Moraleja de Enmedio,220.0,40.260026311174,-3.8755278632283,hibridacion,Con permisos,RdD,,
12991.0,MORALEJA 220,Madrid,Madrid,Moraleja de Enmedio,220.0,40.260026311174,-3.8755278632283,hibridacion,Con permisos,RdT,93.0,
12991.0,MORALEJA 220,Madrid,Madrid,Moraleja de Enmedio,220.0,40.260026311174,-3.8755278632283,otras,Con permisos,RdD,81.0,
12991.0,MORALEJA 220,Madrid,Madrid,Moraleja de Enmedio,220.0,40.260026311174,-3.8755278632283,otras,Con permisos,RdT,,
12992.0,MORALEJA 400,Madrid,Madrid,Moraleja de Enmedio,400.0,40.260026311174,-3.8755278632283,fotovoltaica,Con permisos,RdD,,
12992.0,MORALEJA 400,Madrid,Madrid,Moraleja de Enmedio,400.0,40.260026311174,-3.8755278632283,fotovoltaica,Con permisos,RdT,160.0,173.0
12993.0,MORATA 220,Madrid,Madrid,Morata de Tajuña,220.0,40.255880087004,-3.4426559187319,fotovoltaica,Con permisos,RdD,56.0,78.0
12993.0,MORATA 220,Madrid,Madrid,Morata de Tajuña,220.0,40.255880087004,-3.4426559187319,fotovoltaica,Con permisos,RdT,312.0,343.0
12993.0,MORATA 220,Madrid,Madrid,Morata de Tajuña,220.0,40.255880087004,-3.4426559187319,fotovoltaica,En curso,RdD,,
12993.0,MORATA 220,Madrid,Madrid,Morata de Tajuña,220.0,40.255880087004,-3.4426559187319,fotovoltaica,En curso,RdT,249.87,271.59
12994.0,MORATA 400,Madrid,Madrid,Morata de Tajuña,400.0,40.255880087004,-3.4426559187319,fotovoltaica,Con permisos,RdD,,
12994.0,MORATA 400,Madrid,Madrid,Morata de Tajuña,400.0,40.255880087004,-3.4426559187319,fotovoltaica,Con permisos,RdT,436.0,620.0
12928.0,LUCERO 220,Madrid,Madrid,Móstoles,220.0,40.340865386345,-3.8835311503109,almacenamiento,En curso,RdD,54.99,64.91
12928.0,LUCERO 220,Madrid,Madrid,Móstoles,220.0,40.340865386345,-3.8835311503109,almacenamiento,En curso,RdT,,
12928.0,LUCERO 220,Madrid,Madrid,Móstoles,220.0,40.340865386345,-3.8835311503109,fotovoltaica,Con permisos,RdD,1.0,1.0
12928.0,LUCERO 220,Madrid,Madrid,Móstoles,220.0,40.340865386345,-3.8835311503109,fotovoltaica,Con permisos,RdT,217.0,259.0
12928.0,LUCERO 220,Madrid,Madrid,Móstoles,220.0,40.340865386345,-3.8835311503109,otras,Puesta en servicio,RdD,1.2,1.2
12928.0,LUCERO 220,Madrid,Madrid,Móstoles,220.0,40.340865386345,-3.8835311503109,otras,Puesta en servicio,RdT,,
13038.0,PARLA 220,Madrid,Madrid,Parla,220.0,40.222452922175,-3.7651427088369,almacenamiento,Con permisos,RdD,,
13038.0,PARLA 220,Madrid,Madrid,Parla,220.0,40.222452922175,-3.7651427088369,almacenamiento,Con permisos,RdT,,281.0
13038.0,PARLA 220,Madrid,Madrid,Parla,220.0,40.222452922175,-3.7651427088369,almacenamiento,En curso,RdD,19.8,20.0
13038.0,PARLA 220,Madrid,Madrid,Parla,220.0,40.222452922175,-3.7651427088369,almacenamiento,En curso,RdT,,
13038.0,PARLA 220,Madrid,Madrid,Parla,220.0,40.222452922175,-3.7651427088369,fotovoltaica,Con permisos,RdD,,
13038.0,PARLA 220,Madrid,Madrid,Parla,220.0,40.222452922175,-3.7651427088369,fotovoltaica,Con permisos,RdT,,439.0
13038.0,PARLA 220,Madrid,Madrid,Parla,220.0,40.222452922175,-3.7651427088369,fotovoltaica,En curso,RdD,14.84,15.46
13038.0,PARLA 220,Madrid,Madrid,Parla,220.0,40.222452922175,-3.7651427088369,fotovoltaica,En curso,RdT,0.5,0.5
13038.0,PARLA 220,Madrid,Madrid,Parla,220.0,40.222452922175,-3.7651427088369,hibridacion,Con permisos,RdD,,
13038.0,PARLA 220,Madrid,Madrid,Parla,220.0,40.222452922175,-3.7651427088369,hibridacion,Con permisos,RdT,284.0,
13063.0,PINTO 220,Madrid,Madrid,Pinto,220.0,40.253519691142,-3.7397234630494,almacenamiento,En curso,RdD,127.75,130.0
13063.0,PINTO 220,Madrid,Madrid,Pinto,220.0,40.253519691142,-3.7397234630494,almacenamiento,En curso,RdT,,
13063.0,PINTO 220,Madrid,Madrid,Pinto,220.0,40.253519691142,-3.7397234630494,fotovoltaica,Con permisos,RdD,4.0,4.0
13063.0,PINTO 220,Madrid,Madrid,Pinto,220.0,40.253519691142,-3.7397234630494,fotovoltaica,Con permisos,RdT,,
13063.0,PINTO 220,Madrid,Madrid,Pinto,220.0,40.253519691142,-3.7397234630494,fotovoltaica,En curso,RdD,35.23,35.38
13063.0,PINTO 220,Madrid,Madrid,Pinto,220.0,40.253519691142,-3.7397234630494,fotovoltaica,En curso,RdT,,
13063.0,PINTO 220,Madrid,Madrid,Pinto,220.0,40.253519691142,-3.7397234630494,fotovoltaica,Puesta en servicio,RdD,1.4,1.4
13063.0,PINTO 220,Madrid,Madrid,Pinto,220.0,40.253519691142,-3.7397234630494,fotovoltaica,Puesta en servicio,RdT,,
13063.0,PINTO 220,Madrid,Madrid,Pinto,220.0,40.253519691142,-3.7397234630494,otras,Con permisos,RdD,,
13063.0,PINTO 220,Madrid,Madrid,Pinto,220.0,40.253519691142,-3.7397234630494,otras,Con permisos,RdT,1.0,1.0
13063.0,PINTO 220,Madrid,Madrid,Pinto,220.0,40.253519691142,-3.7397234630494,otras,Puesta en servicio,RdD,1.02,1.02
13063.0,PINTO 220,Madrid,Madrid,Pinto,220.0,40.253519691142,-3.7397234630494,otras,Puesta en servicio,RdT,,
13064.0,PINTO AYUDEN 220,Madrid,Madrid,Pinto,220.0,40.263505558468,-3.7228641575512,fotovoltaica,Puesta en servicio,RdD,0.8,0.8
13064.0,PINTO AYUDEN 220,Madrid,Madrid,Pinto,220.0,40.263505558468,-3.7228641575512,fotovoltaica,Puesta en servicio,RdT,,
13064.0,PINTO AYUDEN 220,Madrid,Madrid,Pinto,220.0,40.263505558468,-3.7228641575512,otras,Con permisos,RdD,,
13064.0,PINTO AYUDEN 220,Madrid,Madrid,Pinto,220.0,40.263505558468,-3.7228641575512,otras,Con permisos,RdT,1.0,1.0
13207.0,SAN FERNANDO 400,Madrid,Madrid,San Fernando de Henares,400.0,40.443955856273,-3.5081734198572,fotovoltaica,Con permisos,RdD,,
13207.0,SAN FERNANDO 400,Madrid,Madrid,San Fernando de Henares,400.0,40.443955856273,-3.5081734198572,fotovoltaica,Con permisos,RdT,447.0,960.0
13405.0,PTE.SAN FERNANDO 220,Madrid,Madrid,San Fernando de Henares,220.0,40.449328011044,-3.5140798711307,almacenamiento,Con permisos,RdD,67.0,67.0
13405.0,PTE.SAN FERNANDO 220,Madrid,Madrid,San Fernando de Henares,220.0,40.449328011044,-3.5140798711307,almacenamiento,Con permisos,RdT,,
13405.0,PTE.SAN FERNANDO 220,Madrid,Madrid,San Fernando de Henares,220.0,40.449328011044,-3.5140798711307,almacenamiento,En curso,RdD,67.95,67.95
13405.0,PTE.SAN FERNANDO 220,Madrid,Madrid,San Fernando de Henares,220.0,40.449328011044,-3.5140798711307,almacenamiento,En curso,RdT,,
13405.0,PTE.SAN FERNANDO 220,Madrid,Madrid,San Fernando de Henares,220.0,40.449328011044,-3.5140798711307,fotovoltaica,Con permisos,RdD,77.0,81.0
13405.0,PTE.SAN FERNANDO 220,Madrid,Madrid,San Fernando de Henares,220.0,40.449328011044,-3.5140798711307,fotovoltaica,Con permisos,RdT,,
13405.0,PTE.SAN FERNANDO 220,Madrid,Madrid,San Fernando de Henares,220.0,40.449328011044,-3.5140798711307,fotovoltaica,Puesta en servicio,RdD,2.0,2.0
13405.0,PTE.SAN FERNANDO 220,Madrid,Madrid,San Fernando de Henares,220.0,40.449328011044,-3.5140798711307,fotovoltaica,Puesta en servicio,RdT,,
13405.0,PTE.SAN FERNANDO 220,Madrid,Madrid,San Fernando de Henares,220.0,40.449328011044,-3.5140798711307,otras,Puesta en servicio,RdD,11.64,11.64
13405.0,PTE.SAN FERNANDO 220,Madrid,Madrid,San Fernando de Henares,220.0,40.449328011044,-3.5140798711307,otras,Puesta en servicio,RdT,,
7134.0,ARDOZ 220,Madrid,Madrid,Torrejón de Ardoz,220.0,40.441524697301,-3.4829268381569,almacenamiento,Con permisos,RdD,,
7134.0,ARDOZ 220,Madrid,Madrid,Torrejón de Ardoz,220.0,40.441524697301,-3.4829268381569,almacenamiento,Con permisos,RdT,,10.0
7134.0,ARDOZ 220,Madrid,Madrid,Torrejón de Ardoz,220.0,40.441524697301,-3.4829268381569,fotovoltaica,Con permisos,RdD,6.0,6.0
7134.0,ARDOZ 220,Madrid,Madrid,Torrejón de Ardoz,220.0,40.441524697301,-3.4829268381569,fotovoltaica,Con permisos,RdT,322.0,436.0
7134.0,ARDOZ 220,Madrid,Madrid,Torrejón de Ardoz,220.0,40.441524697301,-3.4829268381569,fotovoltaica,En curso,RdD,68.6,68.6
7134.0,ARDOZ 220,Madrid,Madrid,Torrejón de Ardoz,220.0,40.441524697301,-3.4829268381569,fotovoltaica,En curso,RdT,,
7134.0,ARDOZ 220,Madrid,Madrid,Torrejón de Ardoz,220.0,40.441524697301,-3.4829268381569,hibridacion,Con permisos,RdD,,
7134.0,ARDOZ 220,Madrid,Madrid,Torrejón de Ardoz,220.0,40.441524697301,-3.4829268381569,hibridacion,Con permisos,RdT,40.0,
7228.0,TORREJON DE VELASCO 400,Madrid,Madrid,Torrejón de Velasco,400.0,40.176829408259,-3.7450378145081,almacenamiento,Con permisos,RdD,,
7228.0,TORREJON DE VELASCO 400,Madrid,Madrid,Torrejón de Velasco,400.0,40.176829408259,-3.7450378145081,almacenamiento,Con permisos,RdT,,43.0
7228.0,TORREJON DE VELASCO 400,Madrid,Madrid,Torrejón de Velasco,400.0,40.176829408259,-3.7450378145081,fotovoltaica,Con permisos,RdD,,
7228.0,TORREJON DE VELASCO 400,Madrid,Madrid,Torrejón de Velasco,400.0,40.176829408259,-3.7450378145081,fotovoltaica,Con permisos,RdT,128.0,270.0
7228.0,TORREJON DE VELASCO 400,Madrid,Madrid,Torrejón de Velasco,400.0,40.176829408259,-3.7450378145081,hibridacion,Con permisos,RdD,,
7228.0,TORREJON DE VELASCO 400,Madrid,Madrid,Torrejón de Velasco,400.0,40.176829408259,-3.7450378145081,hibridacion,Con permisos,RdT,81.0,
7151.0,TRES CANTOS 220,Madrid,Madrid,Tres Cantos,220.0,40.617334651783,-3.7047988083604,fotovoltaica,Con permisos,RdD,76.0,111.0
7151.0,TRES CANTOS 220,Madrid,Madrid,Tres Cantos,220.0,40.617334651783,-3.7047988083604,fotovoltaica,Con permisos,RdT,,
7151.0,TRES CANTOS 220,Madrid,Madrid,Tres Cantos,220.0,40.617334651783,-3.7047988083604,fotovoltaica,En curso,RdD,12.19,12.19
7151.0,TRES CANTOS 220,Madrid,Madrid,Tres Cantos,220.0,40.617334651783,-3.7047988083604,fotovoltaica,En curso,RdT,,
7151.0,TRES CANTOS 220,Madrid,Madrid,Tres Cantos,220.0,40.617334651783,-3.7047988083604,fotovoltaica,Puesta en servicio,RdD,2.0,2.0
7151.0,TRES CANTOS 220,Madrid,Madrid,Tres Cantos,220.0,40.617334651783,-3.7047988083604,fotovoltaica,Puesta en servicio,RdT,,
7151.0,TRES CANTOS 220,Madrid,Madrid,Tres Cantos,220.0,40.617334651783,-3.7047988083604,hidraulica,Puesta en servicio,RdD,41.34,41.34
7151.0,TRES CANTOS 220,Madrid,Madrid,Tres Cantos,220.0,40.617334651783,-3.7047988083604,hidraulica,Puesta en servicio,RdT,,
7151.0,TRES CANTOS 220,Madrid,Madrid,Tres Cantos,220.0,40.617334651783,-3.7047988083604,otras,Puesta en servicio,RdD,4.24,4.24
7151.0,TRES CANTOS 220,Madrid,Madrid,Tres Cantos,220.0,40.617334651783,-3.7047988083604,otras,Puesta en servicio,RdT,,
7290.0,TRES CANTOS GIS 220,Madrid,Madrid,Tres Cantos,220.0,40.616316478799,-3.7057460075188,fotovoltaica,Con permisos,RdD,,
7290.0,TRES CANTOS GIS 220,Madrid,Madrid,Tres Cantos,220.0,40.616316478799,-3.7057460075188,fotovoltaica,Con permisos,RdT,165.0,177.0
7290.0,TRES CANTOS GIS 220,Madrid,Madrid,Tres Cantos,220.0,40.616316478799,-3.7057460075188,fotovoltaica,En curso,RdD,,
7290.0,TRES CANTOS GIS 220,Madrid,Madrid,Tres Cantos,220.0,40.616316478799,-3.7057460075188,fotovoltaica,En curso,RdT,75.0,86.25
12863.0,LA CEREAL 400,Madrid,Madrid,Tres Cantos,400.0,40.60044962798,-3.7230739291342,fotovoltaica,Con permisos,RdD,,
12863.0,LA CEREAL 400,Madrid,Madrid,Tres Cantos,400.0,40.60044962798,-3.7230739291342,fotovoltaica,Con permisos,RdT,397.0,474.0
12863.0,LA CEREAL 400,Madrid,Madrid,Tres Cantos,400.0,40.60044962798,-3.7230739291342,fotovoltaica,En curso,RdD,,
12863.0,LA CEREAL 400,Madrid,Madrid,Tres Cantos,400.0,40.60044962798,-3.7230739291342,fotovoltaica,En curso,RdT,377.63,449.3
7152.0,VALDEMORO 220,Madrid,Madrid,Valdemoro,220.0,40.162850794313,-3.6444944491329,almacenamiento,Con permisos,RdD,,26.0
7152.0,VALDEMORO 220,Madrid,Madrid,Valdemoro,220.0,40.162850794313,-3.6444944491329,almacenamiento,Con permisos,RdT,,299.0
7152.0,VALDEMORO 220,Madrid,Madrid,Valdemoro,220.0,40.162850794313,-3.6444944491329,eolica,Con permisos,RdD,,6.0
7152.0,VALDEMORO 220,Madrid,Madrid,Valdemoro,220.0,40.162850794313,-3.6444944491329,eolica,Con permisos,RdT,,
7152.0,VALDEMORO 220,Madrid,Madrid,Valdemoro,220.0,40.162850794313,-3.6444944491329,eolica,Puesta en servicio,RdD,21.25,21.25
7152.0,VALDEMORO 220,Madrid,Madrid,Valdemoro,220.0,40.162850794313,-3.6444944491329,eolica,Puesta en servicio,RdT,,
7152.0,VALDEMORO 220,Madrid,Madrid,Valdemoro,220.0,40.162850794313,-3.6444944491329,fotovoltaica,Con permisos,RdD,44.0,51.0
7152.0,VALDEMORO 220,Madrid,Madrid,Valdemoro,220.0,40.162850794313,-3.6444944491329,fotovoltaica,Con permisos,RdT,,233.0
7152.0,VALDEMORO 220,Madrid,Madrid,Valdemoro,220.0,40.162850794313,-3.6444944491329,fotovoltaica,En curso,RdD,,
7152.0,VALDEMORO 220,Madrid,Madrid,Valdemoro,220.0,40.162850794313,-3.6444944491329,fotovoltaica,En curso,RdT,191.46,233.7
7152.0,VALDEMORO 220,Madrid,Madrid,Valdemoro,220.0,40.162850794313,-3.6444944491329,fotovoltaica,Puesta en servicio,RdD,76.6,154.6
7152.0,VALDEMORO 220,Madrid,Madrid,Valdemoro,220.0,40.162850794313,-3.6444944491329,fotovoltaica,Puesta en servicio,RdT,,
7152.0,VALDEMORO 220,Madrid,Madrid,Valdemoro,220.0,40.162850794313,-3.6444944491329,hibridacion,Con permisos,RdD,6.0,
7152.0,VALDEMORO 220,Madrid,Madrid,Valdemoro,220.0,40.162850794313,-3.6444944491329,hibridacion,Con permisos,RdT,191.0,
7152.0,VALDEMORO 220,Madrid,Madrid,Valdemoro,220.0,40.162850794313,-3.6444944491329,hibridacion,Puesta en servicio,RdD,63.46,
7152.0,VALDEMORO 220,Madrid,Madrid,Valdemoro,220.0,40.162850794313,-3.6444944491329,hibridacion,Puesta en servicio,RdT,,
7152.0,VALDEMORO 220,Madrid,Madrid,Valdemoro,220.0,40.162850794313,-3.6444944491329,hidraulica,Puesta en servicio,RdD,2.84,2.84
7152.0,VALDEMORO 220,Madrid,Madrid,Valdemoro,220.0,40.162850794313,-3.6444944491329,hidraulica,Puesta en servicio,RdT,,
7152.0,VALDEMORO 220,Madrid,Madrid,Valdemoro,220.0,40.162850794313,-3.6444944491329,otras,Puesta en servicio,RdD,50.26,50.26
7152.0,VALDEMORO 220,Madrid,Madrid,Valdemoro,220.0,40.162850794313,-3.6444944491329,otras,Puesta en servicio,RdT,,
7156.0,VILLAVICIOSA 220,Madrid,Madrid,Villaviciosa de Odón,220.0,40.346739638766,-3.9061399658654,fotovoltaica,Con permisos,RdD,42.0,49.0
7156.0,VILLAVICIOSA 220,Madrid,Madrid,Villaviciosa de Odón,220.0,40.346739638766,-3.9061399658654,fotovoltaica,Con permisos,RdT,98.0,135.0
7156.0,VILLAVICIOSA 220,Madrid,Madrid,Villaviciosa de Odón,220.0,40.346739638766,-3.9061399658654,fotovoltaica,Puesta en servicio,RdD,0.65,0.65
7156.0,VILLAVICIOSA 220,Madrid,Madrid,Villaviciosa de Odón,220.0,40.346739638766,-3.9061399658654,fotovoltaica,Puesta en servicio,RdT,,
7156.0,VILLAVICIOSA 220,Madrid,Madrid,Villaviciosa de Odón,220.0,40.346739638766,-3.9061399658654,hidraulica,Puesta en servicio,RdD,148.81,148.81
7156.0,VILLAVICIOSA 220,Madrid,Madrid,Villaviciosa de Odón,220.0,40.346739638766,-3.9061399658654,hidraulica,Puesta en servicio,RdT,,
7156.0,VILLAVICIOSA 220,Madrid,Madrid,Villaviciosa de Odón,220.0,40.346739638766,-3.9061399658654,otras,Puesta en servicio,RdD,1.98,1.98
7156.0,VILLAVICIOSA 220,Madrid,Madrid,Villaviciosa de Odón,220.0,40.346739638766,-3.9061399658654,otras,Puesta en servicio,RdT,,
12678.0,VILLAVICIOSA 400,Madrid,Madrid,Villaviciosa de Odón,400.0,40.346739638766,-3.9061399658654,almacenamiento,Con permisos,RdD,,
12678.0,VILLAVICIOSA 400,Madrid,Madrid,Villaviciosa de Odón,400.0,40.346739638766,-3.9061399658654,almacenamiento,Con permisos,RdT,,425.0
12678.0,VILLAVICIOSA 400,Madrid,Madrid,Villaviciosa de Odón,400.0,40.346739638766,-3.9061399658654,fotovoltaica,Con permisos,RdD,,
12678.0,VILLAVICIOSA 400,Madrid,Madrid,Villaviciosa de Odón,400.0,40.346739638766,-3.9061399658654,fotovoltaica,Con permisos,RdT,35.0,1031.0
12678.0,VILLAVICIOSA 400,Madrid,Madrid,Villaviciosa de Odón,400.0,40.346739638766,-3.9061399658654,hibridacion,Con permisos,RdD,,
12678.0,VILLAVICIOSA 400,Madrid,Madrid,Villaviciosa de Odón,400.0,40.346739638766,-3.9061399658654,hibridacion,Con permisos,RdT,390.0,
12835.0,HOYA MORENA 220,Murcia,Murcia,"Alcázares, Los",220.0,37.741753037971,-0.87447557018568,almacenamiento,Con permisos,RdD,,3.0
12835.0,HOYA MORENA 220,Murcia,Murcia,"Alcázares, Los",220.0,37.741753037971,-0.87447557018568,almacenamiento,Con permisos,RdT,,
12835.0,HOYA MORENA 220,Murcia,Murcia,"Alcázares, Los",220.0,37.741753037971,-0.87447557018568,fotovoltaica,Con permisos,RdD,78.0,93.0
12835.0,HOYA MORENA 220,Murcia,Murcia,"Alcázares, Los",220.0,37.741753037971,-0.87447557018568,fotovoltaica,Con permisos,RdT,,
12835.0,HOYA MORENA 220,Murcia,Murcia,"Alcázares, Los",220.0,37.741753037971,-0.87447557018568,fotovoltaica,Puesta en servicio,RdD,33.98,34.01
12835.0,HOYA MORENA 220,Murcia,Murcia,"Alcázares, Los",220.0,37.741753037971,-0.87447557018568,fotovoltaica,Puesta en servicio,RdT,,
12835.0,HOYA MORENA 220,Murcia,Murcia,"Alcázares, Los",220.0,37.741753037971,-0.87447557018568,hibridacion,Con permisos,RdD,3.0,
12835.0,HOYA MORENA 220,Murcia,Murcia,"Alcázares, Los",220.0,37.741753037971,-0.87447557018568,hibridacion,Con permisos,RdT,,
7158.0,ASOMADA 400,Murcia,Murcia,Cartagena,400.0,37.633022610396,-0.96077841731985,almacenamiento,Con permisos,RdD,,13.0
7158.0,ASOMADA 400,Murcia,Murcia,Cartagena,400.0,37.633022610396,-0.96077841731985,almacenamiento,Con permisos,RdT,,
7158.0,ASOMADA 400,Murcia,Murcia,Cartagena,400.0,37.633022610396,-0.96077841731985,fotovoltaica,Con permisos,RdD,458.0,537.0
7158.0,ASOMADA 400,Murcia,Murcia,Cartagena,400.0,37.633022610396,-0.96077841731985,fotovoltaica,Con permisos,RdT,,
7158.0,ASOMADA 400,Murcia,Murcia,Cartagena,400.0,37.633022610396,-0.96077841731985,fotovoltaica,Puesta en servicio,RdD,238.15,263.1
7158.0,ASOMADA 400,Murcia,Murcia,Cartagena,400.0,37.633022610396,-0.96077841731985,fotovoltaica,Puesta en servicio,RdT,,
7158.0,ASOMADA 400,Murcia,Murcia,Cartagena,400.0,37.633022610396,-0.96077841731985,hibridacion,Puesta en servicio,RdD,13.79,
7158.0,ASOMADA 400,Murcia,Murcia,Cartagena,400.0,37.633022610396,-0.96077841731985,hibridacion,Puesta en servicio,RdT,,
7158.0,ASOMADA 400,Murcia,Murcia,Cartagena,400.0,37.633022610396,-0.96077841731985,otras,Puesta en servicio,RdD,115.47,115.47
7158.0,ASOMADA 400,Murcia,Murcia,Cartagena,400.0,37.633022610396,-0.96077841731985,otras,Puesta en servicio,RdT,,
12771.0,FAUSITA 220,Murcia,Murcia,Cartagena,220.0,37.564229339966,-0.95104814833173,almacenamiento,Con permisos,RdD,,
12771.0,FAUSITA 220,Murcia,Murcia,Cartagena,220.0,37.564229339966,-0.95104814833173,almacenamiento,Con permisos,RdT,,228.0
12771.0,FAUSITA 220,Murcia,Murcia,Cartagena,220.0,37.564229339966,-0.95104814833173,eolica,Puesta en servicio,RdD,6.6,6.6
12771.0,FAUSITA 220,Murcia,Murcia,Cartagena,220.0,37.564229339966,-0.95104814833173,eolica,Puesta en servicio,RdT,,
12771.0,FAUSITA 220,Murcia,Murcia,Cartagena,220.0,37.564229339966,-0.95104814833173,fotovoltaica,Con permisos,RdD,40.0,44.0
12771.0,FAUSITA 220,Murcia,Murcia,Cartagena,220.0,37.564229339966,-0.95104814833173,fotovoltaica,Con permisos,RdT,194.0,409.0
12771.0,FAUSITA 220,Murcia,Murcia,Cartagena,220.0,37.564229339966,-0.95104814833173,fotovoltaica,En curso,RdD,31.47,41.38
12771.0,FAUSITA 220,Murcia,Murcia,Cartagena,220.0,37.564229339966,-0.95104814833173,fotovoltaica,En curso,RdT,,
12771.0,FAUSITA 220,Murcia,Murcia,Cartagena,220.0,37.564229339966,-0.95104814833173,fotovoltaica,Puesta en servicio,RdD,28.02,29.21
12771.0,FAUSITA 220,Murcia,Murcia,Cartagena,220.0,37.564229339966,-0.95104814833173,fotovoltaica,Puesta en servicio,RdT,,
12771.0,FAUSITA 220,Murcia,Murcia,Cartagena,220.0,37.564229339966,-0.95104814833173,hibridacion,Con permisos,RdD,,
12771.0,FAUSITA 220,Murcia,Murcia,Cartagena,220.0,37.564229339966,-0.95104814833173,hibridacion,Con permisos,RdT,90.0,
12771.0,FAUSITA 220,Murcia,Murcia,Cartagena,220.0,37.564229339966,-0.95104814833173,otras,Puesta en servicio,RdD,129.84,129.84
12771.0,FAUSITA 220,Murcia,Murcia,Cartagena,220.0,37.564229339966,-0.95104814833173,otras,Puesta en servicio,RdT,,
12772.0,FAUSITA 400,Murcia,Murcia,Cartagena,400.0,37.564229339966,-0.95104814833173,fotovoltaica,Con permisos,RdD,,
12772.0,FAUSITA 400,Murcia,Murcia,Cartagena,400.0,37.564229339966,-0.95104814833173,fotovoltaica,Con permisos,RdT,219.0,266.0
12772.0,FAUSITA 400,Murcia,Murcia,Cartagena,400.0,37.564229339966,-0.95104814833173,otras,Puesta en servicio,RdD,,
12772.0,FAUSITA 400,Murcia,Murcia,Cartagena,400.0,37.564229339966,-0.95104814833173,otras,Puesta en servicio,RdT,815.64,815.64
13015.0,NUEVA ESCOMBRERAS 400,Murcia,Murcia,Cartagena,400.0,37.572600864644,-0.94151644026288,otras,Puesta en servicio,RdD,,
13015.0,NUEVA ESCOMBRERAS 400,Murcia,Murcia,Cartagena,400.0,37.572600864644,-0.94151644026288,otras,Puesta en servicio,RdT,2407.2,2448.07
13050.0,PEÑARRUBIA 400,Murcia,Murcia,Jumilla,400.0,38.52185075517,-1.3334159713573,almacenamiento,Con permisos,RdD,,
13050.0,PEÑARRUBIA 400,Murcia,Murcia,Jumilla,400.0,38.52185075517,-1.3334159713573,almacenamiento,Con permisos,RdT,,15.0
13050.0,PEÑARRUBIA 400,Murcia,Murcia,Jumilla,400.0,38.52185075517,-1.3334159713573,eolica,Puesta en servicio,RdD,,
13050.0,PEÑARRUBIA 400,Murcia,Murcia,Jumilla,400.0,38.52185075517,-1.3334159713573,eolica,Puesta en servicio,RdT,167.05,249.09
13050.0,PEÑARRUBIA 400,Murcia,Murcia,Jumilla,400.0,38.52185075517,-1.3334159713573,fotovoltaica,En curso,RdD,166.66,193.36
13050.0,PEÑARRUBIA 400,Murcia,Murcia,Jumilla,400.0,38.52185075517,-1.3334159713573,fotovoltaica,En curso,RdT,,
13050.0,PEÑARRUBIA 400,Murcia,Murcia,Jumilla,400.0,38.52185075517,-1.3334159713573,fotovoltaica,Puesta en servicio,RdD,,
13050.0,PEÑARRUBIA 400,Murcia,Murcia,Jumilla,400.0,38.52185075517,-1.3334159713573,fotovoltaica,Puesta en servicio,RdT,196.1,255.82
13050.0,PEÑARRUBIA 400,Murcia,Murcia,Jumilla,400.0,38.52185075517,-1.3334159713573,hibridacion,Puesta en servicio,RdD,,
13050.0,PEÑARRUBIA 400,Murcia,Murcia,Jumilla,400.0,38.52185075517,-1.3334159713573,hibridacion,Puesta en servicio,RdT,112.04,
13050.0,PEÑARRUBIA 400,Murcia,Murcia,Jumilla,400.0,38.52185075517,-1.3334159713573,termosolar,Con permisos,RdD,50.0,50.0
13050.0,PEÑARRUBIA 400,Murcia,Murcia,Jumilla,400.0,38.52185075517,-1.3334159713573,termosolar,Con permisos,RdT,,
7160.0,CARRIL 400,Murcia,Murcia,Lorca,400.0,37.436939994991,-1.7184744507747,eolica,Puesta en servicio,RdD,48.5,48.5
7160.0,CARRIL 400,Murcia,Murcia,Lorca,400.0,37.436939994991,-1.7184744507747,eolica,Puesta en servicio,RdT,,
7160.0,CARRIL 400,Murcia,Murcia,Lorca,400.0,37.436939994991,-1.7184744507747,fotovoltaica,Con permisos,RdD,26.0,26.0
7160.0,CARRIL 400,Murcia,Murcia,Lorca,400.0,37.436939994991,-1.7184744507747,fotovoltaica,Con permisos,RdT,220.0,220.0
7160.0,CARRIL 400,Murcia,Murcia,Lorca,400.0,37.436939994991,-1.7184744507747,fotovoltaica,En curso,RdD,365.85,457.36
7160.0,CARRIL 400,Murcia,Murcia,Lorca,400.0,37.436939994991,-1.7184744507747,fotovoltaica,En curso,RdT,50.0,50.0
7160.0,CARRIL 400,Murcia,Murcia,Lorca,400.0,37.436939994991,-1.7184744507747,fotovoltaica,Puesta en servicio,RdD,157.01,164.98
7160.0,CARRIL 400,Murcia,Murcia,Lorca,400.0,37.436939994991,-1.7184744507747,fotovoltaica,Puesta en servicio,RdT,,
7160.0,CARRIL 400,Murcia,Murcia,Lorca,400.0,37.436939994991,-1.7184744507747,otras,Puesta en servicio,RdD,3.15,3.15
7160.0,CARRIL 400,Murcia,Murcia,Lorca,400.0,37.436939994991,-1.7184744507747,otras,Puesta en servicio,RdT,,
12589.0,CAMPOS 400,Murcia,Murcia,Murcia,400.0,37.838495966691,-1.215398081431,fotovoltaica,Con permisos,RdD,,
12589.0,CAMPOS 400,Murcia,Murcia,Murcia,400.0,37.838495966691,-1.215398081431,fotovoltaica,Con permisos,RdT,234.0,279.0
12589.0,CAMPOS 400,Murcia,Murcia,Murcia,400.0,37.838495966691,-1.215398081431,fotovoltaica,Puesta en servicio,RdD,,
12589.0,CAMPOS 400,Murcia,Murcia,Murcia,400.0,37.838495966691,-1.215398081431,fotovoltaica,Puesta en servicio,RdT,75.0,84.8
12744.0,EL PALMAR 220,Murcia,Murcia,Murcia,220.0,37.940667685415,-1.1882425727853,fotovoltaica,Con permisos,RdD,193.0,228.0
12744.0,EL PALMAR 220,Murcia,Murcia,Murcia,220.0,37.940667685415,-1.1882425727853,fotovoltaica,Con permisos,RdT,,
12744.0,EL PALMAR 220,Murcia,Murcia,Murcia,220.0,37.940667685415,-1.1882425727853,fotovoltaica,Puesta en servicio,RdD,303.24,337.07
12744.0,EL PALMAR 220,Murcia,Murcia,Murcia,220.0,37.940667685415,-1.1882425727853,fotovoltaica,Puesta en servicio,RdT,,
12744.0,EL PALMAR 220,Murcia,Murcia,Murcia,220.0,37.940667685415,-1.1882425727853,hibridacion,Con permisos,RdD,3.0,
12744.0,EL PALMAR 220,Murcia,Murcia,Murcia,220.0,37.940667685415,-1.1882425727853,hibridacion,Con permisos,RdT,,
12744.0,EL PALMAR 220,Murcia,Murcia,Murcia,220.0,37.940667685415,-1.1882425727853,hidraulica,Puesta en servicio,RdD,2.33,2.33
12744.0,EL PALMAR 220,Murcia,Murcia,Murcia,220.0,37.940667685415,-1.1882425727853,hidraulica,Puesta en servicio,RdT,,
12744.0,EL PALMAR 220,Murcia,Murcia,Murcia,220.0,37.940667685415,-1.1882425727853,otras,Con permisos,RdD,,3.0
12744.0,EL PALMAR 220,Murcia,Murcia,Murcia,220.0,37.940667685415,-1.1882425727853,otras,Con permisos,RdT,,
12745.0,EL PALMAR 400,Murcia,Murcia,Murcia,400.0,37.940667685415,-1.1882425727853,fotovoltaica,Con permisos,RdD,,
12745.0,EL PALMAR 400,Murcia,Murcia,Murcia,400.0,37.940667685415,-1.1882425727853,fotovoltaica,Con permisos,RdT,159.0,193.0
12745.0,EL PALMAR 400,Murcia,Murcia,Murcia,400.0,37.940667685415,-1.1882425727853,fotovoltaica,Puesta en servicio,RdD,,
12745.0,EL PALMAR 400,Murcia,Murcia,Murcia,400.0,37.940667685415,-1.1882425727853,fotovoltaica,Puesta en servicio,RdT,447.49,617.39
13213.0,SAN PEDRO DEL PINATAR 220,Murcia,Murcia,San Pedro del Pinatar,220.0,37.859452736107,-0.81486221963407,fotovoltaica,Con permisos,RdD,27.0,34.0
13213.0,SAN PEDRO DEL PINATAR 220,Murcia,Murcia,San Pedro del Pinatar,220.0,37.859452736107,-0.81486221963407,fotovoltaica,Con permisos,RdT,160.0,190.0
13213.0,SAN PEDRO DEL PINATAR 220,Murcia,Murcia,San Pedro del Pinatar,220.0,37.859452736107,-0.81486221963407,fotovoltaica,Puesta en servicio,RdD,6.92,7.23
13213.0,SAN PEDRO DEL PINATAR 220,Murcia,Murcia,San Pedro del Pinatar,220.0,37.859452736107,-0.81486221963407,fotovoltaica,Puesta en servicio,RdT,80.34,93.0
13213.0,SAN PEDRO DEL PINATAR 220,Murcia,Murcia,San Pedro del Pinatar,220.0,37.859452736107,-0.81486221963407,otras,Puesta en servicio,RdD,2.0,2.0
13213.0,SAN PEDRO DEL PINATAR 220,Murcia,Murcia,San Pedro del Pinatar,220.0,37.859452736107,-0.81486221963407,otras,Puesta en servicio,RdT,,
7253.0,BALSICAS 220,Murcia,Murcia,Torre-Pacheco,220.0,37.797171939438,-0.95844707805589,fotovoltaica,Con permisos,RdD,18.0,19.0
7253.0,BALSICAS 220,Murcia,Murcia,Torre-Pacheco,220.0,37.797171939438,-0.95844707805589,fotovoltaica,Con permisos,RdT,147.0,168.0
7253.0,BALSICAS 220,Murcia,Murcia,Torre-Pacheco,220.0,37.797171939438,-0.95844707805589,fotovoltaica,En curso,RdD,18.2,21.91
7253.0,BALSICAS 220,Murcia,Murcia,Torre-Pacheco,220.0,37.797171939438,-0.95844707805589,fotovoltaica,En curso,RdT,,
7253.0,BALSICAS 220,Murcia,Murcia,Torre-Pacheco,220.0,37.797171939438,-0.95844707805589,fotovoltaica,Puesta en servicio,RdD,1.13,1.13
7253.0,BALSICAS 220,Murcia,Murcia,Torre-Pacheco,220.0,37.797171939438,-0.95844707805589,fotovoltaica,Puesta en servicio,RdT,76.0,85.93
7169.0,TOTANA 400,Murcia,Murcia,Totana,400.0,37.765552411247,-1.4453634951918,almacenamiento,Con permisos,RdD,,
7169.0,TOTANA 400,Murcia,Murcia,Totana,400.0,37.765552411247,-1.4453634951918,almacenamiento,Con permisos,RdT,,334.0
7169.0,TOTANA 400,Murcia,Murcia,Totana,400.0,37.765552411247,-1.4453634951918,fotovoltaica,Con permisos,RdD,1.0,1.0
7169.0,TOTANA 400,Murcia,Murcia,Totana,400.0,37.765552411247,-1.4453634951918,fotovoltaica,Con permisos,RdT,,
7169.0,TOTANA 400,Murcia,Murcia,Totana,400.0,37.765552411247,-1.4453634951918,fotovoltaica,En curso,RdD,168.5,195.6
7169.0,TOTANA 400,Murcia,Murcia,Totana,400.0,37.765552411247,-1.4453634951918,fotovoltaica,En curso,RdT,,
7169.0,TOTANA 400,Murcia,Murcia,Totana,400.0,37.765552411247,-1.4453634951918,fotovoltaica,Puesta en servicio,RdD,110.86,121.77
7169.0,TOTANA 400,Murcia,Murcia,Totana,400.0,37.765552411247,-1.4453634951918,fotovoltaica,Puesta en servicio,RdT,,737.02
7169.0,TOTANA 400,Murcia,Murcia,Totana,400.0,37.765552411247,-1.4453634951918,hibridacion,Puesta en servicio,RdD,,
7169.0,TOTANA 400,Murcia,Murcia,Totana,400.0,37.765552411247,-1.4453634951918,hibridacion,Puesta en servicio,RdT,319.78,
7169.0,TOTANA 400,Murcia,Murcia,Totana,400.0,37.765552411247,-1.4453634951918,otras,Puesta en servicio,RdD,55.02,55.02
7169.0,TOTANA 400,Murcia,Murcia,Totana,400.0,37.765552411247,-1.4453634951918,otras,Puesta en servicio,RdT,,
7170.0,CASTEJON 400,Navarra,Navarra,Castejón,400.0,42.170707648614,-1.675792475773,eolica,Con permisos,RdD,,
7170.0,CASTEJON 400,Navarra,Navarra,Castejón,400.0,42.170707648614,-1.675792475773,eolica,Con permisos,RdT,,85.0
7170.0,CASTEJON 400,Navarra,Navarra,Castejón,400.0,42.170707648614,-1.675792475773,fotovoltaica,Con permisos,RdD,,
7170.0,CASTEJON 400,Navarra,Navarra,Castejón,400.0,42.170707648614,-1.675792475773,fotovoltaica,Con permisos,RdT,300.0,382.0
7170.0,CASTEJON 400,Navarra,Navarra,Castejón,400.0,42.170707648614,-1.675792475773,fotovoltaica,Puesta en servicio,RdD,,
7170.0,CASTEJON 400,Navarra,Navarra,Castejón,400.0,42.170707648614,-1.675792475773,fotovoltaica,Puesta en servicio,RdT,79.7,89.5
7170.0,CASTEJON 400,Navarra,Navarra,Castejón,400.0,42.170707648614,-1.675792475773,hibridacion,Puesta en servicio,RdD,,
7170.0,CASTEJON 400,Navarra,Navarra,Castejón,400.0,42.170707648614,-1.675792475773,hibridacion,Puesta en servicio,RdT,392.69,
7170.0,CASTEJON 400,Navarra,Navarra,Castejón,400.0,42.170707648614,-1.675792475773,otras,Puesta en servicio,RdD,,
7170.0,CASTEJON 400,Navarra,Navarra,Castejón,400.0,42.170707648614,-1.675792475773,otras,Puesta en servicio,RdT,797.36,1222.32
13355.0,TIERRA ESTELLA 220,Navarra,Navarra,Estella-Lizarra,220.0,42.680878792395,-2.026328564204,almacenamiento,En curso,RdD,22.0,22.0
13355.0,TIERRA ESTELLA 220,Navarra,Navarra,Estella-Lizarra,220.0,42.680878792395,-2.026328564204,almacenamiento,En curso,RdT,,
12714.0,CORDOVILLA 220,Navarra,Navarra,Galar,220.0,42.78625668904,-1.6348402492432,almacenamiento,Con permisos,RdD,,
12714.0,CORDOVILLA 220,Navarra,Navarra,Galar,220.0,42.78625668904,-1.6348402492432,almacenamiento,Con permisos,RdT,49.0,49.0
12714.0,CORDOVILLA 220,Navarra,Navarra,Galar,220.0,42.78625668904,-1.6348402492432,almacenamiento,En curso,RdD,,
12714.0,CORDOVILLA 220,Navarra,Navarra,Galar,220.0,42.78625668904,-1.6348402492432,almacenamiento,En curso,RdT,49.99,49.99
12714.0,CORDOVILLA 220,Navarra,Navarra,Galar,220.0,42.78625668904,-1.6348402492432,eolica,Puesta en servicio,RdD,60.92,60.92
12714.0,CORDOVILLA 220,Navarra,Navarra,Galar,220.0,42.78625668904,-1.6348402492432,eolica,Puesta en servicio,RdT,,
12714.0,CORDOVILLA 220,Navarra,Navarra,Galar,220.0,42.78625668904,-1.6348402492432,fotovoltaica,Con permisos,RdD,3.0,3.0
12714.0,CORDOVILLA 220,Navarra,Navarra,Galar,220.0,42.78625668904,-1.6348402492432,fotovoltaica,Con permisos,RdT,,
12714.0,CORDOVILLA 220,Navarra,Navarra,Galar,220.0,42.78625668904,-1.6348402492432,hidraulica,Puesta en servicio,RdD,62.63,62.63
12714.0,CORDOVILLA 220,Navarra,Navarra,Galar,220.0,42.78625668904,-1.6348402492432,hidraulica,Puesta en servicio,RdT,,
12714.0,CORDOVILLA 220,Navarra,Navarra,Galar,220.0,42.78625668904,-1.6348402492432,otras,Puesta en servicio,RdD,24.01,24.01
12714.0,CORDOVILLA 220,Navarra,Navarra,Galar,220.0,42.78625668904,-1.6348402492432,otras,Puesta en servicio,RdT,,
13018.0,OLITE 220,Navarra,Navarra,Olite/Erriberri,220.0,42.413161808679,-1.6794487156006,almacenamiento,Con permisos,RdD,,
13018.0,OLITE 220,Navarra,Navarra,Olite/Erriberri,220.0,42.413161808679,-1.6794487156006,almacenamiento,Con permisos,RdT,40.0,71.0
13018.0,OLITE 220,Navarra,Navarra,Olite/Erriberri,220.0,42.413161808679,-1.6794487156006,almacenamiento,En curso,RdD,,
13018.0,OLITE 220,Navarra,Navarra,Olite/Erriberri,220.0,42.413161808679,-1.6794487156006,almacenamiento,En curso,RdT,466.96,474.92
13018.0,OLITE 220,Navarra,Navarra,Olite/Erriberri,220.0,42.413161808679,-1.6794487156006,eolica,Puesta en servicio,RdD,,
13018.0,OLITE 220,Navarra,Navarra,Olite/Erriberri,220.0,42.413161808679,-1.6794487156006,eolica,Puesta en servicio,RdT,106.5,175.61
13018.0,OLITE 220,Navarra,Navarra,Olite/Erriberri,220.0,42.413161808679,-1.6794487156006,fotovoltaica,Puesta en servicio,RdD,,
13018.0,OLITE 220,Navarra,Navarra,Olite/Erriberri,220.0,42.413161808679,-1.6794487156006,fotovoltaica,Puesta en servicio,RdT,49.8,49.8
13018.0,OLITE 220,Navarra,Navarra,Olite/Erriberri,220.0,42.413161808679,-1.6794487156006,hibridacion,Puesta en servicio,RdD,,
13018.0,OLITE 220,Navarra,Navarra,Olite/Erriberri,220.0,42.413161808679,-1.6794487156006,hibridacion,Puesta en servicio,RdT,63.0,
13025.0,ORCOYEN 220,Navarra,Navarra,Orkoien,220.0,42.819141183701,-1.7087617999714,almacenamiento,Con permisos,RdD,,
13025.0,ORCOYEN 220,Navarra,Navarra,Orkoien,220.0,42.819141183701,-1.7087617999714,almacenamiento,Con permisos,RdT,81.0,103.0
13025.0,ORCOYEN 220,Navarra,Navarra,Orkoien,220.0,42.819141183701,-1.7087617999714,almacenamiento,En curso,RdD,69.91,69.91
13025.0,ORCOYEN 220,Navarra,Navarra,Orkoien,220.0,42.819141183701,-1.7087617999714,almacenamiento,En curso,RdT,80.73,80.73
13025.0,ORCOYEN 220,Navarra,Navarra,Orkoien,220.0,42.819141183701,-1.7087617999714,almacenamiento,Puesta en servicio,RdD,1.15,1.15
13025.0,ORCOYEN 220,Navarra,Navarra,Orkoien,220.0,42.819141183701,-1.7087617999714,almacenamiento,Puesta en servicio,RdT,,
13025.0,ORCOYEN 220,Navarra,Navarra,Orkoien,220.0,42.819141183701,-1.7087617999714,eolica,Con permisos,RdD,48.0,48.0
13025.0,ORCOYEN 220,Navarra,Navarra,Orkoien,220.0,42.819141183701,-1.7087617999714,eolica,Con permisos,RdT,,
13025.0,ORCOYEN 220,Navarra,Navarra,Orkoien,220.0,42.819141183701,-1.7087617999714,eolica,En curso,RdD,24.92,24.92
13025.0,ORCOYEN 220,Navarra,Navarra,Orkoien,220.0,42.819141183701,-1.7087617999714,eolica,En curso,RdT,,
13025.0,ORCOYEN 220,Navarra,Navarra,Orkoien,220.0,42.819141183701,-1.7087617999714,eolica,Puesta en servicio,RdD,11.4,11.4
13025.0,ORCOYEN 220,Navarra,Navarra,Orkoien,220.0,42.819141183701,-1.7087617999714,eolica,Puesta en servicio,RdT,,
13025.0,ORCOYEN 220,Navarra,Navarra,Orkoien,220.0,42.819141183701,-1.7087617999714,fotovoltaica,Con permisos,RdD,1.0,1.0
13025.0,ORCOYEN 220,Navarra,Navarra,Orkoien,220.0,42.819141183701,-1.7087617999714,fotovoltaica,Con permisos,RdT,50.0,50.0
13025.0,ORCOYEN 220,Navarra,Navarra,Orkoien,220.0,42.819141183701,-1.7087617999714,hidraulica,Con permisos,RdD,1.0,1.0
13025.0,ORCOYEN 220,Navarra,Navarra,Orkoien,220.0,42.819141183701,-1.7087617999714,hidraulica,Con permisos,RdT,,
13025.0,ORCOYEN 220,Navarra,Navarra,Orkoien,220.0,42.819141183701,-1.7087617999714,hidraulica,Puesta en servicio,RdD,13.98,13.98
13025.0,ORCOYEN 220,Navarra,Navarra,Orkoien,220.0,42.819141183701,-1.7087617999714,hidraulica,Puesta en servicio,RdT,,
13025.0,ORCOYEN 220,Navarra,Navarra,Orkoien,220.0,42.819141183701,-1.7087617999714,otras,Puesta en servicio,RdD,1.1,1.1
13025.0,ORCOYEN 220,Navarra,Navarra,Orkoien,220.0,42.819141183701,-1.7087617999714,otras,Puesta en servicio,RdT,,
13208.0,SANGÜESA 220,Navarra,Navarra,Sangüesa/Zangoza,220.0,42.598407830903,-1.2754481989211,eolica,Con permisos,RdD,,24.0
13208.0,SANGÜESA 220,Navarra,Navarra,Sangüesa/Zangoza,220.0,42.598407830903,-1.2754481989211,eolica,Con permisos,RdT,,
13208.0,SANGÜESA 220,Navarra,Navarra,Sangüesa/Zangoza,220.0,42.598407830903,-1.2754481989211,eolica,En curso,RdD,4.9,4.9
13208.0,SANGÜESA 220,Navarra,Navarra,Sangüesa/Zangoza,220.0,42.598407830903,-1.2754481989211,eolica,En curso,RdT,,
13208.0,SANGÜESA 220,Navarra,Navarra,Sangüesa/Zangoza,220.0,42.598407830903,-1.2754481989211,eolica,Puesta en servicio,RdD,,
13208.0,SANGÜESA 220,Navarra,Navarra,Sangüesa/Zangoza,220.0,42.598407830903,-1.2754481989211,eolica,Puesta en servicio,RdT,198.76,198.76
13208.0,SANGÜESA 220,Navarra,Navarra,Sangüesa/Zangoza,220.0,42.598407830903,-1.2754481989211,fotovoltaica,Con permisos,RdD,,50.0
13208.0,SANGÜESA 220,Navarra,Navarra,Sangüesa/Zangoza,220.0,42.598407830903,-1.2754481989211,fotovoltaica,Con permisos,RdT,41.0,41.0
13208.0,SANGÜESA 220,Navarra,Navarra,Sangüesa/Zangoza,220.0,42.598407830903,-1.2754481989211,fotovoltaica,Puesta en servicio,RdD,,7.75
13208.0,SANGÜESA 220,Navarra,Navarra,Sangüesa/Zangoza,220.0,42.598407830903,-1.2754481989211,fotovoltaica,Puesta en servicio,RdT,,
13208.0,SANGÜESA 220,Navarra,Navarra,Sangüesa/Zangoza,220.0,42.598407830903,-1.2754481989211,hibridacion,Con permisos,RdD,20.0,
13208.0,SANGÜESA 220,Navarra,Navarra,Sangüesa/Zangoza,220.0,42.598407830903,-1.2754481989211,hibridacion,Con permisos,RdT,,
13208.0,SANGÜESA 220,Navarra,Navarra,Sangüesa/Zangoza,220.0,42.598407830903,-1.2754481989211,hibridacion,Puesta en servicio,RdD,56.55,
13208.0,SANGÜESA 220,Navarra,Navarra,Sangüesa/Zangoza,220.0,42.598407830903,-1.2754481989211,hibridacion,Puesta en servicio,RdT,,
13208.0,SANGÜESA 220,Navarra,Navarra,Sangüesa/Zangoza,220.0,42.598407830903,-1.2754481989211,otras,Puesta en servicio,RdD,38.48,95.03
13208.0,SANGÜESA 220,Navarra,Navarra,Sangüesa/Zangoza,220.0,42.598407830903,-1.2754481989211,otras,Puesta en servicio,RdT,,
7179.0,TAFALLA 220,Navarra,Navarra,Tafalla,220.0,42.502106137841,-1.6842081658497,almacenamiento,Con permisos,RdD,,
7179.0,TAFALLA 220,Navarra,Navarra,Tafalla,220.0,42.502106137841,-1.6842081658497,almacenamiento,Con permisos,RdT,22.0,25.0
7179.0,TAFALLA 220,Navarra,Navarra,Tafalla,220.0,42.502106137841,-1.6842081658497,almacenamiento,En curso,RdD,5.0,5.0
7179.0,TAFALLA 220,Navarra,Navarra,Tafalla,220.0,42.502106137841,-1.6842081658497,almacenamiento,En curso,RdT,514.52,521.59
7179.0,TAFALLA 220,Navarra,Navarra,Tafalla,220.0,42.502106137841,-1.6842081658497,eolica,En curso,RdD,12.41,14.8
7179.0,TAFALLA 220,Navarra,Navarra,Tafalla,220.0,42.502106137841,-1.6842081658497,eolica,En curso,RdT,,
7179.0,TAFALLA 220,Navarra,Navarra,Tafalla,220.0,42.502106137841,-1.6842081658497,eolica,Puesta en servicio,RdD,59.1,59.1
7179.0,TAFALLA 220,Navarra,Navarra,Tafalla,220.0,42.502106137841,-1.6842081658497,eolica,Puesta en servicio,RdT,130.85,130.85
7179.0,TAFALLA 220,Navarra,Navarra,Tafalla,220.0,42.502106137841,-1.6842081658497,fotovoltaica,Con permisos,RdD,1.0,1.0
7179.0,TAFALLA 220,Navarra,Navarra,Tafalla,220.0,42.502106137841,-1.6842081658497,fotovoltaica,Con permisos,RdT,71.0,84.0
7179.0,TAFALLA 220,Navarra,Navarra,Tafalla,220.0,42.502106137841,-1.6842081658497,fotovoltaica,Puesta en servicio,RdD,11.48,11.48
7179.0,TAFALLA 220,Navarra,Navarra,Tafalla,220.0,42.502106137841,-1.6842081658497,fotovoltaica,Puesta en servicio,RdT,,
7179.0,TAFALLA 220,Navarra,Navarra,Tafalla,220.0,42.502106137841,-1.6842081658497,hibridacion,Con permisos,RdD,15.0,
7179.0,TAFALLA 220,Navarra,Navarra,Tafalla,220.0,42.502106137841,-1.6842081658497,hibridacion,Con permisos,RdT,,
7179.0,TAFALLA 220,Navarra,Navarra,Tafalla,220.0,42.502106137841,-1.6842081658497,hidraulica,Puesta en servicio,RdD,22.92,22.92
7179.0,TAFALLA 220,Navarra,Navarra,Tafalla,220.0,42.502106137841,-1.6842081658497,hidraulica,Puesta en servicio,RdT,,
7179.0,TAFALLA 220,Navarra,Navarra,Tafalla,220.0,42.502106137841,-1.6842081658497,otras,Con permisos,RdD,,15.0
7179.0,TAFALLA 220,Navarra,Navarra,Tafalla,220.0,42.502106137841,-1.6842081658497,otras,Con permisos,RdT,,
7179.0,TAFALLA 220,Navarra,Navarra,Tafalla,220.0,42.502106137841,-1.6842081658497,otras,Puesta en servicio,RdD,25.6,25.6
7179.0,TAFALLA 220,Navarra,Navarra,Tafalla,220.0,42.502106137841,-1.6842081658497,otras,Puesta en servicio,RdT,,
13008.0,MURUARTE 220,Navarra,Navarra,Tiebas-Muruarte de Reta,220.0,42.669471291448,-1.6541361802164,almacenamiento,En curso,RdD,,
13008.0,MURUARTE 220,Navarra,Navarra,Tiebas-Muruarte de Reta,220.0,42.669471291448,-1.6541361802164,almacenamiento,En curso,RdT,479.88,496.76
13008.0,MURUARTE 220,Navarra,Navarra,Tiebas-Muruarte de Reta,220.0,42.669471291448,-1.6541361802164,eolica,Con permisos,RdD,,
13008.0,MURUARTE 220,Navarra,Navarra,Tiebas-Muruarte de Reta,220.0,42.669471291448,-1.6541361802164,eolica,Con permisos,RdT,33.0,33.0
13008.0,MURUARTE 220,Navarra,Navarra,Tiebas-Muruarte de Reta,220.0,42.669471291448,-1.6541361802164,eolica,En curso,RdD,,
13008.0,MURUARTE 220,Navarra,Navarra,Tiebas-Muruarte de Reta,220.0,42.669471291448,-1.6541361802164,eolica,En curso,RdT,56.19,56.29
13008.0,MURUARTE 220,Navarra,Navarra,Tiebas-Muruarte de Reta,220.0,42.669471291448,-1.6541361802164,eolica,Puesta en servicio,RdD,,
13008.0,MURUARTE 220,Navarra,Navarra,Tiebas-Muruarte de Reta,220.0,42.669471291448,-1.6541361802164,eolica,Puesta en servicio,RdT,194.57,194.57
7177.0,SERNA 220,Navarra,Navarra,Tudela,220.0,42.09723287783,-1.6670924359263,almacenamiento,Con permisos,RdD,,
7177.0,SERNA 220,Navarra,Navarra,Tudela,220.0,42.09723287783,-1.6670924359263,almacenamiento,Con permisos,RdT,,14.0
7177.0,SERNA 220,Navarra,Navarra,Tudela,220.0,42.09723287783,-1.6670924359263,eolica,Con permisos,RdD,,
7177.0,SERNA 220,Navarra,Navarra,Tudela,220.0,42.09723287783,-1.6670924359263,eolica,Con permisos,RdT,,34.0
7177.0,SERNA 220,Navarra,Navarra,Tudela,220.0,42.09723287783,-1.6670924359263,eolica,En curso,RdD,4.9,4.9
7177.0,SERNA 220,Navarra,Navarra,Tudela,220.0,42.09723287783,-1.6670924359263,eolica,En curso,RdT,,
7177.0,SERNA 220,Navarra,Navarra,Tudela,220.0,42.09723287783,-1.6670924359263,eolica,Puesta en servicio,RdD,,
7177.0,SERNA 220,Navarra,Navarra,Tudela,220.0,42.09723287783,-1.6670924359263,eolica,Puesta en servicio,RdT,142.97,169.15
7177.0,SERNA 220,Navarra,Navarra,Tudela,220.0,42.09723287783,-1.6670924359263,fotovoltaica,Con permisos,RdD,2.0,2.0
7177.0,SERNA 220,Navarra,Navarra,Tudela,220.0,42.09723287783,-1.6670924359263,fotovoltaica,Con permisos,RdT,,11.0
7177.0,SERNA 220,Navarra,Navarra,Tudela,220.0,42.09723287783,-1.6670924359263,fotovoltaica,En curso,RdD,6.0,7.13
7177.0,SERNA 220,Navarra,Navarra,Tudela,220.0,42.09723287783,-1.6670924359263,fotovoltaica,En curso,RdT,,
7177.0,SERNA 220,Navarra,Navarra,Tudela,220.0,42.09723287783,-1.6670924359263,fotovoltaica,Puesta en servicio,RdD,125.17,135.45
7177.0,SERNA 220,Navarra,Navarra,Tudela,220.0,42.09723287783,-1.6670924359263,fotovoltaica,Puesta en servicio,RdT,,
7177.0,SERNA 220,Navarra,Navarra,Tudela,220.0,42.09723287783,-1.6670924359263,hibridacion,Con permisos,RdD,,
7177.0,SERNA 220,Navarra,Navarra,Tudela,220.0,42.09723287783,-1.6670924359263,hibridacion,Con permisos,RdT,30.0,
7177.0,SERNA 220,Navarra,Navarra,Tudela,220.0,42.09723287783,-1.6670924359263,hibridacion,Puesta en servicio,RdD,,
7177.0,SERNA 220,Navarra,Navarra,Tudela,220.0,42.09723287783,-1.6670924359263,hibridacion,Puesta en servicio,RdT,29.67,
7177.0,SERNA 220,Navarra,Navarra,Tudela,220.0,42.09723287783,-1.6670924359263,otras,Puesta en servicio,RdD,12.32,12.32
7177.0,SERNA 220,Navarra,Navarra,Tudela,220.0,42.09723287783,-1.6670924359263,otras,Puesta en servicio,RdT,,
7178.0,SERNA 400,Navarra,Navarra,Tudela,400.0,42.09723287783,-1.6670924359263,almacenamiento,Con permisos,RdD,,
7178.0,SERNA 400,Navarra,Navarra,Tudela,400.0,42.09723287783,-1.6670924359263,almacenamiento,Con permisos,RdT,,40.0
7178.0,SERNA 400,Navarra,Navarra,Tudela,400.0,42.09723287783,-1.6670924359263,eolica,Con permisos,RdD,,
7178.0,SERNA 400,Navarra,Navarra,Tudela,400.0,42.09723287783,-1.6670924359263,eolica,Con permisos,RdT,40.0,81.0
7178.0,SERNA 400,Navarra,Navarra,Tudela,400.0,42.09723287783,-1.6670924359263,eolica,Puesta en servicio,RdD,,
7178.0,SERNA 400,Navarra,Navarra,Tudela,400.0,42.09723287783,-1.6670924359263,eolica,Puesta en servicio,RdT,453.87,570.39
7178.0,SERNA 400,Navarra,Navarra,Tudela,400.0,42.09723287783,-1.6670924359263,fotovoltaica,Con permisos,RdD,,
7178.0,SERNA 400,Navarra,Navarra,Tudela,400.0,42.09723287783,-1.6670924359263,fotovoltaica,Con permisos,RdT,94.0,126.0
7178.0,SERNA 400,Navarra,Navarra,Tudela,400.0,42.09723287783,-1.6670924359263,fotovoltaica,Puesta en servicio,RdD,,
7178.0,SERNA 400,Navarra,Navarra,Tudela,400.0,42.09723287783,-1.6670924359263,fotovoltaica,Puesta en servicio,RdT,90.0,101.77
7178.0,SERNA 400,Navarra,Navarra,Tudela,400.0,42.09723287783,-1.6670924359263,hibridacion,Con permisos,RdD,,
7178.0,SERNA 400,Navarra,Navarra,Tudela,400.0,42.09723287783,-1.6670924359263,hibridacion,Con permisos,RdT,40.0,
7178.0,SERNA 400,Navarra,Navarra,Tudela,400.0,42.09723287783,-1.6670924359263,hibridacion,Puesta en servicio,RdD,,
7178.0,SERNA 400,Navarra,Navarra,Tudela,400.0,42.09723287783,-1.6670924359263,hibridacion,Puesta en servicio,RdT,110.71,
7180.0,TUDELA 220,Navarra,Navarra,Tudela,220.0,42.050543564878,-1.6155198727862,almacenamiento,En curso,RdD,10.0,10.0
7180.0,TUDELA 220,Navarra,Navarra,Tudela,220.0,42.050543564878,-1.6155198727862,almacenamiento,En curso,RdT,,
7180.0,TUDELA 220,Navarra,Navarra,Tudela,220.0,42.050543564878,-1.6155198727862,eolica,Con permisos,RdD,24.0,24.0
7180.0,TUDELA 220,Navarra,Navarra,Tudela,220.0,42.050543564878,-1.6155198727862,eolica,Con permisos,RdT,,
7180.0,TUDELA 220,Navarra,Navarra,Tudela,220.0,42.050543564878,-1.6155198727862,eolica,En curso,RdD,95.69,99.19
7180.0,TUDELA 220,Navarra,Navarra,Tudela,220.0,42.050543564878,-1.6155198727862,eolica,En curso,RdT,,
7180.0,TUDELA 220,Navarra,Navarra,Tudela,220.0,42.050543564878,-1.6155198727862,eolica,Puesta en servicio,RdD,43.0,43.0
7180.0,TUDELA 220,Navarra,Navarra,Tudela,220.0,42.050543564878,-1.6155198727862,eolica,Puesta en servicio,RdT,,
7180.0,TUDELA 220,Navarra,Navarra,Tudela,220.0,42.050543564878,-1.6155198727862,fotovoltaica,Con permisos,RdD,,
7180.0,TUDELA 220,Navarra,Navarra,Tudela,220.0,42.050543564878,-1.6155198727862,fotovoltaica,Con permisos,RdT,100.0,100.0
7180.0,TUDELA 220,Navarra,Navarra,Tudela,220.0,42.050543564878,-1.6155198727862,fotovoltaica,En curso,RdD,31.21,37.16
7180.0,TUDELA 220,Navarra,Navarra,Tudela,220.0,42.050543564878,-1.6155198727862,fotovoltaica,En curso,RdT,,
7180.0,TUDELA 220,Navarra,Navarra,Tudela,220.0,42.050543564878,-1.6155198727862,fotovoltaica,Puesta en servicio,RdD,33.53,33.68
7180.0,TUDELA 220,Navarra,Navarra,Tudela,220.0,42.050543564878,-1.6155198727862,fotovoltaica,Puesta en servicio,RdT,,
7180.0,TUDELA 220,Navarra,Navarra,Tudela,220.0,42.050543564878,-1.6155198727862,hidraulica,Puesta en servicio,RdD,4.5,4.5
7180.0,TUDELA 220,Navarra,Navarra,Tudela,220.0,42.050543564878,-1.6155198727862,hidraulica,Puesta en servicio,RdT,,
7180.0,TUDELA 220,Navarra,Navarra,Tudela,220.0,42.050543564878,-1.6155198727862,otras,Puesta en servicio,RdD,9.91,9.91
7180.0,TUDELA 220,Navarra,Navarra,Tudela,220.0,42.050543564878,-1.6155198727862,otras,Puesta en servicio,RdT,,
7252.0,AYALA 220,País Vasco,Araba/Álava,Ayala/Aiara,220.0,43.084683900883,-3.0113443868686,almacenamiento,Con permisos,RdD,23.0,30.0
7252.0,AYALA 220,País Vasco,Araba/Álava,Ayala/Aiara,220.0,43.084683900883,-3.0113443868686,almacenamiento,Con permisos,RdT,,
7252.0,AYALA 220,País Vasco,Araba/Álava,Ayala/Aiara,220.0,43.084683900883,-3.0113443868686,eolica,Con permisos,RdD,57.0,72.0
7252.0,AYALA 220,País Vasco,Araba/Álava,Ayala/Aiara,220.0,43.084683900883,-3.0113443868686,eolica,Con permisos,RdT,,
12742.0,ELGEA 220,País Vasco,Araba/Álava,Barrundia,220.0,42.8925388208,-2.4502443237462,almacenamiento,Con permisos,RdD,,
12742.0,ELGEA 220,País Vasco,Araba/Álava,Barrundia,220.0,42.8925388208,-2.4502443237462,almacenamiento,Con permisos,RdT,108.0,112.0
12742.0,ELGEA 220,País Vasco,Araba/Álava,Barrundia,220.0,42.8925388208,-2.4502443237462,almacenamiento,En curso,RdD,,
12742.0,ELGEA 220,País Vasco,Araba/Álava,Barrundia,220.0,42.8925388208,-2.4502443237462,almacenamiento,En curso,RdT,68.0,73.0
12742.0,ELGEA 220,País Vasco,Araba/Álava,Barrundia,220.0,42.8925388208,-2.4502443237462,almacenamiento,Puesta en servicio,RdD,,5.53
12742.0,ELGEA 220,País Vasco,Araba/Álava,Barrundia,220.0,42.8925388208,-2.4502443237462,almacenamiento,Puesta en servicio,RdT,,
12742.0,ELGEA 220,País Vasco,Araba/Álava,Barrundia,220.0,42.8925388208,-2.4502443237462,eolica,Con permisos,RdD,2.0,2.0
12742.0,ELGEA 220,País Vasco,Araba/Álava,Barrundia,220.0,42.8925388208,-2.4502443237462,eolica,Con permisos,RdT,40.0,40.0
12742.0,ELGEA 220,País Vasco,Araba/Álava,Barrundia,220.0,42.8925388208,-2.4502443237462,eolica,En curso,RdD,,
12742.0,ELGEA 220,País Vasco,Araba/Álava,Barrundia,220.0,42.8925388208,-2.4502443237462,eolica,En curso,RdT,108.0,108.0
12742.0,ELGEA 220,País Vasco,Araba/Álava,Barrundia,220.0,42.8925388208,-2.4502443237462,eolica,Puesta en servicio,RdD,26.97,59.27
12742.0,ELGEA 220,País Vasco,Araba/Álava,Barrundia,220.0,42.8925388208,-2.4502443237462,eolica,Puesta en servicio,RdT,,
12742.0,ELGEA 220,País Vasco,Araba/Álava,Barrundia,220.0,42.8925388208,-2.4502443237462,fotovoltaica,Con permisos,RdD,,
12742.0,ELGEA 220,País Vasco,Araba/Álava,Barrundia,220.0,42.8925388208,-2.4502443237462,fotovoltaica,Con permisos,RdT,56.0,63.0
12742.0,ELGEA 220,País Vasco,Araba/Álava,Barrundia,220.0,42.8925388208,-2.4502443237462,fotovoltaica,En curso,RdD,4.99,5.0
12742.0,ELGEA 220,País Vasco,Araba/Álava,Barrundia,220.0,42.8925388208,-2.4502443237462,fotovoltaica,En curso,RdT,,
12742.0,ELGEA 220,País Vasco,Araba/Álava,Barrundia,220.0,42.8925388208,-2.4502443237462,hibridacion,Puesta en servicio,RdD,32.3,
12742.0,ELGEA 220,País Vasco,Araba/Álava,Barrundia,220.0,42.8925388208,-2.4502443237462,hibridacion,Puesta en servicio,RdT,,
12874.0,LAGUARDIA 220,País Vasco,Araba/Álava,Laguardia,220.0,42.507702541986,-2.5847435294241,eolica,Con permisos,RdD,,
12874.0,LAGUARDIA 220,País Vasco,Araba/Álava,Laguardia,220.0,42.507702541986,-2.5847435294241,eolica,Con permisos,RdT,72.0,75.0
12874.0,LAGUARDIA 220,País Vasco,Araba/Álava,Laguardia,220.0,42.507702541986,-2.5847435294241,eolica,Puesta en servicio,RdD,,
12874.0,LAGUARDIA 220,País Vasco,Araba/Álava,Laguardia,220.0,42.507702541986,-2.5847435294241,eolica,Puesta en servicio,RdT,126.2,126.2
7182.0,ALI 220,País Vasco,Araba/Álava,Vitoria-Gasteiz,220.0,42.856350357857,-2.7075554377293,eolica,En curso,RdD,67.61,69.3
7182.0,ALI 220,País Vasco,Araba/Álava,Vitoria-Gasteiz,220.0,42.856350357857,-2.7075554377293,eolica,En curso,RdT,,
7182.0,ALI 220,País Vasco,Araba/Álava,Vitoria-Gasteiz,220.0,42.856350357857,-2.7075554377293,fotovoltaica,En curso,RdD,20.0,24.98
7182.0,ALI 220,País Vasco,Araba/Álava,Vitoria-Gasteiz,220.0,42.856350357857,-2.7075554377293,fotovoltaica,En curso,RdT,,
7201.0,VITORIA 220,País Vasco,Araba/Álava,Vitoria-Gasteiz,220.0,42.883614343443,-2.6030418435136,eolica,En curso,RdD,4.95,4.95
7201.0,VITORIA 220,País Vasco,Araba/Álava,Vitoria-Gasteiz,220.0,42.883614343443,-2.6030418435136,eolica,En curso,RdT,,
7201.0,VITORIA 220,País Vasco,Araba/Álava,Vitoria-Gasteiz,220.0,42.883614343443,-2.6030418435136,fotovoltaica,Con permisos,RdD,1.0,1.0
7201.0,VITORIA 220,País Vasco,Araba/Álava,Vitoria-Gasteiz,220.0,42.883614343443,-2.6030418435136,fotovoltaica,Con permisos,RdT,98.0,106.0
7201.0,VITORIA 220,País Vasco,Araba/Álava,Vitoria-Gasteiz,220.0,42.883614343443,-2.6030418435136,fotovoltaica,En curso,RdD,39.61,39.84
7201.0,VITORIA 220,País Vasco,Araba/Álava,Vitoria-Gasteiz,220.0,42.883614343443,-2.6030418435136,fotovoltaica,En curso,RdT,,
7230.0,VITORIA 400,País Vasco,Araba/Álava,Vitoria-Gasteiz,400.0,42.883614343443,-2.6030418435136,fotovoltaica,Con permisos,RdD,,
7230.0,VITORIA 400,País Vasco,Araba/Álava,Vitoria-Gasteiz,400.0,42.883614343443,-2.6030418435136,fotovoltaica,Con permisos,RdT,1.0,1.0
12789.0,GAMARRA 220,País Vasco,Araba/Álava,Vitoria-Gasteiz,220.0,42.8691010555,-2.6657187931961,eolica,En curso,RdD,4.95,4.95
12789.0,GAMARRA 220,País Vasco,Araba/Álava,Vitoria-Gasteiz,220.0,42.8691010555,-2.6657187931961,eolica,En curso,RdT,,
12789.0,GAMARRA 220,País Vasco,Araba/Álava,Vitoria-Gasteiz,220.0,42.8691010555,-2.6657187931961,fotovoltaica,Puesta en servicio,RdD,2.53,2.53
12789.0,GAMARRA 220,País Vasco,Araba/Álava,Vitoria-Gasteiz,220.0,42.8691010555,-2.6657187931961,fotovoltaica,Puesta en servicio,RdT,,
12789.0,GAMARRA 220,País Vasco,Araba/Álava,Vitoria-Gasteiz,220.0,42.8691010555,-2.6657187931961,otras,Puesta en servicio,RdD,11.97,11.97
12789.0,GAMARRA 220,País Vasco,Araba/Álava,Vitoria-Gasteiz,220.0,42.8691010555,-2.6657187931961,otras,Puesta en servicio,RdT,47.0,47.0
12860.0,JUNDIZ 220,País Vasco,Araba/Álava,Vitoria-Gasteiz,220.0,42.836157951029,-2.7465567909518,almacenamiento,En curso,RdD,5.0,5.0
12860.0,JUNDIZ 220,País Vasco,Araba/Álava,Vitoria-Gasteiz,220.0,42.836157951029,-2.7465567909518,almacenamiento,En curso,RdT,,
12860.0,JUNDIZ 220,País Vasco,Araba/Álava,Vitoria-Gasteiz,220.0,42.836157951029,-2.7465567909518,eolica,Con permisos,RdD,49.0,49.0
12860.0,JUNDIZ 220,País Vasco,Araba/Álava,Vitoria-Gasteiz,220.0,42.836157951029,-2.7465567909518,eolica,Con permisos,RdT,,
12860.0,JUNDIZ 220,País Vasco,Araba/Álava,Vitoria-Gasteiz,220.0,42.836157951029,-2.7465567909518,eolica,En curso,RdD,29.24,29.95
12860.0,JUNDIZ 220,País Vasco,Araba/Álava,Vitoria-Gasteiz,220.0,42.836157951029,-2.7465567909518,eolica,En curso,RdT,,
12860.0,JUNDIZ 220,País Vasco,Araba/Álava,Vitoria-Gasteiz,220.0,42.836157951029,-2.7465567909518,eolica,Puesta en servicio,RdD,49.98,49.98
12860.0,JUNDIZ 220,País Vasco,Araba/Álava,Vitoria-Gasteiz,220.0,42.836157951029,-2.7465567909518,eolica,Puesta en servicio,RdT,,
12860.0,JUNDIZ 220,País Vasco,Araba/Álava,Vitoria-Gasteiz,220.0,42.836157951029,-2.7465567909518,fotovoltaica,Puesta en servicio,RdD,5.39,5.39
12860.0,JUNDIZ 220,País Vasco,Araba/Álava,Vitoria-Gasteiz,220.0,42.836157951029,-2.7465567909518,fotovoltaica,Puesta en servicio,RdT,,
7181.0,ABADIANO 220,País Vasco,Bizkaia/Vizcaya,Abadiño,220.0,43.13819233841,-2.5959973405996,almacenamiento,Puesta en servicio,RdD,6.0,6.0
7181.0,ABADIANO 220,País Vasco,Bizkaia/Vizcaya,Abadiño,220.0,43.13819233841,-2.5959973405996,almacenamiento,Puesta en servicio,RdT,,
7181.0,ABADIANO 220,País Vasco,Bizkaia/Vizcaya,Abadiño,220.0,43.13819233841,-2.5959973405996,eolica,Con permisos,RdD,60.0,60.0
7181.0,ABADIANO 220,País Vasco,Bizkaia/Vizcaya,Abadiño,220.0,43.13819233841,-2.5959973405996,eolica,Con permisos,RdT,,
7181.0,ABADIANO 220,País Vasco,Bizkaia/Vizcaya,Abadiño,220.0,43.13819233841,-2.5959973405996,eolica,Puesta en servicio,RdD,34.0,34.0
7181.0,ABADIANO 220,País Vasco,Bizkaia/Vizcaya,Abadiño,220.0,43.13819233841,-2.5959973405996,eolica,Puesta en servicio,RdT,,
7181.0,ABADIANO 220,País Vasco,Bizkaia/Vizcaya,Abadiño,220.0,43.13819233841,-2.5959973405996,fotovoltaica,Con permisos,RdD,2.0,2.0
7181.0,ABADIANO 220,País Vasco,Bizkaia/Vizcaya,Abadiño,220.0,43.13819233841,-2.5959973405996,fotovoltaica,Con permisos,RdT,,
7181.0,ABADIANO 220,País Vasco,Bizkaia/Vizcaya,Abadiño,220.0,43.13819233841,-2.5959973405996,otras,Puesta en servicio,RdD,31.22,31.22
7181.0,ABADIANO 220,País Vasco,Bizkaia/Vizcaya,Abadiño,220.0,43.13819233841,-2.5959973405996,otras,Puesta en servicio,RdT,,
7184.0,AMOREBIETA 400,País Vasco,Bizkaia/Vizcaya,Amorebieta-Etxano,400.0,43.235916850284,-2.7494350643449,otras,Puesta en servicio,RdD,,
7184.0,AMOREBIETA 400,País Vasco,Bizkaia/Vizcaya,Amorebieta-Etxano,400.0,43.235916850284,-2.7494350643449,otras,Puesta en servicio,RdT,786.42,786.42
7187.0,BASAURI 220,País Vasco,Bizkaia/Vizcaya,Basauri,220.0,43.221080184069,-2.895264492715,almacenamiento,Con permisos,RdD,400.0,490.0
7187.0,BASAURI 220,País Vasco,Bizkaia/Vizcaya,Basauri,220.0,43.221080184069,-2.895264492715,almacenamiento,Con permisos,RdT,,
7187.0,BASAURI 220,País Vasco,Bizkaia/Vizcaya,Basauri,220.0,43.221080184069,-2.895264492715,eolica,Con permisos,RdD,113.0,113.0
7187.0,BASAURI 220,País Vasco,Bizkaia/Vizcaya,Basauri,220.0,43.221080184069,-2.895264492715,eolica,Con permisos,RdT,,
7187.0,BASAURI 220,País Vasco,Bizkaia/Vizcaya,Basauri,220.0,43.221080184069,-2.895264492715,eolica,En curso,RdD,135.0,147.5
7187.0,BASAURI 220,País Vasco,Bizkaia/Vizcaya,Basauri,220.0,43.221080184069,-2.895264492715,eolica,En curso,RdT,,
7187.0,BASAURI 220,País Vasco,Bizkaia/Vizcaya,Basauri,220.0,43.221080184069,-2.895264492715,hidraulica,Puesta en servicio,RdD,2.59,2.59
7187.0,BASAURI 220,País Vasco,Bizkaia/Vizcaya,Basauri,220.0,43.221080184069,-2.895264492715,hidraulica,Puesta en servicio,RdT,,
7187.0,BASAURI 220,País Vasco,Bizkaia/Vizcaya,Basauri,220.0,43.221080184069,-2.895264492715,otras,Puesta en servicio,RdD,7.17,7.17
7187.0,BASAURI 220,País Vasco,Bizkaia/Vizcaya,Basauri,220.0,43.221080184069,-2.895264492715,otras,Puesta en servicio,RdT,,
7183.0,ALONSOTEGUI 220,País Vasco,Bizkaia/Vizcaya,Bilbao,220.0,43.247115567084,-2.9824952929925,hidraulica,Puesta en servicio,RdD,4.22,4.22
7183.0,ALONSOTEGUI 220,País Vasco,Bizkaia/Vizcaya,Bilbao,220.0,43.247115567084,-2.9824952929925,hidraulica,Puesta en servicio,RdT,,
7183.0,ALONSOTEGUI 220,País Vasco,Bizkaia/Vizcaya,Bilbao,220.0,43.247115567084,-2.9824952929925,otras,Puesta en servicio,RdD,5.5,5.5
7183.0,ALONSOTEGUI 220,País Vasco,Bizkaia/Vizcaya,Bilbao,220.0,43.247115567084,-2.9824952929925,otras,Puesta en servicio,RdT,,
12794.0,GATICA 220,País Vasco,Bizkaia/Vizcaya,Gatika,220.0,43.349959245469,-2.8802517860781,eolica,Puesta en servicio,RdD,10.0,10.0
12794.0,GATICA 220,País Vasco,Bizkaia/Vizcaya,Gatika,220.0,43.349959245469,-2.8802517860781,eolica,Puesta en servicio,RdT,,
12794.0,GATICA 220,País Vasco,Bizkaia/Vizcaya,Gatika,220.0,43.349959245469,-2.8802517860781,fotovoltaica,Puesta en servicio,RdD,2.85,2.85
12794.0,GATICA 220,País Vasco,Bizkaia/Vizcaya,Gatika,220.0,43.349959245469,-2.8802517860781,fotovoltaica,Puesta en servicio,RdT,,
12794.0,GATICA 220,País Vasco,Bizkaia/Vizcaya,Gatika,220.0,43.349959245469,-2.8802517860781,otras,Puesta en servicio,RdD,53.04,53.04
12794.0,GATICA 220,País Vasco,Bizkaia/Vizcaya,Gatika,220.0,43.349959245469,-2.8802517860781,otras,Puesta en servicio,RdT,,
12795.0,GATICA 400,País Vasco,Bizkaia/Vizcaya,Gatika,400.0,43.349959245469,-2.8802517860781,otras,Puesta en servicio,RdD,13.0,26.0
12795.0,GATICA 400,País Vasco,Bizkaia/Vizcaya,Gatika,400.0,43.349959245469,-2.8802517860781,otras,Puesta en servicio,RdT,,
12875.0,LA JARA 220,País Vasco,Bizkaia/Vizcaya,Güeñes,220.0,43.203420315274,-3.1041916727657,almacenamiento,Con permisos,RdD,20.0,24.0
12875.0,LA JARA 220,País Vasco,Bizkaia/Vizcaya,Güeñes,220.0,43.203420315274,-3.1041916727657,almacenamiento,Con permisos,RdT,,
12875.0,LA JARA 220,País Vasco,Bizkaia/Vizcaya,Güeñes,220.0,43.203420315274,-3.1041916727657,eolica,Con permisos,RdD,119.0,147.0
12875.0,LA JARA 220,País Vasco,Bizkaia/Vizcaya,Güeñes,220.0,43.203420315274,-3.1041916727657,eolica,Con permisos,RdT,,
12875.0,LA JARA 220,País Vasco,Bizkaia/Vizcaya,Güeñes,220.0,43.203420315274,-3.1041916727657,hidraulica,Puesta en servicio,RdD,5.38,5.38
12875.0,LA JARA 220,País Vasco,Bizkaia/Vizcaya,Güeñes,220.0,43.203420315274,-3.1041916727657,hidraulica,Puesta en servicio,RdT,,
12875.0,LA JARA 220,País Vasco,Bizkaia/Vizcaya,Güeñes,220.0,43.203420315274,-3.1041916727657,otras,Puesta en servicio,RdD,12.0,12.0
12875.0,LA JARA 220,País Vasco,Bizkaia/Vizcaya,Güeñes,220.0,43.203420315274,-3.1041916727657,otras,Puesta en servicio,RdT,,
13028.0,ORTUELLA 220,País Vasco,Bizkaia/Vizcaya,Ortuella,220.0,43.314172789371,-3.0374518182713,almacenamiento,Con permisos,RdD,70.0,74.0
13028.0,ORTUELLA 220,País Vasco,Bizkaia/Vizcaya,Ortuella,220.0,43.314172789371,-3.0374518182713,almacenamiento,Con permisos,RdT,,
13028.0,ORTUELLA 220,País Vasco,Bizkaia/Vizcaya,Ortuella,220.0,43.314172789371,-3.0374518182713,eolica,Con permisos,RdD,264.0,264.0
13028.0,ORTUELLA 220,País Vasco,Bizkaia/Vizcaya,Ortuella,220.0,43.314172789371,-3.0374518182713,eolica,Con permisos,RdT,,
13028.0,ORTUELLA 220,País Vasco,Bizkaia/Vizcaya,Ortuella,220.0,43.314172789371,-3.0374518182713,eolica,En curso,RdD,50.0,50.0
13028.0,ORTUELLA 220,País Vasco,Bizkaia/Vizcaya,Ortuella,220.0,43.314172789371,-3.0374518182713,eolica,En curso,RdT,,
13028.0,ORTUELLA 220,País Vasco,Bizkaia/Vizcaya,Ortuella,220.0,43.314172789371,-3.0374518182713,eolica,Puesta en servicio,RdD,10.0,10.0
13028.0,ORTUELLA 220,País Vasco,Bizkaia/Vizcaya,Ortuella,220.0,43.314172789371,-3.0374518182713,eolica,Puesta en servicio,RdT,,
13028.0,ORTUELLA 220,País Vasco,Bizkaia/Vizcaya,Ortuella,220.0,43.314172789371,-3.0374518182713,fotovoltaica,Puesta en servicio,RdD,1.43,1.43
13028.0,ORTUELLA 220,País Vasco,Bizkaia/Vizcaya,Ortuella,220.0,43.314172789371,-3.0374518182713,fotovoltaica,Puesta en servicio,RdT,,
13028.0,ORTUELLA 220,País Vasco,Bizkaia/Vizcaya,Ortuella,220.0,43.314172789371,-3.0374518182713,otras,Puesta en servicio,RdD,128.07,128.07
13028.0,ORTUELLA 220,País Vasco,Bizkaia/Vizcaya,Ortuella,220.0,43.314172789371,-3.0374518182713,otras,Puesta en servicio,RdT,,
13515.0,BARRUNDIA 220,País Vasco,Bizkaia/Vizcaya,Otxandio,220.0,43.043270069517,-2.6681269972268,almacenamiento,Con permisos,RdD,,
13515.0,BARRUNDIA 220,País Vasco,Bizkaia/Vizcaya,Otxandio,220.0,43.043270069517,-2.6681269972268,almacenamiento,Con permisos,RdT,22.0,26.0
13515.0,BARRUNDIA 220,País Vasco,Bizkaia/Vizcaya,Otxandio,220.0,43.043270069517,-2.6681269972268,almacenamiento,En curso,RdD,,
13515.0,BARRUNDIA 220,País Vasco,Bizkaia/Vizcaya,Otxandio,220.0,43.043270069517,-2.6681269972268,almacenamiento,En curso,RdT,84.0,84.0
13515.0,BARRUNDIA 220,País Vasco,Bizkaia/Vizcaya,Otxandio,220.0,43.043270069517,-2.6681269972268,eolica,Con permisos,RdD,,
13515.0,BARRUNDIA 220,País Vasco,Bizkaia/Vizcaya,Otxandio,220.0,43.043270069517,-2.6681269972268,eolica,Con permisos,RdT,50.0,50.0
13515.0,BARRUNDIA 220,País Vasco,Bizkaia/Vizcaya,Otxandio,220.0,43.043270069517,-2.6681269972268,eolica,En curso,RdD,,
13515.0,BARRUNDIA 220,País Vasco,Bizkaia/Vizcaya,Otxandio,220.0,43.043270069517,-2.6681269972268,eolica,En curso,RdT,50.0,50.0
7199.0,SANTURCE 220,País Vasco,Bizkaia/Vizcaya,Santurtzi,220.0,43.338399744209,-3.0529918441407,almacenamiento,Con permisos,RdD,,
7199.0,SANTURCE 220,País Vasco,Bizkaia/Vizcaya,Santurtzi,220.0,43.338399744209,-3.0529918441407,almacenamiento,Con permisos,RdT,149.0,380.0
7199.0,SANTURCE 220,País Vasco,Bizkaia/Vizcaya,Santurtzi,220.0,43.338399744209,-3.0529918441407,hibridacion,Puesta en servicio,RdD,,
7199.0,SANTURCE 220,País Vasco,Bizkaia/Vizcaya,Santurtzi,220.0,43.338399744209,-3.0529918441407,hibridacion,Puesta en servicio,RdT,396.4,
7199.0,SANTURCE 220,País Vasco,Bizkaia/Vizcaya,Santurtzi,220.0,43.338399744209,-3.0529918441407,otras,Puesta en servicio,RdD,12.2,12.2
7199.0,SANTURCE 220,País Vasco,Bizkaia/Vizcaya,Santurtzi,220.0,43.338399744209,-3.0529918441407,otras,Puesta en servicio,RdT,,396.4
7240.0,ZAMUDIO 220,País Vasco,Bizkaia/Vizcaya,Zamudio,220.0,43.301252330516,-2.8640628590803,fotovoltaica,Puesta en servicio,RdD,1.18,1.18
7240.0,ZAMUDIO 220,País Vasco,Bizkaia/Vizcaya,Zamudio,220.0,43.301252330516,-2.8640628590803,fotovoltaica,Puesta en servicio,RdT,,
7240.0,ZAMUDIO 220,País Vasco,Bizkaia/Vizcaya,Zamudio,220.0,43.301252330516,-2.8640628590803,otras,Puesta en servicio,RdD,1.1,1.1
7240.0,ZAMUDIO 220,País Vasco,Bizkaia/Vizcaya,Zamudio,220.0,43.301252330516,-2.8640628590803,otras,Puesta en servicio,RdT,,
7202.0,ZIERBENA 400,País Vasco,Bizkaia/Vizcaya,Zierbena,400.0,43.358791889623,-3.0910294482475,eolica,Con permisos,RdD,,
7202.0,ZIERBENA 400,País Vasco,Bizkaia/Vizcaya,Zierbena,400.0,43.358791889623,-3.0910294482475,eolica,Con permisos,RdT,34.0,34.0
7202.0,ZIERBENA 400,País Vasco,Bizkaia/Vizcaya,Zierbena,400.0,43.358791889623,-3.0910294482475,fotovoltaica,Con permisos,RdD,,
7202.0,ZIERBENA 400,País Vasco,Bizkaia/Vizcaya,Zierbena,400.0,43.358791889623,-3.0910294482475,fotovoltaica,Con permisos,RdT,65.0,100.0
7202.0,ZIERBENA 400,País Vasco,Bizkaia/Vizcaya,Zierbena,400.0,43.358791889623,-3.0910294482475,fotovoltaica,En curso,RdD,,
7202.0,ZIERBENA 400,País Vasco,Bizkaia/Vizcaya,Zierbena,400.0,43.358791889623,-3.0910294482475,fotovoltaica,En curso,RdT,100.0,100.0
7202.0,ZIERBENA 400,País Vasco,Bizkaia/Vizcaya,Zierbena,400.0,43.358791889623,-3.0910294482475,otras,Puesta en servicio,RdD,,
7202.0,ZIERBENA 400,País Vasco,Bizkaia/Vizcaya,Zierbena,400.0,43.358791889623,-3.0910294482475,otras,Puesta en servicio,RdT,785.2,785.25
13085.0,PUENTELARRA 220,País Vasco,Burgos,Lantarón,220.0,42.755782170287,-3.0485198861342,fotovoltaica,Con permisos,RdD,96.0,110.0
13085.0,PUENTELARRA 220,País Vasco,Burgos,Lantarón,220.0,42.755782170287,-3.0485198861342,fotovoltaica,Con permisos,RdT,,
13085.0,PUENTELARRA 220,País Vasco,Burgos,Lantarón,220.0,42.755782170287,-3.0485198861342,fotovoltaica,En curso,RdD,175.91,268.82
13085.0,PUENTELARRA 220,País Vasco,Burgos,Lantarón,220.0,42.755782170287,-3.0485198861342,fotovoltaica,En curso,RdT,,
13085.0,PUENTELARRA 220,País Vasco,Burgos,Lantarón,220.0,42.755782170287,-3.0485198861342,fotovoltaica,Puesta en servicio,RdD,1.0,1.0
13085.0,PUENTELARRA 220,País Vasco,Burgos,Lantarón,220.0,42.755782170287,-3.0485198861342,fotovoltaica,Puesta en servicio,RdT,,
13085.0,PUENTELARRA 220,País Vasco,Burgos,Lantarón,220.0,42.755782170287,-3.0485198861342,otras,Puesta en servicio,RdD,28.32,28.32
13085.0,PUENTELARRA 220,País Vasco,Burgos,Lantarón,220.0,42.755782170287,-3.0485198861342,otras,Puesta en servicio,RdT,,
7186.0,AZPEITIA 400,País Vasco,Gipuzkoa/Guipúzcoa,Azpeitia,400.0,43.213070267738,-2.2523394880768,eolica,Con permisos,RdD,33.0,33.0
7186.0,AZPEITIA 400,País Vasco,Gipuzkoa/Guipúzcoa,Azpeitia,400.0,43.213070267738,-2.2523394880768,eolica,Con permisos,RdT,,
7186.0,AZPEITIA 400,País Vasco,Gipuzkoa/Guipúzcoa,Azpeitia,400.0,43.213070267738,-2.2523394880768,fotovoltaica,Puesta en servicio,RdD,1.21,1.21
7186.0,AZPEITIA 400,País Vasco,Gipuzkoa/Guipúzcoa,Azpeitia,400.0,43.213070267738,-2.2523394880768,fotovoltaica,Puesta en servicio,RdT,,
12825.0,HERNANI 220,País Vasco,Gipuzkoa/Guipúzcoa,Hernani,220.0,43.256299763293,-1.9754143118682,eolica,En curso,RdD,9.9,9.9
12825.0,HERNANI 220,País Vasco,Gipuzkoa/Guipúzcoa,Hernani,220.0,43.256299763293,-1.9754143118682,eolica,En curso,RdT,,
12825.0,HERNANI 220,País Vasco,Gipuzkoa/Guipúzcoa,Hernani,220.0,43.256299763293,-1.9754143118682,hidraulica,Puesta en servicio,RdD,7.88,7.88
12825.0,HERNANI 220,País Vasco,Gipuzkoa/Guipúzcoa,Hernani,220.0,43.256299763293,-1.9754143118682,hidraulica,Puesta en servicio,RdT,,
12825.0,HERNANI 220,País Vasco,Gipuzkoa/Guipúzcoa,Hernani,220.0,43.256299763293,-1.9754143118682,otras,Puesta en servicio,RdD,22.72,22.72
12825.0,HERNANI 220,País Vasco,Gipuzkoa/Guipúzcoa,Hernani,220.0,43.256299763293,-1.9754143118682,otras,Puesta en servicio,RdT,,
12826.0,HERNANI 400,País Vasco,Gipuzkoa/Guipúzcoa,Hernani,400.0,43.256299763293,-1.9754143118682,otras,Puesta en servicio,RdD,203.36,203.37
12826.0,HERNANI 400,País Vasco,Gipuzkoa/Guipúzcoa,Hernani,400.0,43.256299763293,-1.9754143118682,otras,Puesta en servicio,RdT,,
12845.0,IRUN 220,País Vasco,Gipuzkoa/Guipúzcoa,Irun,220.0,43.337859858542,-1.8117402607642,almacenamiento,Con permisos,RdD,80.0,80.0
12845.0,IRUN 220,País Vasco,Gipuzkoa/Guipúzcoa,Irun,220.0,43.337859858542,-1.8117402607642,almacenamiento,Con permisos,RdT,,
12845.0,IRUN 220,País Vasco,Gipuzkoa/Guipúzcoa,Irun,220.0,43.337859858542,-1.8117402607642,eolica,Con permisos,RdD,60.0,64.0
12845.0,IRUN 220,País Vasco,Gipuzkoa/Guipúzcoa,Irun,220.0,43.337859858542,-1.8117402607642,eolica,Con permisos,RdT,,
7185.0,ARKALE 220,País Vasco,Gipuzkoa/Guipúzcoa,Oiartzun,220.0,43.305040276379,-1.8430489478571,almacenamiento,Con permisos,RdD,50.0,50.0
7185.0,ARKALE 220,País Vasco,Gipuzkoa/Guipúzcoa,Oiartzun,220.0,43.305040276379,-1.8430489478571,almacenamiento,Con permisos,RdT,,
7185.0,ARKALE 220,País Vasco,Gipuzkoa/Guipúzcoa,Oiartzun,220.0,43.305040276379,-1.8430489478571,eolica,Con permisos,RdD,249.0,253.0
7185.0,ARKALE 220,País Vasco,Gipuzkoa/Guipúzcoa,Oiartzun,220.0,43.305040276379,-1.8430489478571,eolica,Con permisos,RdT,,
7185.0,ARKALE 220,País Vasco,Gipuzkoa/Guipúzcoa,Oiartzun,220.0,43.305040276379,-1.8430489478571,hidraulica,Puesta en servicio,RdD,3.7,3.7
7185.0,ARKALE 220,País Vasco,Gipuzkoa/Guipúzcoa,Oiartzun,220.0,43.305040276379,-1.8430489478571,hidraulica,Puesta en servicio,RdT,,
13027.0,ORMAIZTEGUI 220,País Vasco,Gipuzkoa/Guipúzcoa,Ormaiztegi,220.0,43.044022667485,-2.2417786868646,eolica,En curso,RdD,30.0,36.0
13027.0,ORMAIZTEGUI 220,País Vasco,Gipuzkoa/Guipúzcoa,Ormaiztegi,220.0,43.044022667485,-2.2417786868646,eolica,En curso,RdT,,
13027.0,ORMAIZTEGUI 220,País Vasco,Gipuzkoa/Guipúzcoa,Ormaiztegi,220.0,43.044022667485,-2.2417786868646,eolica,Puesta en servicio,RdD,19.2,19.2
13027.0,ORMAIZTEGUI 220,País Vasco,Gipuzkoa/Guipúzcoa,Ormaiztegi,220.0,43.044022667485,-2.2417786868646,eolica,Puesta en servicio,RdT,,
13027.0,ORMAIZTEGUI 220,País Vasco,Gipuzkoa/Guipúzcoa,Ormaiztegi,220.0,43.044022667485,-2.2417786868646,hidraulica,Puesta en servicio,RdD,6.83,6.83
13027.0,ORMAIZTEGUI 220,País Vasco,Gipuzkoa/Guipúzcoa,Ormaiztegi,220.0,43.044022667485,-2.2417786868646,hidraulica,Puesta en servicio,RdT,,
13027.0,ORMAIZTEGUI 220,País Vasco,Gipuzkoa/Guipúzcoa,Ormaiztegi,220.0,43.044022667485,-2.2417786868646,otras,Puesta en servicio,RdD,38.06,38.06
13027.0,ORMAIZTEGUI 220,País Vasco,Gipuzkoa/Guipúzcoa,Ormaiztegi,220.0,43.044022667485,-2.2417786868646,otras,Puesta en servicio,RdT,,
