node_id,node_name,ccaa,provincia,municipio,voltage,lat,lng,technology,status,grid,capacidad_acceso_mw,potencia_instalada_mw
6682.0,BENAHADUX 220,Andalucía,Almería,Benahadux,220.0,36.908045235882,-2.4654367931319,almacenamiento,Con permisos,RdD,,4.0
6682.0,BENAHADUX 220,Andalucía,Almería,Benahadux,220.0,36.908045235882,-2.4654367931319,almacenamiento,Con permisos,RdT,,
6682.0,BENAHADUX 220,Andalucía,Almería,Benahadux,220.0,36.908045235882,-2.4654367931319,fotovoltaica,Con permisos,RdD,72.0,82.0
6682.0,BENAHADUX 220,Andalucía,Almería,Benahadux,220.0,36.908045235882,-2.4654367931319,fotovoltaica,Con permisos,RdT,,
6682.0,BENAHADUX 220,Andalucía,Almería,Benahadux,220.0,36.908045235882,-2.4654367931319,fotovoltaica,Puesta en servicio,RdD,25.0,30.46
6682.0,BENAHADUX 220,Andalucía,Almería,Benahadux,220.0,36.908045235882,-2.4654367931319,fotovoltaica,Puesta en servicio,RdT,,
6682.0,BENAHADUX 220,Andalucía,Almería,Benahadux,220.0,36.908045235882,-2.4654367931319,hibridacion,Puesta en servicio,RdD,4.33,
6682.0,BENAHADUX 220,Andalucía,Almería,Benahadux,220.0,36.908045235882,-2.4654367931319,hibridacion,Puesta en servicio,RdT,,
7331.0,BERJA 220,Andalucía,Almería,Berja,220.0,36.834340327367,-2.92049536137,almacenamiento,Con permisos,RdD,,
7331.0,BERJA 220,Andalucía,Almería,Berja,220.0,36.834340327367,-2.92049536137,almacenamiento,Con permisos,RdT,378.0,427.0
7331.0,BERJA 220,Andalucía,Almería,Berja,220.0,36.834340327367,-2.92049536137,almacenamiento,En curso,RdD,,
7331.0,BERJA 220,Andalucía,Almería,Berja,220.0,36.834340327367,-2.92049536137,almacenamiento,En curso,RdT,25.0,25.0
7331.0,BERJA 220,Andalucía,Almería,Berja,220.0,36.834340327367,-2.92049536137,bombeo,En curso,RdD,,
7331.0,BERJA 220,Andalucía,Almería,Berja,220.0,36.834340327367,-2.92049536137,bombeo,En curso,RdT,50.0,50.0
7331.0,BERJA 220,Andalucía,Almería,Berja,220.0,36.834340327367,-2.92049536137,eolica,Con permisos,RdD,,
7331.0,BERJA 220,Andalucía,Almería,Berja,220.0,36.834340327367,-2.92049536137,eolica,Con permisos,RdT,111.0,117.0
7331.0,BERJA 220,Andalucía,Almería,Berja,220.0,36.834340327367,-2.92049536137,eolica,Puesta en servicio,RdD,13.2,13.2
7331.0,BERJA 220,Andalucía,Almería,Berja,220.0,36.834340327367,-2.92049536137,eolica,Puesta en servicio,RdT,,
7331.0,BERJA 220,Andalucía,Almería,Berja,220.0,36.834340327367,-2.92049536137,fotovoltaica,Con permisos,RdD,12.0,15.0
7331.0,BERJA 220,Andalucía,Almería,Berja,220.0,36.834340327367,-2.92049536137,fotovoltaica,Con permisos,RdT,45.0,75.0
7331.0,BERJA 220,Andalucía,Almería,Berja,220.0,36.834340327367,-2.92049536137,fotovoltaica,Puesta en servicio,RdD,15.35,16.21
7331.0,BERJA 220,Andalucía,Almería,Berja,220.0,36.834340327367,-2.92049536137,fotovoltaica,Puesta en servicio,RdT,,
7331.0,BERJA 220,Andalucía,Almería,Berja,220.0,36.834340327367,-2.92049536137,hibridacion,Con permisos,RdD,,
7331.0,BERJA 220,Andalucía,Almería,Berja,220.0,36.834340327367,-2.92049536137,hibridacion,Con permisos,RdT,49.0,
7331.0,BERJA 220,Andalucía,Almería,Berja,220.0,36.834340327367,-2.92049536137,otras,Puesta en servicio,RdD,3.22,3.22
7331.0,BERJA 220,Andalucía,Almería,Berja,220.0,36.834340327367,-2.92049536137,otras,Puesta en servicio,RdT,,
13332.0,LITORAL 400,Andalucía,Almería,Carboneras,400.0,36.978302950275,-1.9080669729796,almacenamiento,Con permisos,RdD,,53.0
13332.0,LITORAL 400,Andalucía,Almería,Carboneras,400.0,36.978302950275,-1.9080669729796,almacenamiento,Con permisos,RdT,,
13332.0,LITORAL 400,Andalucía,Almería,Carboneras,400.0,36.978302950275,-1.9080669729796,eolica,Con permisos,RdD,86.0,119.0
13332.0,LITORAL 400,Andalucía,Almería,Carboneras,400.0,36.978302950275,-1.9080669729796,eolica,Con permisos,RdT,,
13332.0,LITORAL 400,Andalucía,Almería,Carboneras,400.0,36.978302950275,-1.9080669729796,eolica,Puesta en servicio,RdD,184.4,279.9
13332.0,LITORAL 400,Andalucía,Almería,Carboneras,400.0,36.978302950275,-1.9080669729796,eolica,Puesta en servicio,RdT,,
13332.0,LITORAL 400,Andalucía,Almería,Carboneras,400.0,36.978302950275,-1.9080669729796,fotovoltaica,Con permisos,RdD,74.0,215.0
13332.0,LITORAL 400,Andalucía,Almería,Carboneras,400.0,36.978302950275,-1.9080669729796,fotovoltaica,Con permisos,RdT,,
13332.0,LITORAL 400,Andalucía,Almería,Carboneras,400.0,36.978302950275,-1.9080669729796,fotovoltaica,En curso,RdD,10.0,10.0
13332.0,LITORAL 400,Andalucía,Almería,Carboneras,400.0,36.978302950275,-1.9080669729796,fotovoltaica,En curso,RdT,,
13332.0,LITORAL 400,Andalucía,Almería,Carboneras,400.0,36.978302950275,-1.9080669729796,fotovoltaica,Puesta en servicio,RdD,216.13,308.62
13332.0,LITORAL 400,Andalucía,Almería,Carboneras,400.0,36.978302950275,-1.9080669729796,fotovoltaica,Puesta en servicio,RdT,,
13332.0,LITORAL 400,Andalucía,Almería,Carboneras,400.0,36.978302950275,-1.9080669729796,hibridacion,Con permisos,RdD,54.0,
13332.0,LITORAL 400,Andalucía,Almería,Carboneras,400.0,36.978302950275,-1.9080669729796,hibridacion,Con permisos,RdT,,
13332.0,LITORAL 400,Andalucía,Almería,Carboneras,400.0,36.978302950275,-1.9080669729796,hibridacion,Puesta en servicio,RdD,145.94,
13332.0,LITORAL 400,Andalucía,Almería,Carboneras,400.0,36.978302950275,-1.9080669729796,hibridacion,Puesta en servicio,RdT,,
13332.0,LITORAL 400,Andalucía,Almería,Carboneras,400.0,36.978302950275,-1.9080669729796,hidraulica,Con permisos,RdD,2.0,2.0
13332.0,LITORAL 400,Andalucía,Almería,Carboneras,400.0,36.978302950275,-1.9080669729796,hidraulica,Con permisos,RdT,,
13332.0,LITORAL 400,Andalucía,Almería,Carboneras,400.0,36.978302950275,-1.9080669729796,hidraulica,Puesta en servicio,RdD,14.88,14.88
13332.0,LITORAL 400,Andalucía,Almería,Carboneras,400.0,36.978302950275,-1.9080669729796,hidraulica,Puesta en servicio,RdT,,
13332.0,LITORAL 400,Andalucía,Almería,Carboneras,400.0,36.978302950275,-1.9080669729796,otras,Puesta en servicio,RdD,35.72,35.72
13332.0,LITORAL 400,Andalucía,Almería,Carboneras,400.0,36.978302950275,-1.9080669729796,otras,Puesta en servicio,RdT,,
6727.0,TABERNAS 220,Andalucía,Almería,Tabernas,220.0,37.07088044775,-2.3123478480257,almacenamiento,Con permisos,RdD,,
6727.0,TABERNAS 220,Andalucía,Almería,Tabernas,220.0,37.07088044775,-2.3123478480257,almacenamiento,Con permisos,RdT,,39.0
6727.0,TABERNAS 220,Andalucía,Almería,Tabernas,220.0,37.07088044775,-2.3123478480257,almacenamiento,En curso,RdD,,
6727.0,TABERNAS 220,Andalucía,Almería,Tabernas,220.0,37.07088044775,-2.3123478480257,almacenamiento,En curso,RdT,,39.93
6727.0,TABERNAS 220,Andalucía,Almería,Tabernas,220.0,37.07088044775,-2.3123478480257,fotovoltaica,Con permisos,RdD,,
6727.0,TABERNAS 220,Andalucía,Almería,Tabernas,220.0,37.07088044775,-2.3123478480257,fotovoltaica,Con permisos,RdT,45.0,45.0
6727.0,TABERNAS 220,Andalucía,Almería,Tabernas,220.0,37.07088044775,-2.3123478480257,fotovoltaica,En curso,RdD,,
6727.0,TABERNAS 220,Andalucía,Almería,Tabernas,220.0,37.07088044775,-2.3123478480257,fotovoltaica,En curso,RdT,,0.07
6727.0,TABERNAS 220,Andalucía,Almería,Tabernas,220.0,37.07088044775,-2.3123478480257,fotovoltaica,Puesta en servicio,RdD,,
6727.0,TABERNAS 220,Andalucía,Almería,Tabernas,220.0,37.07088044775,-2.3123478480257,fotovoltaica,Puesta en servicio,RdT,110.44,214.98
6727.0,TABERNAS 220,Andalucía,Almería,Tabernas,220.0,37.07088044775,-2.3123478480257,hibridacion,Con permisos,RdD,,
6727.0,TABERNAS 220,Andalucía,Almería,Tabernas,220.0,37.07088044775,-2.3123478480257,hibridacion,Con permisos,RdT,90.0,
6727.0,TABERNAS 220,Andalucía,Almería,Tabernas,220.0,37.07088044775,-2.3123478480257,hibridacion,En curso,RdD,,
6727.0,TABERNAS 220,Andalucía,Almería,Tabernas,220.0,37.07088044775,-2.3123478480257,hibridacion,En curso,RdT,40.0,
6728.0,TABERNAS 400,Andalucía,Almería,Tabernas,400.0,37.07088044775,-2.3123478480257,almacenamiento,Con permisos,RdD,,
6728.0,TABERNAS 400,Andalucía,Almería,Tabernas,400.0,37.07088044775,-2.3123478480257,almacenamiento,Con permisos,RdT,,20.0
6728.0,TABERNAS 400,Andalucía,Almería,Tabernas,400.0,37.07088044775,-2.3123478480257,fotovoltaica,Con permisos,RdD,,
6728.0,TABERNAS 400,Andalucía,Almería,Tabernas,400.0,37.07088044775,-2.3123478480257,fotovoltaica,Con permisos,RdT,431.0,501.0
6728.0,TABERNAS 400,Andalucía,Almería,Tabernas,400.0,37.07088044775,-2.3123478480257,fotovoltaica,Puesta en servicio,RdD,,
6728.0,TABERNAS 400,Andalucía,Almería,Tabernas,400.0,37.07088044775,-2.3123478480257,fotovoltaica,Puesta en servicio,RdT,339.54,395.22
6728.0,TABERNAS 400,Andalucía,Almería,Tabernas,400.0,37.07088044775,-2.3123478480257,hibridacion,Con permisos,RdD,,
6728.0,TABERNAS 400,Andalucía,Almería,Tabernas,400.0,37.07088044775,-2.3123478480257,hibridacion,Con permisos,RdT,44.0,
12797.0,GAZULES 220,Andalucía,Cádiz,Alcalá de los Gazules,220.0,36.496317739419,-5.7848126060516,almacenamiento,Con permisos,RdD,,
12797.0,GAZULES 220,Andalucía,Cádiz,Alcalá de los Gazules,220.0,36.496317739419,-5.7848126060516,almacenamiento,Con permisos,RdT,,166.0
12797.0,GAZULES 220,Andalucía,Cádiz,Alcalá de los Gazules,220.0,36.496317739419,-5.7848126060516,eolica,Con permisos,RdD,,
12797.0,GAZULES 220,Andalucía,Cádiz,Alcalá de los Gazules,220.0,36.496317739419,-5.7848126060516,eolica,Con permisos,RdT,,22.0
12797.0,GAZULES 220,Andalucía,Cádiz,Alcalá de los Gazules,220.0,36.496317739419,-5.7848126060516,eolica,Puesta en servicio,RdD,,
12797.0,GAZULES 220,Andalucía,Cádiz,Alcalá de los Gazules,220.0,36.496317739419,-5.7848126060516,eolica,Puesta en servicio,RdT,58.0,58.0
12797.0,GAZULES 220,Andalucía,Cádiz,Alcalá de los Gazules,220.0,36.496317739419,-5.7848126060516,fotovoltaica,Puesta en servicio,RdD,,
12797.0,GAZULES 220,Andalucía,Cádiz,Alcalá de los Gazules,220.0,36.496317739419,-5.7848126060516,fotovoltaica,Puesta en servicio,RdT,60.14,327.21
12797.0,GAZULES 220,Andalucía,Cádiz,Alcalá de los Gazules,220.0,36.496317739419,-5.7848126060516,hibridacion,Puesta en servicio,RdD,,
12797.0,GAZULES 220,Andalucía,Cádiz,Alcalá de los Gazules,220.0,36.496317739419,-5.7848126060516,hibridacion,Puesta en servicio,RdT,230.8,
6678.0,ARCOS DE LA FRONTERA 400,Andalucía,Cádiz,Arcos de la Frontera,400.0,36.671460378267,-5.8199388588463,eolica,Con permisos,RdD,,
6678.0,ARCOS DE LA FRONTERA 400,Andalucía,Cádiz,Arcos de la Frontera,400.0,36.671460378267,-5.8199388588463,eolica,Con permisos,RdT,,68.0
6678.0,ARCOS DE LA FRONTERA 400,Andalucía,Cádiz,Arcos de la Frontera,400.0,36.671460378267,-5.8199388588463,eolica,Puesta en servicio,RdD,,
6678.0,ARCOS DE LA FRONTERA 400,Andalucía,Cádiz,Arcos de la Frontera,400.0,36.671460378267,-5.8199388588463,eolica,Puesta en servicio,RdT,209.66,326.96
6678.0,ARCOS DE LA FRONTERA 400,Andalucía,Cádiz,Arcos de la Frontera,400.0,36.671460378267,-5.8199388588463,fotovoltaica,Con permisos,RdD,,
6678.0,ARCOS DE LA FRONTERA 400,Andalucía,Cádiz,Arcos de la Frontera,400.0,36.671460378267,-5.8199388588463,fotovoltaica,Con permisos,RdT,,43.0
6678.0,ARCOS DE LA FRONTERA 400,Andalucía,Cádiz,Arcos de la Frontera,400.0,36.671460378267,-5.8199388588463,fotovoltaica,En curso,RdD,,
6678.0,ARCOS DE LA FRONTERA 400,Andalucía,Cádiz,Arcos de la Frontera,400.0,36.671460378267,-5.8199388588463,fotovoltaica,En curso,RdT,,204.63
6678.0,ARCOS DE LA FRONTERA 400,Andalucía,Cádiz,Arcos de la Frontera,400.0,36.671460378267,-5.8199388588463,fotovoltaica,Puesta en servicio,RdD,,
6678.0,ARCOS DE LA FRONTERA 400,Andalucía,Cádiz,Arcos de la Frontera,400.0,36.671460378267,-5.8199388588463,fotovoltaica,Puesta en servicio,RdT,427.78,584.25
6678.0,ARCOS DE LA FRONTERA 400,Andalucía,Cádiz,Arcos de la Frontera,400.0,36.671460378267,-5.8199388588463,hibridacion,En curso,RdD,,
6678.0,ARCOS DE LA FRONTERA 400,Andalucía,Cádiz,Arcos de la Frontera,400.0,36.671460378267,-5.8199388588463,hibridacion,En curso,RdT,389.2,
6678.0,ARCOS DE LA FRONTERA 400,Andalucía,Cádiz,Arcos de la Frontera,400.0,36.671460378267,-5.8199388588463,hibridacion,Puesta en servicio,RdD,,
6678.0,ARCOS DE LA FRONTERA 400,Andalucía,Cádiz,Arcos de la Frontera,400.0,36.671460378267,-5.8199388588463,hibridacion,Puesta en servicio,RdT,598.72,
6678.0,ARCOS DE LA FRONTERA 400,Andalucía,Cádiz,Arcos de la Frontera,400.0,36.671460378267,-5.8199388588463,otras,En curso,RdD,,
6678.0,ARCOS DE LA FRONTERA 400,Andalucía,Cádiz,Arcos de la Frontera,400.0,36.671460378267,-5.8199388588463,otras,En curso,RdT,373.0,762.53
6678.0,ARCOS DE LA FRONTERA 400,Andalucía,Cádiz,Arcos de la Frontera,400.0,36.671460378267,-5.8199388588463,otras,Puesta en servicio,RdD,,
6678.0,ARCOS DE LA FRONTERA 400,Andalucía,Cádiz,Arcos de la Frontera,400.0,36.671460378267,-5.8199388588463,otras,Puesta en servicio,RdT,1195.86,1585.39
6678.0,ARCOS DE LA FRONTERA 400,Andalucía,Cádiz,Arcos de la Frontera,400.0,36.671460378267,-5.8199388588463,termosolar,Puesta en servicio,RdD,,
6678.0,ARCOS DE LA FRONTERA 400,Andalucía,Cádiz,Arcos de la Frontera,400.0,36.671460378267,-5.8199388588463,termosolar,Puesta en servicio,RdT,100.0,100.0
13408.0,LOS BARRIOS 220,Andalucía,Cádiz,"Barrios, Los",220.0,36.184394206042,-5.4202919042893,almacenamiento,Con permisos,RdD,35.0,41.0
13408.0,LOS BARRIOS 220,Andalucía,Cádiz,"Barrios, Los",220.0,36.184394206042,-5.4202919042893,almacenamiento,Con permisos,RdT,,
13408.0,LOS BARRIOS 220,Andalucía,Cádiz,"Barrios, Los",220.0,36.184394206042,-5.4202919042893,fotovoltaica,Con permisos,RdD,9.0,10.0
13408.0,LOS BARRIOS 220,Andalucía,Cádiz,"Barrios, Los",220.0,36.184394206042,-5.4202919042893,fotovoltaica,Con permisos,RdT,,
13408.0,LOS BARRIOS 220,Andalucía,Cádiz,"Barrios, Los",220.0,36.184394206042,-5.4202919042893,fotovoltaica,Puesta en servicio,RdD,4.0,4.0
13408.0,LOS BARRIOS 220,Andalucía,Cádiz,"Barrios, Los",220.0,36.184394206042,-5.4202919042893,fotovoltaica,Puesta en servicio,RdT,,
13409.0,CAÑUELO 220,Andalucía,Cádiz,"Barrios, Los",220.0,36.213727691492,-5.4526081874826,almacenamiento,Con permisos,RdD,39.0,39.0
13409.0,CAÑUELO 220,Andalucía,Cádiz,"Barrios, Los",220.0,36.213727691492,-5.4526081874826,almacenamiento,Con permisos,RdT,,
13409.0,CAÑUELO 220,Andalucía,Cádiz,"Barrios, Los",220.0,36.213727691492,-5.4526081874826,eolica,En curso,RdD,31.0,31.0
13409.0,CAÑUELO 220,Andalucía,Cádiz,"Barrios, Los",220.0,36.213727691492,-5.4526081874826,eolica,En curso,RdT,,
13409.0,CAÑUELO 220,Andalucía,Cádiz,"Barrios, Los",220.0,36.213727691492,-5.4526081874826,eolica,Puesta en servicio,RdD,,
13409.0,CAÑUELO 220,Andalucía,Cádiz,"Barrios, Los",220.0,36.213727691492,-5.4526081874826,eolica,Puesta en servicio,RdT,36.0,37.2
13409.0,CAÑUELO 220,Andalucía,Cádiz,"Barrios, Los",220.0,36.213727691492,-5.4526081874826,fotovoltaica,Con permisos,RdD,23.0,23.0
13409.0,CAÑUELO 220,Andalucía,Cádiz,"Barrios, Los",220.0,36.213727691492,-5.4526081874826,fotovoltaica,Con permisos,RdT,,
13409.0,CAÑUELO 220,Andalucía,Cádiz,"Barrios, Los",220.0,36.213727691492,-5.4526081874826,fotovoltaica,En curso,RdD,50.0,50.0
13409.0,CAÑUELO 220,Andalucía,Cádiz,"Barrios, Los",220.0,36.213727691492,-5.4526081874826,fotovoltaica,En curso,RdT,,
13337.0,CASTELLAR DE LA FRONTERA 400,Andalucía,Cádiz,Castellar de la Frontera,400.0,36.286329265929,-5.4234446822819,fotovoltaica,Con permisos,RdD,,
13337.0,CASTELLAR DE LA FRONTERA 400,Andalucía,Cádiz,Castellar de la Frontera,400.0,36.286329265929,-5.4234446822819,fotovoltaica,Con permisos,RdT,316.0,347.0
6686.0,CARTUJA 220,Andalucía,Cádiz,Jerez de la Frontera,220.0,36.618295605487,-6.1198011229598,almacenamiento,Con permisos,RdD,,18.0
6686.0,CARTUJA 220,Andalucía,Cádiz,Jerez de la Frontera,220.0,36.618295605487,-6.1198011229598,almacenamiento,Con permisos,RdT,,90.0
6686.0,CARTUJA 220,Andalucía,Cádiz,Jerez de la Frontera,220.0,36.618295605487,-6.1198011229598,eolica,Con permisos,RdD,,
6686.0,CARTUJA 220,Andalucía,Cádiz,Jerez de la Frontera,220.0,36.618295605487,-6.1198011229598,eolica,Con permisos,RdT,173.0,167.0
6686.0,CARTUJA 220,Andalucía,Cádiz,Jerez de la Frontera,220.0,36.618295605487,-6.1198011229598,eolica,En curso,RdD,,
6686.0,CARTUJA 220,Andalucía,Cádiz,Jerez de la Frontera,220.0,36.618295605487,-6.1198011229598,eolica,En curso,RdT,110.6,110.6
6686.0,CARTUJA 220,Andalucía,Cádiz,Jerez de la Frontera,220.0,36.618295605487,-6.1198011229598,eolica,Puesta en servicio,RdD,24.0,52.8
6686.0,CARTUJA 220,Andalucía,Cádiz,Jerez de la Frontera,220.0,36.618295605487,-6.1198011229598,eolica,Puesta en servicio,RdT,84.05,126.55
6686.0,CARTUJA 220,Andalucía,Cádiz,Jerez de la Frontera,220.0,36.618295605487,-6.1198011229598,fotovoltaica,Con permisos,RdD,61.0,109.0
6686.0,CARTUJA 220,Andalucía,Cádiz,Jerez de la Frontera,220.0,36.618295605487,-6.1198011229598,fotovoltaica,Con permisos,RdT,297.0,666.0
6686.0,CARTUJA 220,Andalucía,Cádiz,Jerez de la Frontera,220.0,36.618295605487,-6.1198011229598,fotovoltaica,En curso,RdD,,
6686.0,CARTUJA 220,Andalucía,Cádiz,Jerez de la Frontera,220.0,36.618295605487,-6.1198011229598,fotovoltaica,En curso,RdT,108.0,375.0
6686.0,CARTUJA 220,Andalucía,Cádiz,Jerez de la Frontera,220.0,36.618295605487,-6.1198011229598,fotovoltaica,Puesta en servicio,RdD,21.54,21.54
6686.0,CARTUJA 220,Andalucía,Cádiz,Jerez de la Frontera,220.0,36.618295605487,-6.1198011229598,fotovoltaica,Puesta en servicio,RdT,241.0,385.14
6686.0,CARTUJA 220,Andalucía,Cádiz,Jerez de la Frontera,220.0,36.618295605487,-6.1198011229598,hibridacion,Con permisos,RdD,9.0,
6686.0,CARTUJA 220,Andalucía,Cádiz,Jerez de la Frontera,220.0,36.618295605487,-6.1198011229598,hibridacion,Con permisos,RdT,,
6686.0,CARTUJA 220,Andalucía,Cádiz,Jerez de la Frontera,220.0,36.618295605487,-6.1198011229598,hibridacion,Puesta en servicio,RdD,28.8,
6686.0,CARTUJA 220,Andalucía,Cádiz,Jerez de la Frontera,220.0,36.618295605487,-6.1198011229598,hibridacion,Puesta en servicio,RdT,133.25,
6686.0,CARTUJA 220,Andalucía,Cádiz,Jerez de la Frontera,220.0,36.618295605487,-6.1198011229598,hidraulica,Puesta en servicio,RdD,9.89,9.89
6686.0,CARTUJA 220,Andalucía,Cádiz,Jerez de la Frontera,220.0,36.618295605487,-6.1198011229598,hidraulica,Puesta en servicio,RdT,,
6686.0,CARTUJA 220,Andalucía,Cádiz,Jerez de la Frontera,220.0,36.618295605487,-6.1198011229598,otras,Con permisos,RdD,1.0,2.0
6686.0,CARTUJA 220,Andalucía,Cádiz,Jerez de la Frontera,220.0,36.618295605487,-6.1198011229598,otras,Con permisos,RdT,,
6686.0,CARTUJA 220,Andalucía,Cádiz,Jerez de la Frontera,220.0,36.618295605487,-6.1198011229598,otras,Puesta en servicio,RdD,50.6,50.6
6686.0,CARTUJA 220,Andalucía,Cádiz,Jerez de la Frontera,220.0,36.618295605487,-6.1198011229598,otras,Puesta en servicio,RdT,,
12974.0,MIRABAL 220,Andalucía,Cádiz,Jerez de la Frontera,220.0,36.69742485751,-6.0652831146681,almacenamiento,Con permisos,RdD,,55.0
12974.0,MIRABAL 220,Andalucía,Cádiz,Jerez de la Frontera,220.0,36.69742485751,-6.0652831146681,almacenamiento,Con permisos,RdT,,
12974.0,MIRABAL 220,Andalucía,Cádiz,Jerez de la Frontera,220.0,36.69742485751,-6.0652831146681,eolica,Con permisos,RdD,,
12974.0,MIRABAL 220,Andalucía,Cádiz,Jerez de la Frontera,220.0,36.69742485751,-6.0652831146681,eolica,Con permisos,RdT,,20.0
12974.0,MIRABAL 220,Andalucía,Cádiz,Jerez de la Frontera,220.0,36.69742485751,-6.0652831146681,fotovoltaica,Con permisos,RdD,36.0,38.0
12974.0,MIRABAL 220,Andalucía,Cádiz,Jerez de la Frontera,220.0,36.69742485751,-6.0652831146681,fotovoltaica,Con permisos,RdT,40.0,48.0
12974.0,MIRABAL 220,Andalucía,Cádiz,Jerez de la Frontera,220.0,36.69742485751,-6.0652831146681,fotovoltaica,En curso,RdD,238.48,238.48
12974.0,MIRABAL 220,Andalucía,Cádiz,Jerez de la Frontera,220.0,36.69742485751,-6.0652831146681,fotovoltaica,En curso,RdT,31.0,31.0
12974.0,MIRABAL 220,Andalucía,Cádiz,Jerez de la Frontera,220.0,36.69742485751,-6.0652831146681,fotovoltaica,Puesta en servicio,RdD,6.97,56.8
12974.0,MIRABAL 220,Andalucía,Cádiz,Jerez de la Frontera,220.0,36.69742485751,-6.0652831146681,fotovoltaica,Puesta en servicio,RdT,40.0,69.4
12974.0,MIRABAL 220,Andalucía,Cádiz,Jerez de la Frontera,220.0,36.69742485751,-6.0652831146681,hibridacion,Puesta en servicio,RdD,45.0,
12974.0,MIRABAL 220,Andalucía,Cádiz,Jerez de la Frontera,220.0,36.69742485751,-6.0652831146681,hibridacion,Puesta en servicio,RdT,20.0,
13097.0,PUERTO REAL 220,Andalucía,Cádiz,Puerto Real,220.0,36.517724306713,-6.1554147100153,almacenamiento,Con permisos,RdD,,24.0
13097.0,PUERTO REAL 220,Andalucía,Cádiz,Puerto Real,220.0,36.517724306713,-6.1554147100153,almacenamiento,Con permisos,RdT,,
13097.0,PUERTO REAL 220,Andalucía,Cádiz,Puerto Real,220.0,36.517724306713,-6.1554147100153,eolica,Con permisos,RdD,12.0,81.0
13097.0,PUERTO REAL 220,Andalucía,Cádiz,Puerto Real,220.0,36.517724306713,-6.1554147100153,eolica,Con permisos,RdT,,
13097.0,PUERTO REAL 220,Andalucía,Cádiz,Puerto Real,220.0,36.517724306713,-6.1554147100153,eolica,Puesta en servicio,RdD,,62.5
13097.0,PUERTO REAL 220,Andalucía,Cádiz,Puerto Real,220.0,36.517724306713,-6.1554147100153,eolica,Puesta en servicio,RdT,,
13097.0,PUERTO REAL 220,Andalucía,Cádiz,Puerto Real,220.0,36.517724306713,-6.1554147100153,fotovoltaica,Con permisos,RdD,405.0,529.0
13097.0,PUERTO REAL 220,Andalucía,Cádiz,Puerto Real,220.0,36.517724306713,-6.1554147100153,fotovoltaica,Con permisos,RdT,,
13097.0,PUERTO REAL 220,Andalucía,Cádiz,Puerto Real,220.0,36.517724306713,-6.1554147100153,fotovoltaica,En curso,RdD,202.63,221.03
13097.0,PUERTO REAL 220,Andalucía,Cádiz,Puerto Real,220.0,36.517724306713,-6.1554147100153,fotovoltaica,En curso,RdT,,
13097.0,PUERTO REAL 220,Andalucía,Cádiz,Puerto Real,220.0,36.517724306713,-6.1554147100153,fotovoltaica,Puesta en servicio,RdD,42.72,139.45
13097.0,PUERTO REAL 220,Andalucía,Cádiz,Puerto Real,220.0,36.517724306713,-6.1554147100153,fotovoltaica,Puesta en servicio,RdT,,
13097.0,PUERTO REAL 220,Andalucía,Cádiz,Puerto Real,220.0,36.517724306713,-6.1554147100153,hibridacion,Con permisos,RdD,28.0,
13097.0,PUERTO REAL 220,Andalucía,Cádiz,Puerto Real,220.0,36.517724306713,-6.1554147100153,hibridacion,Con permisos,RdT,,
13097.0,PUERTO REAL 220,Andalucía,Cádiz,Puerto Real,220.0,36.517724306713,-6.1554147100153,hibridacion,Puesta en servicio,RdD,150.0,
13097.0,PUERTO REAL 220,Andalucía,Cádiz,Puerto Real,220.0,36.517724306713,-6.1554147100153,hibridacion,Puesta en servicio,RdT,,
13097.0,PUERTO REAL 220,Andalucía,Cádiz,Puerto Real,220.0,36.517724306713,-6.1554147100153,otras,Puesta en servicio,RdD,4.28,6.0
13097.0,PUERTO REAL 220,Andalucía,Cádiz,Puerto Real,220.0,36.517724306713,-6.1554147100153,otras,Puesta en servicio,RdT,,
13095.0,PUERTO DE SANTA MARIA 220,Andalucía,Cádiz,"Puerto de Santa María, El",220.0,36.670433662002,-6.3007470040812,eolica,Puesta en servicio,RdD,47.21,69.71
13095.0,PUERTO DE SANTA MARIA 220,Andalucía,Cádiz,"Puerto de Santa María, El",220.0,36.670433662002,-6.3007470040812,eolica,Puesta en servicio,RdT,,
13095.0,PUERTO DE SANTA MARIA 220,Andalucía,Cádiz,"Puerto de Santa María, El",220.0,36.670433662002,-6.3007470040812,fotovoltaica,Con permisos,RdD,39.0,39.0
13095.0,PUERTO DE SANTA MARIA 220,Andalucía,Cádiz,"Puerto de Santa María, El",220.0,36.670433662002,-6.3007470040812,fotovoltaica,Con permisos,RdT,19.0,21.0
13095.0,PUERTO DE SANTA MARIA 220,Andalucía,Cádiz,"Puerto de Santa María, El",220.0,36.670433662002,-6.3007470040812,fotovoltaica,En curso,RdD,95.8,95.8
13095.0,PUERTO DE SANTA MARIA 220,Andalucía,Cádiz,"Puerto de Santa María, El",220.0,36.670433662002,-6.3007470040812,fotovoltaica,En curso,RdT,128.5,146.0
13095.0,PUERTO DE SANTA MARIA 220,Andalucía,Cádiz,"Puerto de Santa María, El",220.0,36.670433662002,-6.3007470040812,fotovoltaica,Puesta en servicio,RdD,8.06,8.06
13095.0,PUERTO DE SANTA MARIA 220,Andalucía,Cádiz,"Puerto de Santa María, El",220.0,36.670433662002,-6.3007470040812,fotovoltaica,Puesta en servicio,RdT,,
13095.0,PUERTO DE SANTA MARIA 220,Andalucía,Cádiz,"Puerto de Santa María, El",220.0,36.670433662002,-6.3007470040812,hibridacion,Puesta en servicio,RdD,21.6,
13095.0,PUERTO DE SANTA MARIA 220,Andalucía,Cádiz,"Puerto de Santa María, El",220.0,36.670433662002,-6.3007470040812,hibridacion,Puesta en servicio,RdT,,
13095.0,PUERTO DE SANTA MARIA 220,Andalucía,Cádiz,"Puerto de Santa María, El",220.0,36.670433662002,-6.3007470040812,termosolar,Puesta en servicio,RdD,,
13095.0,PUERTO DE SANTA MARIA 220,Andalucía,Cádiz,"Puerto de Santa María, El",220.0,36.670433662002,-6.3007470040812,termosolar,Puesta en servicio,RdT,49.9,49.9
6673.0,ALGECIRAS 220,Andalucía,Cádiz,San Roque,220.0,36.183198557366,-5.388309723598,eolica,En curso,RdD,,
6673.0,ALGECIRAS 220,Andalucía,Cádiz,San Roque,220.0,36.183198557366,-5.388309723598,eolica,En curso,RdT,15.0,15.0
6673.0,ALGECIRAS 220,Andalucía,Cádiz,San Roque,220.0,36.183198557366,-5.388309723598,fotovoltaica,En curso,RdD,,
6673.0,ALGECIRAS 220,Andalucía,Cádiz,San Roque,220.0,36.183198557366,-5.388309723598,fotovoltaica,En curso,RdT,5.0,5.0
6673.0,ALGECIRAS 220,Andalucía,Cádiz,San Roque,220.0,36.183198557366,-5.388309723598,otras,Puesta en servicio,RdD,154.62,154.89
6673.0,ALGECIRAS 220,Andalucía,Cádiz,San Roque,220.0,36.183198557366,-5.388309723598,otras,Puesta en servicio,RdT,820.54,820.54
13333.0,PINAR DE REY 400,Andalucía,Cádiz,San Roque,400.0,36.248298387446,-5.4115462397933,fotovoltaica,Con permisos,RdD,,
13333.0,PINAR DE REY 400,Andalucía,Cádiz,San Roque,400.0,36.248298387446,-5.4115462397933,fotovoltaica,Con permisos,RdT,173.0,199.0
13333.0,PINAR DE REY 400,Andalucía,Cádiz,San Roque,400.0,36.248298387446,-5.4115462397933,otras,En curso,RdD,,
13333.0,PINAR DE REY 400,Andalucía,Cádiz,San Roque,400.0,36.248298387446,-5.4115462397933,otras,En curso,RdT,771.47,780.66
13333.0,PINAR DE REY 400,Andalucía,Cádiz,San Roque,400.0,36.248298387446,-5.4115462397933,otras,Puesta en servicio,RdD,,
13333.0,PINAR DE REY 400,Andalucía,Cádiz,San Roque,400.0,36.248298387446,-5.4115462397933,otras,Puesta en servicio,RdT,771.47,1350.71
13413.0,PINAR DE REY 220,Andalucía,Cádiz,San Roque,220.0,36.248298387446,-5.4115462397933,eolica,Con permisos,RdD,5.0,5.0
13413.0,PINAR DE REY 220,Andalucía,Cádiz,San Roque,220.0,36.248298387446,-5.4115462397933,eolica,Con permisos,RdT,,
13413.0,PINAR DE REY 220,Andalucía,Cádiz,San Roque,220.0,36.248298387446,-5.4115462397933,eolica,Puesta en servicio,RdD,111.17,111.17
13413.0,PINAR DE REY 220,Andalucía,Cádiz,San Roque,220.0,36.248298387446,-5.4115462397933,eolica,Puesta en servicio,RdT,,
13413.0,PINAR DE REY 220,Andalucía,Cádiz,San Roque,220.0,36.248298387446,-5.4115462397933,fotovoltaica,Con permisos,RdD,144.0,157.0
13413.0,PINAR DE REY 220,Andalucía,Cádiz,San Roque,220.0,36.248298387446,-5.4115462397933,fotovoltaica,Con permisos,RdT,,
13413.0,PINAR DE REY 220,Andalucía,Cádiz,San Roque,220.0,36.248298387446,-5.4115462397933,fotovoltaica,Puesta en servicio,RdD,12.3,12.3
13413.0,PINAR DE REY 220,Andalucía,Cádiz,San Roque,220.0,36.248298387446,-5.4115462397933,fotovoltaica,Puesta en servicio,RdT,,
13413.0,PINAR DE REY 220,Andalucía,Cádiz,San Roque,220.0,36.248298387446,-5.4115462397933,otras,En curso,RdD,,
13413.0,PINAR DE REY 220,Andalucía,Cádiz,San Roque,220.0,36.248298387446,-5.4115462397933,otras,En curso,RdT,368.29,389.86
13413.0,PINAR DE REY 220,Andalucía,Cádiz,San Roque,220.0,36.248298387446,-5.4115462397933,otras,Puesta en servicio,RdD,,
13413.0,PINAR DE REY 220,Andalucía,Cádiz,San Roque,220.0,36.248298387446,-5.4115462397933,otras,Puesta en servicio,RdT,770.09,791.68
12767.0,FACINAS 220,Andalucía,Cádiz,Tarifa,220.0,36.145096121534,-5.7177839518763,eolica,Puesta en servicio,RdD,,
12767.0,FACINAS 220,Andalucía,Cádiz,Tarifa,220.0,36.145096121534,-5.7177839518763,eolica,Puesta en servicio,RdT,355.8,401.8
12767.0,FACINAS 220,Andalucía,Cádiz,Tarifa,220.0,36.145096121534,-5.7177839518763,fotovoltaica,Con permisos,RdD,,
12767.0,FACINAS 220,Andalucía,Cádiz,Tarifa,220.0,36.145096121534,-5.7177839518763,fotovoltaica,Con permisos,RdT,,34.0
12767.0,FACINAS 220,Andalucía,Cádiz,Tarifa,220.0,36.145096121534,-5.7177839518763,hibridacion,Puesta en servicio,RdD,,
12767.0,FACINAS 220,Andalucía,Cádiz,Tarifa,220.0,36.145096121534,-5.7177839518763,hibridacion,Puesta en servicio,RdT,40.0,
13091.0,PUERTO DE LA CRUZ 220,Andalucía,Cádiz,Tarifa,220.0,36.072219680695,-5.6151198912203,almacenamiento,Con permisos,RdD,,
13091.0,PUERTO DE LA CRUZ 220,Andalucía,Cádiz,Tarifa,220.0,36.072219680695,-5.6151198912203,almacenamiento,Con permisos,RdT,266.0,266.0
13091.0,PUERTO DE LA CRUZ 220,Andalucía,Cádiz,Tarifa,220.0,36.072219680695,-5.6151198912203,almacenamiento,En curso,RdD,,
13091.0,PUERTO DE LA CRUZ 220,Andalucía,Cádiz,Tarifa,220.0,36.072219680695,-5.6151198912203,almacenamiento,En curso,RdT,228.0,233.0
13091.0,PUERTO DE LA CRUZ 220,Andalucía,Cádiz,Tarifa,220.0,36.072219680695,-5.6151198912203,eolica,En curso,RdD,,
13091.0,PUERTO DE LA CRUZ 220,Andalucía,Cádiz,Tarifa,220.0,36.072219680695,-5.6151198912203,eolica,En curso,RdT,34.0,46.0
13091.0,PUERTO DE LA CRUZ 220,Andalucía,Cádiz,Tarifa,220.0,36.072219680695,-5.6151198912203,eolica,Puesta en servicio,RdD,,
13091.0,PUERTO DE LA CRUZ 220,Andalucía,Cádiz,Tarifa,220.0,36.072219680695,-5.6151198912203,eolica,Puesta en servicio,RdT,42.65,42.65
13091.0,PUERTO DE LA CRUZ 220,Andalucía,Cádiz,Tarifa,220.0,36.072219680695,-5.6151198912203,fotovoltaica,Con permisos,RdD,,
13091.0,PUERTO DE LA CRUZ 220,Andalucía,Cádiz,Tarifa,220.0,36.072219680695,-5.6151198912203,fotovoltaica,Con permisos,RdT,46.0,49.0
12756.0,EL ZUMAJO 220,Andalucía,Cádiz,Vejer de la Frontera,220.0,36.297780024905,-5.989364165479,almacenamiento,Con permisos,RdD,19.0,19.0
12756.0,EL ZUMAJO 220,Andalucía,Cádiz,Vejer de la Frontera,220.0,36.297780024905,-5.989364165479,almacenamiento,Con permisos,RdT,,47.0
12756.0,EL ZUMAJO 220,Andalucía,Cádiz,Vejer de la Frontera,220.0,36.297780024905,-5.989364165479,almacenamiento,En curso,RdD,10.1,14.4
12756.0,EL ZUMAJO 220,Andalucía,Cádiz,Vejer de la Frontera,220.0,36.297780024905,-5.989364165479,almacenamiento,En curso,RdT,,
12756.0,EL ZUMAJO 220,Andalucía,Cádiz,Vejer de la Frontera,220.0,36.297780024905,-5.989364165479,eolica,Con permisos,RdD,,30.0
12756.0,EL ZUMAJO 220,Andalucía,Cádiz,Vejer de la Frontera,220.0,36.297780024905,-5.989364165479,eolica,Con permisos,RdT,,
12756.0,EL ZUMAJO 220,Andalucía,Cádiz,Vejer de la Frontera,220.0,36.297780024905,-5.989364165479,eolica,En curso,RdD,9.8,9.8
12756.0,EL ZUMAJO 220,Andalucía,Cádiz,Vejer de la Frontera,220.0,36.297780024905,-5.989364165479,eolica,En curso,RdT,,
12756.0,EL ZUMAJO 220,Andalucía,Cádiz,Vejer de la Frontera,220.0,36.297780024905,-5.989364165479,eolica,Puesta en servicio,RdD,7.8,7.8
12756.0,EL ZUMAJO 220,Andalucía,Cádiz,Vejer de la Frontera,220.0,36.297780024905,-5.989364165479,eolica,Puesta en servicio,RdT,85.38,109.38
12756.0,EL ZUMAJO 220,Andalucía,Cádiz,Vejer de la Frontera,220.0,36.297780024905,-5.989364165479,fotovoltaica,Con permisos,RdD,54.0,69.0
12756.0,EL ZUMAJO 220,Andalucía,Cádiz,Vejer de la Frontera,220.0,36.297780024905,-5.989364165479,fotovoltaica,Con permisos,RdT,24.0,105.0
12756.0,EL ZUMAJO 220,Andalucía,Cádiz,Vejer de la Frontera,220.0,36.297780024905,-5.989364165479,fotovoltaica,Puesta en servicio,RdD,9.94,9.94
12756.0,EL ZUMAJO 220,Andalucía,Cádiz,Vejer de la Frontera,220.0,36.297780024905,-5.989364165479,fotovoltaica,Puesta en servicio,RdT,88.03,102.39
12756.0,EL ZUMAJO 220,Andalucía,Cádiz,Vejer de la Frontera,220.0,36.297780024905,-5.989364165479,hibridacion,Con permisos,RdD,30.0,
12756.0,EL ZUMAJO 220,Andalucía,Cádiz,Vejer de la Frontera,220.0,36.297780024905,-5.989364165479,hibridacion,Con permisos,RdT,64.0,
12756.0,EL ZUMAJO 220,Andalucía,Cádiz,Vejer de la Frontera,220.0,36.297780024905,-5.989364165479,hibridacion,Puesta en servicio,RdD,,
12756.0,EL ZUMAJO 220,Andalucía,Cádiz,Vejer de la Frontera,220.0,36.297780024905,-5.989364165479,hibridacion,Puesta en servicio,RdT,24.0,
6676.0,ALMODOVAR DEL RIO 220,Andalucía,Córdoba,Almodóvar del Río,220.0,37.750799151237,-5.0202174717841,almacenamiento,Con permisos,RdD,,
6676.0,ALMODOVAR DEL RIO 220,Andalucía,Córdoba,Almodóvar del Río,220.0,37.750799151237,-5.0202174717841,almacenamiento,Con permisos,RdT,56.0,145.0
6676.0,ALMODOVAR DEL RIO 220,Andalucía,Córdoba,Almodóvar del Río,220.0,37.750799151237,-5.0202174717841,almacenamiento,En curso,RdD,,
6676.0,ALMODOVAR DEL RIO 220,Andalucía,Córdoba,Almodóvar del Río,220.0,37.750799151237,-5.0202174717841,almacenamiento,En curso,RdT,313.62,318.62
6676.0,ALMODOVAR DEL RIO 220,Andalucía,Córdoba,Almodóvar del Río,220.0,37.750799151237,-5.0202174717841,fotovoltaica,Con permisos,RdD,,
6676.0,ALMODOVAR DEL RIO 220,Andalucía,Córdoba,Almodóvar del Río,220.0,37.750799151237,-5.0202174717841,fotovoltaica,Con permisos,RdT,69.0,108.0
6676.0,ALMODOVAR DEL RIO 220,Andalucía,Córdoba,Almodóvar del Río,220.0,37.750799151237,-5.0202174717841,fotovoltaica,Puesta en servicio,RdD,,
6676.0,ALMODOVAR DEL RIO 220,Andalucía,Córdoba,Almodóvar del Río,220.0,37.750799151237,-5.0202174717841,fotovoltaica,Puesta en servicio,RdT,70.0,112.92
6676.0,ALMODOVAR DEL RIO 220,Andalucía,Córdoba,Almodóvar del Río,220.0,37.750799151237,-5.0202174717841,hibridacion,Con permisos,RdD,,
6676.0,ALMODOVAR DEL RIO 220,Andalucía,Córdoba,Almodóvar del Río,220.0,37.750799151237,-5.0202174717841,hibridacion,Con permisos,RdT,25.0,
6676.0,ALMODOVAR DEL RIO 220,Andalucía,Córdoba,Almodóvar del Río,220.0,37.750799151237,-5.0202174717841,hibridacion,Puesta en servicio,RdD,,
6676.0,ALMODOVAR DEL RIO 220,Andalucía,Córdoba,Almodóvar del Río,220.0,37.750799151237,-5.0202174717841,hibridacion,Puesta en servicio,RdT,20.0,
6676.0,ALMODOVAR DEL RIO 220,Andalucía,Córdoba,Almodóvar del Río,220.0,37.750799151237,-5.0202174717841,hidraulica,Puesta en servicio,RdD,,
6676.0,ALMODOVAR DEL RIO 220,Andalucía,Córdoba,Almodóvar del Río,220.0,37.750799151237,-5.0202174717841,hidraulica,Puesta en servicio,RdT,,34.1
6676.0,ALMODOVAR DEL RIO 220,Andalucía,Córdoba,Almodóvar del Río,220.0,37.750799151237,-5.0202174717841,otras,Puesta en servicio,RdD,,
6676.0,ALMODOVAR DEL RIO 220,Andalucía,Córdoba,Almodóvar del Río,220.0,37.750799151237,-5.0202174717841,otras,Puesta en servicio,RdT,34.0,
6683.0,CABRA 400,Andalucía,Córdoba,Cabra,400.0,37.457007155351,-4.4944798359728,fotovoltaica,Con permisos,RdD,,
6683.0,CABRA 400,Andalucía,Córdoba,Cabra,400.0,37.457007155351,-4.4944798359728,fotovoltaica,Con permisos,RdT,439.0,526.0
6683.0,CABRA 400,Andalucía,Córdoba,Cabra,400.0,37.457007155351,-4.4944798359728,fotovoltaica,En curso,RdD,,
6683.0,CABRA 400,Andalucía,Córdoba,Cabra,400.0,37.457007155351,-4.4944798359728,fotovoltaica,En curso,RdT,335.5,414.96
6688.0,CASILLAS 220,Andalucía,Córdoba,Córdoba,220.0,37.857755885161,-4.8130649344845,fotovoltaica,Con permisos,RdD,219.0,235.0
6688.0,CASILLAS 220,Andalucía,Córdoba,Córdoba,220.0,37.857755885161,-4.8130649344845,fotovoltaica,Con permisos,RdT,,
6688.0,CASILLAS 220,Andalucía,Córdoba,Córdoba,220.0,37.857755885161,-4.8130649344845,fotovoltaica,Puesta en servicio,RdD,102.49,110.77
6688.0,CASILLAS 220,Andalucía,Córdoba,Córdoba,220.0,37.857755885161,-4.8130649344845,fotovoltaica,Puesta en servicio,RdT,,
6688.0,CASILLAS 220,Andalucía,Córdoba,Córdoba,220.0,37.857755885161,-4.8130649344845,otras,Puesta en servicio,RdD,2.5,2.5
6688.0,CASILLAS 220,Andalucía,Córdoba,Córdoba,220.0,37.857755885161,-4.8130649344845,otras,Puesta en servicio,RdT,,
12881.0,LANCHA 220,Andalucía,Córdoba,Córdoba,220.0,37.917510732416,-4.7097498453343,fotovoltaica,Con permisos,RdD,68.0,69.0
12881.0,LANCHA 220,Andalucía,Córdoba,Córdoba,220.0,37.917510732416,-4.7097498453343,fotovoltaica,Con permisos,RdT,,
12881.0,LANCHA 220,Andalucía,Córdoba,Córdoba,220.0,37.917510732416,-4.7097498453343,fotovoltaica,En curso,RdD,465.14,325.67
12881.0,LANCHA 220,Andalucía,Córdoba,Córdoba,220.0,37.917510732416,-4.7097498453343,fotovoltaica,En curso,RdT,,
12881.0,LANCHA 220,Andalucía,Córdoba,Córdoba,220.0,37.917510732416,-4.7097498453343,fotovoltaica,Puesta en servicio,RdD,226.0,241.78
12881.0,LANCHA 220,Andalucía,Córdoba,Córdoba,220.0,37.917510732416,-4.7097498453343,fotovoltaica,Puesta en servicio,RdT,,
12881.0,LANCHA 220,Andalucía,Córdoba,Córdoba,220.0,37.917510732416,-4.7097498453343,hidraulica,Puesta en servicio,RdD,58.12,58.12
12881.0,LANCHA 220,Andalucía,Córdoba,Córdoba,220.0,37.917510732416,-4.7097498453343,hidraulica,Puesta en servicio,RdT,,
12881.0,LANCHA 220,Andalucía,Córdoba,Córdoba,220.0,37.917510732416,-4.7097498453343,otras,Con permisos,RdD,50.0,50.0
12881.0,LANCHA 220,Andalucía,Córdoba,Córdoba,220.0,37.917510732416,-4.7097498453343,otras,Con permisos,RdT,,
12881.0,LANCHA 220,Andalucía,Córdoba,Córdoba,220.0,37.917510732416,-4.7097498453343,otras,Puesta en servicio,RdD,53.36,53.36
12881.0,LANCHA 220,Andalucía,Córdoba,Córdoba,220.0,37.917510732416,-4.7097498453343,otras,Puesta en servicio,RdT,,
12881.0,LANCHA 220,Andalucía,Córdoba,Córdoba,220.0,37.917510732416,-4.7097498453343,termosolar,Puesta en servicio,RdD,149.9,149.9
12881.0,LANCHA 220,Andalucía,Córdoba,Córdoba,220.0,37.917510732416,-4.7097498453343,termosolar,Puesta en servicio,RdT,,
6679.0,ATARFE 220,Andalucía,Granada,Atarfe,220.0,37.225246291329,-3.6972806157454,almacenamiento,Con permisos,RdD,,1.0
6679.0,ATARFE 220,Andalucía,Granada,Atarfe,220.0,37.225246291329,-3.6972806157454,almacenamiento,Con permisos,RdT,,
6679.0,ATARFE 220,Andalucía,Granada,Atarfe,220.0,37.225246291329,-3.6972806157454,eolica,Puesta en servicio,RdD,15.18,15.18
6679.0,ATARFE 220,Andalucía,Granada,Atarfe,220.0,37.225246291329,-3.6972806157454,eolica,Puesta en servicio,RdT,,
6679.0,ATARFE 220,Andalucía,Granada,Atarfe,220.0,37.225246291329,-3.6972806157454,fotovoltaica,Con permisos,RdD,68.0,78.0
6679.0,ATARFE 220,Andalucía,Granada,Atarfe,220.0,37.225246291329,-3.6972806157454,fotovoltaica,Con permisos,RdT,179.0,198.0
6679.0,ATARFE 220,Andalucía,Granada,Atarfe,220.0,37.225246291329,-3.6972806157454,fotovoltaica,En curso,RdD,130.9,130.9
6679.0,ATARFE 220,Andalucía,Granada,Atarfe,220.0,37.225246291329,-3.6972806157454,fotovoltaica,En curso,RdT,,
6679.0,ATARFE 220,Andalucía,Granada,Atarfe,220.0,37.225246291329,-3.6972806157454,fotovoltaica,Puesta en servicio,RdD,23.31,23.31
6679.0,ATARFE 220,Andalucía,Granada,Atarfe,220.0,37.225246291329,-3.6972806157454,fotovoltaica,Puesta en servicio,RdT,,
6679.0,ATARFE 220,Andalucía,Granada,Atarfe,220.0,37.225246291329,-3.6972806157454,otras,Con permisos,RdD,1.0,1.0
6679.0,ATARFE 220,Andalucía,Granada,Atarfe,220.0,37.225246291329,-3.6972806157454,otras,Con permisos,RdT,,
6679.0,ATARFE 220,Andalucía,Granada,Atarfe,220.0,37.225246291329,-3.6972806157454,otras,Puesta en servicio,RdD,77.2,77.2
6679.0,ATARFE 220,Andalucía,Granada,Atarfe,220.0,37.225246291329,-3.6972806157454,otras,Puesta en servicio,RdT,,
6684.0,CAPARACENA 220,Andalucía,Granada,Atarfe,220.0,37.267867904485,-3.7261709607854,eolica,Con permisos,RdD,17.0,17.0
6684.0,CAPARACENA 220,Andalucía,Granada,Atarfe,220.0,37.267867904485,-3.7261709607854,eolica,Con permisos,RdT,,
6684.0,CAPARACENA 220,Andalucía,Granada,Atarfe,220.0,37.267867904485,-3.7261709607854,eolica,Puesta en servicio,RdD,35.7,35.7
6684.0,CAPARACENA 220,Andalucía,Granada,Atarfe,220.0,37.267867904485,-3.7261709607854,eolica,Puesta en servicio,RdT,,
6684.0,CAPARACENA 220,Andalucía,Granada,Atarfe,220.0,37.267867904485,-3.7261709607854,fotovoltaica,Con permisos,RdD,41.0,49.0
6684.0,CAPARACENA 220,Andalucía,Granada,Atarfe,220.0,37.267867904485,-3.7261709607854,fotovoltaica,Con permisos,RdT,318.0,383.0
6684.0,CAPARACENA 220,Andalucía,Granada,Atarfe,220.0,37.267867904485,-3.7261709607854,fotovoltaica,Puesta en servicio,RdD,56.13,61.84
6684.0,CAPARACENA 220,Andalucía,Granada,Atarfe,220.0,37.267867904485,-3.7261709607854,fotovoltaica,Puesta en servicio,RdT,,
6684.0,CAPARACENA 220,Andalucía,Granada,Atarfe,220.0,37.267867904485,-3.7261709607854,hidraulica,Puesta en servicio,RdD,20.21,20.21
6684.0,CAPARACENA 220,Andalucía,Granada,Atarfe,220.0,37.267867904485,-3.7261709607854,hidraulica,Puesta en servicio,RdT,,
6684.0,CAPARACENA 220,Andalucía,Granada,Atarfe,220.0,37.267867904485,-3.7261709607854,otras,Puesta en servicio,RdD,4.85,4.85
6684.0,CAPARACENA 220,Andalucía,Granada,Atarfe,220.0,37.267867904485,-3.7261709607854,otras,Puesta en servicio,RdT,,
12590.0,CAPARACENA 400,Andalucía,Granada,Atarfe,400.0,37.267867904485,-3.7261709607854,almacenamiento,Con permisos,RdD,,
12590.0,CAPARACENA 400,Andalucía,Granada,Atarfe,400.0,37.267867904485,-3.7261709607854,almacenamiento,Con permisos,RdT,,41.0
12590.0,CAPARACENA 400,Andalucía,Granada,Atarfe,400.0,37.267867904485,-3.7261709607854,fotovoltaica,Con permisos,RdD,,
12590.0,CAPARACENA 400,Andalucía,Granada,Atarfe,400.0,37.267867904485,-3.7261709607854,fotovoltaica,Con permisos,RdT,,25.0
12590.0,CAPARACENA 400,Andalucía,Granada,Atarfe,400.0,37.267867904485,-3.7261709607854,fotovoltaica,Puesta en servicio,RdD,,
12590.0,CAPARACENA 400,Andalucía,Granada,Atarfe,400.0,37.267867904485,-3.7261709607854,fotovoltaica,Puesta en servicio,RdT,499.5,595.28
12590.0,CAPARACENA 400,Andalucía,Granada,Atarfe,400.0,37.267867904485,-3.7261709607854,hibridacion,Con permisos,RdD,,
12590.0,CAPARACENA 400,Andalucía,Granada,Atarfe,400.0,37.267867904485,-3.7261709607854,hibridacion,Con permisos,RdT,22.0,
12590.0,CAPARACENA 400,Andalucía,Granada,Atarfe,400.0,37.267867904485,-3.7261709607854,hibridacion,Puesta en servicio,RdD,,
12590.0,CAPARACENA 400,Andalucía,Granada,Atarfe,400.0,37.267867904485,-3.7261709607854,hibridacion,Puesta en servicio,RdT,26.0,
20677.0,BAZA 400,Andalucía,Granada,Baza,400.0,37.559042989753,-2.7473422741127,eolica,Con permisos,RdD,,
20677.0,BAZA 400,Andalucía,Granada,Baza,400.0,37.559042989753,-2.7473422741127,eolica,Con permisos,RdT,221.0,345.0
20677.0,BAZA 400,Andalucía,Granada,Baza,400.0,37.559042989753,-2.7473422741127,fotovoltaica,Con permisos,RdD,,
20677.0,BAZA 400,Andalucía,Granada,Baza,400.0,37.559042989753,-2.7473422741127,fotovoltaica,Con permisos,RdT,257.0,384.0
20677.0,BAZA 400,Andalucía,Granada,Baza,400.0,37.559042989753,-2.7473422741127,hibridacion,Con permisos,RdD,,
20677.0,BAZA 400,Andalucía,Granada,Baza,400.0,37.559042989753,-2.7473422741127,hibridacion,Con permisos,RdT,114.0,
12785.0,GABIAS 220,Andalucía,Granada,"Gabias, Las",220.0,37.145501156016,-3.6706240062526,almacenamiento,En curso,RdD,,1.92
12785.0,GABIAS 220,Andalucía,Granada,"Gabias, Las",220.0,37.145501156016,-3.6706240062526,almacenamiento,En curso,RdT,,
12785.0,GABIAS 220,Andalucía,Granada,"Gabias, Las",220.0,37.145501156016,-3.6706240062526,eolica,Con permisos,RdD,51.0,51.0
12785.0,GABIAS 220,Andalucía,Granada,"Gabias, Las",220.0,37.145501156016,-3.6706240062526,eolica,Con permisos,RdT,,
12785.0,GABIAS 220,Andalucía,Granada,"Gabias, Las",220.0,37.145501156016,-3.6706240062526,eolica,Puesta en servicio,RdD,22.0,22.0
12785.0,GABIAS 220,Andalucía,Granada,"Gabias, Las",220.0,37.145501156016,-3.6706240062526,eolica,Puesta en servicio,RdT,,
12785.0,GABIAS 220,Andalucía,Granada,"Gabias, Las",220.0,37.145501156016,-3.6706240062526,fotovoltaica,Con permisos,RdD,58.0,62.0
12785.0,GABIAS 220,Andalucía,Granada,"Gabias, Las",220.0,37.145501156016,-3.6706240062526,fotovoltaica,Con permisos,RdT,96.0,99.0
12785.0,GABIAS 220,Andalucía,Granada,"Gabias, Las",220.0,37.145501156016,-3.6706240062526,fotovoltaica,En curso,RdD,45.0,81.2
12785.0,GABIAS 220,Andalucía,Granada,"Gabias, Las",220.0,37.145501156016,-3.6706240062526,fotovoltaica,En curso,RdT,,
12785.0,GABIAS 220,Andalucía,Granada,"Gabias, Las",220.0,37.145501156016,-3.6706240062526,fotovoltaica,Puesta en servicio,RdD,61.42,67.46
12785.0,GABIAS 220,Andalucía,Granada,"Gabias, Las",220.0,37.145501156016,-3.6706240062526,fotovoltaica,Puesta en servicio,RdT,,
12785.0,GABIAS 220,Andalucía,Granada,"Gabias, Las",220.0,37.145501156016,-3.6706240062526,hibridacion,En curso,RdD,36.2,
12785.0,GABIAS 220,Andalucía,Granada,"Gabias, Las",220.0,37.145501156016,-3.6706240062526,hibridacion,En curso,RdT,,
12770.0,FARGUE 220,Andalucía,Granada,Granada,220.0,37.196290117135,-3.5749492007996,fotovoltaica,Con permisos,RdD,71.0,77.0
12770.0,FARGUE 220,Andalucía,Granada,Granada,220.0,37.196290117135,-3.5749492007996,fotovoltaica,Con permisos,RdT,,
12770.0,FARGUE 220,Andalucía,Granada,Granada,220.0,37.196290117135,-3.5749492007996,fotovoltaica,En curso,RdD,95.18,95.18
12770.0,FARGUE 220,Andalucía,Granada,Granada,220.0,37.196290117135,-3.5749492007996,fotovoltaica,En curso,RdT,,
12770.0,FARGUE 220,Andalucía,Granada,Granada,220.0,37.196290117135,-3.5749492007996,hidraulica,Puesta en servicio,RdD,1.9,1.9
12770.0,FARGUE 220,Andalucía,Granada,Granada,220.0,37.196290117135,-3.5749492007996,hidraulica,Puesta en servicio,RdT,,
12837.0,HUENEJA 400,Andalucía,Granada,Huéneja,400.0,37.216223339611,-2.9425180964345,eolica,Con permisos,RdD,,
12837.0,HUENEJA 400,Andalucía,Granada,Huéneja,400.0,37.216223339611,-2.9425180964345,eolica,Con permisos,RdT,38.0,40.0
12837.0,HUENEJA 400,Andalucía,Granada,Huéneja,400.0,37.216223339611,-2.9425180964345,eolica,Puesta en servicio,RdD,,
12837.0,HUENEJA 400,Andalucía,Granada,Huéneja,400.0,37.216223339611,-2.9425180964345,eolica,Puesta en servicio,RdT,296.15,375.65
12837.0,HUENEJA 400,Andalucía,Granada,Huéneja,400.0,37.216223339611,-2.9425180964345,fotovoltaica,Con permisos,RdD,,
12837.0,HUENEJA 400,Andalucía,Granada,Huéneja,400.0,37.216223339611,-2.9425180964345,fotovoltaica,Con permisos,RdT,87.0,115.0
12837.0,HUENEJA 400,Andalucía,Granada,Huéneja,400.0,37.216223339611,-2.9425180964345,fotovoltaica,Puesta en servicio,RdD,,
12837.0,HUENEJA 400,Andalucía,Granada,Huéneja,400.0,37.216223339611,-2.9425180964345,fotovoltaica,Puesta en servicio,RdT,126.9,141.57
12837.0,HUENEJA 400,Andalucía,Granada,Huéneja,400.0,37.216223339611,-2.9425180964345,hibridacion,Puesta en servicio,RdD,,
12837.0,HUENEJA 400,Andalucía,Granada,Huéneja,400.0,37.216223339611,-2.9425180964345,hibridacion,Puesta en servicio,RdT,77.5,
12837.0,HUENEJA 400,Andalucía,Granada,Huéneja,400.0,37.216223339611,-2.9425180964345,termosolar,Puesta en servicio,RdD,,
12837.0,HUENEJA 400,Andalucía,Granada,Huéneja,400.0,37.216223339611,-2.9425180964345,termosolar,Puesta en servicio,RdT,149.7,149.7
13195.0,SALERES 220,Andalucía,Granada,"Valle, El",220.0,36.962475090708,-3.6163972578614,bombeo,Con permisos,RdD,,
13195.0,SALERES 220,Andalucía,Granada,"Valle, El",220.0,36.962475090708,-3.6163972578614,bombeo,Con permisos,RdT,356.0,356.0
13195.0,SALERES 220,Andalucía,Granada,"Valle, El",220.0,36.962475090708,-3.6163972578614,eolica,Con permisos,RdD,,
13195.0,SALERES 220,Andalucía,Granada,"Valle, El",220.0,36.962475090708,-3.6163972578614,eolica,Con permisos,RdT,10.0,10.0
12842.0,ILLORA 220,Andalucía,Granada,Íllora,220.0,37.240274144587,-3.8849938478005,eolica,Con permisos,RdD,1.0,1.0
12842.0,ILLORA 220,Andalucía,Granada,Íllora,220.0,37.240274144587,-3.8849938478005,eolica,Con permisos,RdT,,
12842.0,ILLORA 220,Andalucía,Granada,Íllora,220.0,37.240274144587,-3.8849938478005,fotovoltaica,Con permisos,RdD,84.0,99.0
12842.0,ILLORA 220,Andalucía,Granada,Íllora,220.0,37.240274144587,-3.8849938478005,fotovoltaica,Con permisos,RdT,81.0,99.0
12842.0,ILLORA 220,Andalucía,Granada,Íllora,220.0,37.240274144587,-3.8849938478005,fotovoltaica,En curso,RdD,49.9,49.9
12842.0,ILLORA 220,Andalucía,Granada,Íllora,220.0,37.240274144587,-3.8849938478005,fotovoltaica,En curso,RdT,,
12842.0,ILLORA 220,Andalucía,Granada,Íllora,220.0,37.240274144587,-3.8849938478005,fotovoltaica,Puesta en servicio,RdD,,
12842.0,ILLORA 220,Andalucía,Granada,Íllora,220.0,37.240274144587,-3.8849938478005,fotovoltaica,Puesta en servicio,RdT,121.6,140.39
13026.0,ORGIVA 220,Andalucía,Granada,Órgiva,220.0,36.895135026132,-3.4197545828064,almacenamiento,Con permisos,RdD,,2.0
13026.0,ORGIVA 220,Andalucía,Granada,Órgiva,220.0,36.895135026132,-3.4197545828064,almacenamiento,Con permisos,RdT,,
13026.0,ORGIVA 220,Andalucía,Granada,Órgiva,220.0,36.895135026132,-3.4197545828064,eolica,Con permisos,RdD,15.0,15.0
13026.0,ORGIVA 220,Andalucía,Granada,Órgiva,220.0,36.895135026132,-3.4197545828064,eolica,Con permisos,RdT,,
13026.0,ORGIVA 220,Andalucía,Granada,Órgiva,220.0,36.895135026132,-3.4197545828064,eolica,Puesta en servicio,RdD,113.9,132.3
13026.0,ORGIVA 220,Andalucía,Granada,Órgiva,220.0,36.895135026132,-3.4197545828064,eolica,Puesta en servicio,RdT,,
13026.0,ORGIVA 220,Andalucía,Granada,Órgiva,220.0,36.895135026132,-3.4197545828064,fotovoltaica,Con permisos,RdD,56.0,59.0
13026.0,ORGIVA 220,Andalucía,Granada,Órgiva,220.0,36.895135026132,-3.4197545828064,fotovoltaica,Con permisos,RdT,,
13026.0,ORGIVA 220,Andalucía,Granada,Órgiva,220.0,36.895135026132,-3.4197545828064,fotovoltaica,Puesta en servicio,RdD,28.57,32.22
13026.0,ORGIVA 220,Andalucía,Granada,Órgiva,220.0,36.895135026132,-3.4197545828064,fotovoltaica,Puesta en servicio,RdT,,
13026.0,ORGIVA 220,Andalucía,Granada,Órgiva,220.0,36.895135026132,-3.4197545828064,hibridacion,Puesta en servicio,RdD,18.4,
13026.0,ORGIVA 220,Andalucía,Granada,Órgiva,220.0,36.895135026132,-3.4197545828064,hibridacion,Puesta en servicio,RdT,,
13026.0,ORGIVA 220,Andalucía,Granada,Órgiva,220.0,36.895135026132,-3.4197545828064,hidraulica,Con permisos,RdD,3.0,4.0
13026.0,ORGIVA 220,Andalucía,Granada,Órgiva,220.0,36.895135026132,-3.4197545828064,hidraulica,Con permisos,RdT,,
13026.0,ORGIVA 220,Andalucía,Granada,Órgiva,220.0,36.895135026132,-3.4197545828064,hidraulica,Puesta en servicio,RdD,60.55,60.55
13026.0,ORGIVA 220,Andalucía,Granada,Órgiva,220.0,36.895135026132,-3.4197545828064,hidraulica,Puesta en servicio,RdT,,
13026.0,ORGIVA 220,Andalucía,Granada,Órgiva,220.0,36.895135026132,-3.4197545828064,otras,Puesta en servicio,RdD,48.8,48.8
13026.0,ORGIVA 220,Andalucía,Granada,Órgiva,220.0,36.895135026132,-3.4197545828064,otras,Puesta en servicio,RdT,,
13178.0,ROCIO 220,Andalucía,Huelva,Almonte,220.0,37.144727755633,-6.4939111847758,almacenamiento,Con permisos,RdD,,1.0
13178.0,ROCIO 220,Andalucía,Huelva,Almonte,220.0,37.144727755633,-6.4939111847758,almacenamiento,Con permisos,RdT,,16.0
13178.0,ROCIO 220,Andalucía,Huelva,Almonte,220.0,37.144727755633,-6.4939111847758,fotovoltaica,Con permisos,RdD,14.0,16.0
13178.0,ROCIO 220,Andalucía,Huelva,Almonte,220.0,37.144727755633,-6.4939111847758,fotovoltaica,Con permisos,RdT,42.0,109.0
13178.0,ROCIO 220,Andalucía,Huelva,Almonte,220.0,37.144727755633,-6.4939111847758,fotovoltaica,En curso,RdD,75.76,69.75
13178.0,ROCIO 220,Andalucía,Huelva,Almonte,220.0,37.144727755633,-6.4939111847758,fotovoltaica,En curso,RdT,,
13178.0,ROCIO 220,Andalucía,Huelva,Almonte,220.0,37.144727755633,-6.4939111847758,fotovoltaica,Puesta en servicio,RdD,69.87,83.68
13178.0,ROCIO 220,Andalucía,Huelva,Almonte,220.0,37.144727755633,-6.4939111847758,fotovoltaica,Puesta en servicio,RdT,,113.95
13178.0,ROCIO 220,Andalucía,Huelva,Almonte,220.0,37.144727755633,-6.4939111847758,hibridacion,Puesta en servicio,RdD,,
13178.0,ROCIO 220,Andalucía,Huelva,Almonte,220.0,37.144727755633,-6.4939111847758,hibridacion,Puesta en servicio,RdT,111.0,
13178.0,ROCIO 220,Andalucía,Huelva,Almonte,220.0,37.144727755633,-6.4939111847758,otras,Puesta en servicio,RdD,1.1,1.1
13178.0,ROCIO 220,Andalucía,Huelva,Almonte,220.0,37.144727755633,-6.4939111847758,otras,Puesta en servicio,RdT,,
12696.0,CHUCENA 220,Andalucía,Huelva,Chucena,220.0,37.342325444512,-6.3847633011221,almacenamiento,En curso,RdD,,89.0
12696.0,CHUCENA 220,Andalucía,Huelva,Chucena,220.0,37.342325444512,-6.3847633011221,almacenamiento,En curso,RdT,,
12696.0,CHUCENA 220,Andalucía,Huelva,Chucena,220.0,37.342325444512,-6.3847633011221,fotovoltaica,Con permisos,RdD,58.0,58.0
12696.0,CHUCENA 220,Andalucía,Huelva,Chucena,220.0,37.342325444512,-6.3847633011221,fotovoltaica,Con permisos,RdT,88.0,99.0
12696.0,CHUCENA 220,Andalucía,Huelva,Chucena,220.0,37.342325444512,-6.3847633011221,fotovoltaica,En curso,RdD,9.27,89.0
12696.0,CHUCENA 220,Andalucía,Huelva,Chucena,220.0,37.342325444512,-6.3847633011221,fotovoltaica,En curso,RdT,40.0,40.0
12696.0,CHUCENA 220,Andalucía,Huelva,Chucena,220.0,37.342325444512,-6.3847633011221,fotovoltaica,Puesta en servicio,RdD,23.41,32.68
12696.0,CHUCENA 220,Andalucía,Huelva,Chucena,220.0,37.342325444512,-6.3847633011221,fotovoltaica,Puesta en servicio,RdT,88.0,95.67
12696.0,CHUCENA 220,Andalucía,Huelva,Chucena,220.0,37.342325444512,-6.3847633011221,hibridacion,En curso,RdD,89.0,
12696.0,CHUCENA 220,Andalucía,Huelva,Chucena,220.0,37.342325444512,-6.3847633011221,hibridacion,En curso,RdT,,
12720.0,CRISTOBAL COLON 220,Andalucía,Huelva,Huelva,220.0,37.21689935099,-6.9434001178512,almacenamiento,Con permisos,RdD,,
12720.0,CRISTOBAL COLON 220,Andalucía,Huelva,Huelva,220.0,37.21689935099,-6.9434001178512,almacenamiento,Con permisos,RdT,,190.0
12720.0,CRISTOBAL COLON 220,Andalucía,Huelva,Huelva,220.0,37.21689935099,-6.9434001178512,fotovoltaica,Con permisos,RdD,50.0,50.0
12720.0,CRISTOBAL COLON 220,Andalucía,Huelva,Huelva,220.0,37.21689935099,-6.9434001178512,fotovoltaica,Con permisos,RdT,68.0,107.0
12720.0,CRISTOBAL COLON 220,Andalucía,Huelva,Huelva,220.0,37.21689935099,-6.9434001178512,fotovoltaica,Puesta en servicio,RdD,,
12720.0,CRISTOBAL COLON 220,Andalucía,Huelva,Huelva,220.0,37.21689935099,-6.9434001178512,fotovoltaica,Puesta en servicio,RdT,15.96,217.1
12720.0,CRISTOBAL COLON 220,Andalucía,Huelva,Huelva,220.0,37.21689935099,-6.9434001178512,hibridacion,Puesta en servicio,RdD,,
12720.0,CRISTOBAL COLON 220,Andalucía,Huelva,Huelva,220.0,37.21689935099,-6.9434001178512,hibridacion,Puesta en servicio,RdT,202.24,
12720.0,CRISTOBAL COLON 220,Andalucía,Huelva,Huelva,220.0,37.21689935099,-6.9434001178512,otras,Puesta en servicio,RdD,36.38,36.38
12720.0,CRISTOBAL COLON 220,Andalucía,Huelva,Huelva,220.0,37.21689935099,-6.9434001178512,otras,Puesta en servicio,RdT,378.9,409.37
13024.0,ONUBA 220,Andalucía,Huelva,Huelva,220.0,37.299526599518,-6.9250433860787,almacenamiento,Con permisos,RdD,,98.0
13024.0,ONUBA 220,Andalucía,Huelva,Huelva,220.0,37.299526599518,-6.9250433860787,almacenamiento,Con permisos,RdT,,
13024.0,ONUBA 220,Andalucía,Huelva,Huelva,220.0,37.299526599518,-6.9250433860787,eolica,Puesta en servicio,RdD,4.25,4.25
13024.0,ONUBA 220,Andalucía,Huelva,Huelva,220.0,37.299526599518,-6.9250433860787,eolica,Puesta en servicio,RdT,,
13024.0,ONUBA 220,Andalucía,Huelva,Huelva,220.0,37.299526599518,-6.9250433860787,fotovoltaica,Con permisos,RdD,63.0,69.0
13024.0,ONUBA 220,Andalucía,Huelva,Huelva,220.0,37.299526599518,-6.9250433860787,fotovoltaica,Con permisos,RdT,,
13024.0,ONUBA 220,Andalucía,Huelva,Huelva,220.0,37.299526599518,-6.9250433860787,fotovoltaica,Puesta en servicio,RdD,147.73,288.0
13024.0,ONUBA 220,Andalucía,Huelva,Huelva,220.0,37.299526599518,-6.9250433860787,fotovoltaica,Puesta en servicio,RdT,,
13024.0,ONUBA 220,Andalucía,Huelva,Huelva,220.0,37.299526599518,-6.9250433860787,hibridacion,Puesta en servicio,RdD,110.32,
13024.0,ONUBA 220,Andalucía,Huelva,Huelva,220.0,37.299526599518,-6.9250433860787,hibridacion,Puesta en servicio,RdT,,
13024.0,ONUBA 220,Andalucía,Huelva,Huelva,220.0,37.299526599518,-6.9250433860787,otras,Puesta en servicio,RdD,10.0,10.0
13024.0,ONUBA 220,Andalucía,Huelva,Huelva,220.0,37.299526599518,-6.9250433860787,otras,Puesta en servicio,RdT,137.0,137.0
12717.0,COSTA DE LA LUZ 220,Andalucía,Huelva,Lepe,220.0,37.307021389759,-7.2076090762292,eolica,Con permisos,RdD,,77.0
12717.0,COSTA DE LA LUZ 220,Andalucía,Huelva,Lepe,220.0,37.307021389759,-7.2076090762292,eolica,Con permisos,RdT,,
12717.0,COSTA DE LA LUZ 220,Andalucía,Huelva,Lepe,220.0,37.307021389759,-7.2076090762292,eolica,Puesta en servicio,RdD,48.0,48.0
12717.0,COSTA DE LA LUZ 220,Andalucía,Huelva,Lepe,220.0,37.307021389759,-7.2076090762292,eolica,Puesta en servicio,RdT,,
12717.0,COSTA DE LA LUZ 220,Andalucía,Huelva,Lepe,220.0,37.307021389759,-7.2076090762292,fotovoltaica,Con permisos,RdD,101.0,139.0
12717.0,COSTA DE LA LUZ 220,Andalucía,Huelva,Lepe,220.0,37.307021389759,-7.2076090762292,fotovoltaica,Con permisos,RdT,,
12717.0,COSTA DE LA LUZ 220,Andalucía,Huelva,Lepe,220.0,37.307021389759,-7.2076090762292,fotovoltaica,En curso,RdD,14.4,14.4
12717.0,COSTA DE LA LUZ 220,Andalucía,Huelva,Lepe,220.0,37.307021389759,-7.2076090762292,fotovoltaica,En curso,RdT,,
12717.0,COSTA DE LA LUZ 220,Andalucía,Huelva,Lepe,220.0,37.307021389759,-7.2076090762292,fotovoltaica,Puesta en servicio,RdD,19.26,19.26
12717.0,COSTA DE LA LUZ 220,Andalucía,Huelva,Lepe,220.0,37.307021389759,-7.2076090762292,fotovoltaica,Puesta en servicio,RdT,,
12717.0,COSTA DE LA LUZ 220,Andalucía,Huelva,Lepe,220.0,37.307021389759,-7.2076090762292,hibridacion,Con permisos,RdD,26.0,
12717.0,COSTA DE LA LUZ 220,Andalucía,Huelva,Lepe,220.0,37.307021389759,-7.2076090762292,hibridacion,Con permisos,RdT,,
6730.0,TORREARENILLAS 220,Andalucía,Huelva,Palos de la Frontera,220.0,37.191163357175,-6.9030379086381,fotovoltaica,Con permisos,RdD,137.0,148.0
6730.0,TORREARENILLAS 220,Andalucía,Huelva,Palos de la Frontera,220.0,37.191163357175,-6.9030379086381,fotovoltaica,Con permisos,RdT,,
6730.0,TORREARENILLAS 220,Andalucía,Huelva,Palos de la Frontera,220.0,37.191163357175,-6.9030379086381,hidraulica,Puesta en servicio,RdD,4.5,4.5
6730.0,TORREARENILLAS 220,Andalucía,Huelva,Palos de la Frontera,220.0,37.191163357175,-6.9030379086381,hidraulica,Puesta en servicio,RdT,,
6730.0,TORREARENILLAS 220,Andalucía,Huelva,Palos de la Frontera,220.0,37.191163357175,-6.9030379086381,otras,Puesta en servicio,RdD,97.87,97.87
6730.0,TORREARENILLAS 220,Andalucía,Huelva,Palos de la Frontera,220.0,37.191163357175,-6.9030379086381,otras,Puesta en servicio,RdT,,
13035.0,PALOS 220,Andalucía,Huelva,Palos de la Frontera,220.0,37.184704681335,-6.8829770265272,fotovoltaica,Con permisos,RdD,,
13035.0,PALOS 220,Andalucía,Huelva,Palos de la Frontera,220.0,37.184704681335,-6.8829770265272,fotovoltaica,Con permisos,RdT,472.0,623.0
13035.0,PALOS 220,Andalucía,Huelva,Palos de la Frontera,220.0,37.184704681335,-6.8829770265272,otras,Puesta en servicio,RdD,,
13035.0,PALOS 220,Andalucía,Huelva,Palos de la Frontera,220.0,37.184704681335,-6.8829770265272,otras,Puesta en servicio,RdT,85.0,85.0
13036.0,PALOS 400,Andalucía,Huelva,Palos de la Frontera,400.0,37.184704681335,-6.8829770265272,otras,En curso,RdD,,
13036.0,PALOS 400,Andalucía,Huelva,Palos de la Frontera,400.0,37.184704681335,-6.8829770265272,otras,En curso,RdT,773.4,773.58
13036.0,PALOS 400,Andalucía,Huelva,Palos de la Frontera,400.0,37.184704681335,-6.8829770265272,otras,Puesta en servicio,RdD,,
13036.0,PALOS 400,Andalucía,Huelva,Palos de la Frontera,400.0,37.184704681335,-6.8829770265272,otras,Puesta en servicio,RdT,1162.3,1167.0
13081.0,PUEBLA DE GUZMAN 220,Andalucía,Huelva,Puebla de Guzmán,220.0,37.548220950134,-7.2412447867432,almacenamiento,Con permisos,RdD,,
13081.0,PUEBLA DE GUZMAN 220,Andalucía,Huelva,Puebla de Guzmán,220.0,37.548220950134,-7.2412447867432,almacenamiento,Con permisos,RdT,29.0,408.0
13081.0,PUEBLA DE GUZMAN 220,Andalucía,Huelva,Puebla de Guzmán,220.0,37.548220950134,-7.2412447867432,almacenamiento,En curso,RdD,,
13081.0,PUEBLA DE GUZMAN 220,Andalucía,Huelva,Puebla de Guzmán,220.0,37.548220950134,-7.2412447867432,almacenamiento,En curso,RdT,,330.0
13081.0,PUEBLA DE GUZMAN 220,Andalucía,Huelva,Puebla de Guzmán,220.0,37.548220950134,-7.2412447867432,eolica,Con permisos,RdD,,
13081.0,PUEBLA DE GUZMAN 220,Andalucía,Huelva,Puebla de Guzmán,220.0,37.548220950134,-7.2412447867432,eolica,Con permisos,RdT,,27.0
13081.0,PUEBLA DE GUZMAN 220,Andalucía,Huelva,Puebla de Guzmán,220.0,37.548220950134,-7.2412447867432,eolica,En curso,RdD,,
13081.0,PUEBLA DE GUZMAN 220,Andalucía,Huelva,Puebla de Guzmán,220.0,37.548220950134,-7.2412447867432,eolica,En curso,RdT,153.3,208.7
13081.0,PUEBLA DE GUZMAN 220,Andalucía,Huelva,Puebla de Guzmán,220.0,37.548220950134,-7.2412447867432,eolica,Puesta en servicio,RdD,,
13081.0,PUEBLA DE GUZMAN 220,Andalucía,Huelva,Puebla de Guzmán,220.0,37.548220950134,-7.2412447867432,eolica,Puesta en servicio,RdT,,335.15
13081.0,PUEBLA DE GUZMAN 220,Andalucía,Huelva,Puebla de Guzmán,220.0,37.548220950134,-7.2412447867432,fotovoltaica,Con permisos,RdD,,
13081.0,PUEBLA DE GUZMAN 220,Andalucía,Huelva,Puebla de Guzmán,220.0,37.548220950134,-7.2412447867432,fotovoltaica,Con permisos,RdT,104.0,983.0
13081.0,PUEBLA DE GUZMAN 220,Andalucía,Huelva,Puebla de Guzmán,220.0,37.548220950134,-7.2412447867432,fotovoltaica,En curso,RdD,,
13081.0,PUEBLA DE GUZMAN 220,Andalucía,Huelva,Puebla de Guzmán,220.0,37.548220950134,-7.2412447867432,fotovoltaica,En curso,RdT,197.0,527.0
13081.0,PUEBLA DE GUZMAN 220,Andalucía,Huelva,Puebla de Guzmán,220.0,37.548220950134,-7.2412447867432,fotovoltaica,Puesta en servicio,RdD,,
13081.0,PUEBLA DE GUZMAN 220,Andalucía,Huelva,Puebla de Guzmán,220.0,37.548220950134,-7.2412447867432,fotovoltaica,Puesta en servicio,RdT,42.47,92.15
13081.0,PUEBLA DE GUZMAN 220,Andalucía,Huelva,Puebla de Guzmán,220.0,37.548220950134,-7.2412447867432,hibridacion,Con permisos,RdD,,
13081.0,PUEBLA DE GUZMAN 220,Andalucía,Huelva,Puebla de Guzmán,220.0,37.548220950134,-7.2412447867432,hibridacion,Con permisos,RdT,372.0,
13081.0,PUEBLA DE GUZMAN 220,Andalucía,Huelva,Puebla de Guzmán,220.0,37.548220950134,-7.2412447867432,hibridacion,En curso,RdD,,
13081.0,PUEBLA DE GUZMAN 220,Andalucía,Huelva,Puebla de Guzmán,220.0,37.548220950134,-7.2412447867432,hibridacion,En curso,RdT,330.0,
13081.0,PUEBLA DE GUZMAN 220,Andalucía,Huelva,Puebla de Guzmán,220.0,37.548220950134,-7.2412447867432,hibridacion,Puesta en servicio,RdD,,
13081.0,PUEBLA DE GUZMAN 220,Andalucía,Huelva,Puebla de Guzmán,220.0,37.548220950134,-7.2412447867432,hibridacion,Puesta en servicio,RdT,335.15,
6677.0,ANDUJAR 220,Andalucía,Jaén,Andújar,220.0,38.043517697009,-3.9958307358976,fotovoltaica,Con permisos,RdD,57.0,67.0
6677.0,ANDUJAR 220,Andalucía,Jaén,Andújar,220.0,38.043517697009,-3.9958307358976,fotovoltaica,Con permisos,RdT,89.0,107.0
6677.0,ANDUJAR 220,Andalucía,Jaén,Andújar,220.0,38.043517697009,-3.9958307358976,fotovoltaica,Puesta en servicio,RdD,71.2,71.93
6677.0,ANDUJAR 220,Andalucía,Jaén,Andújar,220.0,38.043517697009,-3.9958307358976,fotovoltaica,Puesta en servicio,RdT,49.76,56.05
6677.0,ANDUJAR 220,Andalucía,Jaén,Andújar,220.0,38.043517697009,-3.9958307358976,hidraulica,Con permisos,RdD,2.0,2.0
6677.0,ANDUJAR 220,Andalucía,Jaén,Andújar,220.0,38.043517697009,-3.9958307358976,hidraulica,Con permisos,RdT,,
6677.0,ANDUJAR 220,Andalucía,Jaén,Andújar,220.0,38.043517697009,-3.9958307358976,hidraulica,Puesta en servicio,RdD,185.54,185.54
6677.0,ANDUJAR 220,Andalucía,Jaén,Andújar,220.0,38.043517697009,-3.9958307358976,hidraulica,Puesta en servicio,RdT,,
6677.0,ANDUJAR 220,Andalucía,Jaén,Andújar,220.0,38.043517697009,-3.9958307358976,otras,Puesta en servicio,RdD,241.62,241.62
6677.0,ANDUJAR 220,Andalucía,Jaén,Andújar,220.0,38.043517697009,-3.9958307358976,otras,Puesta en servicio,RdT,,
13019.0,OLIVARES 220,Andalucía,Jaén,Jaén,220.0,37.799490200661,-3.8016699911729,almacenamiento,Con permisos,RdD,,12.0
13019.0,OLIVARES 220,Andalucía,Jaén,Jaén,220.0,37.799490200661,-3.8016699911729,almacenamiento,Con permisos,RdT,,
13019.0,OLIVARES 220,Andalucía,Jaén,Jaén,220.0,37.799490200661,-3.8016699911729,fotovoltaica,Con permisos,RdD,32.0,32.0
13019.0,OLIVARES 220,Andalucía,Jaén,Jaén,220.0,37.799490200661,-3.8016699911729,fotovoltaica,Con permisos,RdT,,
13019.0,OLIVARES 220,Andalucía,Jaén,Jaén,220.0,37.799490200661,-3.8016699911729,fotovoltaica,Puesta en servicio,RdD,150.48,171.17
13019.0,OLIVARES 220,Andalucía,Jaén,Jaén,220.0,37.799490200661,-3.8016699911729,fotovoltaica,Puesta en servicio,RdT,,
13019.0,OLIVARES 220,Andalucía,Jaén,Jaén,220.0,37.799490200661,-3.8016699911729,hibridacion,Puesta en servicio,RdD,6.0,
13019.0,OLIVARES 220,Andalucía,Jaén,Jaén,220.0,37.799490200661,-3.8016699911729,hibridacion,Puesta en servicio,RdT,,
13330.0,GUADAME 400,Andalucía,Jaén,Marmolejo,400.0,38.048620720734,-4.1934112057713,fotovoltaica,Con permisos,RdD,,
13330.0,GUADAME 400,Andalucía,Jaén,Marmolejo,400.0,38.048620720734,-4.1934112057713,fotovoltaica,Con permisos,RdT,491.0,570.0
13411.0,GUADAME 220,Andalucía,Jaén,Marmolejo,220.0,38.048620720734,-4.1934112057713,fotovoltaica,Con permisos,RdD,,
13411.0,GUADAME 220,Andalucía,Jaén,Marmolejo,220.0,38.048620720734,-4.1934112057713,fotovoltaica,Con permisos,RdT,412.0,489.0
6674.0,ALHAURIN 220,Andalucía,Málaga,Alhaurín de la Torre,220.0,36.655972602455,-4.5754027138141,almacenamiento,Con permisos,RdD,333.0,338.0
6674.0,ALHAURIN 220,Andalucía,Málaga,Alhaurín de la Torre,220.0,36.655972602455,-4.5754027138141,almacenamiento,Con permisos,RdT,,
6674.0,ALHAURIN 220,Andalucía,Málaga,Alhaurín de la Torre,220.0,36.655972602455,-4.5754027138141,eolica,En curso,RdD,14.7,14.7
6674.0,ALHAURIN 220,Andalucía,Málaga,Alhaurín de la Torre,220.0,36.655972602455,-4.5754027138141,eolica,En curso,RdT,,
6674.0,ALHAURIN 220,Andalucía,Málaga,Alhaurín de la Torre,220.0,36.655972602455,-4.5754027138141,eolica,Puesta en servicio,RdD,40.15,40.15
6674.0,ALHAURIN 220,Andalucía,Málaga,Alhaurín de la Torre,220.0,36.655972602455,-4.5754027138141,eolica,Puesta en servicio,RdT,,
6674.0,ALHAURIN 220,Andalucía,Málaga,Alhaurín de la Torre,220.0,36.655972602455,-4.5754027138141,fotovoltaica,Con permisos,RdD,46.0,49.0
6674.0,ALHAURIN 220,Andalucía,Málaga,Alhaurín de la Torre,220.0,36.655972602455,-4.5754027138141,fotovoltaica,Con permisos,RdT,,
6674.0,ALHAURIN 220,Andalucía,Málaga,Alhaurín de la Torre,220.0,36.655972602455,-4.5754027138141,fotovoltaica,En curso,RdD,14.97,14.97
6674.0,ALHAURIN 220,Andalucía,Málaga,Alhaurín de la Torre,220.0,36.655972602455,-4.5754027138141,fotovoltaica,En curso,RdT,,
6674.0,ALHAURIN 220,Andalucía,Málaga,Alhaurín de la Torre,220.0,36.655972602455,-4.5754027138141,fotovoltaica,Puesta en servicio,RdD,19.34,19.34
6674.0,ALHAURIN 220,Andalucía,Málaga,Alhaurín de la Torre,220.0,36.655972602455,-4.5754027138141,fotovoltaica,Puesta en servicio,RdT,,
6674.0,ALHAURIN 220,Andalucía,Málaga,Alhaurín de la Torre,220.0,36.655972602455,-4.5754027138141,hidraulica,Puesta en servicio,RdD,26.78,26.78
6674.0,ALHAURIN 220,Andalucía,Málaga,Alhaurín de la Torre,220.0,36.655972602455,-4.5754027138141,hidraulica,Puesta en servicio,RdT,,
6674.0,ALHAURIN 220,Andalucía,Málaga,Alhaurín de la Torre,220.0,36.655972602455,-4.5754027138141,otras,Puesta en servicio,RdD,31.11,31.11
6674.0,ALHAURIN 220,Andalucía,Málaga,Alhaurín de la Torre,220.0,36.655972602455,-4.5754027138141,otras,Puesta en servicio,RdT,,
7218.0,ARCHIDONA 400,Andalucía,Málaga,Archidona,400.0,37.120000337601,-4.4152854332355,almacenamiento,Con permisos,RdD,,
7218.0,ARCHIDONA 400,Andalucía,Málaga,Archidona,400.0,37.120000337601,-4.4152854332355,almacenamiento,Con permisos,RdT,,115.0
7218.0,ARCHIDONA 400,Andalucía,Málaga,Archidona,400.0,37.120000337601,-4.4152854332355,fotovoltaica,En curso,RdD,,
7218.0,ARCHIDONA 400,Andalucía,Málaga,Archidona,400.0,37.120000337601,-4.4152854332355,fotovoltaica,En curso,RdT,48.0,55.47
7218.0,ARCHIDONA 400,Andalucía,Málaga,Archidona,400.0,37.120000337601,-4.4152854332355,fotovoltaica,Puesta en servicio,RdD,,
7218.0,ARCHIDONA 400,Andalucía,Málaga,Archidona,400.0,37.120000337601,-4.4152854332355,fotovoltaica,Puesta en servicio,RdT,178.0,353.01
7218.0,ARCHIDONA 400,Andalucía,Málaga,Archidona,400.0,37.120000337601,-4.4152854332355,hibridacion,Puesta en servicio,RdD,,
7218.0,ARCHIDONA 400,Andalucía,Málaga,Archidona,400.0,37.120000337601,-4.4152854332355,hibridacion,Puesta en servicio,RdT,135.0,
12853.0,JORDANA 220,Andalucía,Málaga,Casares,220.0,36.444048697119,-5.2186188097108,fotovoltaica,Con permisos,RdD,,
12853.0,JORDANA 220,Andalucía,Málaga,Casares,220.0,36.444048697119,-5.2186188097108,fotovoltaica,Con permisos,RdT,42.0,49.0
13014.0,NUEVA CASARES 220,Andalucía,Málaga,Casares,220.0,36.405319237371,-5.2200472661792,eolica,Puesta en servicio,RdD,67.4,67.4
13014.0,NUEVA CASARES 220,Andalucía,Málaga,Casares,220.0,36.405319237371,-5.2200472661792,eolica,Puesta en servicio,RdT,,
13014.0,NUEVA CASARES 220,Andalucía,Málaga,Casares,220.0,36.405319237371,-5.2200472661792,fotovoltaica,Con permisos,RdD,4.0,4.0
13014.0,NUEVA CASARES 220,Andalucía,Málaga,Casares,220.0,36.405319237371,-5.2200472661792,fotovoltaica,Con permisos,RdT,80.0,92.0
13014.0,NUEVA CASARES 220,Andalucía,Málaga,Casares,220.0,36.405319237371,-5.2200472661792,hidraulica,Puesta en servicio,RdD,18.76,18.76
13014.0,NUEVA CASARES 220,Andalucía,Málaga,Casares,220.0,36.405319237371,-5.2200472661792,hidraulica,Puesta en servicio,RdT,,
7217.0,CARTAMA 400,Andalucía,Málaga,Cártama,400.0,36.750617742696,-4.605382529669,fotovoltaica,Con permisos,RdD,,
7217.0,CARTAMA 400,Andalucía,Málaga,Cártama,400.0,36.750617742696,-4.605382529669,fotovoltaica,Con permisos,RdT,155.0,170.0
7401.0,CARTAMA 220,Andalucía,Málaga,Cártama,220.0,36.750617742696,-4.605382529669,fotovoltaica,Con permisos,RdD,,
7401.0,CARTAMA 220,Andalucía,Málaga,Cártama,220.0,36.750617742696,-4.605382529669,fotovoltaica,Con permisos,RdT,150.0,157.0
12718.0,COSTASOL 220,Andalucía,Málaga,Marbella,220.0,36.522932641826,-4.8596192840003,almacenamiento,Con permisos,RdD,57.0,57.0
12718.0,COSTASOL 220,Andalucía,Málaga,Marbella,220.0,36.522932641826,-4.8596192840003,almacenamiento,Con permisos,RdT,,
12718.0,COSTASOL 220,Andalucía,Málaga,Marbella,220.0,36.522932641826,-4.8596192840003,fotovoltaica,Con permisos,RdD,50.0,54.0
12718.0,COSTASOL 220,Andalucía,Málaga,Marbella,220.0,36.522932641826,-4.8596192840003,fotovoltaica,Con permisos,RdT,,
12919.0,LOS MONTES 220,Andalucía,Málaga,Málaga,220.0,36.745466708623,-4.3889151900069,almacenamiento,Con permisos,RdD,189.0,189.0
12919.0,LOS MONTES 220,Andalucía,Málaga,Málaga,220.0,36.745466708623,-4.3889151900069,almacenamiento,Con permisos,RdT,,
12919.0,LOS MONTES 220,Andalucía,Málaga,Málaga,220.0,36.745466708623,-4.3889151900069,eolica,En curso,RdD,36.0,36.0
12919.0,LOS MONTES 220,Andalucía,Málaga,Málaga,220.0,36.745466708623,-4.3889151900069,eolica,En curso,RdT,,
12922.0,LOS RAMOS 220,Andalucía,Málaga,Málaga,220.0,36.72980713711,-4.4723600829759,almacenamiento,Con permisos,RdD,45.0,50.0
12922.0,LOS RAMOS 220,Andalucía,Málaga,Málaga,220.0,36.72980713711,-4.4723600829759,almacenamiento,Con permisos,RdT,135.0,139.0
12922.0,LOS RAMOS 220,Andalucía,Málaga,Málaga,220.0,36.72980713711,-4.4723600829759,almacenamiento,Puesta en servicio,RdD,1.89,1.89
12922.0,LOS RAMOS 220,Andalucía,Málaga,Málaga,220.0,36.72980713711,-4.4723600829759,almacenamiento,Puesta en servicio,RdT,,
12922.0,LOS RAMOS 220,Andalucía,Málaga,Málaga,220.0,36.72980713711,-4.4723600829759,eolica,Con permisos,RdD,6.0,6.0
12922.0,LOS RAMOS 220,Andalucía,Málaga,Málaga,220.0,36.72980713711,-4.4723600829759,eolica,Con permisos,RdT,79.0,87.0
12922.0,LOS RAMOS 220,Andalucía,Málaga,Málaga,220.0,36.72980713711,-4.4723600829759,eolica,En curso,RdD,4.9,4.9
12922.0,LOS RAMOS 220,Andalucía,Málaga,Málaga,220.0,36.72980713711,-4.4723600829759,eolica,En curso,RdT,,
12922.0,LOS RAMOS 220,Andalucía,Málaga,Málaga,220.0,36.72980713711,-4.4723600829759,eolica,Puesta en servicio,RdD,,20.0
12922.0,LOS RAMOS 220,Andalucía,Málaga,Málaga,220.0,36.72980713711,-4.4723600829759,eolica,Puesta en servicio,RdT,,
12922.0,LOS RAMOS 220,Andalucía,Málaga,Málaga,220.0,36.72980713711,-4.4723600829759,fotovoltaica,Con permisos,RdD,62.0,96.0
12922.0,LOS RAMOS 220,Andalucía,Málaga,Málaga,220.0,36.72980713711,-4.4723600829759,fotovoltaica,Con permisos,RdT,,
12922.0,LOS RAMOS 220,Andalucía,Málaga,Málaga,220.0,36.72980713711,-4.4723600829759,fotovoltaica,Puesta en servicio,RdD,74.66,83.36
12922.0,LOS RAMOS 220,Andalucía,Málaga,Málaga,220.0,36.72980713711,-4.4723600829759,fotovoltaica,Puesta en servicio,RdT,,
12922.0,LOS RAMOS 220,Andalucía,Málaga,Málaga,220.0,36.72980713711,-4.4723600829759,hibridacion,Puesta en servicio,RdD,22.4,
12922.0,LOS RAMOS 220,Andalucía,Málaga,Málaga,220.0,36.72980713711,-4.4723600829759,hibridacion,Puesta en servicio,RdT,,
12922.0,LOS RAMOS 220,Andalucía,Málaga,Málaga,220.0,36.72980713711,-4.4723600829759,hidraulica,Puesta en servicio,RdD,76.8,76.8
12922.0,LOS RAMOS 220,Andalucía,Málaga,Málaga,220.0,36.72980713711,-4.4723600829759,hidraulica,Puesta en servicio,RdT,,
12922.0,LOS RAMOS 220,Andalucía,Málaga,Málaga,220.0,36.72980713711,-4.4723600829759,otras,Puesta en servicio,RdD,56.06,56.06
12922.0,LOS RAMOS 220,Andalucía,Málaga,Málaga,220.0,36.72980713711,-4.4723600829759,otras,Puesta en servicio,RdT,415.51,415.51
13071.0,POLIGONO 220,Andalucía,Málaga,Málaga,220.0,36.69442705639,-4.4660934676166,almacenamiento,Con permisos,RdD,45.0,80.0
13071.0,POLIGONO 220,Andalucía,Málaga,Málaga,220.0,36.69442705639,-4.4660934676166,almacenamiento,Con permisos,RdT,,
13071.0,POLIGONO 220,Andalucía,Málaga,Málaga,220.0,36.69442705639,-4.4660934676166,almacenamiento,En curso,RdD,74.8,89.8
13071.0,POLIGONO 220,Andalucía,Málaga,Málaga,220.0,36.69442705639,-4.4660934676166,almacenamiento,En curso,RdT,,
13071.0,POLIGONO 220,Andalucía,Málaga,Málaga,220.0,36.69442705639,-4.4660934676166,fotovoltaica,Con permisos,RdD,5.0,5.0
13071.0,POLIGONO 220,Andalucía,Málaga,Málaga,220.0,36.69442705639,-4.4660934676166,fotovoltaica,Con permisos,RdT,,
13071.0,POLIGONO 220,Andalucía,Málaga,Málaga,220.0,36.69442705639,-4.4660934676166,fotovoltaica,Puesta en servicio,RdD,1.09,1.09
13071.0,POLIGONO 220,Andalucía,Málaga,Málaga,220.0,36.69442705639,-4.4660934676166,fotovoltaica,Puesta en servicio,RdT,,
13071.0,POLIGONO 220,Andalucía,Málaga,Málaga,220.0,36.69442705639,-4.4660934676166,otras,Puesta en servicio,RdD,12.74,12.74
13071.0,POLIGONO 220,Andalucía,Málaga,Málaga,220.0,36.69442705639,-4.4660934676166,otras,Puesta en servicio,RdT,,
13181.0,RONDA 400,Andalucía,Málaga,Ronda,400.0,36.761236440143,-5.1274867035324,fotovoltaica,Con permisos,RdD,,
13181.0,RONDA 400,Andalucía,Málaga,Ronda,400.0,36.761236440143,-5.1274867035324,fotovoltaica,Con permisos,RdT,225.0,235.0
13334.0,TAJO ENCANTADA 400,Andalucía,Málaga,Álora,400.0,36.895071450149,-4.7457559813264,fotovoltaica,Con permisos,RdD,,
13334.0,TAJO ENCANTADA 400,Andalucía,Málaga,Álora,400.0,36.895071450149,-4.7457559813264,fotovoltaica,Con permisos,RdT,457.0,495.0
13334.0,TAJO ENCANTADA 400,Andalucía,Málaga,Álora,400.0,36.895071450149,-4.7457559813264,fotovoltaica,En curso,RdD,,
13334.0,TAJO ENCANTADA 400,Andalucía,Málaga,Álora,400.0,36.895071450149,-4.7457559813264,fotovoltaica,En curso,RdT,2.0,2.0
13414.0,TAJO ENCANTADA 220,Andalucía,Málaga,Álora,220.0,36.895071450149,-4.7457559813264,almacenamiento,Con permisos,RdD,,
13414.0,TAJO ENCANTADA 220,Andalucía,Málaga,Álora,220.0,36.895071450149,-4.7457559813264,almacenamiento,Con permisos,RdT,77.0,98.0
13414.0,TAJO ENCANTADA 220,Andalucía,Málaga,Álora,220.0,36.895071450149,-4.7457559813264,almacenamiento,En curso,RdD,,
13414.0,TAJO ENCANTADA 220,Andalucía,Málaga,Álora,220.0,36.895071450149,-4.7457559813264,almacenamiento,En curso,RdT,140.0,140.0
13414.0,TAJO ENCANTADA 220,Andalucía,Málaga,Álora,220.0,36.895071450149,-4.7457559813264,bombeo,En curso,RdD,,
13414.0,TAJO ENCANTADA 220,Andalucía,Málaga,Álora,220.0,36.895071450149,-4.7457559813264,bombeo,En curso,RdT,100.0,100.0
13414.0,TAJO ENCANTADA 220,Andalucía,Málaga,Álora,220.0,36.895071450149,-4.7457559813264,bombeo,Puesta en servicio,RdD,,
13414.0,TAJO ENCANTADA 220,Andalucía,Málaga,Álora,220.0,36.895071450149,-4.7457559813264,bombeo,Puesta en servicio,RdT,360.0,376.88
13414.0,TAJO ENCANTADA 220,Andalucía,Málaga,Álora,220.0,36.895071450149,-4.7457559813264,eolica,Con permisos,RdD,,
13414.0,TAJO ENCANTADA 220,Andalucía,Málaga,Álora,220.0,36.895071450149,-4.7457559813264,eolica,Con permisos,RdT,297.0,336.0
13414.0,TAJO ENCANTADA 220,Andalucía,Málaga,Álora,220.0,36.895071450149,-4.7457559813264,eolica,En curso,RdD,,
13414.0,TAJO ENCANTADA 220,Andalucía,Málaga,Álora,220.0,36.895071450149,-4.7457559813264,eolica,En curso,RdT,231.3,244.73
13414.0,TAJO ENCANTADA 220,Andalucía,Málaga,Álora,220.0,36.895071450149,-4.7457559813264,eolica,Puesta en servicio,RdD,,
13414.0,TAJO ENCANTADA 220,Andalucía,Málaga,Álora,220.0,36.895071450149,-4.7457559813264,eolica,Puesta en servicio,RdT,354.28,357.28
13414.0,TAJO ENCANTADA 220,Andalucía,Málaga,Álora,220.0,36.895071450149,-4.7457559813264,fotovoltaica,Con permisos,RdD,,
13414.0,TAJO ENCANTADA 220,Andalucía,Málaga,Álora,220.0,36.895071450149,-4.7457559813264,fotovoltaica,Con permisos,RdT,191.0,214.0
13414.0,TAJO ENCANTADA 220,Andalucía,Málaga,Álora,220.0,36.895071450149,-4.7457559813264,fotovoltaica,En curso,RdD,,
13414.0,TAJO ENCANTADA 220,Andalucía,Málaga,Álora,220.0,36.895071450149,-4.7457559813264,fotovoltaica,En curso,RdT,140.0,140.0
13414.0,TAJO ENCANTADA 220,Andalucía,Málaga,Álora,220.0,36.895071450149,-4.7457559813264,fotovoltaica,Puesta en servicio,RdD,,
13414.0,TAJO ENCANTADA 220,Andalucía,Málaga,Álora,220.0,36.895071450149,-4.7457559813264,fotovoltaica,Puesta en servicio,RdT,,73.3
13414.0,TAJO ENCANTADA 220,Andalucía,Málaga,Álora,220.0,36.895071450149,-4.7457559813264,hibridacion,Puesta en servicio,RdD,,
13414.0,TAJO ENCANTADA 220,Andalucía,Málaga,Álora,220.0,36.895071450149,-4.7457559813264,hibridacion,Puesta en servicio,RdT,73.3,
6672.0,ALCORES 220,Andalucía,Sevilla,Alcalá de Guadaíra,220.0,37.386393585268,-5.8559410798306,almacenamiento,Con permisos,RdD,4.0,22.0
6672.0,ALCORES 220,Andalucía,Sevilla,Alcalá de Guadaíra,220.0,37.386393585268,-5.8559410798306,almacenamiento,Con permisos,RdT,,
6672.0,ALCORES 220,Andalucía,Sevilla,Alcalá de Guadaíra,220.0,37.386393585268,-5.8559410798306,fotovoltaica,Con permisos,RdD,319.0,344.0
6672.0,ALCORES 220,Andalucía,Sevilla,Alcalá de Guadaíra,220.0,37.386393585268,-5.8559410798306,fotovoltaica,Con permisos,RdT,,
6672.0,ALCORES 220,Andalucía,Sevilla,Alcalá de Guadaíra,220.0,37.386393585268,-5.8559410798306,fotovoltaica,Puesta en servicio,RdD,343.09,391.62
6672.0,ALCORES 220,Andalucía,Sevilla,Alcalá de Guadaíra,220.0,37.386393585268,-5.8559410798306,fotovoltaica,Puesta en servicio,RdT,,
6672.0,ALCORES 220,Andalucía,Sevilla,Alcalá de Guadaíra,220.0,37.386393585268,-5.8559410798306,hibridacion,Puesta en servicio,RdD,5.0,
6672.0,ALCORES 220,Andalucía,Sevilla,Alcalá de Guadaíra,220.0,37.386393585268,-5.8559410798306,hibridacion,Puesta en servicio,RdT,,
6672.0,ALCORES 220,Andalucía,Sevilla,Alcalá de Guadaíra,220.0,37.386393585268,-5.8559410798306,otras,Con permisos,RdD,8.0,8.0
6672.0,ALCORES 220,Andalucía,Sevilla,Alcalá de Guadaíra,220.0,37.386393585268,-5.8559410798306,otras,Con permisos,RdT,,
6672.0,ALCORES 220,Andalucía,Sevilla,Alcalá de Guadaíra,220.0,37.386393585268,-5.8559410798306,otras,Puesta en servicio,RdD,8.4,8.4
6672.0,ALCORES 220,Andalucía,Sevilla,Alcalá de Guadaíra,220.0,37.386393585268,-5.8559410798306,otras,Puesta en servicio,RdT,,
12725.0,DON RODRIGO 220,Andalucía,Sevilla,Alcalá de Guadaíra,220.0,37.245467141794,-5.8436541669834,almacenamiento,Con permisos,RdD,,
12725.0,DON RODRIGO 220,Andalucía,Sevilla,Alcalá de Guadaíra,220.0,37.245467141794,-5.8436541669834,almacenamiento,Con permisos,RdT,,16.0
12725.0,DON RODRIGO 220,Andalucía,Sevilla,Alcalá de Guadaíra,220.0,37.245467141794,-5.8436541669834,fotovoltaica,Con permisos,RdD,8.0,11.0
12725.0,DON RODRIGO 220,Andalucía,Sevilla,Alcalá de Guadaíra,220.0,37.245467141794,-5.8436541669834,fotovoltaica,Con permisos,RdT,,
12725.0,DON RODRIGO 220,Andalucía,Sevilla,Alcalá de Guadaíra,220.0,37.245467141794,-5.8436541669834,fotovoltaica,En curso,RdD,50.0,
12725.0,DON RODRIGO 220,Andalucía,Sevilla,Alcalá de Guadaíra,220.0,37.245467141794,-5.8436541669834,fotovoltaica,En curso,RdT,,
12725.0,DON RODRIGO 220,Andalucía,Sevilla,Alcalá de Guadaíra,220.0,37.245467141794,-5.8436541669834,fotovoltaica,Puesta en servicio,RdD,90.18,99.87
12725.0,DON RODRIGO 220,Andalucía,Sevilla,Alcalá de Guadaíra,220.0,37.245467141794,-5.8436541669834,fotovoltaica,Puesta en servicio,RdT,307.5,531.6
12725.0,DON RODRIGO 220,Andalucía,Sevilla,Alcalá de Guadaíra,220.0,37.245467141794,-5.8436541669834,hibridacion,Con permisos,RdD,8.0,
12725.0,DON RODRIGO 220,Andalucía,Sevilla,Alcalá de Guadaíra,220.0,37.245467141794,-5.8436541669834,hibridacion,Con permisos,RdT,,
12725.0,DON RODRIGO 220,Andalucía,Sevilla,Alcalá de Guadaíra,220.0,37.245467141794,-5.8436541669834,hibridacion,Puesta en servicio,RdD,,
12725.0,DON RODRIGO 220,Andalucía,Sevilla,Alcalá de Guadaíra,220.0,37.245467141794,-5.8436541669834,hibridacion,Puesta en servicio,RdT,157.5,
12725.0,DON RODRIGO 220,Andalucía,Sevilla,Alcalá de Guadaíra,220.0,37.245467141794,-5.8436541669834,otras,Puesta en servicio,RdD,13.02,21.02
12725.0,DON RODRIGO 220,Andalucía,Sevilla,Alcalá de Guadaíra,220.0,37.245467141794,-5.8436541669834,otras,Puesta en servicio,RdT,,
12725.0,DON RODRIGO 220,Andalucía,Sevilla,Alcalá de Guadaíra,220.0,37.245467141794,-5.8436541669834,termosolar,Puesta en servicio,RdD,100.0,100.0
12725.0,DON RODRIGO 220,Andalucía,Sevilla,Alcalá de Guadaíra,220.0,37.245467141794,-5.8436541669834,termosolar,Puesta en servicio,RdT,,
12726.0,DON RODRIGO 400,Andalucía,Sevilla,Alcalá de Guadaíra,400.0,37.245467141794,-5.8436541669834,almacenamiento,Con permisos,RdD,,
12726.0,DON RODRIGO 400,Andalucía,Sevilla,Alcalá de Guadaíra,400.0,37.245467141794,-5.8436541669834,almacenamiento,Con permisos,RdT,,697.0
12726.0,DON RODRIGO 400,Andalucía,Sevilla,Alcalá de Guadaíra,400.0,37.245467141794,-5.8436541669834,fotovoltaica,Puesta en servicio,RdD,,
12726.0,DON RODRIGO 400,Andalucía,Sevilla,Alcalá de Guadaíra,400.0,37.245467141794,-5.8436541669834,fotovoltaica,Puesta en servicio,RdT,,780.4
12726.0,DON RODRIGO 400,Andalucía,Sevilla,Alcalá de Guadaíra,400.0,37.245467141794,-5.8436541669834,hibridacion,Puesta en servicio,RdD,,
12726.0,DON RODRIGO 400,Andalucía,Sevilla,Alcalá de Guadaíra,400.0,37.245467141794,-5.8436541669834,hibridacion,Puesta en servicio,RdT,697.99,
6675.0,ALJARAFE 220,Andalucía,Sevilla,Bollullos de la Mitación,220.0,37.344491827364,-6.0945478688395,almacenamiento,Con permisos,RdD,,7.0
6675.0,ALJARAFE 220,Andalucía,Sevilla,Bollullos de la Mitación,220.0,37.344491827364,-6.0945478688395,almacenamiento,Con permisos,RdT,,
6675.0,ALJARAFE 220,Andalucía,Sevilla,Bollullos de la Mitación,220.0,37.344491827364,-6.0945478688395,fotovoltaica,Con permisos,RdD,130.0,165.0
6675.0,ALJARAFE 220,Andalucía,Sevilla,Bollullos de la Mitación,220.0,37.344491827364,-6.0945478688395,fotovoltaica,Con permisos,RdT,,
6675.0,ALJARAFE 220,Andalucía,Sevilla,Bollullos de la Mitación,220.0,37.344491827364,-6.0945478688395,fotovoltaica,En curso,RdD,14.0,14.0
6675.0,ALJARAFE 220,Andalucía,Sevilla,Bollullos de la Mitación,220.0,37.344491827364,-6.0945478688395,fotovoltaica,En curso,RdT,,
6675.0,ALJARAFE 220,Andalucía,Sevilla,Bollullos de la Mitación,220.0,37.344491827364,-6.0945478688395,fotovoltaica,Puesta en servicio,RdD,74.77,81.49
6675.0,ALJARAFE 220,Andalucía,Sevilla,Bollullos de la Mitación,220.0,37.344491827364,-6.0945478688395,fotovoltaica,Puesta en servicio,RdT,,
6675.0,ALJARAFE 220,Andalucía,Sevilla,Bollullos de la Mitación,220.0,37.344491827364,-6.0945478688395,hibridacion,Con permisos,RdD,17.0,
6675.0,ALJARAFE 220,Andalucía,Sevilla,Bollullos de la Mitación,220.0,37.344491827364,-6.0945478688395,hibridacion,Con permisos,RdT,,
6685.0,CARMONA 400,Andalucía,Sevilla,Carmona,400.0,37.556918240706,-5.759109492876,almacenamiento,Con permisos,RdD,,
6685.0,CARMONA 400,Andalucía,Sevilla,Carmona,400.0,37.556918240706,-5.759109492876,almacenamiento,Con permisos,RdT,,24.0
6685.0,CARMONA 400,Andalucía,Sevilla,Carmona,400.0,37.556918240706,-5.759109492876,fotovoltaica,Con permisos,RdD,,
6685.0,CARMONA 400,Andalucía,Sevilla,Carmona,400.0,37.556918240706,-5.759109492876,fotovoltaica,Con permisos,RdT,80.0,123.0
6685.0,CARMONA 400,Andalucía,Sevilla,Carmona,400.0,37.556918240706,-5.759109492876,fotovoltaica,Puesta en servicio,RdD,,
6685.0,CARMONA 400,Andalucía,Sevilla,Carmona,400.0,37.556918240706,-5.759109492876,fotovoltaica,Puesta en servicio,RdT,420.98,478.44
6685.0,CARMONA 400,Andalucía,Sevilla,Carmona,400.0,37.556918240706,-5.759109492876,hibridacion,Con permisos,RdD,,
6685.0,CARMONA 400,Andalucía,Sevilla,Carmona,400.0,37.556918240706,-5.759109492876,hibridacion,Con permisos,RdT,22.0,
12592.0,CARMONA 220,Andalucía,Sevilla,Carmona,220.0,37.556918240706,-5.759109492876,fotovoltaica,En curso,RdD,,
12592.0,CARMONA 220,Andalucía,Sevilla,Carmona,220.0,37.556918240706,-5.759109492876,fotovoltaica,En curso,RdT,40.0,45.0
12592.0,CARMONA 220,Andalucía,Sevilla,Carmona,220.0,37.556918240706,-5.759109492876,fotovoltaica,Puesta en servicio,RdD,,
12592.0,CARMONA 220,Andalucía,Sevilla,Carmona,220.0,37.556918240706,-5.759109492876,fotovoltaica,Puesta en servicio,RdT,424.95,504.71
12727.0,DOS HERMANAS 220,Andalucía,Sevilla,Dos Hermanas,220.0,37.29854227827,-5.9060066028255,almacenamiento,Con permisos,RdD,,24.0
12727.0,DOS HERMANAS 220,Andalucía,Sevilla,Dos Hermanas,220.0,37.29854227827,-5.9060066028255,almacenamiento,Con permisos,RdT,,
12727.0,DOS HERMANAS 220,Andalucía,Sevilla,Dos Hermanas,220.0,37.29854227827,-5.9060066028255,eolica,Con permisos,RdD,,
12727.0,DOS HERMANAS 220,Andalucía,Sevilla,Dos Hermanas,220.0,37.29854227827,-5.9060066028255,eolica,Con permisos,RdT,156.0,156.0
12727.0,DOS HERMANAS 220,Andalucía,Sevilla,Dos Hermanas,220.0,37.29854227827,-5.9060066028255,fotovoltaica,Con permisos,RdD,139.0,159.0
12727.0,DOS HERMANAS 220,Andalucía,Sevilla,Dos Hermanas,220.0,37.29854227827,-5.9060066028255,fotovoltaica,Con permisos,RdT,,
12727.0,DOS HERMANAS 220,Andalucía,Sevilla,Dos Hermanas,220.0,37.29854227827,-5.9060066028255,fotovoltaica,En curso,RdD,154.66,156.5
12727.0,DOS HERMANAS 220,Andalucía,Sevilla,Dos Hermanas,220.0,37.29854227827,-5.9060066028255,fotovoltaica,En curso,RdT,,
12727.0,DOS HERMANAS 220,Andalucía,Sevilla,Dos Hermanas,220.0,37.29854227827,-5.9060066028255,fotovoltaica,Puesta en servicio,RdD,44.66,102.51
12727.0,DOS HERMANAS 220,Andalucía,Sevilla,Dos Hermanas,220.0,37.29854227827,-5.9060066028255,fotovoltaica,Puesta en servicio,RdT,170.1,188.4
12727.0,DOS HERMANAS 220,Andalucía,Sevilla,Dos Hermanas,220.0,37.29854227827,-5.9060066028255,hibridacion,Puesta en servicio,RdD,45.84,
12727.0,DOS HERMANAS 220,Andalucía,Sevilla,Dos Hermanas,220.0,37.29854227827,-5.9060066028255,hibridacion,Puesta en servicio,RdT,,
12727.0,DOS HERMANAS 220,Andalucía,Sevilla,Dos Hermanas,220.0,37.29854227827,-5.9060066028255,otras,Puesta en servicio,RdD,9.97,9.97
12727.0,DOS HERMANAS 220,Andalucía,Sevilla,Dos Hermanas,220.0,37.29854227827,-5.9060066028255,otras,Puesta en servicio,RdT,,
12757.0,ENTRENUCLEOS 220,Andalucía,Sevilla,Dos Hermanas,220.0,37.314522611101,-5.9448004698794,almacenamiento,En curso,RdD,,
12757.0,ENTRENUCLEOS 220,Andalucía,Sevilla,Dos Hermanas,220.0,37.314522611101,-5.9448004698794,almacenamiento,En curso,RdT,489.6,494.6
12757.0,ENTRENUCLEOS 220,Andalucía,Sevilla,Dos Hermanas,220.0,37.314522611101,-5.9448004698794,fotovoltaica,Con permisos,RdD,70.0,73.0
12757.0,ENTRENUCLEOS 220,Andalucía,Sevilla,Dos Hermanas,220.0,37.314522611101,-5.9448004698794,fotovoltaica,Con permisos,RdT,322.0,376.0
12818.0,GUILLENA 220,Andalucía,Sevilla,Guillena,220.0,37.636044573247,-6.0987597597609,almacenamiento,Puesta en servicio,RdD,,0.6
12818.0,GUILLENA 220,Andalucía,Sevilla,Guillena,220.0,37.636044573247,-6.0987597597609,almacenamiento,Puesta en servicio,RdT,,
12818.0,GUILLENA 220,Andalucía,Sevilla,Guillena,220.0,37.636044573247,-6.0987597597609,bombeo,Puesta en servicio,RdD,,
12818.0,GUILLENA 220,Andalucía,Sevilla,Guillena,220.0,37.636044573247,-6.0987597597609,bombeo,Puesta en servicio,RdT,210.0,207.99
12818.0,GUILLENA 220,Andalucía,Sevilla,Guillena,220.0,37.636044573247,-6.0987597597609,eolica,Con permisos,RdD,46.0,46.0
12818.0,GUILLENA 220,Andalucía,Sevilla,Guillena,220.0,37.636044573247,-6.0987597597609,eolica,Con permisos,RdT,,
12818.0,GUILLENA 220,Andalucía,Sevilla,Guillena,220.0,37.636044573247,-6.0987597597609,eolica,Puesta en servicio,RdD,39.95,39.95
12818.0,GUILLENA 220,Andalucía,Sevilla,Guillena,220.0,37.636044573247,-6.0987597597609,eolica,Puesta en servicio,RdT,,
12818.0,GUILLENA 220,Andalucía,Sevilla,Guillena,220.0,37.636044573247,-6.0987597597609,fotovoltaica,Con permisos,RdD,12.0,12.0
12818.0,GUILLENA 220,Andalucía,Sevilla,Guillena,220.0,37.636044573247,-6.0987597597609,fotovoltaica,Con permisos,RdT,100.0,121.0
12818.0,GUILLENA 220,Andalucía,Sevilla,Guillena,220.0,37.636044573247,-6.0987597597609,fotovoltaica,Puesta en servicio,RdD,146.38,167.4
12818.0,GUILLENA 220,Andalucía,Sevilla,Guillena,220.0,37.636044573247,-6.0987597597609,fotovoltaica,Puesta en servicio,RdT,100.0,118.25
12818.0,GUILLENA 220,Andalucía,Sevilla,Guillena,220.0,37.636044573247,-6.0987597597609,hibridacion,Puesta en servicio,RdD,10.0,
12818.0,GUILLENA 220,Andalucía,Sevilla,Guillena,220.0,37.636044573247,-6.0987597597609,hibridacion,Puesta en servicio,RdT,,
12818.0,GUILLENA 220,Andalucía,Sevilla,Guillena,220.0,37.636044573247,-6.0987597597609,hidraulica,Puesta en servicio,RdD,61.5,61.5
12818.0,GUILLENA 220,Andalucía,Sevilla,Guillena,220.0,37.636044573247,-6.0987597597609,hidraulica,Puesta en servicio,RdT,,
12818.0,GUILLENA 220,Andalucía,Sevilla,Guillena,220.0,37.636044573247,-6.0987597597609,otras,Puesta en servicio,RdD,1.42,1.42
12818.0,GUILLENA 220,Andalucía,Sevilla,Guillena,220.0,37.636044573247,-6.0987597597609,otras,Puesta en servicio,RdT,,
12819.0,GUILLENA 400,Andalucía,Sevilla,Guillena,400.0,37.636044573247,-6.0987597597609,fotovoltaica,Con permisos,RdD,,
12819.0,GUILLENA 400,Andalucía,Sevilla,Guillena,400.0,37.636044573247,-6.0987597597609,fotovoltaica,Con permisos,RdT,309.0,377.0
12819.0,GUILLENA 400,Andalucía,Sevilla,Guillena,400.0,37.636044573247,-6.0987597597609,fotovoltaica,Puesta en servicio,RdD,,
12819.0,GUILLENA 400,Andalucía,Sevilla,Guillena,400.0,37.636044573247,-6.0987597597609,fotovoltaica,Puesta en servicio,RdT,210.3,229.9
13336.0,RODA DE ANDALUCIA 400,Andalucía,Sevilla,"Roda de Andalucía, La",400.0,37.254712679849,-4.7769981052836,eolica,Con permisos,RdD,,
13336.0,RODA DE ANDALUCIA 400,Andalucía,Sevilla,"Roda de Andalucía, La",400.0,37.254712679849,-4.7769981052836,eolica,Con permisos,RdT,88.0,88.0
13336.0,RODA DE ANDALUCIA 400,Andalucía,Sevilla,"Roda de Andalucía, La",400.0,37.254712679849,-4.7769981052836,eolica,Puesta en servicio,RdD,,
13336.0,RODA DE ANDALUCIA 400,Andalucía,Sevilla,"Roda de Andalucía, La",400.0,37.254712679849,-4.7769981052836,eolica,Puesta en servicio,RdT,262.5,276.9
13336.0,RODA DE ANDALUCIA 400,Andalucía,Sevilla,"Roda de Andalucía, La",400.0,37.254712679849,-4.7769981052836,fotovoltaica,Con permisos,RdD,,
13336.0,RODA DE ANDALUCIA 400,Andalucía,Sevilla,"Roda de Andalucía, La",400.0,37.254712679849,-4.7769981052836,fotovoltaica,Con permisos,RdT,124.0,149.0
13336.0,RODA DE ANDALUCIA 400,Andalucía,Sevilla,"Roda de Andalucía, La",400.0,37.254712679849,-4.7769981052836,hibridacion,Puesta en servicio,RdD,,
13336.0,RODA DE ANDALUCIA 400,Andalucía,Sevilla,"Roda de Andalucía, La",400.0,37.254712679849,-4.7769981052836,hibridacion,Puesta en servicio,RdT,14.4,
13197.0,SALTERAS 220,Andalucía,Sevilla,Salteras,220.0,37.481606097942,-6.0699001890258,fotovoltaica,Con permisos,RdD,,
13197.0,SALTERAS 220,Andalucía,Sevilla,Salteras,220.0,37.481606097942,-6.0699001890258,fotovoltaica,Con permisos,RdT,47.0,50.0
13197.0,SALTERAS 220,Andalucía,Sevilla,Salteras,220.0,37.481606097942,-6.0699001890258,fotovoltaica,Puesta en servicio,RdD,,
13197.0,SALTERAS 220,Andalucía,Sevilla,Salteras,220.0,37.481606097942,-6.0699001890258,fotovoltaica,Puesta en servicio,RdT,243.0,277.69
6687.0,CASAQUEMADA 220,Andalucía,Sevilla,Sanlúcar la Mayor,220.0,37.440374154235,-6.2662639677184,almacenamiento,Con permisos,RdD,,
6687.0,CASAQUEMADA 220,Andalucía,Sevilla,Sanlúcar la Mayor,220.0,37.440374154235,-6.2662639677184,almacenamiento,Con permisos,RdT,,22.0
6687.0,CASAQUEMADA 220,Andalucía,Sevilla,Sanlúcar la Mayor,220.0,37.440374154235,-6.2662639677184,fotovoltaica,Con permisos,RdD,,
6687.0,CASAQUEMADA 220,Andalucía,Sevilla,Sanlúcar la Mayor,220.0,37.440374154235,-6.2662639677184,fotovoltaica,Con permisos,RdT,8.0,10.0
6687.0,CASAQUEMADA 220,Andalucía,Sevilla,Sanlúcar la Mayor,220.0,37.440374154235,-6.2662639677184,fotovoltaica,Puesta en servicio,RdD,,
6687.0,CASAQUEMADA 220,Andalucía,Sevilla,Sanlúcar la Mayor,220.0,37.440374154235,-6.2662639677184,fotovoltaica,Puesta en servicio,RdT,212.7,242.66
6687.0,CASAQUEMADA 220,Andalucía,Sevilla,Sanlúcar la Mayor,220.0,37.440374154235,-6.2662639677184,hibridacion,Puesta en servicio,RdD,,
6687.0,CASAQUEMADA 220,Andalucía,Sevilla,Sanlúcar la Mayor,220.0,37.440374154235,-6.2662639677184,hibridacion,Puesta en servicio,RdT,50.0,
6687.0,CASAQUEMADA 220,Andalucía,Sevilla,Sanlúcar la Mayor,220.0,37.440374154235,-6.2662639677184,termosolar,Puesta en servicio,RdD,,
6687.0,CASAQUEMADA 220,Andalucía,Sevilla,Sanlúcar la Mayor,220.0,37.440374154235,-6.2662639677184,termosolar,Puesta en servicio,RdT,100.0,150.0
7329.0,SANTA ELVIRA 220,Andalucía,Sevilla,Sevilla,220.0,37.389960553241,-5.9306611035542,almacenamiento,Con permisos,RdD,55.0,55.0
7329.0,SANTA ELVIRA 220,Andalucía,Sevilla,Sevilla,220.0,37.389960553241,-5.9306611035542,almacenamiento,Con permisos,RdT,,
7329.0,SANTA ELVIRA 220,Andalucía,Sevilla,Sevilla,220.0,37.389960553241,-5.9306611035542,fotovoltaica,Con permisos,RdD,89.0,101.0
7329.0,SANTA ELVIRA 220,Andalucía,Sevilla,Sevilla,220.0,37.389960553241,-5.9306611035542,fotovoltaica,Con permisos,RdT,332.0,383.0
7329.0,SANTA ELVIRA 220,Andalucía,Sevilla,Sevilla,220.0,37.389960553241,-5.9306611035542,fotovoltaica,En curso,RdD,19.99,23.7
7329.0,SANTA ELVIRA 220,Andalucía,Sevilla,Sevilla,220.0,37.389960553241,-5.9306611035542,fotovoltaica,En curso,RdT,,
7329.0,SANTA ELVIRA 220,Andalucía,Sevilla,Sevilla,220.0,37.389960553241,-5.9306611035542,fotovoltaica,Puesta en servicio,RdD,1.8,1.8
7329.0,SANTA ELVIRA 220,Andalucía,Sevilla,Sevilla,220.0,37.389960553241,-5.9306611035542,fotovoltaica,Puesta en servicio,RdT,,
7329.0,SANTA ELVIRA 220,Andalucía,Sevilla,Sevilla,220.0,37.389960553241,-5.9306611035542,otras,Puesta en servicio,RdD,6.8,6.8
7329.0,SANTA ELVIRA 220,Andalucía,Sevilla,Sevilla,220.0,37.389960553241,-5.9306611035542,otras,Puesta en servicio,RdT,,
12686.0,CENTENARIO 220,Andalucía,Sevilla,Sevilla,220.0,37.392030509224,-6.0125233070789,fotovoltaica,Con permisos,RdD,435.0,467.0
12686.0,CENTENARIO 220,Andalucía,Sevilla,Sevilla,220.0,37.392030509224,-6.0125233070789,fotovoltaica,Con permisos,RdT,,
13104.0,QUINTOS 220,Andalucía,Sevilla,Sevilla,220.0,37.349502453678,-5.9523122195352,almacenamiento,En curso,RdD,,
13104.0,QUINTOS 220,Andalucía,Sevilla,Sevilla,220.0,37.349502453678,-5.9523122195352,almacenamiento,En curso,RdT,342.96,347.96
13104.0,QUINTOS 220,Andalucía,Sevilla,Sevilla,220.0,37.349502453678,-5.9523122195352,fotovoltaica,Con permisos,RdD,212.0,229.0
13104.0,QUINTOS 220,Andalucía,Sevilla,Sevilla,220.0,37.349502453678,-5.9523122195352,fotovoltaica,Con permisos,RdT,175.0,214.0
6726.0,SANTIPONCE 220,Andalucía,Sevilla,Valencina de la Concepción,220.0,37.425609436832,-6.0398199625891,almacenamiento,Con permisos,RdD,,6.0
6726.0,SANTIPONCE 220,Andalucía,Sevilla,Valencina de la Concepción,220.0,37.425609436832,-6.0398199625891,almacenamiento,Con permisos,RdT,,
6726.0,SANTIPONCE 220,Andalucía,Sevilla,Valencina de la Concepción,220.0,37.425609436832,-6.0398199625891,fotovoltaica,Con permisos,RdD,183.0,208.0
6726.0,SANTIPONCE 220,Andalucía,Sevilla,Valencina de la Concepción,220.0,37.425609436832,-6.0398199625891,fotovoltaica,Con permisos,RdT,42.0,45.0
6726.0,SANTIPONCE 220,Andalucía,Sevilla,Valencina de la Concepción,220.0,37.425609436832,-6.0398199625891,fotovoltaica,En curso,RdD,,
6726.0,SANTIPONCE 220,Andalucía,Sevilla,Valencina de la Concepción,220.0,37.425609436832,-6.0398199625891,fotovoltaica,En curso,RdT,27.0,27.0
6726.0,SANTIPONCE 220,Andalucía,Sevilla,Valencina de la Concepción,220.0,37.425609436832,-6.0398199625891,fotovoltaica,Puesta en servicio,RdD,196.77,224.53
6726.0,SANTIPONCE 220,Andalucía,Sevilla,Valencina de la Concepción,220.0,37.425609436832,-6.0398199625891,fotovoltaica,Puesta en servicio,RdT,69.6,76.82
6726.0,SANTIPONCE 220,Andalucía,Sevilla,Valencina de la Concepción,220.0,37.425609436832,-6.0398199625891,hibridacion,Con permisos,RdD,31.0,
6726.0,SANTIPONCE 220,Andalucía,Sevilla,Valencina de la Concepción,220.0,37.425609436832,-6.0398199625891,hibridacion,Con permisos,RdT,,
6726.0,SANTIPONCE 220,Andalucía,Sevilla,Valencina de la Concepción,220.0,37.425609436832,-6.0398199625891,hidraulica,Puesta en servicio,RdD,12.4,12.4
6726.0,SANTIPONCE 220,Andalucía,Sevilla,Valencina de la Concepción,220.0,37.425609436832,-6.0398199625891,hidraulica,Puesta en servicio,RdT,,
6726.0,SANTIPONCE 220,Andalucía,Sevilla,Valencina de la Concepción,220.0,37.425609436832,-6.0398199625891,termosolar,Con permisos,RdD,,31.0
6726.0,SANTIPONCE 220,Andalucía,Sevilla,Valencina de la Concepción,220.0,37.425609436832,-6.0398199625891,termosolar,Con permisos,RdT,,
6732.0,VILLANUEVA DEL REY 220,Andalucía,Sevilla,Écija,220.0,37.527578449486,-5.1642026146105,almacenamiento,Con permisos,RdD,,
6732.0,VILLANUEVA DEL REY 220,Andalucía,Sevilla,Écija,220.0,37.527578449486,-5.1642026146105,almacenamiento,Con permisos,RdT,,22.0
6732.0,VILLANUEVA DEL REY 220,Andalucía,Sevilla,Écija,220.0,37.527578449486,-5.1642026146105,eolica,Con permisos,RdD,,28.0
6732.0,VILLANUEVA DEL REY 220,Andalucía,Sevilla,Écija,220.0,37.527578449486,-5.1642026146105,eolica,Con permisos,RdT,,
6732.0,VILLANUEVA DEL REY 220,Andalucía,Sevilla,Écija,220.0,37.527578449486,-5.1642026146105,eolica,Puesta en servicio,RdD,56.0,56.0
6732.0,VILLANUEVA DEL REY 220,Andalucía,Sevilla,Écija,220.0,37.527578449486,-5.1642026146105,eolica,Puesta en servicio,RdT,,
6732.0,VILLANUEVA DEL REY 220,Andalucía,Sevilla,Écija,220.0,37.527578449486,-5.1642026146105,fotovoltaica,Con permisos,RdD,22.0,57.0
6732.0,VILLANUEVA DEL REY 220,Andalucía,Sevilla,Écija,220.0,37.527578449486,-5.1642026146105,fotovoltaica,Con permisos,RdT,,9.0
6732.0,VILLANUEVA DEL REY 220,Andalucía,Sevilla,Écija,220.0,37.527578449486,-5.1642026146105,fotovoltaica,En curso,RdD,,
6732.0,VILLANUEVA DEL REY 220,Andalucía,Sevilla,Écija,220.0,37.527578449486,-5.1642026146105,fotovoltaica,En curso,RdT,51.0,51.0
6732.0,VILLANUEVA DEL REY 220,Andalucía,Sevilla,Écija,220.0,37.527578449486,-5.1642026146105,fotovoltaica,Puesta en servicio,RdD,104.98,116.71
6732.0,VILLANUEVA DEL REY 220,Andalucía,Sevilla,Écija,220.0,37.527578449486,-5.1642026146105,fotovoltaica,Puesta en servicio,RdT,38.93,99.81
6732.0,VILLANUEVA DEL REY 220,Andalucía,Sevilla,Écija,220.0,37.527578449486,-5.1642026146105,hibridacion,Con permisos,RdD,28.0,
6732.0,VILLANUEVA DEL REY 220,Andalucía,Sevilla,Écija,220.0,37.527578449486,-5.1642026146105,hibridacion,Con permisos,RdT,,
6732.0,VILLANUEVA DEL REY 220,Andalucía,Sevilla,Écija,220.0,37.527578449486,-5.1642026146105,hibridacion,Puesta en servicio,RdD,,
6732.0,VILLANUEVA DEL REY 220,Andalucía,Sevilla,Écija,220.0,37.527578449486,-5.1642026146105,hibridacion,Puesta en servicio,RdT,145.92,
6732.0,VILLANUEVA DEL REY 220,Andalucía,Sevilla,Écija,220.0,37.527578449486,-5.1642026146105,hidraulica,Puesta en servicio,RdD,20.7,20.7
6732.0,VILLANUEVA DEL REY 220,Andalucía,Sevilla,Écija,220.0,37.527578449486,-5.1642026146105,hidraulica,Puesta en servicio,RdT,,
6732.0,VILLANUEVA DEL REY 220,Andalucía,Sevilla,Écija,220.0,37.527578449486,-5.1642026146105,otras,Puesta en servicio,RdD,51.3,51.3
6732.0,VILLANUEVA DEL REY 220,Andalucía,Sevilla,Écija,220.0,37.527578449486,-5.1642026146105,otras,Puesta en servicio,RdT,,
6732.0,VILLANUEVA DEL REY 220,Andalucía,Sevilla,Écija,220.0,37.527578449486,-5.1642026146105,termosolar,Puesta en servicio,RdD,17.0,17.0
6732.0,VILLANUEVA DEL REY 220,Andalucía,Sevilla,Écija,220.0,37.527578449486,-5.1642026146105,termosolar,Puesta en servicio,RdT,150.0,250.0
13520.0,VILLANUEVA DEL REY 400,Andalucía,Sevilla,Écija,400.0,37.527578449486,-5.1642026146105,fotovoltaica,En curso,RdD,,
13520.0,VILLANUEVA DEL REY 400,Andalucía,Sevilla,Écija,400.0,37.527578449486,-5.1642026146105,fotovoltaica,En curso,RdT,85.0,85.0
6736.0,BIESCAS 220,Aragón,Huesca,Biescas,220.0,42.628397464154,-0.31568732402995,almacenamiento,En curso,RdD,,
6736.0,BIESCAS 220,Aragón,Huesca,Biescas,220.0,42.628397464154,-0.31568732402995,almacenamiento,En curso,RdT,49.99,49.99
6736.0,BIESCAS 220,Aragón,Huesca,Biescas,220.0,42.628397464154,-0.31568732402995,hidraulica,Puesta en servicio,RdD,,
6736.0,BIESCAS 220,Aragón,Huesca,Biescas,220.0,42.628397464154,-0.31568732402995,hidraulica,Puesta en servicio,RdT,62.0,61.4
12957.0,MEDIANO 220,Aragón,Huesca,"Fueva, La",220.0,42.313020038294,0.21188730059627,almacenamiento,Con permisos,RdD,,
12957.0,MEDIANO 220,Aragón,Huesca,"Fueva, La",220.0,42.313020038294,0.21188730059627,almacenamiento,Con permisos,RdT,49.0,49.0
12957.0,MEDIANO 220,Aragón,Huesca,"Fueva, La",220.0,42.313020038294,0.21188730059627,hidraulica,Puesta en servicio,RdD,,
12957.0,MEDIANO 220,Aragón,Huesca,"Fueva, La",220.0,42.313020038294,0.21188730059627,hidraulica,Puesta en servicio,RdT,66.4,66.97
12802.0,GRADO 220,Aragón,Huesca,"Grado, El",220.0,42.153359843192,0.23306710385245,fotovoltaica,Con permisos,RdD,,
12802.0,GRADO 220,Aragón,Huesca,"Grado, El",220.0,42.153359843192,0.23306710385245,fotovoltaica,Con permisos,RdT,252.0,254.0
12802.0,GRADO 220,Aragón,Huesca,"Grado, El",220.0,42.153359843192,0.23306710385245,hidraulica,Puesta en servicio,RdD,,
12802.0,GRADO 220,Aragón,Huesca,"Grado, El",220.0,42.153359843192,0.23306710385245,hidraulica,Puesta en servicio,RdT,18.56,18.46
12802.0,GRADO 220,Aragón,Huesca,"Grado, El",220.0,42.153359843192,0.23306710385245,otras,Puesta en servicio,RdD,5.0,5.0
12802.0,GRADO 220,Aragón,Huesca,"Grado, El",220.0,42.153359843192,0.23306710385245,otras,Puesta en servicio,RdT,,
12822.0,GURREA 220,Aragón,Huesca,Gurrea de Gállego,220.0,42.037916795866,-0.77361401888406,eolica,Con permisos,RdD,,
12822.0,GURREA 220,Aragón,Huesca,Gurrea de Gállego,220.0,42.037916795866,-0.77361401888406,eolica,Con permisos,RdT,2.0,42.0
12822.0,GURREA 220,Aragón,Huesca,Gurrea de Gállego,220.0,42.037916795866,-0.77361401888406,eolica,Puesta en servicio,RdD,,
12822.0,GURREA 220,Aragón,Huesca,Gurrea de Gállego,220.0,42.037916795866,-0.77361401888406,eolica,Puesta en servicio,RdT,207.64,357.39
12822.0,GURREA 220,Aragón,Huesca,Gurrea de Gállego,220.0,42.037916795866,-0.77361401888406,fotovoltaica,Con permisos,RdD,,
12822.0,GURREA 220,Aragón,Huesca,Gurrea de Gállego,220.0,42.037916795866,-0.77361401888406,fotovoltaica,Con permisos,RdT,,157.0
12822.0,GURREA 220,Aragón,Huesca,Gurrea de Gállego,220.0,42.037916795866,-0.77361401888406,fotovoltaica,Puesta en servicio,RdD,,
12822.0,GURREA 220,Aragón,Huesca,Gurrea de Gállego,220.0,42.037916795866,-0.77361401888406,fotovoltaica,Puesta en servicio,RdT,,8.39
12822.0,GURREA 220,Aragón,Huesca,Gurrea de Gállego,220.0,42.037916795866,-0.77361401888406,hibridacion,Con permisos,RdD,,
12822.0,GURREA 220,Aragón,Huesca,Gurrea de Gállego,220.0,42.037916795866,-0.77361401888406,hibridacion,Con permisos,RdT,75.0,
12822.0,GURREA 220,Aragón,Huesca,Gurrea de Gállego,220.0,42.037916795866,-0.77361401888406,hibridacion,Puesta en servicio,RdD,,
12822.0,GURREA 220,Aragón,Huesca,Gurrea de Gállego,220.0,42.037916795866,-0.77361401888406,hibridacion,Puesta en servicio,RdT,149.75,
12699.0,CINCA 220,Aragón,Huesca,Monzón,220.0,41.923319414035,0.19357723551975,almacenamiento,Con permisos,RdD,,15.0
12699.0,CINCA 220,Aragón,Huesca,Monzón,220.0,41.923319414035,0.19357723551975,almacenamiento,Con permisos,RdT,,
12699.0,CINCA 220,Aragón,Huesca,Monzón,220.0,41.923319414035,0.19357723551975,fotovoltaica,Con permisos,RdD,12.0,34.0
12699.0,CINCA 220,Aragón,Huesca,Monzón,220.0,41.923319414035,0.19357723551975,fotovoltaica,Con permisos,RdT,,
12699.0,CINCA 220,Aragón,Huesca,Monzón,220.0,41.923319414035,0.19357723551975,fotovoltaica,Puesta en servicio,RdD,21.5,23.1
12699.0,CINCA 220,Aragón,Huesca,Monzón,220.0,41.923319414035,0.19357723551975,fotovoltaica,Puesta en servicio,RdT,,
12699.0,CINCA 220,Aragón,Huesca,Monzón,220.0,41.923319414035,0.19357723551975,hibridacion,Con permisos,RdD,24.0,
12699.0,CINCA 220,Aragón,Huesca,Monzón,220.0,41.923319414035,0.19357723551975,hibridacion,Con permisos,RdT,,
12699.0,CINCA 220,Aragón,Huesca,Monzón,220.0,41.923319414035,0.19357723551975,hidraulica,Puesta en servicio,RdD,58.65,58.65
12699.0,CINCA 220,Aragón,Huesca,Monzón,220.0,41.923319414035,0.19357723551975,hidraulica,Puesta en servicio,RdT,,
12699.0,CINCA 220,Aragón,Huesca,Monzón,220.0,41.923319414035,0.19357723551975,otras,Con permisos,RdD,,14.0
12699.0,CINCA 220,Aragón,Huesca,Monzón,220.0,41.923319414035,0.19357723551975,otras,Con permisos,RdT,,
12699.0,CINCA 220,Aragón,Huesca,Monzón,220.0,41.923319414035,0.19357723551975,otras,Puesta en servicio,RdD,6.5,6.5
12699.0,CINCA 220,Aragón,Huesca,Monzón,220.0,41.923319414035,0.19357723551975,otras,Puesta en servicio,RdT,,
12989.0,MONZON 220,Aragón,Huesca,Monzón,220.0,41.933718565789,0.17568043142547,eolica,Con permisos,RdD,60.0,66.0
12989.0,MONZON 220,Aragón,Huesca,Monzón,220.0,41.933718565789,0.17568043142547,eolica,Con permisos,RdT,,
12989.0,MONZON 220,Aragón,Huesca,Monzón,220.0,41.933718565789,0.17568043142547,eolica,Puesta en servicio,RdD,48.8,48.8
12989.0,MONZON 220,Aragón,Huesca,Monzón,220.0,41.933718565789,0.17568043142547,eolica,Puesta en servicio,RdT,,
12989.0,MONZON 220,Aragón,Huesca,Monzón,220.0,41.933718565789,0.17568043142547,fotovoltaica,Con permisos,RdD,33.0,65.0
12989.0,MONZON 220,Aragón,Huesca,Monzón,220.0,41.933718565789,0.17568043142547,fotovoltaica,Con permisos,RdT,73.0,80.0
12989.0,MONZON 220,Aragón,Huesca,Monzón,220.0,41.933718565789,0.17568043142547,fotovoltaica,Puesta en servicio,RdD,6.0,8.83
12989.0,MONZON 220,Aragón,Huesca,Monzón,220.0,41.933718565789,0.17568043142547,fotovoltaica,Puesta en servicio,RdT,,
12989.0,MONZON 220,Aragón,Huesca,Monzón,220.0,41.933718565789,0.17568043142547,hibridacion,Con permisos,RdD,29.0,
12989.0,MONZON 220,Aragón,Huesca,Monzón,220.0,41.933718565789,0.17568043142547,hibridacion,Con permisos,RdT,,
12989.0,MONZON 220,Aragón,Huesca,Monzón,220.0,41.933718565789,0.17568043142547,hibridacion,Puesta en servicio,RdD,31.76,
12989.0,MONZON 220,Aragón,Huesca,Monzón,220.0,41.933718565789,0.17568043142547,hibridacion,Puesta en servicio,RdT,,
12989.0,MONZON 220,Aragón,Huesca,Monzón,220.0,41.933718565789,0.17568043142547,hidraulica,Puesta en servicio,RdD,74.16,74.16
12989.0,MONZON 220,Aragón,Huesca,Monzón,220.0,41.933718565789,0.17568043142547,hidraulica,Puesta en servicio,RdT,,
12989.0,MONZON 220,Aragón,Huesca,Monzón,220.0,41.933718565789,0.17568043142547,otras,Con permisos,RdD,,29.0
12989.0,MONZON 220,Aragón,Huesca,Monzón,220.0,41.933718565789,0.17568043142547,otras,Con permisos,RdT,,
12989.0,MONZON 220,Aragón,Huesca,Monzón,220.0,41.933718565789,0.17568043142547,otras,Puesta en servicio,RdD,62.45,95.14
12989.0,MONZON 220,Aragón,Huesca,Monzón,220.0,41.933718565789,0.17568043142547,otras,Puesta en servicio,RdT,,
13187.0,SABIÑANIGO 220,Aragón,Huesca,Sabiñánigo,220.0,42.516395239997,-0.35809749781578,fotovoltaica,Con permisos,RdD,54.0,67.0
13187.0,SABIÑANIGO 220,Aragón,Huesca,Sabiñánigo,220.0,42.516395239997,-0.35809749781578,fotovoltaica,Con permisos,RdT,,
13187.0,SABIÑANIGO 220,Aragón,Huesca,Sabiñánigo,220.0,42.516395239997,-0.35809749781578,fotovoltaica,Puesta en servicio,RdD,5.84,6.62
13187.0,SABIÑANIGO 220,Aragón,Huesca,Sabiñánigo,220.0,42.516395239997,-0.35809749781578,fotovoltaica,Puesta en servicio,RdT,,
13187.0,SABIÑANIGO 220,Aragón,Huesca,Sabiñánigo,220.0,42.516395239997,-0.35809749781578,hidraulica,Puesta en servicio,RdD,280.1,280.1
13187.0,SABIÑANIGO 220,Aragón,Huesca,Sabiñánigo,220.0,42.516395239997,-0.35809749781578,hidraulica,Puesta en servicio,RdT,,
13187.0,SABIÑANIGO 220,Aragón,Huesca,Sabiñánigo,220.0,42.516395239997,-0.35809749781578,otras,Puesta en servicio,RdD,7.8,7.8
13187.0,SABIÑANIGO 220,Aragón,Huesca,Sabiñánigo,220.0,42.516395239997,-0.35809749781578,otras,Puesta en servicio,RdT,,
12759.0,ERISTE 220,Aragón,Huesca,Sahún,220.0,42.58893043084,0.49195215520294,almacenamiento,En curso,RdD,,
12759.0,ERISTE 220,Aragón,Huesca,Sahún,220.0,42.58893043084,0.49195215520294,almacenamiento,En curso,RdT,41.0,41.0
12759.0,ERISTE 220,Aragón,Huesca,Sahún,220.0,42.58893043084,0.49195215520294,hidraulica,Puesta en servicio,RdD,,
12759.0,ERISTE 220,Aragón,Huesca,Sahún,220.0,42.58893043084,0.49195215520294,hidraulica,Puesta en servicio,RdT,80.0,87.6
6772.0,SESUE 220,Aragón,Huesca,Sesué,220.0,42.543020949162,0.4702951343862,almacenamiento,Con permisos,RdD,,
6772.0,SESUE 220,Aragón,Huesca,Sesué,220.0,42.543020949162,0.4702951343862,almacenamiento,Con permisos,RdT,160.0,160.0
6772.0,SESUE 220,Aragón,Huesca,Sesué,220.0,42.543020949162,0.4702951343862,hidraulica,Puesta en servicio,RdD,,
6772.0,SESUE 220,Aragón,Huesca,Sesué,220.0,42.543020949162,0.4702951343862,hidraulica,Puesta en servicio,RdT,36.0,36.0
12766.0,ESQUEDAS 220,Aragón,Huesca,"Sotonera, La",220.0,42.215392658039,-0.57162412926833,eolica,Con permisos,RdD,48.0,48.0
12766.0,ESQUEDAS 220,Aragón,Huesca,"Sotonera, La",220.0,42.215392658039,-0.57162412926833,eolica,Con permisos,RdT,88.0,88.0
12766.0,ESQUEDAS 220,Aragón,Huesca,"Sotonera, La",220.0,42.215392658039,-0.57162412926833,eolica,Puesta en servicio,RdD,39.2,39.2
12766.0,ESQUEDAS 220,Aragón,Huesca,"Sotonera, La",220.0,42.215392658039,-0.57162412926833,eolica,Puesta en servicio,RdT,,
12766.0,ESQUEDAS 220,Aragón,Huesca,"Sotonera, La",220.0,42.215392658039,-0.57162412926833,fotovoltaica,Con permisos,RdD,27.0,33.0
12766.0,ESQUEDAS 220,Aragón,Huesca,"Sotonera, La",220.0,42.215392658039,-0.57162412926833,fotovoltaica,Con permisos,RdT,,
12766.0,ESQUEDAS 220,Aragón,Huesca,"Sotonera, La",220.0,42.215392658039,-0.57162412926833,fotovoltaica,Puesta en servicio,RdD,26.5,30.05
12766.0,ESQUEDAS 220,Aragón,Huesca,"Sotonera, La",220.0,42.215392658039,-0.57162412926833,fotovoltaica,Puesta en servicio,RdT,,
12766.0,ESQUEDAS 220,Aragón,Huesca,"Sotonera, La",220.0,42.215392658039,-0.57162412926833,hidraulica,Con permisos,RdD,10.0,10.0
12766.0,ESQUEDAS 220,Aragón,Huesca,"Sotonera, La",220.0,42.215392658039,-0.57162412926833,hidraulica,Con permisos,RdT,,
12766.0,ESQUEDAS 220,Aragón,Huesca,"Sotonera, La",220.0,42.215392658039,-0.57162412926833,hidraulica,Puesta en servicio,RdD,6.24,6.24
12766.0,ESQUEDAS 220,Aragón,Huesca,"Sotonera, La",220.0,42.215392658039,-0.57162412926833,hidraulica,Puesta en servicio,RdT,,
12872.0,LA FORTUNADA 220,Aragón,Huesca,Tella-Sin,220.0,42.542559311934,0.19668865483228,hidraulica,Puesta en servicio,RdD,111.8,111.8
12872.0,LA FORTUNADA 220,Aragón,Huesca,Tella-Sin,220.0,42.542559311934,0.19668865483228,hidraulica,Puesta en servicio,RdT,83.4,82.2
13370.0,MORALETS 220,Aragón,Lleida,Vilaller,220.0,42.569176078348,0.75671697413938,bombeo,Puesta en servicio,RdD,,
13370.0,MORALETS 220,Aragón,Lleida,Vilaller,220.0,42.569176078348,0.75671697413938,bombeo,Puesta en servicio,RdT,221.4,219.14
13003.0,MUDEJAR 400,Aragón,Teruel,Andorra,400.0,41.023175750231,-0.38272842362984,almacenamiento,Con permisos,RdD,,
13003.0,MUDEJAR 400,Aragón,Teruel,Andorra,400.0,41.023175750231,-0.38272842362984,almacenamiento,Con permisos,RdT,,156.0
13003.0,MUDEJAR 400,Aragón,Teruel,Andorra,400.0,41.023175750231,-0.38272842362984,eolica,Con permisos,RdD,,
13003.0,MUDEJAR 400,Aragón,Teruel,Andorra,400.0,41.023175750231,-0.38272842362984,eolica,Con permisos,RdT,232.0,973.0
13003.0,MUDEJAR 400,Aragón,Teruel,Andorra,400.0,41.023175750231,-0.38272842362984,eolica,En curso,RdD,,
13003.0,MUDEJAR 400,Aragón,Teruel,Andorra,400.0,41.023175750231,-0.38272842362984,eolica,En curso,RdT,75.0,75.0
13003.0,MUDEJAR 400,Aragón,Teruel,Andorra,400.0,41.023175750231,-0.38272842362984,fotovoltaica,Con permisos,RdD,,
13003.0,MUDEJAR 400,Aragón,Teruel,Andorra,400.0,41.023175750231,-0.38272842362984,fotovoltaica,Con permisos,RdT,362.0,1484.0
13003.0,MUDEJAR 400,Aragón,Teruel,Andorra,400.0,41.023175750231,-0.38272842362984,fotovoltaica,Puesta en servicio,RdD,,
13003.0,MUDEJAR 400,Aragón,Teruel,Andorra,400.0,41.023175750231,-0.38272842362984,fotovoltaica,Puesta en servicio,RdT,36.9,155.35
13003.0,MUDEJAR 400,Aragón,Teruel,Andorra,400.0,41.023175750231,-0.38272842362984,hibridacion,Con permisos,RdD,,
13003.0,MUDEJAR 400,Aragón,Teruel,Andorra,400.0,41.023175750231,-0.38272842362984,hibridacion,Con permisos,RdT,1202.0,
13003.0,MUDEJAR 400,Aragón,Teruel,Andorra,400.0,41.023175750231,-0.38272842362984,hibridacion,Puesta en servicio,RdD,,
13003.0,MUDEJAR 400,Aragón,Teruel,Andorra,400.0,41.023175750231,-0.38272842362984,hibridacion,Puesta en servicio,RdT,200.0,
6737.0,CALAMOCHA 220,Aragón,Teruel,Calamocha,220.0,40.914535525561,-1.2864700527147,almacenamiento,Con permisos,RdD,,11.0
6737.0,CALAMOCHA 220,Aragón,Teruel,Calamocha,220.0,40.914535525561,-1.2864700527147,almacenamiento,Con permisos,RdT,,
6737.0,CALAMOCHA 220,Aragón,Teruel,Calamocha,220.0,40.914535525561,-1.2864700527147,eolica,Con permisos,RdD,5.0,54.0
6737.0,CALAMOCHA 220,Aragón,Teruel,Calamocha,220.0,40.914535525561,-1.2864700527147,eolica,Con permisos,RdT,,
6737.0,CALAMOCHA 220,Aragón,Teruel,Calamocha,220.0,40.914535525561,-1.2864700527147,eolica,Puesta en servicio,RdD,57.7,83.3
6737.0,CALAMOCHA 220,Aragón,Teruel,Calamocha,220.0,40.914535525561,-1.2864700527147,eolica,Puesta en servicio,RdT,,
6737.0,CALAMOCHA 220,Aragón,Teruel,Calamocha,220.0,40.914535525561,-1.2864700527147,fotovoltaica,Con permisos,RdD,11.0,78.0
6737.0,CALAMOCHA 220,Aragón,Teruel,Calamocha,220.0,40.914535525561,-1.2864700527147,fotovoltaica,Con permisos,RdT,,
6737.0,CALAMOCHA 220,Aragón,Teruel,Calamocha,220.0,40.914535525561,-1.2864700527147,fotovoltaica,Puesta en servicio,RdD,84.6,94.48
6737.0,CALAMOCHA 220,Aragón,Teruel,Calamocha,220.0,40.914535525561,-1.2864700527147,fotovoltaica,Puesta en servicio,RdT,,
6737.0,CALAMOCHA 220,Aragón,Teruel,Calamocha,220.0,40.914535525561,-1.2864700527147,hibridacion,Con permisos,RdD,45.0,
6737.0,CALAMOCHA 220,Aragón,Teruel,Calamocha,220.0,40.914535525561,-1.2864700527147,hibridacion,Con permisos,RdT,,
6737.0,CALAMOCHA 220,Aragón,Teruel,Calamocha,220.0,40.914535525561,-1.2864700527147,hibridacion,Puesta en servicio,RdD,25.75,
6737.0,CALAMOCHA 220,Aragón,Teruel,Calamocha,220.0,40.914535525561,-1.2864700527147,hibridacion,Puesta en servicio,RdT,,
6737.0,CALAMOCHA 220,Aragón,Teruel,Calamocha,220.0,40.914535525561,-1.2864700527147,hidraulica,Puesta en servicio,RdD,5.9,5.9
6737.0,CALAMOCHA 220,Aragón,Teruel,Calamocha,220.0,40.914535525561,-1.2864700527147,hidraulica,Puesta en servicio,RdT,,
6737.0,CALAMOCHA 220,Aragón,Teruel,Calamocha,220.0,40.914535525561,-1.2864700527147,otras,Puesta en servicio,RdD,35.48,35.48
6737.0,CALAMOCHA 220,Aragón,Teruel,Calamocha,220.0,40.914535525561,-1.2864700527147,otras,Puesta en servicio,RdT,,
6733.0,ARAGON 400,Aragón,Teruel,Castelnou,400.0,41.217770594662,-0.28021021756932,almacenamiento,Con permisos,RdD,,
6733.0,ARAGON 400,Aragón,Teruel,Castelnou,400.0,41.217770594662,-0.28021021756932,almacenamiento,Con permisos,RdT,,100.0
6733.0,ARAGON 400,Aragón,Teruel,Castelnou,400.0,41.217770594662,-0.28021021756932,almacenamiento,En curso,RdD,,
6733.0,ARAGON 400,Aragón,Teruel,Castelnou,400.0,41.217770594662,-0.28021021756932,almacenamiento,En curso,RdT,,100.0
6733.0,ARAGON 400,Aragón,Teruel,Castelnou,400.0,41.217770594662,-0.28021021756932,eolica,Con permisos,RdD,,
6733.0,ARAGON 400,Aragón,Teruel,Castelnou,400.0,41.217770594662,-0.28021021756932,eolica,Con permisos,RdT,,605.0
6733.0,ARAGON 400,Aragón,Teruel,Castelnou,400.0,41.217770594662,-0.28021021756932,fotovoltaica,Con permisos,RdD,,
6733.0,ARAGON 400,Aragón,Teruel,Castelnou,400.0,41.217770594662,-0.28021021756932,fotovoltaica,Con permisos,RdT,119.0,478.0
6733.0,ARAGON 400,Aragón,Teruel,Castelnou,400.0,41.217770594662,-0.28021021756932,fotovoltaica,En curso,RdD,,
6733.0,ARAGON 400,Aragón,Teruel,Castelnou,400.0,41.217770594662,-0.28021021756932,fotovoltaica,En curso,RdT,,137.03
6733.0,ARAGON 400,Aragón,Teruel,Castelnou,400.0,41.217770594662,-0.28021021756932,fotovoltaica,Puesta en servicio,RdD,,
6733.0,ARAGON 400,Aragón,Teruel,Castelnou,400.0,41.217770594662,-0.28021021756932,fotovoltaica,Puesta en servicio,RdT,51.22,752.27
6733.0,ARAGON 400,Aragón,Teruel,Castelnou,400.0,41.217770594662,-0.28021021756932,hibridacion,En curso,RdD,,
6733.0,ARAGON 400,Aragón,Teruel,Castelnou,400.0,41.217770594662,-0.28021021756932,hibridacion,En curso,RdT,790.68,
6733.0,ARAGON 400,Aragón,Teruel,Castelnou,400.0,41.217770594662,-0.28021021756932,hibridacion,Puesta en servicio,RdD,,
6733.0,ARAGON 400,Aragón,Teruel,Castelnou,400.0,41.217770594662,-0.28021021756932,hibridacion,Puesta en servicio,RdT,1671.02,
6733.0,ARAGON 400,Aragón,Teruel,Castelnou,400.0,41.217770594662,-0.28021021756932,otras,En curso,RdD,,
6733.0,ARAGON 400,Aragón,Teruel,Castelnou,400.0,41.217770594662,-0.28021021756932,otras,En curso,RdT,,790.68
6733.0,ARAGON 400,Aragón,Teruel,Castelnou,400.0,41.217770594662,-0.28021021756932,otras,Puesta en servicio,RdD,,
6733.0,ARAGON 400,Aragón,Teruel,Castelnou,400.0,41.217770594662,-0.28021021756932,otras,Puesta en servicio,RdT,80.0,1145.31
6774.0,VALDECONEJOS 220,Aragón,Teruel,Escucha,220.0,40.793404234709,-0.88169353184789,almacenamiento,Con permisos,RdD,,
6774.0,VALDECONEJOS 220,Aragón,Teruel,Escucha,220.0,40.793404234709,-0.88169353184789,almacenamiento,Con permisos,RdT,,56.0
6774.0,VALDECONEJOS 220,Aragón,Teruel,Escucha,220.0,40.793404234709,-0.88169353184789,almacenamiento,En curso,RdD,,
6774.0,VALDECONEJOS 220,Aragón,Teruel,Escucha,220.0,40.793404234709,-0.88169353184789,almacenamiento,En curso,RdT,15.0,15.0
6774.0,VALDECONEJOS 220,Aragón,Teruel,Escucha,220.0,40.793404234709,-0.88169353184789,eolica,Con permisos,RdD,,
6774.0,VALDECONEJOS 220,Aragón,Teruel,Escucha,220.0,40.793404234709,-0.88169353184789,eolica,Con permisos,RdT,439.0,451.0
6774.0,VALDECONEJOS 220,Aragón,Teruel,Escucha,220.0,40.793404234709,-0.88169353184789,eolica,En curso,RdD,,
6774.0,VALDECONEJOS 220,Aragón,Teruel,Escucha,220.0,40.793404234709,-0.88169353184789,eolica,En curso,RdT,173.19,204.19
6774.0,VALDECONEJOS 220,Aragón,Teruel,Escucha,220.0,40.793404234709,-0.88169353184789,eolica,Puesta en servicio,RdD,,
6774.0,VALDECONEJOS 220,Aragón,Teruel,Escucha,220.0,40.793404234709,-0.88169353184789,eolica,Puesta en servicio,RdT,70.59,106.59
6774.0,VALDECONEJOS 220,Aragón,Teruel,Escucha,220.0,40.793404234709,-0.88169353184789,fotovoltaica,Con permisos,RdD,,
6774.0,VALDECONEJOS 220,Aragón,Teruel,Escucha,220.0,40.793404234709,-0.88169353184789,fotovoltaica,Con permisos,RdT,160.0,188.0
6774.0,VALDECONEJOS 220,Aragón,Teruel,Escucha,220.0,40.793404234709,-0.88169353184789,hibridacion,Con permisos,RdD,,
6774.0,VALDECONEJOS 220,Aragón,Teruel,Escucha,220.0,40.793404234709,-0.88169353184789,hibridacion,Con permisos,RdT,20.0,
6774.0,VALDECONEJOS 220,Aragón,Teruel,Escucha,220.0,40.793404234709,-0.88169353184789,hibridacion,Puesta en servicio,RdD,,
6774.0,VALDECONEJOS 220,Aragón,Teruel,Escucha,220.0,40.793404234709,-0.88169353184789,hibridacion,Puesta en servicio,RdT,36.0,
12763.0,ESCUCHA 220,Aragón,Teruel,Escucha,220.0,40.796157138061,-0.81565280988979,almacenamiento,En curso,RdD,,
12763.0,ESCUCHA 220,Aragón,Teruel,Escucha,220.0,40.796157138061,-0.81565280988979,almacenamiento,En curso,RdT,441.89,442.89
12763.0,ESCUCHA 220,Aragón,Teruel,Escucha,220.0,40.796157138061,-0.81565280988979,eolica,Con permisos,RdD,6.0,6.0
12763.0,ESCUCHA 220,Aragón,Teruel,Escucha,220.0,40.796157138061,-0.81565280988979,eolica,Con permisos,RdT,,
12763.0,ESCUCHA 220,Aragón,Teruel,Escucha,220.0,40.796157138061,-0.81565280988979,eolica,Puesta en servicio,RdD,53.46,53.46
12763.0,ESCUCHA 220,Aragón,Teruel,Escucha,220.0,40.796157138061,-0.81565280988979,eolica,Puesta en servicio,RdT,,
12763.0,ESCUCHA 220,Aragón,Teruel,Escucha,220.0,40.796157138061,-0.81565280988979,fotovoltaica,Con permisos,RdD,5.0,5.0
12763.0,ESCUCHA 220,Aragón,Teruel,Escucha,220.0,40.796157138061,-0.81565280988979,fotovoltaica,Con permisos,RdT,,
12763.0,ESCUCHA 220,Aragón,Teruel,Escucha,220.0,40.796157138061,-0.81565280988979,fotovoltaica,Puesta en servicio,RdD,42.54,50.79
12763.0,ESCUCHA 220,Aragón,Teruel,Escucha,220.0,40.796157138061,-0.81565280988979,fotovoltaica,Puesta en servicio,RdT,,
12763.0,ESCUCHA 220,Aragón,Teruel,Escucha,220.0,40.796157138061,-0.81565280988979,otras,Puesta en servicio,RdD,24.92,24.92
12763.0,ESCUCHA 220,Aragón,Teruel,Escucha,220.0,40.796157138061,-0.81565280988979,otras,Puesta en servicio,RdT,,
12831.0,HIJAR 220,Aragón,Teruel,Híjar,220.0,41.172714054982,-0.41875109630797,almacenamiento,Con permisos,RdD,,26.0
12831.0,HIJAR 220,Aragón,Teruel,Híjar,220.0,41.172714054982,-0.41875109630797,almacenamiento,Con permisos,RdT,,
12831.0,HIJAR 220,Aragón,Teruel,Híjar,220.0,41.172714054982,-0.41875109630797,eolica,Con permisos,RdD,20.0,20.0
12831.0,HIJAR 220,Aragón,Teruel,Híjar,220.0,41.172714054982,-0.41875109630797,eolica,Con permisos,RdT,,
12831.0,HIJAR 220,Aragón,Teruel,Híjar,220.0,41.172714054982,-0.41875109630797,fotovoltaica,Con permisos,RdD,78.0,86.0
12831.0,HIJAR 220,Aragón,Teruel,Híjar,220.0,41.172714054982,-0.41875109630797,fotovoltaica,Con permisos,RdT,,
12831.0,HIJAR 220,Aragón,Teruel,Híjar,220.0,41.172714054982,-0.41875109630797,fotovoltaica,Puesta en servicio,RdD,112.98,156.88
12831.0,HIJAR 220,Aragón,Teruel,Híjar,220.0,41.172714054982,-0.41875109630797,fotovoltaica,Puesta en servicio,RdT,,
12831.0,HIJAR 220,Aragón,Teruel,Híjar,220.0,41.172714054982,-0.41875109630797,hibridacion,Puesta en servicio,RdD,40.0,
12831.0,HIJAR 220,Aragón,Teruel,Híjar,220.0,41.172714054982,-0.41875109630797,hibridacion,Puesta en servicio,RdT,,
12831.0,HIJAR 220,Aragón,Teruel,Híjar,220.0,41.172714054982,-0.41875109630797,hidraulica,Puesta en servicio,RdD,6.5,6.5
12831.0,HIJAR 220,Aragón,Teruel,Híjar,220.0,41.172714054982,-0.41875109630797,hidraulica,Puesta en servicio,RdT,,
12831.0,HIJAR 220,Aragón,Teruel,Híjar,220.0,41.172714054982,-0.41875109630797,otras,Puesta en servicio,RdD,6.27,6.27
12831.0,HIJAR 220,Aragón,Teruel,Híjar,220.0,41.172714054982,-0.41875109630797,otras,Puesta en servicio,RdT,,
12971.0,MEZQUITA 220,Aragón,Teruel,Mezquita de Jarque,220.0,40.723947974796,-0.84984879703171,almacenamiento,Con permisos,RdD,,
12971.0,MEZQUITA 220,Aragón,Teruel,Mezquita de Jarque,220.0,40.723947974796,-0.84984879703171,almacenamiento,Con permisos,RdT,49.0,95.0
12971.0,MEZQUITA 220,Aragón,Teruel,Mezquita de Jarque,220.0,40.723947974796,-0.84984879703171,almacenamiento,En curso,RdD,,
12971.0,MEZQUITA 220,Aragón,Teruel,Mezquita de Jarque,220.0,40.723947974796,-0.84984879703171,almacenamiento,En curso,RdT,104.89,148.89
12971.0,MEZQUITA 220,Aragón,Teruel,Mezquita de Jarque,220.0,40.723947974796,-0.84984879703171,eolica,Con permisos,RdD,,
12971.0,MEZQUITA 220,Aragón,Teruel,Mezquita de Jarque,220.0,40.723947974796,-0.84984879703171,eolica,Con permisos,RdT,183.0,242.0
12971.0,MEZQUITA 220,Aragón,Teruel,Mezquita de Jarque,220.0,40.723947974796,-0.84984879703171,eolica,En curso,RdD,,
12971.0,MEZQUITA 220,Aragón,Teruel,Mezquita de Jarque,220.0,40.723947974796,-0.84984879703171,eolica,En curso,RdT,202.9,202.9
12971.0,MEZQUITA 220,Aragón,Teruel,Mezquita de Jarque,220.0,40.723947974796,-0.84984879703171,eolica,Puesta en servicio,RdD,,
12971.0,MEZQUITA 220,Aragón,Teruel,Mezquita de Jarque,220.0,40.723947974796,-0.84984879703171,eolica,Puesta en servicio,RdT,89.7,89.7
12971.0,MEZQUITA 220,Aragón,Teruel,Mezquita de Jarque,220.0,40.723947974796,-0.84984879703171,fotovoltaica,En curso,RdD,,
12971.0,MEZQUITA 220,Aragón,Teruel,Mezquita de Jarque,220.0,40.723947974796,-0.84984879703171,fotovoltaica,En curso,RdT,108.5,112.5
12971.0,MEZQUITA 220,Aragón,Teruel,Mezquita de Jarque,220.0,40.723947974796,-0.84984879703171,fotovoltaica,Puesta en servicio,RdD,,
12971.0,MEZQUITA 220,Aragón,Teruel,Mezquita de Jarque,220.0,40.723947974796,-0.84984879703171,fotovoltaica,Puesta en servicio,RdT,,78.0
12971.0,MEZQUITA 220,Aragón,Teruel,Mezquita de Jarque,220.0,40.723947974796,-0.84984879703171,hibridacion,Puesta en servicio,RdD,,
12971.0,MEZQUITA 220,Aragón,Teruel,Mezquita de Jarque,220.0,40.723947974796,-0.84984879703171,hibridacion,Puesta en servicio,RdT,70.0,
12972.0,MEZQUITA 400,Aragón,Teruel,Mezquita de Jarque,400.0,40.723947974796,-0.84984879703171,fotovoltaica,Con permisos,RdD,,
12972.0,MEZQUITA 400,Aragón,Teruel,Mezquita de Jarque,400.0,40.723947974796,-0.84984879703171,fotovoltaica,Con permisos,RdT,485.0,550.0
13005.0,MUNIESA 400,Aragón,Teruel,Muniesa,400.0,41.033104593479,-0.8396151933845,almacenamiento,Con permisos,RdD,,
13005.0,MUNIESA 400,Aragón,Teruel,Muniesa,400.0,41.033104593479,-0.8396151933845,almacenamiento,Con permisos,RdT,,41.0
13005.0,MUNIESA 400,Aragón,Teruel,Muniesa,400.0,41.033104593479,-0.8396151933845,eolica,Con permisos,RdD,,
13005.0,MUNIESA 400,Aragón,Teruel,Muniesa,400.0,41.033104593479,-0.8396151933845,eolica,Con permisos,RdT,129.0,139.0
13005.0,MUNIESA 400,Aragón,Teruel,Muniesa,400.0,41.033104593479,-0.8396151933845,eolica,Puesta en servicio,RdD,,
13005.0,MUNIESA 400,Aragón,Teruel,Muniesa,400.0,41.033104593479,-0.8396151933845,eolica,Puesta en servicio,RdT,471.1,811.16
13005.0,MUNIESA 400,Aragón,Teruel,Muniesa,400.0,41.033104593479,-0.8396151933845,fotovoltaica,Con permisos,RdD,,
13005.0,MUNIESA 400,Aragón,Teruel,Muniesa,400.0,41.033104593479,-0.8396151933845,fotovoltaica,Con permisos,RdT,,94.0
13005.0,MUNIESA 400,Aragón,Teruel,Muniesa,400.0,41.033104593479,-0.8396151933845,fotovoltaica,Puesta en servicio,RdD,,
13005.0,MUNIESA 400,Aragón,Teruel,Muniesa,400.0,41.033104593479,-0.8396151933845,fotovoltaica,Puesta en servicio,RdT,69.82,233.21
13005.0,MUNIESA 400,Aragón,Teruel,Muniesa,400.0,41.033104593479,-0.8396151933845,hibridacion,Puesta en servicio,RdD,,
13005.0,MUNIESA 400,Aragón,Teruel,Muniesa,400.0,41.033104593479,-0.8396151933845,hibridacion,Puesta en servicio,RdT,419.58,
12764.0,ESPARTAL 220,Aragón,Zaragoza,"Burgo de Ebro, El",220.0,41.543151420232,-0.67918876947053,eolica,Con permisos,RdD,40.0,43.0
12764.0,ESPARTAL 220,Aragón,Zaragoza,"Burgo de Ebro, El",220.0,41.543151420232,-0.67918876947053,eolica,Con permisos,RdT,,
12764.0,ESPARTAL 220,Aragón,Zaragoza,"Burgo de Ebro, El",220.0,41.543151420232,-0.67918876947053,eolica,Puesta en servicio,RdD,24.45,60.85
12764.0,ESPARTAL 220,Aragón,Zaragoza,"Burgo de Ebro, El",220.0,41.543151420232,-0.67918876947053,eolica,Puesta en servicio,RdT,,
12764.0,ESPARTAL 220,Aragón,Zaragoza,"Burgo de Ebro, El",220.0,41.543151420232,-0.67918876947053,fotovoltaica,Con permisos,RdD,56.0,85.0
12764.0,ESPARTAL 220,Aragón,Zaragoza,"Burgo de Ebro, El",220.0,41.543151420232,-0.67918876947053,fotovoltaica,Con permisos,RdT,,
12764.0,ESPARTAL 220,Aragón,Zaragoza,"Burgo de Ebro, El",220.0,41.543151420232,-0.67918876947053,fotovoltaica,Puesta en servicio,RdD,6.9,6.9
12764.0,ESPARTAL 220,Aragón,Zaragoza,"Burgo de Ebro, El",220.0,41.543151420232,-0.67918876947053,fotovoltaica,Puesta en servicio,RdT,,
12764.0,ESPARTAL 220,Aragón,Zaragoza,"Burgo de Ebro, El",220.0,41.543151420232,-0.67918876947053,hibridacion,Puesta en servicio,RdD,40.0,
12764.0,ESPARTAL 220,Aragón,Zaragoza,"Burgo de Ebro, El",220.0,41.543151420232,-0.67918876947053,hibridacion,Puesta en servicio,RdT,,
12764.0,ESPARTAL 220,Aragón,Zaragoza,"Burgo de Ebro, El",220.0,41.543151420232,-0.67918876947053,hidraulica,Puesta en servicio,RdD,11.94,11.94
12764.0,ESPARTAL 220,Aragón,Zaragoza,"Burgo de Ebro, El",220.0,41.543151420232,-0.67918876947053,hidraulica,Puesta en servicio,RdT,,
12764.0,ESPARTAL 220,Aragón,Zaragoza,"Burgo de Ebro, El",220.0,41.543151420232,-0.67918876947053,otras,Puesta en servicio,RdD,11.2,11.2
12764.0,ESPARTAL 220,Aragón,Zaragoza,"Burgo de Ebro, El",220.0,41.543151420232,-0.67918876947053,otras,Puesta en servicio,RdT,197.3,197.3
12591.0,CARIÑENA 400,Aragón,Zaragoza,Cariñena,400.0,41.323528496809,-1.2279084300072,eolica,Con permisos,RdD,,
12591.0,CARIÑENA 400,Aragón,Zaragoza,Cariñena,400.0,41.323528496809,-1.2279084300072,eolica,Con permisos,RdT,148.0,148.0
12591.0,CARIÑENA 400,Aragón,Zaragoza,Cariñena,400.0,41.323528496809,-1.2279084300072,fotovoltaica,Con permisos,RdD,,
12591.0,CARIÑENA 400,Aragón,Zaragoza,Cariñena,400.0,41.323528496809,-1.2279084300072,fotovoltaica,Con permisos,RdT,324.0,368.0
12761.0,ESCATRON 220,Aragón,Zaragoza,Escatrón,220.0,41.293900220832,-0.34067772771586,almacenamiento,Con permisos,RdD,,32.0
12761.0,ESCATRON 220,Aragón,Zaragoza,Escatrón,220.0,41.293900220832,-0.34067772771586,almacenamiento,Con permisos,RdT,,
12761.0,ESCATRON 220,Aragón,Zaragoza,Escatrón,220.0,41.293900220832,-0.34067772771586,eolica,Con permisos,RdD,6.0,6.0
12761.0,ESCATRON 220,Aragón,Zaragoza,Escatrón,220.0,41.293900220832,-0.34067772771586,eolica,Con permisos,RdT,,
12761.0,ESCATRON 220,Aragón,Zaragoza,Escatrón,220.0,41.293900220832,-0.34067772771586,eolica,Puesta en servicio,RdD,,34.65
12761.0,ESCATRON 220,Aragón,Zaragoza,Escatrón,220.0,41.293900220832,-0.34067772771586,eolica,Puesta en servicio,RdT,,
12761.0,ESCATRON 220,Aragón,Zaragoza,Escatrón,220.0,41.293900220832,-0.34067772771586,fotovoltaica,Con permisos,RdD,156.0,220.0
12761.0,ESCATRON 220,Aragón,Zaragoza,Escatrón,220.0,41.293900220832,-0.34067772771586,fotovoltaica,Con permisos,RdT,37.0,41.0
12761.0,ESCATRON 220,Aragón,Zaragoza,Escatrón,220.0,41.293900220832,-0.34067772771586,fotovoltaica,En curso,RdD,,
12761.0,ESCATRON 220,Aragón,Zaragoza,Escatrón,220.0,41.293900220832,-0.34067772771586,fotovoltaica,En curso,RdT,74.38,86.59
12761.0,ESCATRON 220,Aragón,Zaragoza,Escatrón,220.0,41.293900220832,-0.34067772771586,fotovoltaica,Puesta en servicio,RdD,164.77,211.07
12761.0,ESCATRON 220,Aragón,Zaragoza,Escatrón,220.0,41.293900220832,-0.34067772771586,fotovoltaica,Puesta en servicio,RdT,74.38,90.08
12761.0,ESCATRON 220,Aragón,Zaragoza,Escatrón,220.0,41.293900220832,-0.34067772771586,hibridacion,Con permisos,RdD,21.0,
12761.0,ESCATRON 220,Aragón,Zaragoza,Escatrón,220.0,41.293900220832,-0.34067772771586,hibridacion,Con permisos,RdT,,
12761.0,ESCATRON 220,Aragón,Zaragoza,Escatrón,220.0,41.293900220832,-0.34067772771586,hibridacion,Puesta en servicio,RdD,89.73,
12761.0,ESCATRON 220,Aragón,Zaragoza,Escatrón,220.0,41.293900220832,-0.34067772771586,hibridacion,Puesta en servicio,RdT,,
12761.0,ESCATRON 220,Aragón,Zaragoza,Escatrón,220.0,41.293900220832,-0.34067772771586,hidraulica,Puesta en servicio,RdD,115.63,115.63
12761.0,ESCATRON 220,Aragón,Zaragoza,Escatrón,220.0,41.293900220832,-0.34067772771586,hidraulica,Puesta en servicio,RdT,,
12761.0,ESCATRON 220,Aragón,Zaragoza,Escatrón,220.0,41.293900220832,-0.34067772771586,otras,Con permisos,RdD,,13.0
12761.0,ESCATRON 220,Aragón,Zaragoza,Escatrón,220.0,41.293900220832,-0.34067772771586,otras,Con permisos,RdT,,
12761.0,ESCATRON 220,Aragón,Zaragoza,Escatrón,220.0,41.293900220832,-0.34067772771586,otras,Puesta en servicio,RdD,105.47,130.42
12761.0,ESCATRON 220,Aragón,Zaragoza,Escatrón,220.0,41.293900220832,-0.34067772771586,otras,Puesta en servicio,RdT,,
12762.0,ESCATRON 400,Aragón,Zaragoza,Escatrón,400.0,41.293900220832,-0.34067772771586,almacenamiento,Con permisos,RdD,,
12762.0,ESCATRON 400,Aragón,Zaragoza,Escatrón,400.0,41.293900220832,-0.34067772771586,almacenamiento,Con permisos,RdT,,60.0
12762.0,ESCATRON 400,Aragón,Zaragoza,Escatrón,400.0,41.293900220832,-0.34067772771586,fotovoltaica,Con permisos,RdD,,
12762.0,ESCATRON 400,Aragón,Zaragoza,Escatrón,400.0,41.293900220832,-0.34067772771586,fotovoltaica,Con permisos,RdT,542.0,618.0
12762.0,ESCATRON 400,Aragón,Zaragoza,Escatrón,400.0,41.293900220832,-0.34067772771586,fotovoltaica,Puesta en servicio,RdD,,
12762.0,ESCATRON 400,Aragón,Zaragoza,Escatrón,400.0,41.293900220832,-0.34067772771586,fotovoltaica,Puesta en servicio,RdT,,87.3
12762.0,ESCATRON 400,Aragón,Zaragoza,Escatrón,400.0,41.293900220832,-0.34067772771586,hibridacion,Puesta en servicio,RdD,,
12762.0,ESCATRON 400,Aragón,Zaragoza,Escatrón,400.0,41.293900220832,-0.34067772771586,hibridacion,Puesta en servicio,RdT,77.01,
12762.0,ESCATRON 400,Aragón,Zaragoza,Escatrón,400.0,41.293900220832,-0.34067772771586,otras,Puesta en servicio,RdD,,
12762.0,ESCATRON 400,Aragón,Zaragoza,Escatrón,400.0,41.293900220832,-0.34067772771586,otras,Puesta en servicio,RdT,804.36,804.36
12780.0,FUENDETODOS 220,Aragón,Zaragoza,Fuendetodos,220.0,41.336870398859,-0.97686860952342,eolica,Con permisos,RdD,,
12780.0,FUENDETODOS 220,Aragón,Zaragoza,Fuendetodos,220.0,41.336870398859,-0.97686860952342,eolica,Con permisos,RdT,,71.0
12780.0,FUENDETODOS 220,Aragón,Zaragoza,Fuendetodos,220.0,41.336870398859,-0.97686860952342,eolica,En curso,RdD,,
12780.0,FUENDETODOS 220,Aragón,Zaragoza,Fuendetodos,220.0,41.336870398859,-0.97686860952342,eolica,En curso,RdT,114.4,118.8
12780.0,FUENDETODOS 220,Aragón,Zaragoza,Fuendetodos,220.0,41.336870398859,-0.97686860952342,eolica,Puesta en servicio,RdD,50.0,50.0
12780.0,FUENDETODOS 220,Aragón,Zaragoza,Fuendetodos,220.0,41.336870398859,-0.97686860952342,eolica,Puesta en servicio,RdT,343.61,426.46
12780.0,FUENDETODOS 220,Aragón,Zaragoza,Fuendetodos,220.0,41.336870398859,-0.97686860952342,fotovoltaica,Con permisos,RdD,,
12780.0,FUENDETODOS 220,Aragón,Zaragoza,Fuendetodos,220.0,41.336870398859,-0.97686860952342,fotovoltaica,Con permisos,RdT,82.0,138.0
12780.0,FUENDETODOS 220,Aragón,Zaragoza,Fuendetodos,220.0,41.336870398859,-0.97686860952342,fotovoltaica,Puesta en servicio,RdD,7.99,7.99
12780.0,FUENDETODOS 220,Aragón,Zaragoza,Fuendetodos,220.0,41.336870398859,-0.97686860952342,fotovoltaica,Puesta en servicio,RdT,,
12780.0,FUENDETODOS 220,Aragón,Zaragoza,Fuendetodos,220.0,41.336870398859,-0.97686860952342,hibridacion,Con permisos,RdD,,
12780.0,FUENDETODOS 220,Aragón,Zaragoza,Fuendetodos,220.0,41.336870398859,-0.97686860952342,hibridacion,Con permisos,RdT,67.0,
12780.0,FUENDETODOS 220,Aragón,Zaragoza,Fuendetodos,220.0,41.336870398859,-0.97686860952342,hibridacion,Puesta en servicio,RdD,,
12780.0,FUENDETODOS 220,Aragón,Zaragoza,Fuendetodos,220.0,41.336870398859,-0.97686860952342,hibridacion,Puesta en servicio,RdT,82.5,
12781.0,FUENDETODOS 400,Aragón,Zaragoza,Fuendetodos,400.0,41.336870398859,-0.97686860952342,almacenamiento,Con permisos,RdD,,
12781.0,FUENDETODOS 400,Aragón,Zaragoza,Fuendetodos,400.0,41.336870398859,-0.97686860952342,almacenamiento,Con permisos,RdT,,200.0
12781.0,FUENDETODOS 400,Aragón,Zaragoza,Fuendetodos,400.0,41.336870398859,-0.97686860952342,eolica,Con permisos,RdD,,
12781.0,FUENDETODOS 400,Aragón,Zaragoza,Fuendetodos,400.0,41.336870398859,-0.97686860952342,eolica,Con permisos,RdT,148.0,177.0
12781.0,FUENDETODOS 400,Aragón,Zaragoza,Fuendetodos,400.0,41.336870398859,-0.97686860952342,fotovoltaica,Con permisos,RdD,,
12781.0,FUENDETODOS 400,Aragón,Zaragoza,Fuendetodos,400.0,41.336870398859,-0.97686860952342,fotovoltaica,Con permisos,RdT,310.0,619.0
12781.0,FUENDETODOS 400,Aragón,Zaragoza,Fuendetodos,400.0,41.336870398859,-0.97686860952342,hibridacion,Con permisos,RdD,,
12781.0,FUENDETODOS 400,Aragón,Zaragoza,Fuendetodos,400.0,41.336870398859,-0.97686860952342,hibridacion,Con permisos,RdT,221.0,
12934.0,MAGALLON 220,Aragón,Zaragoza,Magallón,220.0,41.846865374568,-1.3812960798798,almacenamiento,Con permisos,RdD,,
12934.0,MAGALLON 220,Aragón,Zaragoza,Magallón,220.0,41.846865374568,-1.3812960798798,almacenamiento,Con permisos,RdT,,11.0
12934.0,MAGALLON 220,Aragón,Zaragoza,Magallón,220.0,41.846865374568,-1.3812960798798,eolica,Con permisos,RdD,,
12934.0,MAGALLON 220,Aragón,Zaragoza,Magallón,220.0,41.846865374568,-1.3812960798798,eolica,Con permisos,RdT,,425.0
12934.0,MAGALLON 220,Aragón,Zaragoza,Magallón,220.0,41.846865374568,-1.3812960798798,eolica,En curso,RdD,,
12934.0,MAGALLON 220,Aragón,Zaragoza,Magallón,220.0,41.846865374568,-1.3812960798798,eolica,En curso,RdT,128.5,128.5
12934.0,MAGALLON 220,Aragón,Zaragoza,Magallón,220.0,41.846865374568,-1.3812960798798,eolica,Puesta en servicio,RdD,85.0,95.8
12934.0,MAGALLON 220,Aragón,Zaragoza,Magallón,220.0,41.846865374568,-1.3812960798798,eolica,Puesta en servicio,RdT,392.94,514.09
12934.0,MAGALLON 220,Aragón,Zaragoza,Magallón,220.0,41.846865374568,-1.3812960798798,fotovoltaica,Con permisos,RdD,15.0,27.0
12934.0,MAGALLON 220,Aragón,Zaragoza,Magallón,220.0,41.846865374568,-1.3812960798798,fotovoltaica,Con permisos,RdT,,199.0
12934.0,MAGALLON 220,Aragón,Zaragoza,Magallón,220.0,41.846865374568,-1.3812960798798,fotovoltaica,Puesta en servicio,RdD,44.44,44.81
12934.0,MAGALLON 220,Aragón,Zaragoza,Magallón,220.0,41.846865374568,-1.3812960798798,fotovoltaica,Puesta en servicio,RdT,,
12934.0,MAGALLON 220,Aragón,Zaragoza,Magallón,220.0,41.846865374568,-1.3812960798798,hibridacion,Con permisos,RdD,3.0,
12934.0,MAGALLON 220,Aragón,Zaragoza,Magallón,220.0,41.846865374568,-1.3812960798798,hibridacion,Con permisos,RdT,143.0,
12934.0,MAGALLON 220,Aragón,Zaragoza,Magallón,220.0,41.846865374568,-1.3812960798798,hibridacion,Puesta en servicio,RdD,10.8,
12934.0,MAGALLON 220,Aragón,Zaragoza,Magallón,220.0,41.846865374568,-1.3812960798798,hibridacion,Puesta en servicio,RdT,119.93,
12934.0,MAGALLON 220,Aragón,Zaragoza,Magallón,220.0,41.846865374568,-1.3812960798798,hidraulica,Con permisos,RdD,,3.0
12934.0,MAGALLON 220,Aragón,Zaragoza,Magallón,220.0,41.846865374568,-1.3812960798798,hidraulica,Con permisos,RdT,,
12934.0,MAGALLON 220,Aragón,Zaragoza,Magallón,220.0,41.846865374568,-1.3812960798798,hidraulica,Puesta en servicio,RdD,11.08,11.08
12934.0,MAGALLON 220,Aragón,Zaragoza,Magallón,220.0,41.846865374568,-1.3812960798798,hidraulica,Puesta en servicio,RdT,,
12934.0,MAGALLON 220,Aragón,Zaragoza,Magallón,220.0,41.846865374568,-1.3812960798798,otras,Con permisos,RdD,1.0,1.0
12934.0,MAGALLON 220,Aragón,Zaragoza,Magallón,220.0,41.846865374568,-1.3812960798798,otras,Con permisos,RdT,,
12934.0,MAGALLON 220,Aragón,Zaragoza,Magallón,220.0,41.846865374568,-1.3812960798798,otras,Puesta en servicio,RdD,11.7,11.7
12934.0,MAGALLON 220,Aragón,Zaragoza,Magallón,220.0,41.846865374568,-1.3812960798798,otras,Puesta en servicio,RdT,,
12935.0,MAGALLON 400,Aragón,Zaragoza,Magallón,400.0,41.846865374568,-1.3812960798798,fotovoltaica,Con permisos,RdD,,
12935.0,MAGALLON 400,Aragón,Zaragoza,Magallón,400.0,41.846865374568,-1.3812960798798,fotovoltaica,Con permisos,RdT,595.0,657.0
12935.0,MAGALLON 400,Aragón,Zaragoza,Magallón,400.0,41.846865374568,-1.3812960798798,fotovoltaica,En curso,RdD,,
12935.0,MAGALLON 400,Aragón,Zaragoza,Magallón,400.0,41.846865374568,-1.3812960798798,fotovoltaica,En curso,RdT,467.5,508.92
12948.0,MARIA 220,Aragón,Zaragoza,María de Huerva,220.0,41.505181322876,-1.0137706120812,almacenamiento,Con permisos,RdD,,
12948.0,MARIA 220,Aragón,Zaragoza,María de Huerva,220.0,41.505181322876,-1.0137706120812,almacenamiento,Con permisos,RdT,,1.0
12948.0,MARIA 220,Aragón,Zaragoza,María de Huerva,220.0,41.505181322876,-1.0137706120812,eolica,Con permisos,RdD,,
12948.0,MARIA 220,Aragón,Zaragoza,María de Huerva,220.0,41.505181322876,-1.0137706120812,eolica,Con permisos,RdT,79.0,318.0
12948.0,MARIA 220,Aragón,Zaragoza,María de Huerva,220.0,41.505181322876,-1.0137706120812,eolica,Puesta en servicio,RdD,,
12948.0,MARIA 220,Aragón,Zaragoza,María de Huerva,220.0,41.505181322876,-1.0137706120812,eolica,Puesta en servicio,RdT,135.75,135.75
12948.0,MARIA 220,Aragón,Zaragoza,María de Huerva,220.0,41.505181322876,-1.0137706120812,fotovoltaica,Con permisos,RdD,,
12948.0,MARIA 220,Aragón,Zaragoza,María de Huerva,220.0,41.505181322876,-1.0137706120812,fotovoltaica,Con permisos,RdT,252.0,339.0
12948.0,MARIA 220,Aragón,Zaragoza,María de Huerva,220.0,41.505181322876,-1.0137706120812,hibridacion,Con permisos,RdD,,
12948.0,MARIA 220,Aragón,Zaragoza,María de Huerva,220.0,41.505181322876,-1.0137706120812,hibridacion,Con permisos,RdT,42.0,
12964.0,MEQUINENZA 220,Aragón,Zaragoza,Mequinenza,220.0,41.368014670595,0.27746421814353,fotovoltaica,Con permisos,RdD,26.0,31.0
12964.0,MEQUINENZA 220,Aragón,Zaragoza,Mequinenza,220.0,41.368014670595,0.27746421814353,fotovoltaica,Con permisos,RdT,,
12964.0,MEQUINENZA 220,Aragón,Zaragoza,Mequinenza,220.0,41.368014670595,0.27746421814353,fotovoltaica,Puesta en servicio,RdD,3.8,3.8
12964.0,MEQUINENZA 220,Aragón,Zaragoza,Mequinenza,220.0,41.368014670595,0.27746421814353,fotovoltaica,Puesta en servicio,RdT,,
12964.0,MEQUINENZA 220,Aragón,Zaragoza,Mequinenza,220.0,41.368014670595,0.27746421814353,hidraulica,Puesta en servicio,RdD,,
12964.0,MEQUINENZA 220,Aragón,Zaragoza,Mequinenza,220.0,41.368014670595,0.27746421814353,hidraulica,Puesta en servicio,RdT,324.0,322.36
12964.0,MEQUINENZA 220,Aragón,Zaragoza,Mequinenza,220.0,41.368014670595,0.27746421814353,otras,Con permisos,RdD,2.0,2.0
12964.0,MEQUINENZA 220,Aragón,Zaragoza,Mequinenza,220.0,41.368014670595,0.27746421814353,otras,Con permisos,RdT,,
12964.0,MEQUINENZA 220,Aragón,Zaragoza,Mequinenza,220.0,41.368014670595,0.27746421814353,otras,Puesta en servicio,RdD,16.58,16.58
12964.0,MEQUINENZA 220,Aragón,Zaragoza,Mequinenza,220.0,41.368014670595,0.27746421814353,otras,Puesta en servicio,RdT,,
12924.0,LOS VIENTOS 220,Aragón,Zaragoza,Muel,220.0,41.493347909194,-1.1381944228827,almacenamiento,Con permisos,RdD,,
12924.0,LOS VIENTOS 220,Aragón,Zaragoza,Muel,220.0,41.493347909194,-1.1381944228827,almacenamiento,Con permisos,RdT,,40.0
12924.0,LOS VIENTOS 220,Aragón,Zaragoza,Muel,220.0,41.493347909194,-1.1381944228827,eolica,Con permisos,RdD,,
12924.0,LOS VIENTOS 220,Aragón,Zaragoza,Muel,220.0,41.493347909194,-1.1381944228827,eolica,Con permisos,RdT,411.0,852.0
12924.0,LOS VIENTOS 220,Aragón,Zaragoza,Muel,220.0,41.493347909194,-1.1381944228827,eolica,Puesta en servicio,RdD,,
12924.0,LOS VIENTOS 220,Aragón,Zaragoza,Muel,220.0,41.493347909194,-1.1381944228827,eolica,Puesta en servicio,RdT,399.6,449.1
12924.0,LOS VIENTOS 220,Aragón,Zaragoza,Muel,220.0,41.493347909194,-1.1381944228827,fotovoltaica,Con permisos,RdD,,
12924.0,LOS VIENTOS 220,Aragón,Zaragoza,Muel,220.0,41.493347909194,-1.1381944228827,fotovoltaica,Con permisos,RdT,90.0,153.0
12924.0,LOS VIENTOS 220,Aragón,Zaragoza,Muel,220.0,41.493347909194,-1.1381944228827,fotovoltaica,Puesta en servicio,RdD,,
12924.0,LOS VIENTOS 220,Aragón,Zaragoza,Muel,220.0,41.493347909194,-1.1381944228827,fotovoltaica,Puesta en servicio,RdT,40.0,95.98
12924.0,LOS VIENTOS 220,Aragón,Zaragoza,Muel,220.0,41.493347909194,-1.1381944228827,hibridacion,Con permisos,RdD,,
12924.0,LOS VIENTOS 220,Aragón,Zaragoza,Muel,220.0,41.493347909194,-1.1381944228827,hibridacion,Con permisos,RdT,68.0,
12924.0,LOS VIENTOS 220,Aragón,Zaragoza,Muel,220.0,41.493347909194,-1.1381944228827,hibridacion,Puesta en servicio,RdD,,
12924.0,LOS VIENTOS 220,Aragón,Zaragoza,Muel,220.0,41.493347909194,-1.1381944228827,hibridacion,Puesta en servicio,RdT,98.5,
12758.0,ENTRERRIOS 220,Aragón,Zaragoza,Pedrola,220.0,41.748530165626,-1.1867919904705,almacenamiento,Con permisos,RdD,,53.0
12758.0,ENTRERRIOS 220,Aragón,Zaragoza,Pedrola,220.0,41.748530165626,-1.1867919904705,almacenamiento,Con permisos,RdT,,
12758.0,ENTRERRIOS 220,Aragón,Zaragoza,Pedrola,220.0,41.748530165626,-1.1867919904705,eolica,Con permisos,RdD,,30.0
12758.0,ENTRERRIOS 220,Aragón,Zaragoza,Pedrola,220.0,41.748530165626,-1.1867919904705,eolica,Con permisos,RdT,,27.0
12758.0,ENTRERRIOS 220,Aragón,Zaragoza,Pedrola,220.0,41.748530165626,-1.1867919904705,eolica,Puesta en servicio,RdD,47.37,87.07
12758.0,ENTRERRIOS 220,Aragón,Zaragoza,Pedrola,220.0,41.748530165626,-1.1867919904705,eolica,Puesta en servicio,RdT,,
12758.0,ENTRERRIOS 220,Aragón,Zaragoza,Pedrola,220.0,41.748530165626,-1.1867919904705,fotovoltaica,Con permisos,RdD,52.0,74.0
12758.0,ENTRERRIOS 220,Aragón,Zaragoza,Pedrola,220.0,41.748530165626,-1.1867919904705,fotovoltaica,Con permisos,RdT,,29.0
12758.0,ENTRERRIOS 220,Aragón,Zaragoza,Pedrola,220.0,41.748530165626,-1.1867919904705,fotovoltaica,Puesta en servicio,RdD,53.4,82.2
12758.0,ENTRERRIOS 220,Aragón,Zaragoza,Pedrola,220.0,41.748530165626,-1.1867919904705,fotovoltaica,Puesta en servicio,RdT,,
12758.0,ENTRERRIOS 220,Aragón,Zaragoza,Pedrola,220.0,41.748530165626,-1.1867919904705,hibridacion,Con permisos,RdD,15.0,
12758.0,ENTRERRIOS 220,Aragón,Zaragoza,Pedrola,220.0,41.748530165626,-1.1867919904705,hibridacion,Con permisos,RdT,21.0,
12758.0,ENTRERRIOS 220,Aragón,Zaragoza,Pedrola,220.0,41.748530165626,-1.1867919904705,hibridacion,Puesta en servicio,RdD,44.0,
12758.0,ENTRERRIOS 220,Aragón,Zaragoza,Pedrola,220.0,41.748530165626,-1.1867919904705,hibridacion,Puesta en servicio,RdT,,
12758.0,ENTRERRIOS 220,Aragón,Zaragoza,Pedrola,220.0,41.748530165626,-1.1867919904705,hidraulica,Puesta en servicio,RdD,0.55,0.55
12758.0,ENTRERRIOS 220,Aragón,Zaragoza,Pedrola,220.0,41.748530165626,-1.1867919904705,hidraulica,Puesta en servicio,RdT,,
12758.0,ENTRERRIOS 220,Aragón,Zaragoza,Pedrola,220.0,41.748530165626,-1.1867919904705,otras,Puesta en servicio,RdD,0.5,0.5
12758.0,ENTRERRIOS 220,Aragón,Zaragoza,Pedrola,220.0,41.748530165626,-1.1867919904705,otras,Puesta en servicio,RdT,,13.34
12848.0,JALON 220,Aragón,Zaragoza,Plasencia de Jalón,220.0,41.697426673151,-1.2880891216437,almacenamiento,Con permisos,RdD,,
12848.0,JALON 220,Aragón,Zaragoza,Plasencia de Jalón,220.0,41.697426673151,-1.2880891216437,almacenamiento,Con permisos,RdT,,36.0
12848.0,JALON 220,Aragón,Zaragoza,Plasencia de Jalón,220.0,41.697426673151,-1.2880891216437,eolica,En curso,RdD,,
12848.0,JALON 220,Aragón,Zaragoza,Plasencia de Jalón,220.0,41.697426673151,-1.2880891216437,eolica,En curso,RdT,83.2,136.0
12848.0,JALON 220,Aragón,Zaragoza,Plasencia de Jalón,220.0,41.697426673151,-1.2880891216437,eolica,Puesta en servicio,RdD,,
12848.0,JALON 220,Aragón,Zaragoza,Plasencia de Jalón,220.0,41.697426673151,-1.2880891216437,eolica,Puesta en servicio,RdT,188.62,567.65
12848.0,JALON 220,Aragón,Zaragoza,Plasencia de Jalón,220.0,41.697426673151,-1.2880891216437,fotovoltaica,Con permisos,RdD,,
12848.0,JALON 220,Aragón,Zaragoza,Plasencia de Jalón,220.0,41.697426673151,-1.2880891216437,fotovoltaica,Con permisos,RdT,13.0,202.0
12848.0,JALON 220,Aragón,Zaragoza,Plasencia de Jalón,220.0,41.697426673151,-1.2880891216437,fotovoltaica,En curso,RdD,,
12848.0,JALON 220,Aragón,Zaragoza,Plasencia de Jalón,220.0,41.697426673151,-1.2880891216437,fotovoltaica,En curso,RdT,121.8,163.57
12848.0,JALON 220,Aragón,Zaragoza,Plasencia de Jalón,220.0,41.697426673151,-1.2880891216437,fotovoltaica,Puesta en servicio,RdD,,
12848.0,JALON 220,Aragón,Zaragoza,Plasencia de Jalón,220.0,41.697426673151,-1.2880891216437,fotovoltaica,Puesta en servicio,RdT,91.5,167.06
12848.0,JALON 220,Aragón,Zaragoza,Plasencia de Jalón,220.0,41.697426673151,-1.2880891216437,hibridacion,En curso,RdD,,
12848.0,JALON 220,Aragón,Zaragoza,Plasencia de Jalón,220.0,41.697426673151,-1.2880891216437,hibridacion,En curso,RdT,46.0,
12848.0,JALON 220,Aragón,Zaragoza,Plasencia de Jalón,220.0,41.697426673151,-1.2880891216437,hibridacion,Puesta en servicio,RdD,,
12848.0,JALON 220,Aragón,Zaragoza,Plasencia de Jalón,220.0,41.697426673151,-1.2880891216437,hibridacion,Puesta en servicio,RdT,382.12,
13185.0,RUEDA DE JALON 400,Aragón,Zaragoza,Rueda de Jalón,400.0,41.649812092467,-1.2965587754648,eolica,Con permisos,RdD,,
13185.0,RUEDA DE JALON 400,Aragón,Zaragoza,Rueda de Jalón,400.0,41.649812092467,-1.2965587754648,eolica,Con permisos,RdT,156.0,161.0
13185.0,RUEDA DE JALON 400,Aragón,Zaragoza,Rueda de Jalón,400.0,41.649812092467,-1.2965587754648,eolica,Puesta en servicio,RdD,,
13185.0,RUEDA DE JALON 400,Aragón,Zaragoza,Rueda de Jalón,400.0,41.649812092467,-1.2965587754648,eolica,Puesta en servicio,RdT,45.0,47.2
13185.0,RUEDA DE JALON 400,Aragón,Zaragoza,Rueda de Jalón,400.0,41.649812092467,-1.2965587754648,fotovoltaica,Puesta en servicio,RdD,,
13185.0,RUEDA DE JALON 400,Aragón,Zaragoza,Rueda de Jalón,400.0,41.649812092467,-1.2965587754648,fotovoltaica,Puesta en servicio,RdT,47.6,53.0
12882.0,LANZAS AGUDAS 220,Aragón,Zaragoza,Tarazona,220.0,41.862616165533,-1.6929048376591,almacenamiento,Con permisos,RdD,,9.0
12882.0,LANZAS AGUDAS 220,Aragón,Zaragoza,Tarazona,220.0,41.862616165533,-1.6929048376591,almacenamiento,Con permisos,RdT,,
12882.0,LANZAS AGUDAS 220,Aragón,Zaragoza,Tarazona,220.0,41.862616165533,-1.6929048376591,eolica,Puesta en servicio,RdD,105.2,121.7
12882.0,LANZAS AGUDAS 220,Aragón,Zaragoza,Tarazona,220.0,41.862616165533,-1.6929048376591,eolica,Puesta en servicio,RdT,,
12882.0,LANZAS AGUDAS 220,Aragón,Zaragoza,Tarazona,220.0,41.862616165533,-1.6929048376591,fotovoltaica,Con permisos,RdD,41.0,50.0
12882.0,LANZAS AGUDAS 220,Aragón,Zaragoza,Tarazona,220.0,41.862616165533,-1.6929048376591,fotovoltaica,Con permisos,RdT,,
12882.0,LANZAS AGUDAS 220,Aragón,Zaragoza,Tarazona,220.0,41.862616165533,-1.6929048376591,hibridacion,Puesta en servicio,RdD,16.5,
12882.0,LANZAS AGUDAS 220,Aragón,Zaragoza,Tarazona,220.0,41.862616165533,-1.6929048376591,hibridacion,Puesta en servicio,RdT,,
12882.0,LANZAS AGUDAS 220,Aragón,Zaragoza,Tarazona,220.0,41.862616165533,-1.6929048376591,hidraulica,Puesta en servicio,RdD,2.7,2.7
12882.0,LANZAS AGUDAS 220,Aragón,Zaragoza,Tarazona,220.0,41.862616165533,-1.6929048376591,hidraulica,Puesta en servicio,RdT,,
7255.0,TERRER 400,Aragón,Zaragoza,Terrer,400.0,41.320957744264,-1.7056895339522,almacenamiento,Con permisos,RdD,,
7255.0,TERRER 400,Aragón,Zaragoza,Terrer,400.0,41.320957744264,-1.7056895339522,almacenamiento,Con permisos,RdT,,89.0
7255.0,TERRER 400,Aragón,Zaragoza,Terrer,400.0,41.320957744264,-1.7056895339522,eolica,Con permisos,RdD,,
7255.0,TERRER 400,Aragón,Zaragoza,Terrer,400.0,41.320957744264,-1.7056895339522,eolica,Con permisos,RdT,148.0,314.0
7255.0,TERRER 400,Aragón,Zaragoza,Terrer,400.0,41.320957744264,-1.7056895339522,fotovoltaica,Con permisos,RdD,,
7255.0,TERRER 400,Aragón,Zaragoza,Terrer,400.0,41.320957744264,-1.7056895339522,fotovoltaica,Con permisos,RdT,107.0,147.0
7255.0,TERRER 400,Aragón,Zaragoza,Terrer,400.0,41.320957744264,-1.7056895339522,fotovoltaica,Puesta en servicio,RdD,,
7255.0,TERRER 400,Aragón,Zaragoza,Terrer,400.0,41.320957744264,-1.7056895339522,fotovoltaica,Puesta en servicio,RdT,107.5,124.5
7255.0,TERRER 400,Aragón,Zaragoza,Terrer,400.0,41.320957744264,-1.7056895339522,hibridacion,Con permisos,RdD,,
7255.0,TERRER 400,Aragón,Zaragoza,Terrer,400.0,41.320957744264,-1.7056895339522,hibridacion,Con permisos,RdT,93.0,
13047.0,PEÑAFLOR 220,Aragón,Zaragoza,Villamayor de Gállego,220.0,41.721757727972,-0.74164680137089,eolica,Con permisos,RdD,,57.0
13047.0,PEÑAFLOR 220,Aragón,Zaragoza,Villamayor de Gállego,220.0,41.721757727972,-0.74164680137089,eolica,Con permisos,RdT,,12.0
13047.0,PEÑAFLOR 220,Aragón,Zaragoza,Villamayor de Gállego,220.0,41.721757727972,-0.74164680137089,eolica,Puesta en servicio,RdD,160.02,176.06
13047.0,PEÑAFLOR 220,Aragón,Zaragoza,Villamayor de Gállego,220.0,41.721757727972,-0.74164680137089,eolica,Puesta en servicio,RdT,,
13047.0,PEÑAFLOR 220,Aragón,Zaragoza,Villamayor de Gállego,220.0,41.721757727972,-0.74164680137089,fotovoltaica,Con permisos,RdD,20.0,45.0
13047.0,PEÑAFLOR 220,Aragón,Zaragoza,Villamayor de Gállego,220.0,41.721757727972,-0.74164680137089,fotovoltaica,Con permisos,RdT,220.0,280.0
13047.0,PEÑAFLOR 220,Aragón,Zaragoza,Villamayor de Gállego,220.0,41.721757727972,-0.74164680137089,fotovoltaica,Puesta en servicio,RdD,90.74,145.46
13047.0,PEÑAFLOR 220,Aragón,Zaragoza,Villamayor de Gállego,220.0,41.721757727972,-0.74164680137089,fotovoltaica,Puesta en servicio,RdT,,
13047.0,PEÑAFLOR 220,Aragón,Zaragoza,Villamayor de Gállego,220.0,41.721757727972,-0.74164680137089,hibridacion,Con permisos,RdD,,
13047.0,PEÑAFLOR 220,Aragón,Zaragoza,Villamayor de Gállego,220.0,41.721757727972,-0.74164680137089,hibridacion,Con permisos,RdT,25.0,
13047.0,PEÑAFLOR 220,Aragón,Zaragoza,Villamayor de Gállego,220.0,41.721757727972,-0.74164680137089,hibridacion,Puesta en servicio,RdD,75.0,
13047.0,PEÑAFLOR 220,Aragón,Zaragoza,Villamayor de Gállego,220.0,41.721757727972,-0.74164680137089,hibridacion,Puesta en servicio,RdT,,
13047.0,PEÑAFLOR 220,Aragón,Zaragoza,Villamayor de Gállego,220.0,41.721757727972,-0.74164680137089,hidraulica,Puesta en servicio,RdD,2.41,2.41
13047.0,PEÑAFLOR 220,Aragón,Zaragoza,Villamayor de Gállego,220.0,41.721757727972,-0.74164680137089,hidraulica,Puesta en servicio,RdT,,
13047.0,PEÑAFLOR 220,Aragón,Zaragoza,Villamayor de Gállego,220.0,41.721757727972,-0.74164680137089,otras,Puesta en servicio,RdD,5.04,5.04
13047.0,PEÑAFLOR 220,Aragón,Zaragoza,Villamayor de Gállego,220.0,41.721757727972,-0.74164680137089,otras,Puesta en servicio,RdT,,
13048.0,PEÑAFLOR 400,Aragón,Zaragoza,Villamayor de Gállego,400.0,41.721757727972,-0.74164680137089,eolica,Con permisos,RdD,,
13048.0,PEÑAFLOR 400,Aragón,Zaragoza,Villamayor de Gállego,400.0,41.721757727972,-0.74164680137089,eolica,Con permisos,RdT,,49.0
13048.0,PEÑAFLOR 400,Aragón,Zaragoza,Villamayor de Gállego,400.0,41.721757727972,-0.74164680137089,fotovoltaica,Con permisos,RdD,,
13048.0,PEÑAFLOR 400,Aragón,Zaragoza,Villamayor de Gállego,400.0,41.721757727972,-0.74164680137089,fotovoltaica,Con permisos,RdT,415.0,600.0
13048.0,PEÑAFLOR 400,Aragón,Zaragoza,Villamayor de Gállego,400.0,41.721757727972,-0.74164680137089,hibridacion,Con permisos,RdD,,
13048.0,PEÑAFLOR 400,Aragón,Zaragoza,Villamayor de Gállego,400.0,41.721757727972,-0.74164680137089,hibridacion,Con permisos,RdT,100.0,
6775.0,VILLANUEVA DE GALLEGO 220,Aragón,Zaragoza,Villanueva de Gállego,220.0,41.742661075721,-0.84675333241724,almacenamiento,Con permisos,RdD,,
6775.0,VILLANUEVA DE GALLEGO 220,Aragón,Zaragoza,Villanueva de Gállego,220.0,41.742661075721,-0.84675333241724,almacenamiento,Con permisos,RdT,,20.0
6775.0,VILLANUEVA DE GALLEGO 220,Aragón,Zaragoza,Villanueva de Gállego,220.0,41.742661075721,-0.84675333241724,eolica,Con permisos,RdD,15.0,35.0
6775.0,VILLANUEVA DE GALLEGO 220,Aragón,Zaragoza,Villanueva de Gállego,220.0,41.742661075721,-0.84675333241724,eolica,Con permisos,RdT,,
6775.0,VILLANUEVA DE GALLEGO 220,Aragón,Zaragoza,Villanueva de Gállego,220.0,41.742661075721,-0.84675333241724,eolica,Puesta en servicio,RdD,273.7,274.3
6775.0,VILLANUEVA DE GALLEGO 220,Aragón,Zaragoza,Villanueva de Gállego,220.0,41.742661075721,-0.84675333241724,eolica,Puesta en servicio,RdT,,
6775.0,VILLANUEVA DE GALLEGO 220,Aragón,Zaragoza,Villanueva de Gállego,220.0,41.742661075721,-0.84675333241724,fotovoltaica,Con permisos,RdD,10.0,35.0
6775.0,VILLANUEVA DE GALLEGO 220,Aragón,Zaragoza,Villanueva de Gállego,220.0,41.742661075721,-0.84675333241724,fotovoltaica,Con permisos,RdT,145.0,200.0
6775.0,VILLANUEVA DE GALLEGO 220,Aragón,Zaragoza,Villanueva de Gállego,220.0,41.742661075721,-0.84675333241724,fotovoltaica,Puesta en servicio,RdD,53.2,57.9
6775.0,VILLANUEVA DE GALLEGO 220,Aragón,Zaragoza,Villanueva de Gállego,220.0,41.742661075721,-0.84675333241724,fotovoltaica,Puesta en servicio,RdT,,
6775.0,VILLANUEVA DE GALLEGO 220,Aragón,Zaragoza,Villanueva de Gállego,220.0,41.742661075721,-0.84675333241724,hibridacion,Con permisos,RdD,23.0,
6775.0,VILLANUEVA DE GALLEGO 220,Aragón,Zaragoza,Villanueva de Gállego,220.0,41.742661075721,-0.84675333241724,hibridacion,Con permisos,RdT,25.0,
6775.0,VILLANUEVA DE GALLEGO 220,Aragón,Zaragoza,Villanueva de Gállego,220.0,41.742661075721,-0.84675333241724,hidraulica,Puesta en servicio,RdD,11.2,11.2
6775.0,VILLANUEVA DE GALLEGO 220,Aragón,Zaragoza,Villanueva de Gállego,220.0,41.742661075721,-0.84675333241724,hidraulica,Puesta en servicio,RdT,,
6775.0,VILLANUEVA DE GALLEGO 220,Aragón,Zaragoza,Villanueva de Gállego,220.0,41.742661075721,-0.84675333241724,otras,Con permisos,RdD,59.0,59.0
6775.0,VILLANUEVA DE GALLEGO 220,Aragón,Zaragoza,Villanueva de Gállego,220.0,41.742661075721,-0.84675333241724,otras,Con permisos,RdT,,
6775.0,VILLANUEVA DE GALLEGO 220,Aragón,Zaragoza,Villanueva de Gállego,220.0,41.742661075721,-0.84675333241724,otras,Puesta en servicio,RdD,23.14,23.14
6775.0,VILLANUEVA DE GALLEGO 220,Aragón,Zaragoza,Villanueva de Gállego,220.0,41.742661075721,-0.84675333241724,otras,Puesta en servicio,RdT,,
6735.0,AVE ZARAGOZA 220,Aragón,Zaragoza,Zaragoza,220.0,41.570281353709,-0.78931879815524,almacenamiento,Con permisos,RdD,,
6735.0,AVE ZARAGOZA 220,Aragón,Zaragoza,Zaragoza,220.0,41.570281353709,-0.78931879815524,almacenamiento,Con permisos,RdT,,232.0
6735.0,AVE ZARAGOZA 220,Aragón,Zaragoza,Zaragoza,220.0,41.570281353709,-0.78931879815524,almacenamiento,En curso,RdD,,
6735.0,AVE ZARAGOZA 220,Aragón,Zaragoza,Zaragoza,220.0,41.570281353709,-0.78931879815524,almacenamiento,En curso,RdT,128.0,128.0
6735.0,AVE ZARAGOZA 220,Aragón,Zaragoza,Zaragoza,220.0,41.570281353709,-0.78931879815524,eolica,Con permisos,RdD,,
6735.0,AVE ZARAGOZA 220,Aragón,Zaragoza,Zaragoza,220.0,41.570281353709,-0.78931879815524,eolica,Con permisos,RdT,98.0,190.0
6735.0,AVE ZARAGOZA 220,Aragón,Zaragoza,Zaragoza,220.0,41.570281353709,-0.78931879815524,eolica,En curso,RdD,,
6735.0,AVE ZARAGOZA 220,Aragón,Zaragoza,Zaragoza,220.0,41.570281353709,-0.78931879815524,eolica,En curso,RdT,70.2,70.2
6735.0,AVE ZARAGOZA 220,Aragón,Zaragoza,Zaragoza,220.0,41.570281353709,-0.78931879815524,eolica,Puesta en servicio,RdD,,
6735.0,AVE ZARAGOZA 220,Aragón,Zaragoza,Zaragoza,220.0,41.570281353709,-0.78931879815524,eolica,Puesta en servicio,RdT,68.15,68.15
6735.0,AVE ZARAGOZA 220,Aragón,Zaragoza,Zaragoza,220.0,41.570281353709,-0.78931879815524,fotovoltaica,Con permisos,RdD,,
6735.0,AVE ZARAGOZA 220,Aragón,Zaragoza,Zaragoza,220.0,41.570281353709,-0.78931879815524,fotovoltaica,Con permisos,RdT,17.0,62.0
6735.0,AVE ZARAGOZA 220,Aragón,Zaragoza,Zaragoza,220.0,41.570281353709,-0.78931879815524,fotovoltaica,En curso,RdD,,
6735.0,AVE ZARAGOZA 220,Aragón,Zaragoza,Zaragoza,220.0,41.570281353709,-0.78931879815524,fotovoltaica,En curso,RdT,15.0,17.1
6735.0,AVE ZARAGOZA 220,Aragón,Zaragoza,Zaragoza,220.0,41.570281353709,-0.78931879815524,fotovoltaica,Puesta en servicio,RdD,,
6735.0,AVE ZARAGOZA 220,Aragón,Zaragoza,Zaragoza,220.0,41.570281353709,-0.78931879815524,fotovoltaica,Puesta en servicio,RdT,,299.62
6735.0,AVE ZARAGOZA 220,Aragón,Zaragoza,Zaragoza,220.0,41.570281353709,-0.78931879815524,hibridacion,Con permisos,RdD,,
6735.0,AVE ZARAGOZA 220,Aragón,Zaragoza,Zaragoza,220.0,41.570281353709,-0.78931879815524,hibridacion,Con permisos,RdT,60.0,
6735.0,AVE ZARAGOZA 220,Aragón,Zaragoza,Zaragoza,220.0,41.570281353709,-0.78931879815524,hibridacion,Puesta en servicio,RdD,,
6735.0,AVE ZARAGOZA 220,Aragón,Zaragoza,Zaragoza,220.0,41.570281353709,-0.78931879815524,hibridacion,Puesta en servicio,RdT,265.33,
6738.0,CARTUJOS 220,Aragón,Zaragoza,Zaragoza,220.0,41.58974777618,-0.84257407858005,almacenamiento,Con permisos,RdD,,68.0
6738.0,CARTUJOS 220,Aragón,Zaragoza,Zaragoza,220.0,41.58974777618,-0.84257407858005,almacenamiento,Con permisos,RdT,,
6738.0,CARTUJOS 220,Aragón,Zaragoza,Zaragoza,220.0,41.58974777618,-0.84257407858005,almacenamiento,En curso,RdD,,
6738.0,CARTUJOS 220,Aragón,Zaragoza,Zaragoza,220.0,41.58974777618,-0.84257407858005,almacenamiento,En curso,RdT,149.0,149.0
6738.0,CARTUJOS 220,Aragón,Zaragoza,Zaragoza,220.0,41.58974777618,-0.84257407858005,eolica,Con permisos,RdD,,
6738.0,CARTUJOS 220,Aragón,Zaragoza,Zaragoza,220.0,41.58974777618,-0.84257407858005,eolica,Con permisos,RdT,298.0,320.0
6738.0,CARTUJOS 220,Aragón,Zaragoza,Zaragoza,220.0,41.58974777618,-0.84257407858005,eolica,En curso,RdD,,
6738.0,CARTUJOS 220,Aragón,Zaragoza,Zaragoza,220.0,41.58974777618,-0.84257407858005,eolica,En curso,RdT,33.0,39.0
6738.0,CARTUJOS 220,Aragón,Zaragoza,Zaragoza,220.0,41.58974777618,-0.84257407858005,eolica,Puesta en servicio,RdD,,22.0
6738.0,CARTUJOS 220,Aragón,Zaragoza,Zaragoza,220.0,41.58974777618,-0.84257407858005,eolica,Puesta en servicio,RdT,,
6738.0,CARTUJOS 220,Aragón,Zaragoza,Zaragoza,220.0,41.58974777618,-0.84257407858005,fotovoltaica,Con permisos,RdD,,32.0
6738.0,CARTUJOS 220,Aragón,Zaragoza,Zaragoza,220.0,41.58974777618,-0.84257407858005,fotovoltaica,Con permisos,RdT,,27.0
6738.0,CARTUJOS 220,Aragón,Zaragoza,Zaragoza,220.0,41.58974777618,-0.84257407858005,fotovoltaica,En curso,RdD,,
6738.0,CARTUJOS 220,Aragón,Zaragoza,Zaragoza,220.0,41.58974777618,-0.84257407858005,fotovoltaica,En curso,RdT,49.99,54.9
6738.0,CARTUJOS 220,Aragón,Zaragoza,Zaragoza,220.0,41.58974777618,-0.84257407858005,fotovoltaica,Puesta en servicio,RdD,11.19,110.1
6738.0,CARTUJOS 220,Aragón,Zaragoza,Zaragoza,220.0,41.58974777618,-0.84257407858005,fotovoltaica,Puesta en servicio,RdT,,
6738.0,CARTUJOS 220,Aragón,Zaragoza,Zaragoza,220.0,41.58974777618,-0.84257407858005,hibridacion,Con permisos,RdD,28.0,
6738.0,CARTUJOS 220,Aragón,Zaragoza,Zaragoza,220.0,41.58974777618,-0.84257407858005,hibridacion,Con permisos,RdT,23.0,
6738.0,CARTUJOS 220,Aragón,Zaragoza,Zaragoza,220.0,41.58974777618,-0.84257407858005,hibridacion,En curso,RdD,,
6738.0,CARTUJOS 220,Aragón,Zaragoza,Zaragoza,220.0,41.58974777618,-0.84257407858005,hibridacion,En curso,RdT,10.91,
6738.0,CARTUJOS 220,Aragón,Zaragoza,Zaragoza,220.0,41.58974777618,-0.84257407858005,hibridacion,Puesta en servicio,RdD,96.0,
6738.0,CARTUJOS 220,Aragón,Zaragoza,Zaragoza,220.0,41.58974777618,-0.84257407858005,hibridacion,Puesta en servicio,RdT,,
6738.0,CARTUJOS 220,Aragón,Zaragoza,Zaragoza,220.0,41.58974777618,-0.84257407858005,otras,Puesta en servicio,RdD,5.42,5.42
6738.0,CARTUJOS 220,Aragón,Zaragoza,Zaragoza,220.0,41.58974777618,-0.84257407858005,otras,Puesta en servicio,RdT,,
12918.0,LOS LEONES 220,Aragón,Zaragoza,Zaragoza,220.0,41.691115446868,-0.87334083448595,eolica,Con permisos,RdD,,
12918.0,LOS LEONES 220,Aragón,Zaragoza,Zaragoza,220.0,41.691115446868,-0.87334083448595,eolica,Con permisos,RdT,,108.0
12918.0,LOS LEONES 220,Aragón,Zaragoza,Zaragoza,220.0,41.691115446868,-0.87334083448595,eolica,En curso,RdD,,
12918.0,LOS LEONES 220,Aragón,Zaragoza,Zaragoza,220.0,41.691115446868,-0.87334083448595,eolica,En curso,RdT,26.84,108.21
12918.0,LOS LEONES 220,Aragón,Zaragoza,Zaragoza,220.0,41.691115446868,-0.87334083448595,fotovoltaica,Con permisos,RdD,,
12918.0,LOS LEONES 220,Aragón,Zaragoza,Zaragoza,220.0,41.691115446868,-0.87334083448595,fotovoltaica,Con permisos,RdT,213.0,302.0
12918.0,LOS LEONES 220,Aragón,Zaragoza,Zaragoza,220.0,41.691115446868,-0.87334083448595,fotovoltaica,En curso,RdD,,
12918.0,LOS LEONES 220,Aragón,Zaragoza,Zaragoza,220.0,41.691115446868,-0.87334083448595,fotovoltaica,En curso,RdT,,61.92
12918.0,LOS LEONES 220,Aragón,Zaragoza,Zaragoza,220.0,41.691115446868,-0.87334083448595,hibridacion,Con permisos,RdD,,
12918.0,LOS LEONES 220,Aragón,Zaragoza,Zaragoza,220.0,41.691115446868,-0.87334083448595,hibridacion,Con permisos,RdT,108.0,
12918.0,LOS LEONES 220,Aragón,Zaragoza,Zaragoza,220.0,41.691115446868,-0.87334083448595,hibridacion,En curso,RdD,,
12918.0,LOS LEONES 220,Aragón,Zaragoza,Zaragoza,220.0,41.691115446868,-0.87334083448595,hibridacion,En curso,RdT,81.37,
12918.0,LOS LEONES 220,Aragón,Zaragoza,Zaragoza,220.0,41.691115446868,-0.87334083448595,otras,Puesta en servicio,RdD,108.45,108.45
12918.0,LOS LEONES 220,Aragón,Zaragoza,Zaragoza,220.0,41.691115446868,-0.87334083448595,otras,Puesta en servicio,RdT,,
12987.0,MONTETORRERO 220,Aragón,Zaragoza,Zaragoza,220.0,41.596656494554,-0.85385416711534,almacenamiento,Con permisos,RdD,,138.0
12987.0,MONTETORRERO 220,Aragón,Zaragoza,Zaragoza,220.0,41.596656494554,-0.85385416711534,almacenamiento,Con permisos,RdT,,
12987.0,MONTETORRERO 220,Aragón,Zaragoza,Zaragoza,220.0,41.596656494554,-0.85385416711534,eolica,Con permisos,RdD,172.0,247.0
12987.0,MONTETORRERO 220,Aragón,Zaragoza,Zaragoza,220.0,41.596656494554,-0.85385416711534,eolica,Con permisos,RdT,,
12987.0,MONTETORRERO 220,Aragón,Zaragoza,Zaragoza,220.0,41.596656494554,-0.85385416711534,eolica,Puesta en servicio,RdD,138.89,222.76
12987.0,MONTETORRERO 220,Aragón,Zaragoza,Zaragoza,220.0,41.596656494554,-0.85385416711534,eolica,Puesta en servicio,RdT,,
12987.0,MONTETORRERO 220,Aragón,Zaragoza,Zaragoza,220.0,41.596656494554,-0.85385416711534,fotovoltaica,Con permisos,RdD,116.0,188.0
12987.0,MONTETORRERO 220,Aragón,Zaragoza,Zaragoza,220.0,41.596656494554,-0.85385416711534,fotovoltaica,Con permisos,RdT,,
12987.0,MONTETORRERO 220,Aragón,Zaragoza,Zaragoza,220.0,41.596656494554,-0.85385416711534,fotovoltaica,Puesta en servicio,RdD,66.45,292.59
12987.0,MONTETORRERO 220,Aragón,Zaragoza,Zaragoza,220.0,41.596656494554,-0.85385416711534,fotovoltaica,Puesta en servicio,RdT,,
12987.0,MONTETORRERO 220,Aragón,Zaragoza,Zaragoza,220.0,41.596656494554,-0.85385416711534,hibridacion,Con permisos,RdD,9.0,
12987.0,MONTETORRERO 220,Aragón,Zaragoza,Zaragoza,220.0,41.596656494554,-0.85385416711534,hibridacion,Con permisos,RdT,,
12987.0,MONTETORRERO 220,Aragón,Zaragoza,Zaragoza,220.0,41.596656494554,-0.85385416711534,hibridacion,Puesta en servicio,RdD,318.89,
12987.0,MONTETORRERO 220,Aragón,Zaragoza,Zaragoza,220.0,41.596656494554,-0.85385416711534,hibridacion,Puesta en servicio,RdT,,
12987.0,MONTETORRERO 220,Aragón,Zaragoza,Zaragoza,220.0,41.596656494554,-0.85385416711534,hidraulica,Puesta en servicio,RdD,7.36,7.36
12987.0,MONTETORRERO 220,Aragón,Zaragoza,Zaragoza,220.0,41.596656494554,-0.85385416711534,hidraulica,Puesta en servicio,RdT,,
13069.0,PLAZA 220,Aragón,Zaragoza,Zaragoza,220.0,41.629940696595,-0.99750149277798,almacenamiento,Con permisos,RdD,,77.0
13069.0,PLAZA 220,Aragón,Zaragoza,Zaragoza,220.0,41.629940696595,-0.99750149277798,almacenamiento,Con permisos,RdT,,
13069.0,PLAZA 220,Aragón,Zaragoza,Zaragoza,220.0,41.629940696595,-0.99750149277798,eolica,Con permisos,RdD,4.0,4.0
13069.0,PLAZA 220,Aragón,Zaragoza,Zaragoza,220.0,41.629940696595,-0.99750149277798,eolica,Con permisos,RdT,,
13069.0,PLAZA 220,Aragón,Zaragoza,Zaragoza,220.0,41.629940696595,-0.99750149277798,eolica,Puesta en servicio,RdD,238.58,287.38
13069.0,PLAZA 220,Aragón,Zaragoza,Zaragoza,220.0,41.629940696595,-0.99750149277798,eolica,Puesta en servicio,RdT,,
13069.0,PLAZA 220,Aragón,Zaragoza,Zaragoza,220.0,41.629940696595,-0.99750149277798,fotovoltaica,Con permisos,RdD,107.0,161.0
13069.0,PLAZA 220,Aragón,Zaragoza,Zaragoza,220.0,41.629940696595,-0.99750149277798,fotovoltaica,Con permisos,RdT,,
13069.0,PLAZA 220,Aragón,Zaragoza,Zaragoza,220.0,41.629940696595,-0.99750149277798,fotovoltaica,Puesta en servicio,RdD,43.8,110.07
13069.0,PLAZA 220,Aragón,Zaragoza,Zaragoza,220.0,41.629940696595,-0.99750149277798,fotovoltaica,Puesta en servicio,RdT,,
13069.0,PLAZA 220,Aragón,Zaragoza,Zaragoza,220.0,41.629940696595,-0.99750149277798,hibridacion,Puesta en servicio,RdD,106.5,
13069.0,PLAZA 220,Aragón,Zaragoza,Zaragoza,220.0,41.629940696595,-0.99750149277798,hibridacion,Puesta en servicio,RdT,,
13314.0,ALMENDRALES 400,Aragón,Zaragoza,Zaragoza,400.0,41.554420587446,-0.84433111670006,eolica,Puesta en servicio,RdD,,
13314.0,ALMENDRALES 400,Aragón,Zaragoza,Zaragoza,400.0,41.554420587446,-0.84433111670006,eolica,Puesta en servicio,RdT,99.8,99.8
13314.0,ALMENDRALES 400,Aragón,Zaragoza,Zaragoza,400.0,41.554420587446,-0.84433111670006,fotovoltaica,Con permisos,RdD,,
13314.0,ALMENDRALES 400,Aragón,Zaragoza,Zaragoza,400.0,41.554420587446,-0.84433111670006,fotovoltaica,Con permisos,RdT,115.0,125.0
12749.0,EL PALO 400,Asturias,Asturias,Allande,400.0,43.27023552447,-6.6767303407185,eolica,Con permisos,RdD,11.0,11.0
12749.0,EL PALO 400,Asturias,Asturias,Allande,400.0,43.27023552447,-6.6767303407185,eolica,Con permisos,RdT,,
12749.0,EL PALO 400,Asturias,Asturias,Allande,400.0,43.27023552447,-6.6767303407185,eolica,En curso,RdD,90.0,90.0
12749.0,EL PALO 400,Asturias,Asturias,Allande,400.0,43.27023552447,-6.6767303407185,eolica,En curso,RdT,,
12749.0,EL PALO 400,Asturias,Asturias,Allande,400.0,43.27023552447,-6.6767303407185,eolica,Puesta en servicio,RdD,303.57,303.57
12749.0,EL PALO 400,Asturias,Asturias,Allande,400.0,43.27023552447,-6.6767303407185,eolica,Puesta en servicio,RdT,,
6786.0,TABIELLA 220,Asturias,Asturias,Avilés,220.0,43.575383827439,-5.8975768971469,almacenamiento,Con permisos,RdD,256.0,295.0
6786.0,TABIELLA 220,Asturias,Asturias,Avilés,220.0,43.575383827439,-5.8975768971469,almacenamiento,Con permisos,RdT,,
6786.0,TABIELLA 220,Asturias,Asturias,Avilés,220.0,43.575383827439,-5.8975768971469,almacenamiento,En curso,RdD,149.98,149.98
6786.0,TABIELLA 220,Asturias,Asturias,Avilés,220.0,43.575383827439,-5.8975768971469,almacenamiento,En curso,RdT,,
6786.0,TABIELLA 220,Asturias,Asturias,Avilés,220.0,43.575383827439,-5.8975768971469,eolica,Con permisos,RdD,100.0,100.0
6786.0,TABIELLA 220,Asturias,Asturias,Avilés,220.0,43.575383827439,-5.8975768971469,eolica,Con permisos,RdT,,
6786.0,TABIELLA 220,Asturias,Asturias,Avilés,220.0,43.575383827439,-5.8975768971469,fotovoltaica,Con permisos,RdD,11.0,11.0
6786.0,TABIELLA 220,Asturias,Asturias,Avilés,220.0,43.575383827439,-5.8975768971469,fotovoltaica,Con permisos,RdT,,
6786.0,TABIELLA 220,Asturias,Asturias,Avilés,220.0,43.575383827439,-5.8975768971469,hibridacion,Con permisos,RdD,8.0,
6786.0,TABIELLA 220,Asturias,Asturias,Avilés,220.0,43.575383827439,-5.8975768971469,hibridacion,Con permisos,RdT,,
6786.0,TABIELLA 220,Asturias,Asturias,Avilés,220.0,43.575383827439,-5.8975768971469,hidraulica,Puesta en servicio,RdD,3.16,3.16
6786.0,TABIELLA 220,Asturias,Asturias,Avilés,220.0,43.575383827439,-5.8975768971469,hidraulica,Puesta en servicio,RdT,,
6786.0,TABIELLA 220,Asturias,Asturias,Avilés,220.0,43.575383827439,-5.8975768971469,otras,Puesta en servicio,RdD,9.04,9.04
6786.0,TABIELLA 220,Asturias,Asturias,Avilés,220.0,43.575383827439,-5.8975768971469,otras,Puesta en servicio,RdT,,
6776.0,CARRIO 220,Asturias,Asturias,Carreño,220.0,43.556243502987,-5.7286150370565,almacenamiento,Con permisos,RdD,90.0,90.0
6776.0,CARRIO 220,Asturias,Asturias,Carreño,220.0,43.556243502987,-5.7286150370565,almacenamiento,Con permisos,RdT,,
6776.0,CARRIO 220,Asturias,Asturias,Carreño,220.0,43.556243502987,-5.7286150370565,almacenamiento,En curso,RdD,85.0,85.0
6776.0,CARRIO 220,Asturias,Asturias,Carreño,220.0,43.556243502987,-5.7286150370565,almacenamiento,En curso,RdT,,
6776.0,CARRIO 220,Asturias,Asturias,Carreño,220.0,43.556243502987,-5.7286150370565,hidraulica,Puesta en servicio,RdD,127.56,127.56
6776.0,CARRIO 220,Asturias,Asturias,Carreño,220.0,43.556243502987,-5.7286150370565,hidraulica,Puesta en servicio,RdT,,
6776.0,CARRIO 220,Asturias,Asturias,Carreño,220.0,43.556243502987,-5.7286150370565,otras,Puesta en servicio,RdD,12.23,12.23
6776.0,CARRIO 220,Asturias,Asturias,Carreño,220.0,43.556243502987,-5.7286150370565,otras,Puesta en servicio,RdT,556.2,561.89
7373.0,SANTA MARIA DE GRADO 400,Asturias,Asturias,Grado,400.0,43.388503867357,-5.9952157868129,almacenamiento,En curso,RdD,45.0,45.0
7373.0,SANTA MARIA DE GRADO 400,Asturias,Asturias,Grado,400.0,43.388503867357,-5.9952157868129,almacenamiento,En curso,RdT,,
12864.0,LADA 400,Asturias,Asturias,Langreo,400.0,43.305332452302,-5.6980166323022,almacenamiento,Con permisos,RdD,44.0,44.0
12864.0,LADA 400,Asturias,Asturias,Langreo,400.0,43.305332452302,-5.6980166323022,almacenamiento,Con permisos,RdT,,
12864.0,LADA 400,Asturias,Asturias,Langreo,400.0,43.305332452302,-5.6980166323022,almacenamiento,En curso,RdD,9.8,9.8
12864.0,LADA 400,Asturias,Asturias,Langreo,400.0,43.305332452302,-5.6980166323022,almacenamiento,En curso,RdT,,
12864.0,LADA 400,Asturias,Asturias,Langreo,400.0,43.305332452302,-5.6980166323022,hidraulica,Con permisos,RdD,3.0,3.0
12864.0,LADA 400,Asturias,Asturias,Langreo,400.0,43.305332452302,-5.6980166323022,hidraulica,Con permisos,RdT,,
12864.0,LADA 400,Asturias,Asturias,Langreo,400.0,43.305332452302,-5.6980166323022,hidraulica,Puesta en servicio,RdD,5.48,5.48
12864.0,LADA 400,Asturias,Asturias,Langreo,400.0,43.305332452302,-5.6980166323022,hidraulica,Puesta en servicio,RdT,,
12864.0,LADA 400,Asturias,Asturias,Langreo,400.0,43.305332452302,-5.6980166323022,otras,Puesta en servicio,RdD,9.42,9.42
12864.0,LADA 400,Asturias,Asturias,Langreo,400.0,43.305332452302,-5.6980166323022,otras,Puesta en servicio,RdT,,
6788.0,TELLEDO 220,Asturias,Asturias,Lena,220.0,43.026900122222,-5.8384743655436,almacenamiento,Con permisos,RdD,30.0,30.0
6788.0,TELLEDO 220,Asturias,Asturias,Lena,220.0,43.026900122222,-5.8384743655436,almacenamiento,Con permisos,RdT,,
6788.0,TELLEDO 220,Asturias,Asturias,Lena,220.0,43.026900122222,-5.8384743655436,hidraulica,Puesta en servicio,RdD,7.78,7.78
6788.0,TELLEDO 220,Asturias,Asturias,Lena,220.0,43.026900122222,-5.8384743655436,hidraulica,Puesta en servicio,RdT,,
13349.0,LA PEREDA 220,Asturias,Asturias,Mieres,220.0,43.273450580821,-5.8099839504633,almacenamiento,Con permisos,RdD,,
13349.0,LA PEREDA 220,Asturias,Asturias,Mieres,220.0,43.273450580821,-5.8099839504633,almacenamiento,Con permisos,RdT,130.0,130.0
13349.0,LA PEREDA 220,Asturias,Asturias,Mieres,220.0,43.273450580821,-5.8099839504633,almacenamiento,En curso,RdD,,
13349.0,LA PEREDA 220,Asturias,Asturias,Mieres,220.0,43.273450580821,-5.8099839504633,almacenamiento,En curso,RdT,74.0,74.0
13349.0,LA PEREDA 220,Asturias,Asturias,Mieres,220.0,43.273450580821,-5.8099839504633,otras,Con permisos,RdD,,
13349.0,LA PEREDA 220,Asturias,Asturias,Mieres,220.0,43.273450580821,-5.8099839504633,otras,Con permisos,RdT,50.0,50.0
13349.0,LA PEREDA 220,Asturias,Asturias,Mieres,220.0,43.273450580821,-5.8099839504633,otras,En curso,RdD,,
13349.0,LA PEREDA 220,Asturias,Asturias,Mieres,220.0,43.273450580821,-5.8099839504633,otras,En curso,RdT,50.0,50.0
13053.0,PESOZ 400,Asturias,Asturias,Pesoz,400.0,43.24305662104,-6.8658735172165,bombeo,Con permisos,RdD,,
13053.0,PESOZ 400,Asturias,Asturias,Pesoz,400.0,43.24305662104,-6.8658735172165,bombeo,Con permisos,RdT,247.0,265.0
13053.0,PESOZ 400,Asturias,Asturias,Pesoz,400.0,43.24305662104,-6.8658735172165,eolica,Con permisos,RdD,219.0,226.0
13053.0,PESOZ 400,Asturias,Asturias,Pesoz,400.0,43.24305662104,-6.8658735172165,eolica,Con permisos,RdT,315.0,315.0
13053.0,PESOZ 400,Asturias,Asturias,Pesoz,400.0,43.24305662104,-6.8658735172165,eolica,En curso,RdD,32.0,32.0
13053.0,PESOZ 400,Asturias,Asturias,Pesoz,400.0,43.24305662104,-6.8658735172165,eolica,En curso,RdT,,
13053.0,PESOZ 400,Asturias,Asturias,Pesoz,400.0,43.24305662104,-6.8658735172165,eolica,Puesta en servicio,RdD,147.04,147.04
13053.0,PESOZ 400,Asturias,Asturias,Pesoz,400.0,43.24305662104,-6.8658735172165,eolica,Puesta en servicio,RdT,,
13053.0,PESOZ 400,Asturias,Asturias,Pesoz,400.0,43.24305662104,-6.8658735172165,hidraulica,Puesta en servicio,RdD,157.24,157.24
13053.0,PESOZ 400,Asturias,Asturias,Pesoz,400.0,43.24305662104,-6.8658735172165,hidraulica,Puesta en servicio,RdT,,
6784.0,SOTO DE RIBERA 220,Asturias,Asturias,Ribera de Arriba,220.0,43.313578379793,-5.8878730489878,almacenamiento,Con permisos,RdD,22.0,22.0
6784.0,SOTO DE RIBERA 220,Asturias,Asturias,Ribera de Arriba,220.0,43.313578379793,-5.8878730489878,almacenamiento,Con permisos,RdT,,
6784.0,SOTO DE RIBERA 220,Asturias,Asturias,Ribera de Arriba,220.0,43.313578379793,-5.8878730489878,almacenamiento,En curso,RdD,45.0,45.0
6784.0,SOTO DE RIBERA 220,Asturias,Asturias,Ribera de Arriba,220.0,43.313578379793,-5.8878730489878,almacenamiento,En curso,RdT,,
6784.0,SOTO DE RIBERA 220,Asturias,Asturias,Ribera de Arriba,220.0,43.313578379793,-5.8878730489878,fotovoltaica,Con permisos,RdD,2.0,2.0
6784.0,SOTO DE RIBERA 220,Asturias,Asturias,Ribera de Arriba,220.0,43.313578379793,-5.8878730489878,fotovoltaica,Con permisos,RdT,,
6784.0,SOTO DE RIBERA 220,Asturias,Asturias,Ribera de Arriba,220.0,43.313578379793,-5.8878730489878,fotovoltaica,En curso,RdD,12.6,12.6
6784.0,SOTO DE RIBERA 220,Asturias,Asturias,Ribera de Arriba,220.0,43.313578379793,-5.8878730489878,fotovoltaica,En curso,RdT,,
6784.0,SOTO DE RIBERA 220,Asturias,Asturias,Ribera de Arriba,220.0,43.313578379793,-5.8878730489878,hidraulica,Con permisos,RdD,2.0,2.0
6784.0,SOTO DE RIBERA 220,Asturias,Asturias,Ribera de Arriba,220.0,43.313578379793,-5.8878730489878,hidraulica,Con permisos,RdT,,
6784.0,SOTO DE RIBERA 220,Asturias,Asturias,Ribera de Arriba,220.0,43.313578379793,-5.8878730489878,hidraulica,Puesta en servicio,RdD,231.93,231.93
6784.0,SOTO DE RIBERA 220,Asturias,Asturias,Ribera de Arriba,220.0,43.313578379793,-5.8878730489878,hidraulica,Puesta en servicio,RdT,,
6784.0,SOTO DE RIBERA 220,Asturias,Asturias,Ribera de Arriba,220.0,43.313578379793,-5.8878730489878,otras,Puesta en servicio,RdD,15.65,361.9
6784.0,SOTO DE RIBERA 220,Asturias,Asturias,Ribera de Arriba,220.0,43.313578379793,-5.8878730489878,otras,Puesta en servicio,RdT,,
6785.0,SOTO DE RIBERA 400,Asturias,Asturias,Ribera de Arriba,400.0,43.313578379793,-5.8878730489878,otras,En curso,RdD,,
6785.0,SOTO DE RIBERA 400,Asturias,Asturias,Ribera de Arriba,400.0,43.313578379793,-5.8878730489878,otras,En curso,RdT,854.17,1200.42
6785.0,SOTO DE RIBERA 400,Asturias,Asturias,Ribera de Arriba,400.0,43.313578379793,-5.8878730489878,otras,Puesta en servicio,RdD,,
6785.0,SOTO DE RIBERA 400,Asturias,Asturias,Ribera de Arriba,400.0,43.313578379793,-5.8878730489878,otras,Puesta en servicio,RdT,854.17,1200.42
13194.0,SALAS 400,Asturias,Asturias,Salas,400.0,43.366345631639,-6.3020698618912,almacenamiento,Con permisos,RdD,9.0,9.0
13194.0,SALAS 400,Asturias,Asturias,Salas,400.0,43.366345631639,-6.3020698618912,almacenamiento,Con permisos,RdT,,
13194.0,SALAS 400,Asturias,Asturias,Salas,400.0,43.366345631639,-6.3020698618912,almacenamiento,En curso,RdD,26.0,32.84
13194.0,SALAS 400,Asturias,Asturias,Salas,400.0,43.366345631639,-6.3020698618912,almacenamiento,En curso,RdT,,
13194.0,SALAS 400,Asturias,Asturias,Salas,400.0,43.366345631639,-6.3020698618912,eolica,Con permisos,RdD,11.0,11.0
13194.0,SALAS 400,Asturias,Asturias,Salas,400.0,43.366345631639,-6.3020698618912,eolica,Con permisos,RdT,,
13194.0,SALAS 400,Asturias,Asturias,Salas,400.0,43.366345631639,-6.3020698618912,eolica,Puesta en servicio,RdD,246.47,246.47
13194.0,SALAS 400,Asturias,Asturias,Salas,400.0,43.366345631639,-6.3020698618912,eolica,Puesta en servicio,RdT,,
13194.0,SALAS 400,Asturias,Asturias,Salas,400.0,43.366345631639,-6.3020698618912,hidraulica,Puesta en servicio,RdD,202.03,202.03
13194.0,SALAS 400,Asturias,Asturias,Salas,400.0,43.366345631639,-6.3020698618912,hidraulica,Puesta en servicio,RdT,,
13194.0,SALAS 400,Asturias,Asturias,Salas,400.0,43.366345631639,-6.3020698618912,otras,Puesta en servicio,RdD,107.05,116.41
13194.0,SALAS 400,Asturias,Asturias,Salas,400.0,43.366345631639,-6.3020698618912,otras,Puesta en servicio,RdT,,
6783.0,SIERO 220,Asturias,Asturias,Siero,220.0,43.379436916876,-5.7572835367969,almacenamiento,Con permisos,RdD,367.0,391.0
6783.0,SIERO 220,Asturias,Asturias,Siero,220.0,43.379436916876,-5.7572835367969,almacenamiento,Con permisos,RdT,,
6783.0,SIERO 220,Asturias,Asturias,Siero,220.0,43.379436916876,-5.7572835367969,almacenamiento,En curso,RdD,21.99,35.97
6783.0,SIERO 220,Asturias,Asturias,Siero,220.0,43.379436916876,-5.7572835367969,almacenamiento,En curso,RdT,,
6783.0,SIERO 220,Asturias,Asturias,Siero,220.0,43.379436916876,-5.7572835367969,fotovoltaica,Con permisos,RdD,5.0,5.0
6783.0,SIERO 220,Asturias,Asturias,Siero,220.0,43.379436916876,-5.7572835367969,fotovoltaica,Con permisos,RdT,,
6783.0,SIERO 220,Asturias,Asturias,Siero,220.0,43.379436916876,-5.7572835367969,hidraulica,En curso,RdD,,15.2
6783.0,SIERO 220,Asturias,Asturias,Siero,220.0,43.379436916876,-5.7572835367969,hidraulica,En curso,RdT,,
6783.0,SIERO 220,Asturias,Asturias,Siero,220.0,43.379436916876,-5.7572835367969,hidraulica,Puesta en servicio,RdD,124.76,124.76
6783.0,SIERO 220,Asturias,Asturias,Siero,220.0,43.379436916876,-5.7572835367969,hidraulica,Puesta en servicio,RdT,,
6783.0,SIERO 220,Asturias,Asturias,Siero,220.0,43.379436916876,-5.7572835367969,otras,En curso,RdD,15.2,
6783.0,SIERO 220,Asturias,Asturias,Siero,220.0,43.379436916876,-5.7572835367969,otras,En curso,RdT,,
6783.0,SIERO 220,Asturias,Asturias,Siero,220.0,43.379436916876,-5.7572835367969,otras,Puesta en servicio,RdD,12.21,12.21
6783.0,SIERO 220,Asturias,Asturias,Siero,220.0,43.379436916876,-5.7572835367969,otras,Puesta en servicio,RdT,,
13010.0,NARCEA 400,Asturias,Asturias,Tineo,400.0,43.291790836329,-6.3953132652562,almacenamiento,Con permisos,RdD,5.0,5.0
13010.0,NARCEA 400,Asturias,Asturias,Tineo,400.0,43.291790836329,-6.3953132652562,almacenamiento,Con permisos,RdT,,
13010.0,NARCEA 400,Asturias,Asturias,Tineo,400.0,43.291790836329,-6.3953132652562,fotovoltaica,Con permisos,RdD,9.0,9.0
13010.0,NARCEA 400,Asturias,Asturias,Tineo,400.0,43.291790836329,-6.3953132652562,fotovoltaica,Con permisos,RdT,,
13010.0,NARCEA 400,Asturias,Asturias,Tineo,400.0,43.291790836329,-6.3953132652562,fotovoltaica,En curso,RdD,27.0,32.0
13010.0,NARCEA 400,Asturias,Asturias,Tineo,400.0,43.291790836329,-6.3953132652562,fotovoltaica,En curso,RdT,,
13010.0,NARCEA 400,Asturias,Asturias,Tineo,400.0,43.291790836329,-6.3953132652562,hidraulica,Puesta en servicio,RdD,7.6,7.6
13010.0,NARCEA 400,Asturias,Asturias,Tineo,400.0,43.291790836329,-6.3953132652562,hidraulica,Puesta en servicio,RdT,,
7386.0,ALCUDIA BALEARES 66,Baleares,Illes Balears,Alcúdia,66.0,39.836211793717,3.1443050942909,almacenamiento,Con permisos,RdD,50.0,51.0
7386.0,ALCUDIA BALEARES 66,Baleares,Illes Balears,Alcúdia,66.0,39.836211793717,3.1443050942909,almacenamiento,Con permisos,RdT,,
13007.0,MURTERAR 220,Baleares,Illes Balears,Alcúdia,220.0,39.809262441387,3.0920589703475,almacenamiento,Con permisos,RdD,,
13007.0,MURTERAR 220,Baleares,Illes Balears,Alcúdia,220.0,39.809262441387,3.0920589703475,almacenamiento,Con permisos,RdT,119.0,120.0
13007.0,MURTERAR 220,Baleares,Illes Balears,Alcúdia,220.0,39.809262441387,3.0920589703475,otras,Puesta en servicio,RdD,,
13007.0,MURTERAR 220,Baleares,Illes Balears,Alcúdia,220.0,39.809262441387,3.0920589703475,otras,Puesta en servicio,RdT,75.0,306.6
13470.0,SAN MARTIN BALEARES 66,Baleares,Illes Balears,Alcúdia,66.0,39.813151192801,3.0939427929425,almacenamiento,Con permisos,RdD,10.0,10.0
13470.0,SAN MARTIN BALEARES 66,Baleares,Illes Balears,Alcúdia,66.0,39.813151192801,3.0939427929425,almacenamiento,Con permisos,RdT,77.0,117.0
13470.0,SAN MARTIN BALEARES 66,Baleares,Illes Balears,Alcúdia,66.0,39.813151192801,3.0939427929425,fotovoltaica,Con permisos,RdD,,
13470.0,SAN MARTIN BALEARES 66,Baleares,Illes Balears,Alcúdia,66.0,39.813151192801,3.0939427929425,fotovoltaica,Con permisos,RdT,10.0,10.0
13470.0,SAN MARTIN BALEARES 66,Baleares,Illes Balears,Alcúdia,66.0,39.813151192801,3.0939427929425,fotovoltaica,Puesta en servicio,RdD,3.06,3.33
13470.0,SAN MARTIN BALEARES 66,Baleares,Illes Balears,Alcúdia,66.0,39.813151192801,3.0939427929425,fotovoltaica,Puesta en servicio,RdT,13.32,13.32
7387.0,ANDRATX 66,Baleares,Illes Balears,Andratx,66.0,39.544405837629,2.4226338167695,almacenamiento,Con permisos,RdD,73.0,80.0
7387.0,ANDRATX 66,Baleares,Illes Balears,Andratx,66.0,39.544405837629,2.4226338167695,almacenamiento,Con permisos,RdT,,
7049.0,ARTA 66,Baleares,Illes Balears,Artà,66.0,39.681223470236,3.3430945284947,almacenamiento,Con permisos,RdD,3.0,8.0
7049.0,ARTA 66,Baleares,Illes Balears,Artà,66.0,39.681223470236,3.3430945284947,almacenamiento,Con permisos,RdT,,
7049.0,ARTA 66,Baleares,Illes Balears,Artà,66.0,39.681223470236,3.3430945284947,fotovoltaica,Con permisos,RdD,12.0,12.0
7049.0,ARTA 66,Baleares,Illes Balears,Artà,66.0,39.681223470236,3.3430945284947,fotovoltaica,Con permisos,RdT,,
7049.0,ARTA 66,Baleares,Illes Balears,Artà,66.0,39.681223470236,3.3430945284947,fotovoltaica,Puesta en servicio,RdD,13.86,14.53
7049.0,ARTA 66,Baleares,Illes Balears,Artà,66.0,39.681223470236,3.3430945284947,fotovoltaica,Puesta en servicio,RdT,,
7073.0,SES VELES 66,Baleares,Illes Balears,Bunyola,66.0,39.65474536127,2.6877428270069,fotovoltaica,Con permisos,RdD,21.0,21.0
7073.0,SES VELES 66,Baleares,Illes Balears,Bunyola,66.0,39.65474536127,2.6877428270069,fotovoltaica,Con permisos,RdT,,
7073.0,SES VELES 66,Baleares,Illes Balears,Bunyola,66.0,39.65474536127,2.6877428270069,fotovoltaica,Puesta en servicio,RdD,23.39,26.29
7073.0,SES VELES 66,Baleares,Illes Balears,Bunyola,66.0,39.65474536127,2.6877428270069,fotovoltaica,Puesta en servicio,RdT,,
13472.0,BUNYOLA 66,Baleares,Illes Balears,Bunyola,66.0,39.684392578162,2.7038899710154,almacenamiento,Con permisos,RdD,5.0,9.0
13472.0,BUNYOLA 66,Baleares,Illes Balears,Bunyola,66.0,39.684392578162,2.7038899710154,almacenamiento,Con permisos,RdT,,
13472.0,BUNYOLA 66,Baleares,Illes Balears,Bunyola,66.0,39.684392578162,2.7038899710154,fotovoltaica,Con permisos,RdD,9.0,20.0
13472.0,BUNYOLA 66,Baleares,Illes Balears,Bunyola,66.0,39.684392578162,2.7038899710154,fotovoltaica,Con permisos,RdT,,
13472.0,BUNYOLA 66,Baleares,Illes Balears,Bunyola,66.0,39.684392578162,2.7038899710154,fotovoltaica,Puesta en servicio,RdD,6.54,8.26
13472.0,BUNYOLA 66,Baleares,Illes Balears,Bunyola,66.0,39.684392578162,2.7038899710154,fotovoltaica,Puesta en servicio,RdT,,
13472.0,BUNYOLA 66,Baleares,Illes Balears,Bunyola,66.0,39.684392578162,2.7038899710154,hibridacion,Con permisos,RdD,8.0,
13472.0,BUNYOLA 66,Baleares,Illes Balears,Bunyola,66.0,39.684392578162,2.7038899710154,hibridacion,Con permisos,RdT,,
7054.0,CALVIA 66,Baleares,Illes Balears,Calvià,66.0,39.526600070111,2.5075635708812,almacenamiento,Con permisos,RdD,13.0,13.0
7054.0,CALVIA 66,Baleares,Illes Balears,Calvià,66.0,39.526600070111,2.5075635708812,almacenamiento,Con permisos,RdT,,
7054.0,CALVIA 66,Baleares,Illes Balears,Calvià,66.0,39.526600070111,2.5075635708812,fotovoltaica,Con permisos,RdD,6.0,15.0
7054.0,CALVIA 66,Baleares,Illes Balears,Calvià,66.0,39.526600070111,2.5075635708812,fotovoltaica,Con permisos,RdT,,
7054.0,CALVIA 66,Baleares,Illes Balears,Calvià,66.0,39.526600070111,2.5075635708812,fotovoltaica,Puesta en servicio,RdD,3.77,3.77
7054.0,CALVIA 66,Baleares,Illes Balears,Calvià,66.0,39.526600070111,2.5075635708812,fotovoltaica,Puesta en servicio,RdT,,
7366.0,CAPDEPERA 66,Baleares,Illes Balears,Capdepera,66.0,39.697683116558,3.4172876929763,almacenamiento,Con permisos,RdD,2.0,8.0
7366.0,CAPDEPERA 66,Baleares,Illes Balears,Capdepera,66.0,39.697683116558,3.4172876929763,almacenamiento,Con permisos,RdT,,
7366.0,CAPDEPERA 66,Baleares,Illes Balears,Capdepera,66.0,39.697683116558,3.4172876929763,fotovoltaica,Con permisos,RdD,7.0,15.0
7366.0,CAPDEPERA 66,Baleares,Illes Balears,Capdepera,66.0,39.697683116558,3.4172876929763,fotovoltaica,Con permisos,RdT,,
7366.0,CAPDEPERA 66,Baleares,Illes Balears,Capdepera,66.0,39.697683116558,3.4172876929763,fotovoltaica,Puesta en servicio,RdD,5.82,6.07
7366.0,CAPDEPERA 66,Baleares,Illes Balears,Capdepera,66.0,39.697683116558,3.4172876929763,fotovoltaica,Puesta en servicio,RdT,,
7366.0,CAPDEPERA 66,Baleares,Illes Balears,Capdepera,66.0,39.697683116558,3.4172876929763,hibridacion,Con permisos,RdD,7.0,
7366.0,CAPDEPERA 66,Baleares,Illes Balears,Capdepera,66.0,39.697683116558,3.4172876929763,hibridacion,Con permisos,RdT,,
12703.0,CIUDADELA 132,Baleares,Illes Balears,Ciutadella de Menorca,132.0,40.00324798871,3.8552966501179,almacenamiento,Con permisos,RdD,,1.0
12703.0,CIUDADELA 132,Baleares,Illes Balears,Ciutadella de Menorca,132.0,40.00324798871,3.8552966501179,almacenamiento,Con permisos,RdT,,
12703.0,CIUDADELA 132,Baleares,Illes Balears,Ciutadella de Menorca,132.0,40.00324798871,3.8552966501179,fotovoltaica,Con permisos,RdD,3.0,6.0
12703.0,CIUDADELA 132,Baleares,Illes Balears,Ciutadella de Menorca,132.0,40.00324798871,3.8552966501179,fotovoltaica,Con permisos,RdT,,
12703.0,CIUDADELA 132,Baleares,Illes Balears,Ciutadella de Menorca,132.0,40.00324798871,3.8552966501179,fotovoltaica,Puesta en servicio,RdD,3.0,3.0
12703.0,CIUDADELA 132,Baleares,Illes Balears,Ciutadella de Menorca,132.0,40.00324798871,3.8552966501179,fotovoltaica,Puesta en servicio,RdT,48.0,49.6
12703.0,CIUDADELA 132,Baleares,Illes Balears,Ciutadella de Menorca,132.0,40.00324798871,3.8552966501179,hibridacion,Con permisos,RdD,2.0,
12703.0,CIUDADELA 132,Baleares,Illes Balears,Ciutadella de Menorca,132.0,40.00324798871,3.8552966501179,hibridacion,Con permisos,RdT,,
12838.0,IBIZA 132,Baleares,Illes Balears,Eivissa,132.0,38.919577681784,1.4305972223066,otras,Puesta en servicio,RdD,,
12838.0,IBIZA 132,Baleares,Illes Balears,Eivissa,132.0,38.919577681784,1.4305972223066,otras,Puesta en servicio,RdT,122.0,119.0
12839.0,IBIZA 23 66,Baleares,Illes Balears,Eivissa,66.0,38.918438774483,1.4308013551218,otras,Puesta en servicio,RdD,,
12839.0,IBIZA 23 66,Baleares,Illes Balears,Eivissa,66.0,38.918438774483,1.4308013551218,otras,Puesta en servicio,RdT,25.0,21.1
12840.0,IBIZA 66,Baleares,Illes Balears,Eivissa,66.0,38.919577681784,1.4305972223066,otras,Puesta en servicio,RdD,,
12840.0,IBIZA 66,Baleares,Illes Balears,Eivissa,66.0,38.919577681784,1.4305972223066,otras,Puesta en servicio,RdT,167.8,145.5
13474.0,PORTO COLOM 66,Baleares,Illes Balears,Felanitx,66.0,39.420872215189,3.2359540304776,almacenamiento,Con permisos,RdD,,1.0
13474.0,PORTO COLOM 66,Baleares,Illes Balears,Felanitx,66.0,39.420872215189,3.2359540304776,almacenamiento,Con permisos,RdT,,
13474.0,PORTO COLOM 66,Baleares,Illes Balears,Felanitx,66.0,39.420872215189,3.2359540304776,fotovoltaica,Con permisos,RdD,27.0,36.0
13474.0,PORTO COLOM 66,Baleares,Illes Balears,Felanitx,66.0,39.420872215189,3.2359540304776,fotovoltaica,Con permisos,RdT,,
13474.0,PORTO COLOM 66,Baleares,Illes Balears,Felanitx,66.0,39.420872215189,3.2359540304776,fotovoltaica,Puesta en servicio,RdD,4.24,4.24
13474.0,PORTO COLOM 66,Baleares,Illes Balears,Felanitx,66.0,39.420872215189,3.2359540304776,fotovoltaica,Puesta en servicio,RdT,,
13474.0,PORTO COLOM 66,Baleares,Illes Balears,Felanitx,66.0,39.420872215189,3.2359540304776,hibridacion,Con permisos,RdD,2.0,
13474.0,PORTO COLOM 66,Baleares,Illes Balears,Felanitx,66.0,39.420872215189,3.2359540304776,hibridacion,Con permisos,RdT,,
7070.0,SA VINYETA 66,Baleares,Illes Balears,Inca,66.0,39.709081699507,2.8977136958595,fotovoltaica,Con permisos,RdD,16.0,24.0
7070.0,SA VINYETA 66,Baleares,Illes Balears,Inca,66.0,39.709081699507,2.8977136958595,fotovoltaica,Con permisos,RdT,,
7070.0,SA VINYETA 66,Baleares,Illes Balears,Inca,66.0,39.709081699507,2.8977136958595,fotovoltaica,Puesta en servicio,RdD,23.35,25.42
7070.0,SA VINYETA 66,Baleares,Illes Balears,Inca,66.0,39.709081699507,2.8977136958595,fotovoltaica,Puesta en servicio,RdT,,
12843.0,INCA 66,Baleares,Illes Balears,Inca,66.0,39.714093165258,2.9176652093101,almacenamiento,Con permisos,RdD,6.0,6.0
12843.0,INCA 66,Baleares,Illes Balears,Inca,66.0,39.714093165258,2.9176652093101,almacenamiento,Con permisos,RdT,,
12843.0,INCA 66,Baleares,Illes Balears,Inca,66.0,39.714093165258,2.9176652093101,almacenamiento,En curso,RdD,,
12843.0,INCA 66,Baleares,Illes Balears,Inca,66.0,39.714093165258,2.9176652093101,almacenamiento,En curso,RdT,18.0,18.0
12843.0,INCA 66,Baleares,Illes Balears,Inca,66.0,39.714093165258,2.9176652093101,fotovoltaica,Con permisos,RdD,23.0,32.0
12843.0,INCA 66,Baleares,Illes Balears,Inca,66.0,39.714093165258,2.9176652093101,fotovoltaica,Con permisos,RdT,44.0,46.0
12843.0,INCA 66,Baleares,Illes Balears,Inca,66.0,39.714093165258,2.9176652093101,fotovoltaica,Puesta en servicio,RdD,1.72,3.79
12843.0,INCA 66,Baleares,Illes Balears,Inca,66.0,39.714093165258,2.9176652093101,fotovoltaica,Puesta en servicio,RdT,,
12843.0,INCA 66,Baleares,Illes Balears,Inca,66.0,39.714093165258,2.9176652093101,hibridacion,Puesta en servicio,RdD,1.17,
12843.0,INCA 66,Baleares,Illes Balears,Inca,66.0,39.714093165258,2.9176652093101,hibridacion,Puesta en servicio,RdT,,
7052.0,CALA BLAVA 66,Baleares,Illes Balears,Llucmajor,66.0,39.409410436936,2.8157276801417,almacenamiento,Con permisos,RdD,4.0,4.0
7052.0,CALA BLAVA 66,Baleares,Illes Balears,Llucmajor,66.0,39.409410436936,2.8157276801417,almacenamiento,Con permisos,RdT,1.0,48.0
7052.0,CALA BLAVA 66,Baleares,Illes Balears,Llucmajor,66.0,39.409410436936,2.8157276801417,almacenamiento,En curso,RdD,9.65,9.9
7052.0,CALA BLAVA 66,Baleares,Illes Balears,Llucmajor,66.0,39.409410436936,2.8157276801417,almacenamiento,En curso,RdT,,
7052.0,CALA BLAVA 66,Baleares,Illes Balears,Llucmajor,66.0,39.409410436936,2.8157276801417,fotovoltaica,Con permisos,RdD,21.0,21.0
7052.0,CALA BLAVA 66,Baleares,Illes Balears,Llucmajor,66.0,39.409410436936,2.8157276801417,fotovoltaica,Con permisos,RdT,72.0,153.0
7052.0,CALA BLAVA 66,Baleares,Illes Balears,Llucmajor,66.0,39.409410436936,2.8157276801417,fotovoltaica,En curso,RdD,7.0,10.0
7052.0,CALA BLAVA 66,Baleares,Illes Balears,Llucmajor,66.0,39.409410436936,2.8157276801417,fotovoltaica,En curso,RdT,32.0,45.72
7052.0,CALA BLAVA 66,Baleares,Illes Balears,Llucmajor,66.0,39.409410436936,2.8157276801417,fotovoltaica,Puesta en servicio,RdD,7.67,7.75
7052.0,CALA BLAVA 66,Baleares,Illes Balears,Llucmajor,66.0,39.409410436936,2.8157276801417,fotovoltaica,Puesta en servicio,RdT,17.5,22.0
7052.0,CALA BLAVA 66,Baleares,Illes Balears,Llucmajor,66.0,39.409410436936,2.8157276801417,hibridacion,Con permisos,RdD,,
7052.0,CALA BLAVA 66,Baleares,Illes Balears,Llucmajor,66.0,39.409410436936,2.8157276801417,hibridacion,Con permisos,RdT,47.0,
12911.0,LLUCMAJOR 66,Baleares,Illes Balears,Llucmajor,66.0,39.498127758048,2.9005169898214,fotovoltaica,Con permisos,RdD,27.0,30.0
12911.0,LLUCMAJOR 66,Baleares,Illes Balears,Llucmajor,66.0,39.498127758048,2.9005169898214,fotovoltaica,Con permisos,RdT,,
12911.0,LLUCMAJOR 66,Baleares,Illes Balears,Llucmajor,66.0,39.498127758048,2.9005169898214,fotovoltaica,Puesta en servicio,RdD,21.56,22.23
12911.0,LLUCMAJOR 66,Baleares,Illes Balears,Llucmajor,66.0,39.498127758048,2.9005169898214,fotovoltaica,Puesta en servicio,RdT,,
12941.0,MANACOR 66,Baleares,Illes Balears,Manacor,66.0,39.573553163808,3.1905756748782,almacenamiento,Con permisos,RdD,,13.0
12941.0,MANACOR 66,Baleares,Illes Balears,Manacor,66.0,39.573553163808,3.1905756748782,almacenamiento,Con permisos,RdT,,
12941.0,MANACOR 66,Baleares,Illes Balears,Manacor,66.0,39.573553163808,3.1905756748782,almacenamiento,En curso,RdD,8.95,8.95
12941.0,MANACOR 66,Baleares,Illes Balears,Manacor,66.0,39.573553163808,3.1905756748782,almacenamiento,En curso,RdT,,
12941.0,MANACOR 66,Baleares,Illes Balears,Manacor,66.0,39.573553163808,3.1905756748782,fotovoltaica,Con permisos,RdD,13.0,58.0
12941.0,MANACOR 66,Baleares,Illes Balears,Manacor,66.0,39.573553163808,3.1905756748782,fotovoltaica,Con permisos,RdT,,
12941.0,MANACOR 66,Baleares,Illes Balears,Manacor,66.0,39.573553163808,3.1905756748782,fotovoltaica,En curso,RdD,8.0,8.0
12941.0,MANACOR 66,Baleares,Illes Balears,Manacor,66.0,39.573553163808,3.1905756748782,fotovoltaica,En curso,RdT,,
12941.0,MANACOR 66,Baleares,Illes Balears,Manacor,66.0,39.573553163808,3.1905756748782,fotovoltaica,Puesta en servicio,RdD,28.32,29.37
12941.0,MANACOR 66,Baleares,Illes Balears,Manacor,66.0,39.573553163808,3.1905756748782,fotovoltaica,Puesta en servicio,RdT,,
12941.0,MANACOR 66,Baleares,Illes Balears,Manacor,66.0,39.573553163808,3.1905756748782,hibridacion,Con permisos,RdD,34.0,
12941.0,MANACOR 66,Baleares,Illes Balears,Manacor,66.0,39.573553163808,3.1905756748782,hibridacion,Con permisos,RdT,,
12941.0,MANACOR 66,Baleares,Illes Balears,Manacor,66.0,39.573553163808,3.1905756748782,otras,Con permisos,RdD,1.0,1.0
12941.0,MANACOR 66,Baleares,Illes Balears,Manacor,66.0,39.573553163808,3.1905756748782,otras,Con permisos,RdT,,
12941.0,MANACOR 66,Baleares,Illes Balears,Manacor,66.0,39.573553163808,3.1905756748782,otras,Puesta en servicio,RdD,3.5,3.5
12941.0,MANACOR 66,Baleares,Illes Balears,Manacor,66.0,39.573553163808,3.1905756748782,otras,Puesta en servicio,RdT,,
13477.0,MARRATXI 66,Baleares,Illes Balears,Marratxí,66.0,39.611750399656,2.7265899415339,almacenamiento,Con permisos,RdD,9.0,18.0
13477.0,MARRATXI 66,Baleares,Illes Balears,Marratxí,66.0,39.611750399656,2.7265899415339,almacenamiento,Con permisos,RdT,,
13477.0,MARRATXI 66,Baleares,Illes Balears,Marratxí,66.0,39.611750399656,2.7265899415339,almacenamiento,Puesta en servicio,RdD,,1.2
13477.0,MARRATXI 66,Baleares,Illes Balears,Marratxí,66.0,39.611750399656,2.7265899415339,almacenamiento,Puesta en servicio,RdT,,
13477.0,MARRATXI 66,Baleares,Illes Balears,Marratxí,66.0,39.611750399656,2.7265899415339,fotovoltaica,Con permisos,RdD,21.0,45.0
13477.0,MARRATXI 66,Baleares,Illes Balears,Marratxí,66.0,39.611750399656,2.7265899415339,fotovoltaica,Con permisos,RdT,,
13477.0,MARRATXI 66,Baleares,Illes Balears,Marratxí,66.0,39.611750399656,2.7265899415339,fotovoltaica,Puesta en servicio,RdD,,2.78
13477.0,MARRATXI 66,Baleares,Illes Balears,Marratxí,66.0,39.611750399656,2.7265899415339,fotovoltaica,Puesta en servicio,RdT,,
13477.0,MARRATXI 66,Baleares,Illes Balears,Marratxí,66.0,39.611750399656,2.7265899415339,hibridacion,Con permisos,RdD,19.0,
13477.0,MARRATXI 66,Baleares,Illes Balears,Marratxí,66.0,39.611750399656,2.7265899415339,hibridacion,Con permisos,RdT,,
13477.0,MARRATXI 66,Baleares,Illes Balears,Marratxí,66.0,39.611750399656,2.7265899415339,hibridacion,Puesta en servicio,RdD,2.54,
13477.0,MARRATXI 66,Baleares,Illes Balears,Marratxí,66.0,39.611750399656,2.7265899415339,hibridacion,Puesta en servicio,RdT,,
12728.0,DRAGONERA 132,Baleares,Illes Balears,Maó,132.0,39.890962639475,4.2369354795864,almacenamiento,Con permisos,RdD,,
12728.0,DRAGONERA 132,Baleares,Illes Balears,Maó,132.0,39.890962639475,4.2369354795864,almacenamiento,Con permisos,RdT,,31.0
12728.0,DRAGONERA 132,Baleares,Illes Balears,Maó,132.0,39.890962639475,4.2369354795864,eolica,Puesta en servicio,RdD,3.2,3.2
12728.0,DRAGONERA 132,Baleares,Illes Balears,Maó,132.0,39.890962639475,4.2369354795864,eolica,Puesta en servicio,RdT,,
12728.0,DRAGONERA 132,Baleares,Illes Balears,Maó,132.0,39.890962639475,4.2369354795864,fotovoltaica,Con permisos,RdD,5.0,5.0
12728.0,DRAGONERA 132,Baleares,Illes Balears,Maó,132.0,39.890962639475,4.2369354795864,fotovoltaica,Con permisos,RdT,,46.0
12728.0,DRAGONERA 132,Baleares,Illes Balears,Maó,132.0,39.890962639475,4.2369354795864,fotovoltaica,Puesta en servicio,RdD,1.0,1.0
12728.0,DRAGONERA 132,Baleares,Illes Balears,Maó,132.0,39.890962639475,4.2369354795864,fotovoltaica,Puesta en servicio,RdT,,
12728.0,DRAGONERA 132,Baleares,Illes Balears,Maó,132.0,39.890962639475,4.2369354795864,hibridacion,Con permisos,RdD,,
12728.0,DRAGONERA 132,Baleares,Illes Balears,Maó,132.0,39.890962639475,4.2369354795864,hibridacion,Con permisos,RdT,42.0,
12937.0,MAHON 132,Baleares,Illes Balears,Maó,132.0,39.897105122566,4.2578500450896,otras,Puesta en servicio,RdD,,
12937.0,MAHON 132,Baleares,Illes Balears,Maó,132.0,39.897105122566,4.2578500450896,otras,Puesta en servicio,RdT,247.2,245.2
12966.0,MERCADAL 132,Baleares,Illes Balears,"Mercadal, Es",132.0,39.977153713517,4.0957280567651,almacenamiento,Con permisos,RdD,,4.0
12966.0,MERCADAL 132,Baleares,Illes Balears,"Mercadal, Es",132.0,39.977153713517,4.0957280567651,almacenamiento,Con permisos,RdT,,15.0
12966.0,MERCADAL 132,Baleares,Illes Balears,"Mercadal, Es",132.0,39.977153713517,4.0957280567651,fotovoltaica,Con permisos,RdD,4.0,5.0
12966.0,MERCADAL 132,Baleares,Illes Balears,"Mercadal, Es",132.0,39.977153713517,4.0957280567651,fotovoltaica,Con permisos,RdT,15.0,45.0
12966.0,MERCADAL 132,Baleares,Illes Balears,"Mercadal, Es",132.0,39.977153713517,4.0957280567651,fotovoltaica,Puesta en servicio,RdD,1.2,6.53
12966.0,MERCADAL 132,Baleares,Illes Balears,"Mercadal, Es",132.0,39.977153713517,4.0957280567651,fotovoltaica,Puesta en servicio,RdT,,
12966.0,MERCADAL 132,Baleares,Illes Balears,"Mercadal, Es",132.0,39.977153713517,4.0957280567651,hibridacion,Con permisos,RdD,,
12966.0,MERCADAL 132,Baleares,Illes Balears,"Mercadal, Es",132.0,39.977153713517,4.0957280567651,hibridacion,Con permisos,RdT,25.0,
12966.0,MERCADAL 132,Baleares,Illes Balears,"Mercadal, Es",132.0,39.977153713517,4.0957280567651,hibridacion,Puesta en servicio,RdD,4.59,
12966.0,MERCADAL 132,Baleares,Illes Balears,"Mercadal, Es",132.0,39.977153713517,4.0957280567651,hibridacion,Puesta en servicio,RdT,,
7048.0,ARENAL 66,Baleares,Illes Balears,Palma,66.0,39.526457906072,2.7729298690989,almacenamiento,Con permisos,RdD,,10.0
7048.0,ARENAL 66,Baleares,Illes Balears,Palma,66.0,39.526457906072,2.7729298690989,almacenamiento,Con permisos,RdT,,
7048.0,ARENAL 66,Baleares,Illes Balears,Palma,66.0,39.526457906072,2.7729298690989,fotovoltaica,Con permisos,RdD,57.0,83.0
7048.0,ARENAL 66,Baleares,Illes Balears,Palma,66.0,39.526457906072,2.7729298690989,fotovoltaica,Con permisos,RdT,,
7048.0,ARENAL 66,Baleares,Illes Balears,Palma,66.0,39.526457906072,2.7729298690989,fotovoltaica,Puesta en servicio,RdD,8.5,8.5
7048.0,ARENAL 66,Baleares,Illes Balears,Palma,66.0,39.526457906072,2.7729298690989,fotovoltaica,Puesta en servicio,RdT,,
7048.0,ARENAL 66,Baleares,Illes Balears,Palma,66.0,39.526457906072,2.7729298690989,hibridacion,Con permisos,RdD,15.0,
7048.0,ARENAL 66,Baleares,Illes Balears,Palma,66.0,39.526457906072,2.7729298690989,hibridacion,Con permisos,RdT,,
7048.0,ARENAL 66,Baleares,Illes Balears,Palma,66.0,39.526457906072,2.7729298690989,otras,Con permisos,RdD,1.0,1.0
7048.0,ARENAL 66,Baleares,Illes Balears,Palma,66.0,39.526457906072,2.7729298690989,otras,Con permisos,RdT,,
7048.0,ARENAL 66,Baleares,Illes Balears,Palma,66.0,39.526457906072,2.7729298690989,otras,Puesta en servicio,RdD,5.13,5.13
7048.0,ARENAL 66,Baleares,Illes Balears,Palma,66.0,39.526457906072,2.7729298690989,otras,Puesta en servicio,RdT,,
7050.0,BIT 66,Baleares,Illes Balears,Palma,66.0,39.632981714252,2.6472211143473,almacenamiento,Con permisos,RdD,,6.0
7050.0,BIT 66,Baleares,Illes Balears,Palma,66.0,39.632981714252,2.6472211143473,almacenamiento,Con permisos,RdT,,
7050.0,BIT 66,Baleares,Illes Balears,Palma,66.0,39.632981714252,2.6472211143473,fotovoltaica,Con permisos,RdD,23.0,26.0
7050.0,BIT 66,Baleares,Illes Balears,Palma,66.0,39.632981714252,2.6472211143473,fotovoltaica,Con permisos,RdT,,
7050.0,BIT 66,Baleares,Illes Balears,Palma,66.0,39.632981714252,2.6472211143473,fotovoltaica,Puesta en servicio,RdD,,14.14
7050.0,BIT 66,Baleares,Illes Balears,Palma,66.0,39.632981714252,2.6472211143473,fotovoltaica,Puesta en servicio,RdT,,
7050.0,BIT 66,Baleares,Illes Balears,Palma,66.0,39.632981714252,2.6472211143473,hibridacion,Con permisos,RdD,3.0,
7050.0,BIT 66,Baleares,Illes Balears,Palma,66.0,39.632981714252,2.6472211143473,hibridacion,Con permisos,RdT,,
7050.0,BIT 66,Baleares,Illes Balears,Palma,66.0,39.632981714252,2.6472211143473,hibridacion,Puesta en servicio,RdD,13.2,
7050.0,BIT 66,Baleares,Illes Balears,Palma,66.0,39.632981714252,2.6472211143473,hibridacion,Puesta en servicio,RdT,,
7050.0,BIT 66,Baleares,Illes Balears,Palma,66.0,39.632981714252,2.6472211143473,otras,Puesta en servicio,RdD,2.92,2.92
7050.0,BIT 66,Baleares,Illes Balears,Palma,66.0,39.632981714252,2.6472211143473,otras,Puesta en servicio,RdT,,
7056.0,CA'S TRESORER 220,Baleares,Illes Balears,Palma,220.0,39.566566242492,2.6873628702293,otras,Puesta en servicio,RdD,,
7056.0,CA'S TRESORER 220,Baleares,Illes Balears,Palma,220.0,39.566566242492,2.6873628702293,otras,Puesta en servicio,RdT,436.87,429.0
7074.0,SON REUS 220,Baleares,Illes Balears,Palma,220.0,39.650684307585,2.6787710094015,almacenamiento,Con permisos,RdD,,
7074.0,SON REUS 220,Baleares,Illes Balears,Palma,220.0,39.650684307585,2.6787710094015,almacenamiento,Con permisos,RdT,36.0,61.0
7074.0,SON REUS 220,Baleares,Illes Balears,Palma,220.0,39.650684307585,2.6787710094015,otras,Puesta en servicio,RdD,,
7074.0,SON REUS 220,Baleares,Illes Balears,Palma,220.0,39.650684307585,2.6787710094015,otras,Puesta en servicio,RdT,612.3,528.7
7075.0,SON REUS 66,Baleares,Illes Balears,Palma,66.0,39.650684307585,2.6787710094015,fotovoltaica,Con permisos,RdD,,
7075.0,SON REUS 66,Baleares,Illes Balears,Palma,66.0,39.650684307585,2.6787710094015,fotovoltaica,Con permisos,RdT,34.0,39.0
7075.0,SON REUS 66,Baleares,Illes Balears,Palma,66.0,39.650684307585,2.6787710094015,hibridacion,Puesta en servicio,RdD,,
7075.0,SON REUS 66,Baleares,Illes Balears,Palma,66.0,39.650684307585,2.6787710094015,hibridacion,Puesta en servicio,RdT,34.1,
7075.0,SON REUS 66,Baleares,Illes Balears,Palma,66.0,39.650684307585,2.6787710094015,otras,Puesta en servicio,RdD,,
7075.0,SON REUS 66,Baleares,Illes Balears,Palma,66.0,39.650684307585,2.6787710094015,otras,Puesta en servicio,RdT,43.34,78.78
7382.0,SON OMS 66,Baleares,Illes Balears,Palma,66.0,39.537415574235,2.7341736267598,almacenamiento,Con permisos,RdD,20.0,20.0
7382.0,SON OMS 66,Baleares,Illes Balears,Palma,66.0,39.537415574235,2.7341736267598,almacenamiento,Con permisos,RdT,,
7382.0,SON OMS 66,Baleares,Illes Balears,Palma,66.0,39.537415574235,2.7341736267598,fotovoltaica,Con permisos,RdD,10.0,10.0
7382.0,SON OMS 66,Baleares,Illes Balears,Palma,66.0,39.537415574235,2.7341736267598,fotovoltaica,Con permisos,RdT,,
12666.0,SON ORLANDIS 66,Baleares,Illes Balears,Palma,66.0,39.600241695794,2.7442304751271,almacenamiento,Con permisos,RdD,,
12666.0,SON ORLANDIS 66,Baleares,Illes Balears,Palma,66.0,39.600241695794,2.7442304751271,almacenamiento,Con permisos,RdT,9.0,29.0
12666.0,SON ORLANDIS 66,Baleares,Illes Balears,Palma,66.0,39.600241695794,2.7442304751271,almacenamiento,En curso,RdD,,
12666.0,SON ORLANDIS 66,Baleares,Illes Balears,Palma,66.0,39.600241695794,2.7442304751271,almacenamiento,En curso,RdT,98.0,98.0
12666.0,SON ORLANDIS 66,Baleares,Illes Balears,Palma,66.0,39.600241695794,2.7442304751271,fotovoltaica,Con permisos,RdD,,
12666.0,SON ORLANDIS 66,Baleares,Illes Balears,Palma,66.0,39.600241695794,2.7442304751271,fotovoltaica,Con permisos,RdT,61.0,64.0
12666.0,SON ORLANDIS 66,Baleares,Illes Balears,Palma,66.0,39.600241695794,2.7442304751271,hibridacion,Con permisos,RdD,,
12666.0,SON ORLANDIS 66,Baleares,Illes Balears,Palma,66.0,39.600241695794,2.7442304751271,hibridacion,Con permisos,RdT,18.0,
12707.0,COLISEO 66,Baleares,Illes Balears,Palma,66.0,39.583792598843,2.6546272944775,almacenamiento,Con permisos,RdD,27.0,29.0
12707.0,COLISEO 66,Baleares,Illes Balears,Palma,66.0,39.583792598843,2.6546272944775,almacenamiento,Con permisos,RdT,,
12769.0,FALCA 66,Baleares,Illes Balears,Palma,66.0,39.581245552547,2.6395203174731,almacenamiento,Con permisos,RdD,10.0,10.0
12769.0,FALCA 66,Baleares,Illes Balears,Palma,66.0,39.581245552547,2.6395203174731,almacenamiento,Con permisos,RdT,,
12909.0,LLATZER 66,Baleares,Illes Balears,Palma,66.0,39.567094065236,2.6868278765288,almacenamiento,Con permisos,RdD,40.0,40.0
12909.0,LLATZER 66,Baleares,Illes Balears,Palma,66.0,39.567094065236,2.6868278765288,almacenamiento,Con permisos,RdT,,
12909.0,LLATZER 66,Baleares,Illes Balears,Palma,66.0,39.567094065236,2.6868278765288,fotovoltaica,Con permisos,RdD,23.0,30.0
12909.0,LLATZER 66,Baleares,Illes Balears,Palma,66.0,39.567094065236,2.6868278765288,fotovoltaica,Con permisos,RdT,,
12909.0,LLATZER 66,Baleares,Illes Balears,Palma,66.0,39.567094065236,2.6868278765288,otras,Puesta en servicio,RdD,3.35,3.35
12909.0,LLATZER 66,Baleares,Illes Balears,Palma,66.0,39.567094065236,2.6868278765288,otras,Puesta en servicio,RdT,,
12977.0,MOLINES 66,Baleares,Illes Balears,Palma,66.0,39.567727758557,2.6746291017265,almacenamiento,Con permisos,RdD,59.0,59.0
12977.0,MOLINES 66,Baleares,Illes Balears,Palma,66.0,39.567727758557,2.6746291017265,almacenamiento,Con permisos,RdT,,
13209.0,SAN JUAN BALEARES 66,Baleares,Illes Balears,Palma,66.0,39.547344437376,2.70167005559,almacenamiento,Con permisos,RdD,39.0,49.0
13209.0,SAN JUAN BALEARES 66,Baleares,Illes Balears,Palma,66.0,39.547344437376,2.70167005559,almacenamiento,Con permisos,RdT,,
13209.0,SAN JUAN BALEARES 66,Baleares,Illes Balears,Palma,66.0,39.547344437376,2.70167005559,fotovoltaica,Con permisos,RdD,2.0,2.0
13209.0,SAN JUAN BALEARES 66,Baleares,Illes Balears,Palma,66.0,39.547344437376,2.70167005559,fotovoltaica,Con permisos,RdT,,
13469.0,SAN AGUSTIN BALEARES 66,Baleares,Illes Balears,Palma,66.0,39.553724211986,2.5933886407837,almacenamiento,Con permisos,RdD,47.0,50.0
13469.0,SAN AGUSTIN BALEARES 66,Baleares,Illes Balears,Palma,66.0,39.553724211986,2.5933886407837,almacenamiento,Con permisos,RdT,,
13473.0,SANTA CATALINA 66,Baleares,Illes Balears,Palma,66.0,39.573343050806,2.6350295027754,almacenamiento,Con permisos,RdD,27.0,29.0
13473.0,SANTA CATALINA 66,Baleares,Illes Balears,Palma,66.0,39.573343050806,2.6350295027754,almacenamiento,Con permisos,RdT,,
13478.0,NUREDDUNA 66,Baleares,Illes Balears,Palma,66.0,39.572213541925,2.6583794522219,almacenamiento,Con permisos,RdD,17.0,18.0
13478.0,NUREDDUNA 66,Baleares,Illes Balears,Palma,66.0,39.572213541925,2.6583794522219,almacenamiento,Con permisos,RdT,,
13480.0,POLIGONO BALEARES 66,Baleares,Illes Balears,Palma,66.0,39.608369099249,2.6592312600272,almacenamiento,Con permisos,RdD,3.0,13.0
13480.0,POLIGONO BALEARES 66,Baleares,Illes Balears,Palma,66.0,39.608369099249,2.6592312600272,almacenamiento,Con permisos,RdT,,
13480.0,POLIGONO BALEARES 66,Baleares,Illes Balears,Palma,66.0,39.608369099249,2.6592312600272,fotovoltaica,Con permisos,RdD,22.0,41.0
13480.0,POLIGONO BALEARES 66,Baleares,Illes Balears,Palma,66.0,39.608369099249,2.6592312600272,fotovoltaica,Con permisos,RdT,,
13480.0,POLIGONO BALEARES 66,Baleares,Illes Balears,Palma,66.0,39.608369099249,2.6592312600272,fotovoltaica,Puesta en servicio,RdD,,7.7
13480.0,POLIGONO BALEARES 66,Baleares,Illes Balears,Palma,66.0,39.608369099249,2.6592312600272,fotovoltaica,Puesta en servicio,RdT,,
13480.0,POLIGONO BALEARES 66,Baleares,Illes Balears,Palma,66.0,39.608369099249,2.6592312600272,hibridacion,Con permisos,RdD,16.0,
13480.0,POLIGONO BALEARES 66,Baleares,Illes Balears,Palma,66.0,39.608369099249,2.6592312600272,hibridacion,Con permisos,RdT,,
13482.0,RAFAL 66,Baleares,Illes Balears,Palma,66.0,39.591400925424,2.6325138772293,almacenamiento,Con permisos,RdD,20.0,21.0
13482.0,RAFAL 66,Baleares,Illes Balears,Palma,66.0,39.591400925424,2.6325138772293,almacenamiento,Con permisos,RdT,,
13482.0,RAFAL 66,Baleares,Illes Balears,Palma,66.0,39.591400925424,2.6325138772293,fotovoltaica,Con permisos,RdD,1.0,4.0
13482.0,RAFAL 66,Baleares,Illes Balears,Palma,66.0,39.591400925424,2.6325138772293,fotovoltaica,Con permisos,RdT,,
13482.0,RAFAL 66,Baleares,Illes Balears,Palma,66.0,39.591400925424,2.6325138772293,hibridacion,Con permisos,RdD,2.0,
13482.0,RAFAL 66,Baleares,Illes Balears,Palma,66.0,39.591400925424,2.6325138772293,hibridacion,Con permisos,RdT,,
7069.0,SA POBLA 66,Baleares,Illes Balears,"Pobla, Sa",66.0,39.763602602532,3.0317986638702,almacenamiento,Con permisos,RdD,9.0,9.0
7069.0,SA POBLA 66,Baleares,Illes Balears,"Pobla, Sa",66.0,39.763602602532,3.0317986638702,almacenamiento,Con permisos,RdT,,
7069.0,SA POBLA 66,Baleares,Illes Balears,"Pobla, Sa",66.0,39.763602602532,3.0317986638702,fotovoltaica,Con permisos,RdD,40.0,52.0
7069.0,SA POBLA 66,Baleares,Illes Balears,"Pobla, Sa",66.0,39.763602602532,3.0317986638702,fotovoltaica,Con permisos,RdT,,
7069.0,SA POBLA 66,Baleares,Illes Balears,"Pobla, Sa",66.0,39.763602602532,3.0317986638702,fotovoltaica,Puesta en servicio,RdD,3.6,3.6
7069.0,SA POBLA 66,Baleares,Illes Balears,"Pobla, Sa",66.0,39.763602602532,3.0317986638702,fotovoltaica,Puesta en servicio,RdT,,
13481.0,POLLENSA 66,Baleares,Illes Balears,Pollença,66.0,39.884387021747,3.0562771082203,almacenamiento,Con permisos,RdD,40.0,53.0
13481.0,POLLENSA 66,Baleares,Illes Balears,Pollença,66.0,39.884387021747,3.0562771082203,almacenamiento,Con permisos,RdT,,
13481.0,POLLENSA 66,Baleares,Illes Balears,Pollença,66.0,39.884387021747,3.0562771082203,fotovoltaica,Con permisos,RdD,1.0,1.0
13481.0,POLLENSA 66,Baleares,Illes Balears,Pollença,66.0,39.884387021747,3.0562771082203,fotovoltaica,Con permisos,RdT,,
7381.0,SANTA EULALIA 66,Baleares,Illes Balears,Sant Joan de Labritja,66.0,39.006337464376,1.4903347185546,fotovoltaica,Puesta en servicio,RdD,2.48,2.5
7381.0,SANTA EULALIA 66,Baleares,Illes Balears,Sant Joan de Labritja,66.0,39.006337464376,1.4903347185546,fotovoltaica,Puesta en servicio,RdT,,
13467.0,SAN JORGE 66,Baleares,Illes Balears,Sant Josep de sa Talaia,66.0,38.90458826526,1.3781841116692,almacenamiento,Con permisos,RdD,7.0,7.0
13467.0,SAN JORGE 66,Baleares,Illes Balears,Sant Josep de sa Talaia,66.0,38.90458826526,1.3781841116692,almacenamiento,Con permisos,RdT,,
13467.0,SAN JORGE 66,Baleares,Illes Balears,Sant Josep de sa Talaia,66.0,38.90458826526,1.3781841116692,fotovoltaica,Puesta en servicio,RdD,1.9,1.9
13467.0,SAN JORGE 66,Baleares,Illes Balears,Sant Josep de sa Talaia,66.0,38.90458826526,1.3781841116692,fotovoltaica,Puesta en servicio,RdT,,
7053.0,CALA MILLOR 66,Baleares,Illes Balears,Sant Llorenç des Cardassar,66.0,39.583192099376,3.3632980374546,almacenamiento,Con permisos,RdD,1.0,7.0
7053.0,CALA MILLOR 66,Baleares,Illes Balears,Sant Llorenç des Cardassar,66.0,39.583192099376,3.3632980374546,almacenamiento,Con permisos,RdT,,
7053.0,CALA MILLOR 66,Baleares,Illes Balears,Sant Llorenç des Cardassar,66.0,39.583192099376,3.3632980374546,fotovoltaica,Con permisos,RdD,35.0,51.0
7053.0,CALA MILLOR 66,Baleares,Illes Balears,Sant Llorenç des Cardassar,66.0,39.583192099376,3.3632980374546,fotovoltaica,Con permisos,RdT,,
7053.0,CALA MILLOR 66,Baleares,Illes Balears,Sant Llorenç des Cardassar,66.0,39.583192099376,3.3632980374546,fotovoltaica,Puesta en servicio,RdD,18.23,18.73
7053.0,CALA MILLOR 66,Baleares,Illes Balears,Sant Llorenç des Cardassar,66.0,39.583192099376,3.3632980374546,fotovoltaica,Puesta en servicio,RdT,,
7053.0,CALA MILLOR 66,Baleares,Illes Balears,Sant Llorenç des Cardassar,66.0,39.583192099376,3.3632980374546,hibridacion,Con permisos,RdD,3.0,
7053.0,CALA MILLOR 66,Baleares,Illes Balears,Sant Llorenç des Cardassar,66.0,39.583192099376,3.3632980374546,hibridacion,Con permisos,RdT,,
16767.0,SAGUNTUM 220,Baleares,Illes Balears,Sant Lluís,220.0,5.5428321430778,30.156893885701,almacenamiento,En curso,RdD,15.0,15.17
16767.0,SAGUNTUM 220,Baleares,Illes Balears,Sant Lluís,220.0,5.5428321430778,30.156893885701,almacenamiento,En curso,RdT,,
16767.0,SAGUNTUM 220,Baleares,Illes Balears,Sant Lluís,220.0,5.5428321430778,30.156893885701,fotovoltaica,Con permisos,RdD,,
16767.0,SAGUNTUM 220,Baleares,Illes Balears,Sant Lluís,220.0,5.5428321430778,30.156893885701,fotovoltaica,Con permisos,RdT,65.0,150.0
13468.0,TORRENT 66,Baleares,Illes Balears,Santa Eulària des Riu,66.0,38.935836988594,1.432717417721,almacenamiento,Con permisos,RdD,,2.0
13468.0,TORRENT 66,Baleares,Illes Balears,Santa Eulària des Riu,66.0,38.935836988594,1.432717417721,almacenamiento,Con permisos,RdT,,
13468.0,TORRENT 66,Baleares,Illes Balears,Santa Eulària des Riu,66.0,38.935836988594,1.432717417721,fotovoltaica,Con permisos,RdD,,3.0
13468.0,TORRENT 66,Baleares,Illes Balears,Santa Eulària des Riu,66.0,38.935836988594,1.432717417721,fotovoltaica,Con permisos,RdT,,
13468.0,TORRENT 66,Baleares,Illes Balears,Santa Eulària des Riu,66.0,38.935836988594,1.432717417721,fotovoltaica,Puesta en servicio,RdD,3.08,3.28
13468.0,TORRENT 66,Baleares,Illes Balears,Santa Eulària des Riu,66.0,38.935836988594,1.432717417721,fotovoltaica,Puesta en servicio,RdT,,
13468.0,TORRENT 66,Baleares,Illes Balears,Santa Eulària des Riu,66.0,38.935836988594,1.432717417721,hibridacion,Con permisos,RdD,2.0,
13468.0,TORRENT 66,Baleares,Illes Balears,Santa Eulària des Riu,66.0,38.935836988594,1.432717417721,hibridacion,Con permisos,RdT,,
13468.0,TORRENT 66,Baleares,Illes Balears,Santa Eulària des Riu,66.0,38.935836988594,1.432717417721,otras,Puesta en servicio,RdD,1.8,1.8
13468.0,TORRENT 66,Baleares,Illes Balears,Santa Eulària des Riu,66.0,38.935836988594,1.432717417721,otras,Puesta en servicio,RdT,,
7055.0,CAN PICAFORT 66,Baleares,Illes Balears,Santa Margalida,66.0,39.747341047747,3.1560081600849,almacenamiento,Con permisos,RdD,,5.0
7055.0,CAN PICAFORT 66,Baleares,Illes Balears,Santa Margalida,66.0,39.747341047747,3.1560081600849,almacenamiento,Con permisos,RdT,,
7055.0,CAN PICAFORT 66,Baleares,Illes Balears,Santa Margalida,66.0,39.747341047747,3.1560081600849,fotovoltaica,Con permisos,RdD,15.0,44.0
7055.0,CAN PICAFORT 66,Baleares,Illes Balears,Santa Margalida,66.0,39.747341047747,3.1560081600849,fotovoltaica,Con permisos,RdT,,
7055.0,CAN PICAFORT 66,Baleares,Illes Balears,Santa Margalida,66.0,39.747341047747,3.1560081600849,fotovoltaica,Puesta en servicio,RdD,29.63,30.7
7055.0,CAN PICAFORT 66,Baleares,Illes Balears,Santa Margalida,66.0,39.747341047747,3.1560081600849,fotovoltaica,Puesta en servicio,RdT,,
7055.0,CAN PICAFORT 66,Baleares,Illes Balears,Santa Margalida,66.0,39.747341047747,3.1560081600849,hibridacion,Con permisos,RdD,25.0,
7055.0,CAN PICAFORT 66,Baleares,Illes Balears,Santa Margalida,66.0,39.747341047747,3.1560081600849,hibridacion,Con permisos,RdT,,
7385.0,SANTA MARIA 66,Baleares,Illes Balears,Santa María del Camí,66.0,39.653157215143,2.8059559737192,almacenamiento,Con permisos,RdD,15.0,24.0
7385.0,SANTA MARIA 66,Baleares,Illes Balears,Santa María del Camí,66.0,39.653157215143,2.8059559737192,almacenamiento,Con permisos,RdT,36.0,42.0
7385.0,SANTA MARIA 66,Baleares,Illes Balears,Santa María del Camí,66.0,39.653157215143,2.8059559737192,fotovoltaica,Con permisos,RdD,7.0,19.0
7385.0,SANTA MARIA 66,Baleares,Illes Balears,Santa María del Camí,66.0,39.653157215143,2.8059559737192,fotovoltaica,Con permisos,RdT,,
7385.0,SANTA MARIA 66,Baleares,Illes Balears,Santa María del Camí,66.0,39.653157215143,2.8059559737192,fotovoltaica,Puesta en servicio,RdD,5.67,7.29
7385.0,SANTA MARIA 66,Baleares,Illes Balears,Santa María del Camí,66.0,39.653157215143,2.8059559737192,fotovoltaica,Puesta en servicio,RdT,,
7385.0,SANTA MARIA 66,Baleares,Illes Balears,Santa María del Camí,66.0,39.653157215143,2.8059559737192,hibridacion,Con permisos,RdD,4.0,
7385.0,SANTA MARIA 66,Baleares,Illes Balears,Santa María del Camí,66.0,39.653157215143,2.8059559737192,hibridacion,Con permisos,RdT,,
7385.0,SANTA MARIA 66,Baleares,Illes Balears,Santa María del Camí,66.0,39.653157215143,2.8059559737192,hibridacion,Puesta en servicio,RdD,1.22,
7385.0,SANTA MARIA 66,Baleares,Illes Balears,Santa María del Camí,66.0,39.653157215143,2.8059559737192,hibridacion,Puesta en servicio,RdT,,
7072.0,SANTANYI 66,Baleares,Illes Balears,Santanyí,66.0,39.366977414428,3.1175014872453,fotovoltaica,Con permisos,RdD,30.0,35.0
7072.0,SANTANYI 66,Baleares,Illes Balears,Santanyí,66.0,39.366977414428,3.1175014872453,fotovoltaica,Con permisos,RdT,,
7072.0,SANTANYI 66,Baleares,Illes Balears,Santanyí,66.0,39.366977414428,3.1175014872453,fotovoltaica,Puesta en servicio,RdD,17.45,17.98
7072.0,SANTANYI 66,Baleares,Illes Balears,Santanyí,66.0,39.366977414428,3.1175014872453,fotovoltaica,Puesta en servicio,RdT,,
7078.0,AGÜIMES 66,Canarias,Las Palmas,Agüimes,66.0,27.888312106191,-15.449772931831,almacenamiento,Con permisos,RdD,,
7078.0,AGÜIMES 66,Canarias,Las Palmas,Agüimes,66.0,27.888312106191,-15.449772931831,almacenamiento,Con permisos,RdT,,6.0
7078.0,AGÜIMES 66,Canarias,Las Palmas,Agüimes,66.0,27.888312106191,-15.449772931831,eolica,Con permisos,RdD,,
7078.0,AGÜIMES 66,Canarias,Las Palmas,Agüimes,66.0,27.888312106191,-15.449772931831,eolica,Con permisos,RdT,4.0,4.0
7078.0,AGÜIMES 66,Canarias,Las Palmas,Agüimes,66.0,27.888312106191,-15.449772931831,eolica,Puesta en servicio,RdD,,
7078.0,AGÜIMES 66,Canarias,Las Palmas,Agüimes,66.0,27.888312106191,-15.449772931831,eolica,Puesta en servicio,RdT,9.6,23.55
7078.0,AGÜIMES 66,Canarias,Las Palmas,Agüimes,66.0,27.888312106191,-15.449772931831,fotovoltaica,Con permisos,RdD,,
7078.0,AGÜIMES 66,Canarias,Las Palmas,Agüimes,66.0,27.888312106191,-15.449772931831,fotovoltaica,Con permisos,RdT,11.0,11.0
7078.0,AGÜIMES 66,Canarias,Las Palmas,Agüimes,66.0,27.888312106191,-15.449772931831,hibridacion,Con permisos,RdD,,
7078.0,AGÜIMES 66,Canarias,Las Palmas,Agüimes,66.0,27.888312106191,-15.449772931831,hibridacion,Con permisos,RdT,12.0,
7083.0,ARINAGA 66,Canarias,Las Palmas,Agüimes,66.0,27.867024844133,-15.41083891256,eolica,Con permisos,RdD,,
7083.0,ARINAGA 66,Canarias,Las Palmas,Agüimes,66.0,27.867024844133,-15.41083891256,eolica,Con permisos,RdT,2.0,2.0
7083.0,ARINAGA 66,Canarias,Las Palmas,Agüimes,66.0,27.867024844133,-15.41083891256,eolica,Puesta en servicio,RdD,,
7083.0,ARINAGA 66,Canarias,Las Palmas,Agüimes,66.0,27.867024844133,-15.41083891256,eolica,Puesta en servicio,RdT,41.75,44.05
7083.0,ARINAGA 66,Canarias,Las Palmas,Agüimes,66.0,27.867024844133,-15.41083891256,fotovoltaica,Con permisos,RdD,,
7083.0,ARINAGA 66,Canarias,Las Palmas,Agüimes,66.0,27.867024844133,-15.41083891256,fotovoltaica,Con permisos,RdT,,1.0
7083.0,ARINAGA 66,Canarias,Las Palmas,Agüimes,66.0,27.867024844133,-15.41083891256,hibridacion,Puesta en servicio,RdD,,
7083.0,ARINAGA 66,Canarias,Las Palmas,Agüimes,66.0,27.867024844133,-15.41083891256,hibridacion,Puesta en servicio,RdT,2.3,
13100.0,PUNTA GRANDE 66,Canarias,Las Palmas,Arrecife,66.0,28.979719978389,-13.51755245168,eolica,Con permisos,RdD,6.0,6.0
13100.0,PUNTA GRANDE 66,Canarias,Las Palmas,Arrecife,66.0,28.979719978389,-13.51755245168,eolica,Con permisos,RdT,,
13100.0,PUNTA GRANDE 66,Canarias,Las Palmas,Arrecife,66.0,28.979719978389,-13.51755245168,eolica,Puesta en servicio,RdD,5.45,5.45
13100.0,PUNTA GRANDE 66,Canarias,Las Palmas,Arrecife,66.0,28.979719978389,-13.51755245168,eolica,Puesta en servicio,RdT,,
13100.0,PUNTA GRANDE 66,Canarias,Las Palmas,Arrecife,66.0,28.979719978389,-13.51755245168,otras,Puesta en servicio,RdD,2.1,2.1
13100.0,PUNTA GRANDE 66,Canarias,Las Palmas,Arrecife,66.0,28.979719978389,-13.51755245168,otras,Puesta en servicio,RdT,232.26,204.82
13440.0,ARUCAS 66,Canarias,Las Palmas,Arucas,66.0,28.09855451858,-15.529780423417,fotovoltaica,Puesta en servicio,RdD,0.6,0.6
13440.0,ARUCAS 66,Canarias,Las Palmas,Arucas,66.0,28.09855451858,-15.529780423417,fotovoltaica,Puesta en servicio,RdT,,
7093.0,CARRIZAL 66,Canarias,Las Palmas,Ingenio,66.0,27.914042030393,-15.423407359507,almacenamiento,Con permisos,RdD,,6.0
7093.0,CARRIZAL 66,Canarias,Las Palmas,Ingenio,66.0,27.914042030393,-15.423407359507,almacenamiento,Con permisos,RdT,,
7093.0,CARRIZAL 66,Canarias,Las Palmas,Ingenio,66.0,27.914042030393,-15.423407359507,eolica,Con permisos,RdD,7.0,10.0
7093.0,CARRIZAL 66,Canarias,Las Palmas,Ingenio,66.0,27.914042030393,-15.423407359507,eolica,Con permisos,RdT,,
7093.0,CARRIZAL 66,Canarias,Las Palmas,Ingenio,66.0,27.914042030393,-15.423407359507,eolica,Puesta en servicio,RdD,17.5,19.3
7093.0,CARRIZAL 66,Canarias,Las Palmas,Ingenio,66.0,27.914042030393,-15.423407359507,eolica,Puesta en servicio,RdT,,
7093.0,CARRIZAL 66,Canarias,Las Palmas,Ingenio,66.0,27.914042030393,-15.423407359507,fotovoltaica,Con permisos,RdD,3.0,5.0
7093.0,CARRIZAL 66,Canarias,Las Palmas,Ingenio,66.0,27.914042030393,-15.423407359507,fotovoltaica,Con permisos,RdT,,
7093.0,CARRIZAL 66,Canarias,Las Palmas,Ingenio,66.0,27.914042030393,-15.423407359507,fotovoltaica,Puesta en servicio,RdD,7.55,11.75
7093.0,CARRIZAL 66,Canarias,Las Palmas,Ingenio,66.0,27.914042030393,-15.423407359507,fotovoltaica,Puesta en servicio,RdT,,
7093.0,CARRIZAL 66,Canarias,Las Palmas,Ingenio,66.0,27.914042030393,-15.423407359507,hibridacion,Con permisos,RdD,3.0,
7093.0,CARRIZAL 66,Canarias,Las Palmas,Ingenio,66.0,27.914042030393,-15.423407359507,hibridacion,Con permisos,RdT,,
7093.0,CARRIZAL 66,Canarias,Las Palmas,Ingenio,66.0,27.914042030393,-15.423407359507,hibridacion,Puesta en servicio,RdD,4.0,
7093.0,CARRIZAL 66,Canarias,Las Palmas,Ingenio,66.0,27.914042030393,-15.423407359507,hibridacion,Puesta en servicio,RdT,,
7093.0,CARRIZAL 66,Canarias,Las Palmas,Ingenio,66.0,27.914042030393,-15.423407359507,otras,Con permisos,RdD,,1.0
7093.0,CARRIZAL 66,Canarias,Las Palmas,Ingenio,66.0,27.914042030393,-15.423407359507,otras,Con permisos,RdT,,
13444.0,ESCOBAR 66,Canarias,Las Palmas,Ingenio,66.0,27.913632923584,-15.423488858756,almacenamiento,Con permisos,RdD,,
13444.0,ESCOBAR 66,Canarias,Las Palmas,Ingenio,66.0,27.913632923584,-15.423488858756,almacenamiento,Con permisos,RdT,,1.0
13444.0,ESCOBAR 66,Canarias,Las Palmas,Ingenio,66.0,27.913632923584,-15.423488858756,eolica,Con permisos,RdD,,
13444.0,ESCOBAR 66,Canarias,Las Palmas,Ingenio,66.0,27.913632923584,-15.423488858756,eolica,Con permisos,RdT,,2.0
13444.0,ESCOBAR 66,Canarias,Las Palmas,Ingenio,66.0,27.913632923584,-15.423488858756,eolica,Puesta en servicio,RdD,,
13444.0,ESCOBAR 66,Canarias,Las Palmas,Ingenio,66.0,27.913632923584,-15.423488858756,eolica,Puesta en servicio,RdT,27.9,31.5
13444.0,ESCOBAR 66,Canarias,Las Palmas,Ingenio,66.0,27.913632923584,-15.423488858756,fotovoltaica,Con permisos,RdD,,
13444.0,ESCOBAR 66,Canarias,Las Palmas,Ingenio,66.0,27.913632923584,-15.423488858756,fotovoltaica,Con permisos,RdT,,2.0
13444.0,ESCOBAR 66,Canarias,Las Palmas,Ingenio,66.0,27.913632923584,-15.423488858756,fotovoltaica,Puesta en servicio,RdD,,
13444.0,ESCOBAR 66,Canarias,Las Palmas,Ingenio,66.0,27.913632923584,-15.423488858756,fotovoltaica,Puesta en servicio,RdT,24.68,30.6
13444.0,ESCOBAR 66,Canarias,Las Palmas,Ingenio,66.0,27.913632923584,-15.423488858756,hibridacion,Con permisos,RdD,,
13444.0,ESCOBAR 66,Canarias,Las Palmas,Ingenio,66.0,27.913632923584,-15.423488858756,hibridacion,Con permisos,RdT,2.0,
13444.0,ESCOBAR 66,Canarias,Las Palmas,Ingenio,66.0,27.913632923584,-15.423488858756,hibridacion,Puesta en servicio,RdD,,
13444.0,ESCOBAR 66,Canarias,Las Palmas,Ingenio,66.0,27.913632923584,-15.423488858756,hibridacion,Puesta en servicio,RdT,9.0,
7081.0,ARGUINEGUIN 66,Canarias,Las Palmas,Mogán,66.0,27.767383012048,-15.678640427603,almacenamiento,Con permisos,RdD,11.0,11.0
7081.0,ARGUINEGUIN 66,Canarias,Las Palmas,Mogán,66.0,27.767383012048,-15.678640427603,almacenamiento,Con permisos,RdT,,
7081.0,ARGUINEGUIN 66,Canarias,Las Palmas,Mogán,66.0,27.767383012048,-15.678640427603,fotovoltaica,Con permisos,RdD,23.0,24.0
7081.0,ARGUINEGUIN 66,Canarias,Las Palmas,Mogán,66.0,27.767383012048,-15.678640427603,fotovoltaica,Con permisos,RdT,,
7081.0,ARGUINEGUIN 66,Canarias,Las Palmas,Mogán,66.0,27.767383012048,-15.678640427603,otras,Puesta en servicio,RdD,0.68,0.68
7081.0,ARGUINEGUIN 66,Canarias,Las Palmas,Mogán,66.0,27.767383012048,-15.678640427603,otras,Puesta en servicio,RdT,,
12715.0,CORRALEJO 66,Canarias,Las Palmas,"Oliva, La",66.0,28.713429966615,-13.877396583462,almacenamiento,Con permisos,RdD,10.0,18.0
12715.0,CORRALEJO 66,Canarias,Las Palmas,"Oliva, La",66.0,28.713429966615,-13.877396583462,almacenamiento,Con permisos,RdT,,
12715.0,CORRALEJO 66,Canarias,Las Palmas,"Oliva, La",66.0,28.713429966615,-13.877396583462,eolica,Puesta en servicio,RdD,2.35,7.05
12715.0,CORRALEJO 66,Canarias,Las Palmas,"Oliva, La",66.0,28.713429966615,-13.877396583462,eolica,Puesta en servicio,RdT,,
12715.0,CORRALEJO 66,Canarias,Las Palmas,"Oliva, La",66.0,28.713429966615,-13.877396583462,fotovoltaica,Con permisos,RdD,8.0,14.0
12715.0,CORRALEJO 66,Canarias,Las Palmas,"Oliva, La",66.0,28.713429966615,-13.877396583462,fotovoltaica,Con permisos,RdT,,
12715.0,CORRALEJO 66,Canarias,Las Palmas,"Oliva, La",66.0,28.713429966615,-13.877396583462,hibridacion,Puesta en servicio,RdD,4.7,
12715.0,CORRALEJO 66,Canarias,Las Palmas,"Oliva, La",66.0,28.713429966615,-13.877396583462,hibridacion,Puesta en servicio,RdT,,
12883.0,LA OLIVA 132,Canarias,Las Palmas,"Oliva, La",132.0,28.748045092109,-13.879521170581,eolica,Con permisos,RdD,,
12883.0,LA OLIVA 132,Canarias,Las Palmas,"Oliva, La",132.0,28.748045092109,-13.879521170581,eolica,Con permisos,RdT,20.0,21.0
12852.0,JINAMAR 66,Canarias,Las Palmas,"Palmas de Gran Canaria, Las",66.0,28.041886535074,-15.411743709207,otras,Puesta en servicio,RdD,,
12852.0,JINAMAR 66,Canarias,Las Palmas,"Palmas de Gran Canaria, Las",66.0,28.041886535074,-15.411743709207,otras,Puesta en servicio,RdT,317.45,274.99
12886.0,LA PATERNA 66,Canarias,Las Palmas,"Palmas de Gran Canaria, Las",66.0,28.090841349423,-15.453882371864,almacenamiento,Con permisos,RdD,42.0,48.0
12886.0,LA PATERNA 66,Canarias,Las Palmas,"Palmas de Gran Canaria, Las",66.0,28.090841349423,-15.453882371864,almacenamiento,Con permisos,RdT,,
12886.0,LA PATERNA 66,Canarias,Las Palmas,"Palmas de Gran Canaria, Las",66.0,28.090841349423,-15.453882371864,fotovoltaica,Puesta en servicio,RdD,0.77,0.77
12886.0,LA PATERNA 66,Canarias,Las Palmas,"Palmas de Gran Canaria, Las",66.0,28.090841349423,-15.453882371864,fotovoltaica,Puesta en servicio,RdT,,
13004.0,MUELLE GRANDE 66,Canarias,Las Palmas,"Palmas de Gran Canaria, Las",66.0,28.152957870662,-15.417413057575,almacenamiento,Con permisos,RdD,30.0,30.0
13004.0,MUELLE GRANDE 66,Canarias,Las Palmas,"Palmas de Gran Canaria, Las",66.0,28.152957870662,-15.417413057575,almacenamiento,Con permisos,RdT,,
13442.0,BARRANCO SECO 66,Canarias,Las Palmas,"Palmas de Gran Canaria, Las",66.0,28.073434001765,-15.440239087067,almacenamiento,Con permisos,RdD,32.0,39.0
13442.0,BARRANCO SECO 66,Canarias,Las Palmas,"Palmas de Gran Canaria, Las",66.0,28.073434001765,-15.440239087067,almacenamiento,Con permisos,RdT,,
13442.0,BARRANCO SECO 66,Canarias,Las Palmas,"Palmas de Gran Canaria, Las",66.0,28.073434001765,-15.440239087067,fotovoltaica,Con permisos,RdD,4.0,4.0
13442.0,BARRANCO SECO 66,Canarias,Las Palmas,"Palmas de Gran Canaria, Las",66.0,28.073434001765,-15.440239087067,fotovoltaica,Con permisos,RdT,,
13443.0,BUENAVISTA GC 66,Canarias,Las Palmas,"Palmas de Gran Canaria, Las",66.0,28.122055820141,-15.437280181318,almacenamiento,Con permisos,RdD,51.0,54.0
13443.0,BUENAVISTA GC 66,Canarias,Las Palmas,"Palmas de Gran Canaria, Las",66.0,28.122055820141,-15.437280181318,almacenamiento,Con permisos,RdT,,
13443.0,BUENAVISTA GC 66,Canarias,Las Palmas,"Palmas de Gran Canaria, Las",66.0,28.122055820141,-15.437280181318,fotovoltaica,Con permisos,RdD,5.0,6.0
13443.0,BUENAVISTA GC 66,Canarias,Las Palmas,"Palmas de Gran Canaria, Las",66.0,28.122055820141,-15.437280181318,fotovoltaica,Con permisos,RdT,,
13445.0,LAS PALMAS OESTE 66,Canarias,Las Palmas,"Palmas de Gran Canaria, Las",66.0,28.102485293392,-15.494141705767,fotovoltaica,Con permisos,RdD,1.0,1.0
13445.0,LAS PALMAS OESTE 66,Canarias,Las Palmas,"Palmas de Gran Canaria, Las",66.0,28.102485293392,-15.494141705767,fotovoltaica,Con permisos,RdT,,
13446.0,LOMO APOLINARIO 66,Canarias,Las Palmas,"Palmas de Gran Canaria, Las",66.0,28.093803143402,-15.439217917844,almacenamiento,Con permisos,RdD,34.0,40.0
13446.0,LOMO APOLINARIO 66,Canarias,Las Palmas,"Palmas de Gran Canaria, Las",66.0,28.093803143402,-15.439217917844,almacenamiento,Con permisos,RdT,,
13094.0,PUERTO DEL ROSARIO 66,Canarias,Las Palmas,Puerto del Rosario,66.0,28.520871987858,-13.872186569622,eolica,Puesta en servicio,RdD,,
13094.0,PUERTO DEL ROSARIO 66,Canarias,Las Palmas,Puerto del Rosario,66.0,28.520871987858,-13.872186569622,eolica,Puesta en servicio,RdT,,29.2
13094.0,PUERTO DEL ROSARIO 66,Canarias,Las Palmas,Puerto del Rosario,66.0,28.520871987858,-13.872186569622,fotovoltaica,Con permisos,RdD,,
13094.0,PUERTO DEL ROSARIO 66,Canarias,Las Palmas,Puerto del Rosario,66.0,28.520871987858,-13.872186569622,fotovoltaica,Con permisos,RdT,10.0,15.0
13094.0,PUERTO DEL ROSARIO 66,Canarias,Las Palmas,Puerto del Rosario,66.0,28.520871987858,-13.872186569622,fotovoltaica,Puesta en servicio,RdD,,
13094.0,PUERTO DEL ROSARIO 66,Canarias,Las Palmas,Puerto del Rosario,66.0,28.520871987858,-13.872186569622,fotovoltaica,Puesta en servicio,RdT,9.32,10.4
13094.0,PUERTO DEL ROSARIO 66,Canarias,Las Palmas,Puerto del Rosario,66.0,28.520871987858,-13.872186569622,hibridacion,Puesta en servicio,RdD,,
13094.0,PUERTO DEL ROSARIO 66,Canarias,Las Palmas,Puerto del Rosario,66.0,28.520871987858,-13.872186569622,hibridacion,Puesta en servicio,RdT,29.2,
13094.0,PUERTO DEL ROSARIO 66,Canarias,Las Palmas,Puerto del Rosario,66.0,28.520871987858,-13.872186569622,otras,Con permisos,RdD,,
13094.0,PUERTO DEL ROSARIO 66,Canarias,Las Palmas,Puerto del Rosario,66.0,28.520871987858,-13.872186569622,otras,Con permisos,RdT,,34.0
13465.0,SALINAS 66,Canarias,Las Palmas,Puerto del Rosario,66.0,28.503270833904,-13.846074076207,eolica,Puesta en servicio,RdD,2.0,2.0
13465.0,SALINAS 66,Canarias,Las Palmas,Puerto del Rosario,66.0,28.503270833904,-13.846074076207,eolica,Puesta en servicio,RdT,,
13465.0,SALINAS 66,Canarias,Las Palmas,Puerto del Rosario,66.0,28.503270833904,-13.846074076207,fotovoltaica,Con permisos,RdD,17.0,19.0
13465.0,SALINAS 66,Canarias,Las Palmas,Puerto del Rosario,66.0,28.503270833904,-13.846074076207,fotovoltaica,Con permisos,RdT,,
13465.0,SALINAS 66,Canarias,Las Palmas,Puerto del Rosario,66.0,28.503270833904,-13.846074076207,fotovoltaica,Puesta en servicio,RdD,23.8,25.35
13465.0,SALINAS 66,Canarias,Las Palmas,Puerto del Rosario,66.0,28.503270833904,-13.846074076207,fotovoltaica,Puesta en servicio,RdT,,
13465.0,SALINAS 66,Canarias,Las Palmas,Puerto del Rosario,66.0,28.503270833904,-13.846074076207,otras,Puesta en servicio,RdD,,
13465.0,SALINAS 66,Canarias,Las Palmas,Puerto del Rosario,66.0,28.503270833904,-13.846074076207,otras,Puesta en servicio,RdT,173.34,147.52
7091.0,CAÑADA DE LA BARCA 132,Canarias,Las Palmas,Pájara,132.0,28.163944050259,-14.259502932631,almacenamiento,Con permisos,RdD,,
7091.0,CAÑADA DE LA BARCA 132,Canarias,Las Palmas,Pájara,132.0,28.163944050259,-14.259502932631,almacenamiento,Con permisos,RdT,21.0,24.0
12952.0,MATAS BLANCAS 132,Canarias,Las Palmas,Pájara,132.0,28.121830399871,-14.28357681835,eolica,Con permisos,RdD,,
12952.0,MATAS BLANCAS 132,Canarias,Las Palmas,Pájara,132.0,28.121830399871,-14.28357681835,eolica,Con permisos,RdT,12.0,12.0
12953.0,MATAS BLANCAS 66,Canarias,Las Palmas,Pájara,66.0,28.121830399871,-14.28357681835,eolica,Puesta en servicio,RdD,11.39,11.39
12953.0,MATAS BLANCAS 66,Canarias,Las Palmas,Pájara,66.0,28.121830399871,-14.28357681835,eolica,Puesta en servicio,RdT,,
7090.0,CALLEJONES 66,Canarias,Las Palmas,San Bartolomé,66.0,28.988513916605,-13.599586110233,eolica,Puesta en servicio,RdD,,
7090.0,CALLEJONES 66,Canarias,Las Palmas,San Bartolomé,66.0,28.988513916605,-13.599586110233,eolica,Puesta en servicio,RdT,27.6,27.6
7090.0,CALLEJONES 66,Canarias,Las Palmas,San Bartolomé,66.0,28.988513916605,-13.599586110233,fotovoltaica,Con permisos,RdD,,
7090.0,CALLEJONES 66,Canarias,Las Palmas,San Bartolomé,66.0,28.988513916605,-13.599586110233,fotovoltaica,Con permisos,RdT,4.0,5.0
13201.0,SAN BARTOLOME 66,Canarias,Las Palmas,San Bartolomé,66.0,28.988978340078,-13.599801790097,eolica,Puesta en servicio,RdD,1.13,1.13
13201.0,SAN BARTOLOME 66,Canarias,Las Palmas,San Bartolomé,66.0,28.988978340078,-13.599801790097,eolica,Puesta en servicio,RdT,,
13201.0,SAN BARTOLOME 66,Canarias,Las Palmas,San Bartolomé,66.0,28.988978340078,-13.599801790097,fotovoltaica,Puesta en servicio,RdD,2.0,2.0
13201.0,SAN BARTOLOME 66,Canarias,Las Palmas,San Bartolomé,66.0,28.988978340078,-13.599801790097,fotovoltaica,Puesta en servicio,RdT,,
12916.0,LOMO MASPALOMAS 66,Canarias,Las Palmas,San Bartolomé de Tirajana,66.0,27.772023295763,-15.580925145179,almacenamiento,Con permisos,RdD,,1.0
12916.0,LOMO MASPALOMAS 66,Canarias,Las Palmas,San Bartolomé de Tirajana,66.0,27.772023295763,-15.580925145179,almacenamiento,Con permisos,RdT,,
12916.0,LOMO MASPALOMAS 66,Canarias,Las Palmas,San Bartolomé de Tirajana,66.0,27.772023295763,-15.580925145179,fotovoltaica,Con permisos,RdD,13.0,36.0
12916.0,LOMO MASPALOMAS 66,Canarias,Las Palmas,San Bartolomé de Tirajana,66.0,27.772023295763,-15.580925145179,fotovoltaica,Con permisos,RdT,,
12916.0,LOMO MASPALOMAS 66,Canarias,Las Palmas,San Bartolomé de Tirajana,66.0,27.772023295763,-15.580925145179,fotovoltaica,En curso,RdD,3.0,3.23
12916.0,LOMO MASPALOMAS 66,Canarias,Las Palmas,San Bartolomé de Tirajana,66.0,27.772023295763,-15.580925145179,fotovoltaica,En curso,RdT,,
12916.0,LOMO MASPALOMAS 66,Canarias,Las Palmas,San Bartolomé de Tirajana,66.0,27.772023295763,-15.580925145179,hibridacion,Con permisos,RdD,15.0,
12916.0,LOMO MASPALOMAS 66,Canarias,Las Palmas,San Bartolomé de Tirajana,66.0,27.772023295763,-15.580925145179,hibridacion,Con permisos,RdT,,
12954.0,MATORRAL 66,Canarias,Las Palmas,San Bartolomé de Tirajana,66.0,27.809303288568,-15.438487482696,almacenamiento,Con permisos,RdD,,2.0
12954.0,MATORRAL 66,Canarias,Las Palmas,San Bartolomé de Tirajana,66.0,27.809303288568,-15.438487482696,almacenamiento,Con permisos,RdT,,21.0
12954.0,MATORRAL 66,Canarias,Las Palmas,San Bartolomé de Tirajana,66.0,27.809303288568,-15.438487482696,almacenamiento,Puesta en servicio,RdD,,
12954.0,MATORRAL 66,Canarias,Las Palmas,San Bartolomé de Tirajana,66.0,27.809303288568,-15.438487482696,almacenamiento,Puesta en servicio,RdT,,5.08
12954.0,MATORRAL 66,Canarias,Las Palmas,San Bartolomé de Tirajana,66.0,27.809303288568,-15.438487482696,eolica,Con permisos,RdD,1.0,12.0
12954.0,MATORRAL 66,Canarias,Las Palmas,San Bartolomé de Tirajana,66.0,27.809303288568,-15.438487482696,eolica,Con permisos,RdT,,4.0
12954.0,MATORRAL 66,Canarias,Las Palmas,San Bartolomé de Tirajana,66.0,27.809303288568,-15.438487482696,eolica,Puesta en servicio,RdD,44.41,49.81
12954.0,MATORRAL 66,Canarias,Las Palmas,San Bartolomé de Tirajana,66.0,27.809303288568,-15.438487482696,eolica,Puesta en servicio,RdT,20.1,49.05
12954.0,MATORRAL 66,Canarias,Las Palmas,San Bartolomé de Tirajana,66.0,27.809303288568,-15.438487482696,fotovoltaica,Con permisos,RdD,,5.0
12954.0,MATORRAL 66,Canarias,Las Palmas,San Bartolomé de Tirajana,66.0,27.809303288568,-15.438487482696,fotovoltaica,Con permisos,RdT,,20.0
12954.0,MATORRAL 66,Canarias,Las Palmas,San Bartolomé de Tirajana,66.0,27.809303288568,-15.438487482696,fotovoltaica,Puesta en servicio,RdD,2.13,2.13
12954.0,MATORRAL 66,Canarias,Las Palmas,San Bartolomé de Tirajana,66.0,27.809303288568,-15.438487482696,fotovoltaica,Puesta en servicio,RdT,,22.25
12954.0,MATORRAL 66,Canarias,Las Palmas,San Bartolomé de Tirajana,66.0,27.809303288568,-15.438487482696,hibridacion,Con permisos,RdD,10.0,
12954.0,MATORRAL 66,Canarias,Las Palmas,San Bartolomé de Tirajana,66.0,27.809303288568,-15.438487482696,hibridacion,Con permisos,RdT,,
12954.0,MATORRAL 66,Canarias,Las Palmas,San Bartolomé de Tirajana,66.0,27.809303288568,-15.438487482696,hibridacion,Puesta en servicio,RdD,5.4,
12954.0,MATORRAL 66,Canarias,Las Palmas,San Bartolomé de Tirajana,66.0,27.809303288568,-15.438487482696,hibridacion,Puesta en servicio,RdT,52.25,
13219.0,SANTA AGUEDA 66,Canarias,Las Palmas,San Bartolomé de Tirajana,66.0,27.769148466592,-15.66288210643,almacenamiento,Con permisos,RdD,,
13219.0,SANTA AGUEDA 66,Canarias,Las Palmas,San Bartolomé de Tirajana,66.0,27.769148466592,-15.66288210643,almacenamiento,Con permisos,RdT,20.0,37.0
13219.0,SANTA AGUEDA 66,Canarias,Las Palmas,San Bartolomé de Tirajana,66.0,27.769148466592,-15.66288210643,fotovoltaica,Con permisos,RdD,,
13219.0,SANTA AGUEDA 66,Canarias,Las Palmas,San Bartolomé de Tirajana,66.0,27.769148466592,-15.66288210643,fotovoltaica,Con permisos,RdT,17.0,22.0
13416.0,BARRANCO TIRAJANA 220,Canarias,Las Palmas,San Bartolomé de Tirajana,220.0,27.806469686589,-15.438574022703,otras,Puesta en servicio,RdD,,
13416.0,BARRANCO TIRAJANA 220,Canarias,Las Palmas,San Bartolomé de Tirajana,220.0,27.806469686589,-15.438574022703,otras,Puesta en servicio,RdT,608.85,581.58
13447.0,EL TABLERO 66,Canarias,Las Palmas,San Bartolomé de Tirajana,66.0,27.764606214176,-15.606909397247,fotovoltaica,Con permisos,RdD,18.0,19.0
13447.0,EL TABLERO 66,Canarias,Las Palmas,San Bartolomé de Tirajana,66.0,27.764606214176,-15.606909397247,fotovoltaica,Con permisos,RdT,,
13447.0,EL TABLERO 66,Canarias,Las Palmas,San Bartolomé de Tirajana,66.0,27.764606214176,-15.606909397247,fotovoltaica,Puesta en servicio,RdD,7.7,7.75
13447.0,EL TABLERO 66,Canarias,Las Palmas,San Bartolomé de Tirajana,66.0,27.764606214176,-15.606909397247,fotovoltaica,Puesta en servicio,RdT,,
13449.0,SAN AGUSTIN GC 66,Canarias,Las Palmas,San Bartolomé de Tirajana,66.0,27.76805265026,-15.554175523545,almacenamiento,Con permisos,RdD,16.0,18.0
13449.0,SAN AGUSTIN GC 66,Canarias,Las Palmas,San Bartolomé de Tirajana,66.0,27.76805265026,-15.554175523545,almacenamiento,Con permisos,RdT,,
13449.0,SAN AGUSTIN GC 66,Canarias,Las Palmas,San Bartolomé de Tirajana,66.0,27.76805265026,-15.554175523545,eolica,Con permisos,RdD,6.0,6.0
13449.0,SAN AGUSTIN GC 66,Canarias,Las Palmas,San Bartolomé de Tirajana,66.0,27.76805265026,-15.554175523545,eolica,Con permisos,RdT,,
13449.0,SAN AGUSTIN GC 66,Canarias,Las Palmas,San Bartolomé de Tirajana,66.0,27.76805265026,-15.554175523545,fotovoltaica,Con permisos,RdD,31.0,31.0
13449.0,SAN AGUSTIN GC 66,Canarias,Las Palmas,San Bartolomé de Tirajana,66.0,27.76805265026,-15.554175523545,fotovoltaica,Con permisos,RdT,,
13451.0,BARRANCO TIRAJANA 66,Canarias,Las Palmas,San Bartolomé de Tirajana,66.0,27.806469686589,-15.438574022703,otras,Puesta en servicio,RdD,,
13451.0,BARRANCO TIRAJANA 66,Canarias,Las Palmas,San Bartolomé de Tirajana,66.0,27.806469686589,-15.438574022703,otras,Puesta en servicio,RdT,37.5,32.34
7080.0,ALDEA BLANCA 66,Canarias,Las Palmas,Santa Lucía de Tirajana,66.0,27.849011644936,-15.477928430886,almacenamiento,Con permisos,RdD,,
7080.0,ALDEA BLANCA 66,Canarias,Las Palmas,Santa Lucía de Tirajana,66.0,27.849011644936,-15.477928430886,almacenamiento,Con permisos,RdT,,14.0
7080.0,ALDEA BLANCA 66,Canarias,Las Palmas,Santa Lucía de Tirajana,66.0,27.849011644936,-15.477928430886,eolica,Con permisos,RdD,,
7080.0,ALDEA BLANCA 66,Canarias,Las Palmas,Santa Lucía de Tirajana,66.0,27.849011644936,-15.477928430886,eolica,Con permisos,RdT,,8.0
7080.0,ALDEA BLANCA 66,Canarias,Las Palmas,Santa Lucía de Tirajana,66.0,27.849011644936,-15.477928430886,eolica,Puesta en servicio,RdD,8.2,8.2
7080.0,ALDEA BLANCA 66,Canarias,Las Palmas,Santa Lucía de Tirajana,66.0,27.849011644936,-15.477928430886,eolica,Puesta en servicio,RdT,19.2,54.0
7080.0,ALDEA BLANCA 66,Canarias,Las Palmas,Santa Lucía de Tirajana,66.0,27.849011644936,-15.477928430886,fotovoltaica,Con permisos,RdD,,
7080.0,ALDEA BLANCA 66,Canarias,Las Palmas,Santa Lucía de Tirajana,66.0,27.849011644936,-15.477928430886,fotovoltaica,Con permisos,RdT,7.0,36.0
7080.0,ALDEA BLANCA 66,Canarias,Las Palmas,Santa Lucía de Tirajana,66.0,27.849011644936,-15.477928430886,fotovoltaica,Puesta en servicio,RdD,3.0,3.0
7080.0,ALDEA BLANCA 66,Canarias,Las Palmas,Santa Lucía de Tirajana,66.0,27.849011644936,-15.477928430886,fotovoltaica,Puesta en servicio,RdT,,16.45
7080.0,ALDEA BLANCA 66,Canarias,Las Palmas,Santa Lucía de Tirajana,66.0,27.849011644936,-15.477928430886,hibridacion,Puesta en servicio,RdD,,
7080.0,ALDEA BLANCA 66,Canarias,Las Palmas,Santa Lucía de Tirajana,66.0,27.849011644936,-15.477928430886,hibridacion,Puesta en servicio,RdT,51.2,
7080.0,ALDEA BLANCA 66,Canarias,Las Palmas,Santa Lucía de Tirajana,66.0,27.849011644936,-15.477928430886,otras,Puesta en servicio,RdD,1.0,1.0
7080.0,ALDEA BLANCA 66,Canarias,Las Palmas,Santa Lucía de Tirajana,66.0,27.849011644936,-15.477928430886,otras,Puesta en servicio,RdT,,
12815.0,GUIA 66,Canarias,Las Palmas,Santa María de Guía de Gran Canaria,66.0,28.127993044121,-15.61771101168,almacenamiento,Con permisos,RdD,11.0,15.0
12815.0,GUIA 66,Canarias,Las Palmas,Santa María de Guía de Gran Canaria,66.0,28.127993044121,-15.61771101168,almacenamiento,Con permisos,RdT,,
12815.0,GUIA 66,Canarias,Las Palmas,Santa María de Guía de Gran Canaria,66.0,28.127993044121,-15.61771101168,eolica,Puesta en servicio,RdD,9.12,11.42
12815.0,GUIA 66,Canarias,Las Palmas,Santa María de Guía de Gran Canaria,66.0,28.127993044121,-15.61771101168,eolica,Puesta en servicio,RdT,,
12815.0,GUIA 66,Canarias,Las Palmas,Santa María de Guía de Gran Canaria,66.0,28.127993044121,-15.61771101168,fotovoltaica,Con permisos,RdD,,
12815.0,GUIA 66,Canarias,Las Palmas,Santa María de Guía de Gran Canaria,66.0,28.127993044121,-15.61771101168,fotovoltaica,Con permisos,RdT,8.0,8.0
12815.0,GUIA 66,Canarias,Las Palmas,Santa María de Guía de Gran Canaria,66.0,28.127993044121,-15.61771101168,fotovoltaica,Puesta en servicio,RdD,1.0,1.0
12815.0,GUIA 66,Canarias,Las Palmas,Santa María de Guía de Gran Canaria,66.0,28.127993044121,-15.61771101168,fotovoltaica,Puesta en servicio,RdT,,
12815.0,GUIA 66,Canarias,Las Palmas,Santa María de Guía de Gran Canaria,66.0,28.127993044121,-15.61771101168,otras,Puesta en servicio,RdD,2.3,
12815.0,GUIA 66,Canarias,Las Palmas,Santa María de Guía de Gran Canaria,66.0,28.127993044121,-15.61771101168,otras,Puesta en servicio,RdT,,
12671.0,TELDE 66,Canarias,Las Palmas,Telde,66.0,27.988297780439,-15.436829893372,almacenamiento,Con permisos,RdD,,3.0
12671.0,TELDE 66,Canarias,Las Palmas,Telde,66.0,27.988297780439,-15.436829893372,almacenamiento,Con permisos,RdT,,
12671.0,TELDE 66,Canarias,Las Palmas,Telde,66.0,27.988297780439,-15.436829893372,eolica,Con permisos,RdD,2.0,2.0
12671.0,TELDE 66,Canarias,Las Palmas,Telde,66.0,27.988297780439,-15.436829893372,eolica,Con permisos,RdT,,
12671.0,TELDE 66,Canarias,Las Palmas,Telde,66.0,27.988297780439,-15.436829893372,fotovoltaica,Con permisos,RdD,17.0,26.0
12671.0,TELDE 66,Canarias,Las Palmas,Telde,66.0,27.988297780439,-15.436829893372,fotovoltaica,Con permisos,RdT,,
12671.0,TELDE 66,Canarias,Las Palmas,Telde,66.0,27.988297780439,-15.436829893372,fotovoltaica,Puesta en servicio,RdD,7.38,7.55
12671.0,TELDE 66,Canarias,Las Palmas,Telde,66.0,27.988297780439,-15.436829893372,fotovoltaica,Puesta en servicio,RdT,,
12671.0,TELDE 66,Canarias,Las Palmas,Telde,66.0,27.988297780439,-15.436829893372,hibridacion,Con permisos,RdD,8.0,
12671.0,TELDE 66,Canarias,Las Palmas,Telde,66.0,27.988297780439,-15.436829893372,hibridacion,Con permisos,RdT,,
12700.0,CINSA 66,Canarias,Las Palmas,Telde,66.0,27.978056276721,-15.383297221969,almacenamiento,Con permisos,RdD,,
12700.0,CINSA 66,Canarias,Las Palmas,Telde,66.0,27.978056276721,-15.383297221969,almacenamiento,Con permisos,RdT,,8.0
12700.0,CINSA 66,Canarias,Las Palmas,Telde,66.0,27.978056276721,-15.383297221969,eolica,Puesta en servicio,RdD,4.66,4.66
12700.0,CINSA 66,Canarias,Las Palmas,Telde,66.0,27.978056276721,-15.383297221969,eolica,Puesta en servicio,RdT,,
12700.0,CINSA 66,Canarias,Las Palmas,Telde,66.0,27.978056276721,-15.383297221969,fotovoltaica,Con permisos,RdD,1.0,1.0
12700.0,CINSA 66,Canarias,Las Palmas,Telde,66.0,27.978056276721,-15.383297221969,fotovoltaica,Con permisos,RdT,,2.0
12700.0,CINSA 66,Canarias,Las Palmas,Telde,66.0,27.978056276721,-15.383297221969,fotovoltaica,Puesta en servicio,RdD,1.5,1.5
12700.0,CINSA 66,Canarias,Las Palmas,Telde,66.0,27.978056276721,-15.383297221969,fotovoltaica,Puesta en servicio,RdT,,6.0
12700.0,CINSA 66,Canarias,Las Palmas,Telde,66.0,27.978056276721,-15.383297221969,hibridacion,Con permisos,RdD,,
12700.0,CINSA 66,Canarias,Las Palmas,Telde,66.0,27.978056276721,-15.383297221969,hibridacion,Con permisos,RdT,2.0,
12700.0,CINSA 66,Canarias,Las Palmas,Telde,66.0,27.978056276721,-15.383297221969,hibridacion,Puesta en servicio,RdD,,
12700.0,CINSA 66,Canarias,Las Palmas,Telde,66.0,27.978056276721,-15.383297221969,hibridacion,Puesta en servicio,RdT,6.0,
12700.0,CINSA 66,Canarias,Las Palmas,Telde,66.0,27.978056276721,-15.383297221969,otras,Con permisos,RdD,,
12700.0,CINSA 66,Canarias,Las Palmas,Telde,66.0,27.978056276721,-15.383297221969,otras,Con permisos,RdT,,34.0
12949.0,MARZAGAN 66,Canarias,Las Palmas,Telde,66.0,28.030197927772,-15.41991782377,almacenamiento,Con permisos,RdD,21.0,23.0
12949.0,MARZAGAN 66,Canarias,Las Palmas,Telde,66.0,28.030197927772,-15.41991782377,almacenamiento,Con permisos,RdT,,
12949.0,MARZAGAN 66,Canarias,Las Palmas,Telde,66.0,28.030197927772,-15.41991782377,fotovoltaica,Con permisos,RdD,5.0,5.0
12949.0,MARZAGAN 66,Canarias,Las Palmas,Telde,66.0,28.030197927772,-15.41991782377,fotovoltaica,Con permisos,RdT,,
12949.0,MARZAGAN 66,Canarias,Las Palmas,Telde,66.0,28.030197927772,-15.41991782377,fotovoltaica,Puesta en servicio,RdD,3.8,3.8
12949.0,MARZAGAN 66,Canarias,Las Palmas,Telde,66.0,28.030197927772,-15.41991782377,fotovoltaica,Puesta en servicio,RdT,,
12806.0,GRAN TARAJAL 132,Canarias,Las Palmas,Tuineje,132.0,28.233031378581,-14.019676472466,eolica,Con permisos,RdD,,
12806.0,GRAN TARAJAL 132,Canarias,Las Palmas,Tuineje,132.0,28.233031378581,-14.019676472466,eolica,Con permisos,RdT,22.0,22.0
12806.0,GRAN TARAJAL 132,Canarias,Las Palmas,Tuineje,132.0,28.233031378581,-14.019676472466,fotovoltaica,Con permisos,RdD,,
12806.0,GRAN TARAJAL 132,Canarias,Las Palmas,Tuineje,132.0,28.233031378581,-14.019676472466,fotovoltaica,Con permisos,RdT,5.0,21.0
12807.0,GRAN TARAJAL 66,Canarias,Las Palmas,Tuineje,66.0,28.233031378581,-14.019676472466,almacenamiento,Con permisos,RdD,,2.0
12807.0,GRAN TARAJAL 66,Canarias,Las Palmas,Tuineje,66.0,28.233031378581,-14.019676472466,almacenamiento,Con permisos,RdT,,
12807.0,GRAN TARAJAL 66,Canarias,Las Palmas,Tuineje,66.0,28.233031378581,-14.019676472466,eolica,Con permisos,RdD,,4.0
12807.0,GRAN TARAJAL 66,Canarias,Las Palmas,Tuineje,66.0,28.233031378581,-14.019676472466,eolica,Con permisos,RdT,,
12807.0,GRAN TARAJAL 66,Canarias,Las Palmas,Tuineje,66.0,28.233031378581,-14.019676472466,fotovoltaica,Con permisos,RdD,9.0,19.0
12807.0,GRAN TARAJAL 66,Canarias,Las Palmas,Tuineje,66.0,28.233031378581,-14.019676472466,fotovoltaica,Con permisos,RdT,,
12807.0,GRAN TARAJAL 66,Canarias,Las Palmas,Tuineje,66.0,28.233031378581,-14.019676472466,fotovoltaica,Puesta en servicio,RdD,11.18,11.21
12807.0,GRAN TARAJAL 66,Canarias,Las Palmas,Tuineje,66.0,28.233031378581,-14.019676472466,fotovoltaica,Puesta en servicio,RdT,,
12807.0,GRAN TARAJAL 66,Canarias,Las Palmas,Tuineje,66.0,28.233031378581,-14.019676472466,hibridacion,Con permisos,RdD,5.0,
12807.0,GRAN TARAJAL 66,Canarias,Las Palmas,Tuineje,66.0,28.233031378581,-14.019676472466,hibridacion,Con permisos,RdT,,
12849.0,JARES 132,Canarias,Las Palmas,Tuineje,132.0,28.238378742355,-14.102863520939,eolica,Con permisos,RdD,,
12849.0,JARES 132,Canarias,Las Palmas,Tuineje,132.0,28.238378742355,-14.102863520939,eolica,Con permisos,RdT,13.0,13.0
12849.0,JARES 132,Canarias,Las Palmas,Tuineje,132.0,28.238378742355,-14.102863520939,eolica,Puesta en servicio,RdD,,
12849.0,JARES 132,Canarias,Las Palmas,Tuineje,132.0,28.238378742355,-14.102863520939,eolica,Puesta en servicio,RdT,10.0,10.0
12932.0,MACHER 66,Canarias,Las Palmas,Tías,66.0,28.951557423975,-13.684698672995,fotovoltaica,Con permisos,RdD,5.0,9.0
12932.0,MACHER 66,Canarias,Las Palmas,Tías,66.0,28.951557423975,-13.684698672995,fotovoltaica,Con permisos,RdT,,
12932.0,MACHER 66,Canarias,Las Palmas,Tías,66.0,28.951557423975,-13.684698672995,fotovoltaica,Puesta en servicio,RdD,2.0,2.0
12932.0,MACHER 66,Canarias,Las Palmas,Tías,66.0,28.951557423975,-13.684698672995,fotovoltaica,Puesta en servicio,RdT,,
13450.0,SAN MATEO 66,Canarias,Las Palmas,Vega de San Mateo,66.0,28.008625016306,-15.543522879354,almacenamiento,Con permisos,RdD,25.0,28.0
13450.0,SAN MATEO 66,Canarias,Las Palmas,Vega de San Mateo,66.0,28.008625016306,-15.543522879354,almacenamiento,Con permisos,RdT,,
13450.0,SAN MATEO 66,Canarias,Las Palmas,Vega de San Mateo,66.0,28.008625016306,-15.543522879354,fotovoltaica,Puesta en servicio,RdD,2.27,2.35
13450.0,SAN MATEO 66,Canarias,Las Palmas,Vega de San Mateo,66.0,28.008625016306,-15.543522879354,fotovoltaica,Puesta en servicio,RdT,,
13068.0,PLAYA BLANCA 66,Canarias,Las Palmas,Yaiza,66.0,28.868507504289,-13.800110778958,almacenamiento,Con permisos,RdD,12.0,17.0
13068.0,PLAYA BLANCA 66,Canarias,Las Palmas,Yaiza,66.0,28.868507504289,-13.800110778958,almacenamiento,Con permisos,RdT,,
13068.0,PLAYA BLANCA 66,Canarias,Las Palmas,Yaiza,66.0,28.868507504289,-13.800110778958,fotovoltaica,Con permisos,RdD,7.0,7.0
13068.0,PLAYA BLANCA 66,Canarias,Las Palmas,Yaiza,66.0,28.868507504289,-13.800110778958,fotovoltaica,Con permisos,RdT,,
13459.0,POLIGONO GUIMAR 66,Canarias,Santa Cruz De Tenerife,Arafo,66.0,28.33817997258,-16.373247076488,almacenamiento,Con permisos,RdD,13.0,19.0
13459.0,POLIGONO GUIMAR 66,Canarias,Santa Cruz De Tenerife,Arafo,66.0,28.33817997258,-16.373247076488,almacenamiento,Con permisos,RdT,,
13459.0,POLIGONO GUIMAR 66,Canarias,Santa Cruz De Tenerife,Arafo,66.0,28.33817997258,-16.373247076488,eolica,Con permisos,RdD,34.0,43.0
13459.0,POLIGONO GUIMAR 66,Canarias,Santa Cruz De Tenerife,Arafo,66.0,28.33817997258,-16.373247076488,eolica,Con permisos,RdT,,
13459.0,POLIGONO GUIMAR 66,Canarias,Santa Cruz De Tenerife,Arafo,66.0,28.33817997258,-16.373247076488,fotovoltaica,Con permisos,RdD,6.0,6.0
13459.0,POLIGONO GUIMAR 66,Canarias,Santa Cruz De Tenerife,Arafo,66.0,28.33817997258,-16.373247076488,fotovoltaica,Con permisos,RdT,,
13459.0,POLIGONO GUIMAR 66,Canarias,Santa Cruz De Tenerife,Arafo,66.0,28.33817997258,-16.373247076488,fotovoltaica,Puesta en servicio,RdD,1.57,1.57
13459.0,POLIGONO GUIMAR 66,Canarias,Santa Cruz De Tenerife,Arafo,66.0,28.33817997258,-16.373247076488,fotovoltaica,Puesta en servicio,RdT,,
7082.0,ARICO2 66,Canarias,Santa Cruz De Tenerife,Arico,66.0,28.160369258677,-16.445448420454,almacenamiento,Con permisos,RdD,,
7082.0,ARICO2 66,Canarias,Santa Cruz De Tenerife,Arico,66.0,28.160369258677,-16.445448420454,almacenamiento,Con permisos,RdT,,1.0
7082.0,ARICO2 66,Canarias,Santa Cruz De Tenerife,Arico,66.0,28.160369258677,-16.445448420454,eolica,Puesta en servicio,RdD,5.95,5.95
7082.0,ARICO2 66,Canarias,Santa Cruz De Tenerife,Arico,66.0,28.160369258677,-16.445448420454,eolica,Puesta en servicio,RdT,16.5,16.5
7082.0,ARICO2 66,Canarias,Santa Cruz De Tenerife,Arico,66.0,28.160369258677,-16.445448420454,fotovoltaica,Con permisos,RdD,1.0,1.0
7082.0,ARICO2 66,Canarias,Santa Cruz De Tenerife,Arico,66.0,28.160369258677,-16.445448420454,fotovoltaica,Con permisos,RdT,,5.0
7082.0,ARICO2 66,Canarias,Santa Cruz De Tenerife,Arico,66.0,28.160369258677,-16.445448420454,fotovoltaica,Puesta en servicio,RdD,25.83,25.83
7082.0,ARICO2 66,Canarias,Santa Cruz De Tenerife,Arico,66.0,28.160369258677,-16.445448420454,fotovoltaica,Puesta en servicio,RdT,28.93,29.55
7082.0,ARICO2 66,Canarias,Santa Cruz De Tenerife,Arico,66.0,28.160369258677,-16.445448420454,hibridacion,Con permisos,RdD,,
7082.0,ARICO2 66,Canarias,Santa Cruz De Tenerife,Arico,66.0,28.160369258677,-16.445448420454,hibridacion,Con permisos,RdT,5.0,
7130.0,TAGORO 66,Canarias,Santa Cruz De Tenerife,Arico,66.0,28.138844518506,-16.460202893863,eolica,Puesta en servicio,RdD,,
7130.0,TAGORO 66,Canarias,Santa Cruz De Tenerife,Arico,66.0,28.138844518506,-16.460202893863,eolica,Puesta en servicio,RdT,28.2,30.55
7130.0,TAGORO 66,Canarias,Santa Cruz De Tenerife,Arico,66.0,28.138844518506,-16.460202893863,fotovoltaica,Con permisos,RdD,,
7130.0,TAGORO 66,Canarias,Santa Cruz De Tenerife,Arico,66.0,28.138844518506,-16.460202893863,fotovoltaica,Con permisos,RdT,2.0,2.0
7130.0,TAGORO 66,Canarias,Santa Cruz De Tenerife,Arico,66.0,28.138844518506,-16.460202893863,fotovoltaica,Puesta en servicio,RdD,,
7130.0,TAGORO 66,Canarias,Santa Cruz De Tenerife,Arico,66.0,28.138844518506,-16.460202893863,fotovoltaica,Puesta en servicio,RdT,13.0,14.2
13423.0,PORIS 220,Canarias,Santa Cruz De Tenerife,Arico,220.0,28.160727559086,-16.445832738976,almacenamiento,Con permisos,RdD,,
13423.0,PORIS 220,Canarias,Santa Cruz De Tenerife,Arico,220.0,28.160727559086,-16.445832738976,almacenamiento,Con permisos,RdT,,9.0
13423.0,PORIS 220,Canarias,Santa Cruz De Tenerife,Arico,220.0,28.160727559086,-16.445832738976,eolica,Con permisos,RdD,,
13423.0,PORIS 220,Canarias,Santa Cruz De Tenerife,Arico,220.0,28.160727559086,-16.445832738976,eolica,Con permisos,RdT,29.0,29.0
13423.0,PORIS 220,Canarias,Santa Cruz De Tenerife,Arico,220.0,28.160727559086,-16.445832738976,eolica,Puesta en servicio,RdD,,
13423.0,PORIS 220,Canarias,Santa Cruz De Tenerife,Arico,220.0,28.160727559086,-16.445832738976,eolica,Puesta en servicio,RdT,47.25,47.25
13423.0,PORIS 220,Canarias,Santa Cruz De Tenerife,Arico,220.0,28.160727559086,-16.445832738976,fotovoltaica,Puesta en servicio,RdD,,
13423.0,PORIS 220,Canarias,Santa Cruz De Tenerife,Arico,220.0,28.160727559086,-16.445832738976,fotovoltaica,Puesta en servicio,RdT,3.2,11.93
13423.0,PORIS 220,Canarias,Santa Cruz De Tenerife,Arico,220.0,28.160727559086,-16.445832738976,hibridacion,Con permisos,RdD,,
13423.0,PORIS 220,Canarias,Santa Cruz De Tenerife,Arico,220.0,28.160727559086,-16.445832738976,hibridacion,Con permisos,RdT,10.0,
13460.0,PORIS 66,Canarias,Santa Cruz De Tenerife,Arico,66.0,28.160727559086,-16.445832738976,eolica,Puesta en servicio,RdD,,
13460.0,PORIS 66,Canarias,Santa Cruz De Tenerife,Arico,66.0,28.160727559086,-16.445832738976,eolica,Puesta en servicio,RdT,43.19,43.19
13460.0,PORIS 66,Canarias,Santa Cruz De Tenerife,Arico,66.0,28.160727559086,-16.445832738976,fotovoltaica,Con permisos,RdD,,
13460.0,PORIS 66,Canarias,Santa Cruz De Tenerife,Arico,66.0,28.160727559086,-16.445832738976,fotovoltaica,Con permisos,RdT,12.0,12.0
7084.0,ARONA 66,Canarias,Santa Cruz De Tenerife,Arona,66.0,28.0497143647,-16.64296304452,almacenamiento,Con permisos,RdD,28.0,31.0
7084.0,ARONA 66,Canarias,Santa Cruz De Tenerife,Arona,66.0,28.0497143647,-16.64296304452,almacenamiento,Con permisos,RdT,,
7084.0,ARONA 66,Canarias,Santa Cruz De Tenerife,Arona,66.0,28.0497143647,-16.64296304452,fotovoltaica,Con permisos,RdD,12.0,14.0
7084.0,ARONA 66,Canarias,Santa Cruz De Tenerife,Arona,66.0,28.0497143647,-16.64296304452,fotovoltaica,Con permisos,RdT,,
7084.0,ARONA 66,Canarias,Santa Cruz De Tenerife,Arona,66.0,28.0497143647,-16.64296304452,fotovoltaica,Puesta en servicio,RdD,4.5,4.5
7084.0,ARONA 66,Canarias,Santa Cruz De Tenerife,Arona,66.0,28.0497143647,-16.64296304452,fotovoltaica,Puesta en servicio,RdT,,
7084.0,ARONA 66,Canarias,Santa Cruz De Tenerife,Arona,66.0,28.0497143647,-16.64296304452,otras,Puesta en servicio,RdD,,
7084.0,ARONA 66,Canarias,Santa Cruz De Tenerife,Arona,66.0,28.0497143647,-16.64296304452,otras,Puesta en servicio,RdT,50.0,43.2
12694.0,CHAYOFA 66,Canarias,Santa Cruz De Tenerife,Arona,66.0,28.070280559059,-16.698984331024,almacenamiento,Con permisos,RdD,,4.0
12694.0,CHAYOFA 66,Canarias,Santa Cruz De Tenerife,Arona,66.0,28.070280559059,-16.698984331024,almacenamiento,Con permisos,RdT,,
12694.0,CHAYOFA 66,Canarias,Santa Cruz De Tenerife,Arona,66.0,28.070280559059,-16.698984331024,fotovoltaica,Con permisos,RdD,38.0,64.0
12694.0,CHAYOFA 66,Canarias,Santa Cruz De Tenerife,Arona,66.0,28.070280559059,-16.698984331024,fotovoltaica,Con permisos,RdT,,
12694.0,CHAYOFA 66,Canarias,Santa Cruz De Tenerife,Arona,66.0,28.070280559059,-16.698984331024,hibridacion,Con permisos,RdD,4.0,
12694.0,CHAYOFA 66,Canarias,Santa Cruz De Tenerife,Arona,66.0,28.070280559059,-16.698984331024,hibridacion,Con permisos,RdT,,
12694.0,CHAYOFA 66,Canarias,Santa Cruz De Tenerife,Arona,66.0,28.070280559059,-16.698984331024,otras,Puesta en servicio,RdD,2.22,2.22
12694.0,CHAYOFA 66,Canarias,Santa Cruz De Tenerife,Arona,66.0,28.070280559059,-16.698984331024,otras,Puesta en servicio,RdT,,
12820.0,GUINCHOS 66,Canarias,Santa Cruz De Tenerife,Breña Alta,66.0,28.664354736845,-17.768161312475,almacenamiento,Puesta en servicio,RdD,4.0,4.0
12820.0,GUINCHOS 66,Canarias,Santa Cruz De Tenerife,Breña Alta,66.0,28.664354736845,-17.768161312475,almacenamiento,Puesta en servicio,RdT,,
12820.0,GUINCHOS 66,Canarias,Santa Cruz De Tenerife,Breña Alta,66.0,28.664354736845,-17.768161312475,eolica,Puesta en servicio,RdD,7.87,7.87
12820.0,GUINCHOS 66,Canarias,Santa Cruz De Tenerife,Breña Alta,66.0,28.664354736845,-17.768161312475,eolica,Puesta en servicio,RdT,,
12820.0,GUINCHOS 66,Canarias,Santa Cruz De Tenerife,Breña Alta,66.0,28.664354736845,-17.768161312475,fotovoltaica,Puesta en servicio,RdD,2.6,2.6
12820.0,GUINCHOS 66,Canarias,Santa Cruz De Tenerife,Breña Alta,66.0,28.664354736845,-17.768161312475,fotovoltaica,Puesta en servicio,RdT,,
12820.0,GUINCHOS 66,Canarias,Santa Cruz De Tenerife,Breña Alta,66.0,28.664354736845,-17.768161312475,otras,Puesta en servicio,RdD,,
12820.0,GUINCHOS 66,Canarias,Santa Cruz De Tenerife,Breña Alta,66.0,28.664354736845,-17.768161312475,otras,Puesta en servicio,RdT,101.35,95.52
7092.0,CANDELARIA 66,Canarias,Santa Cruz De Tenerife,Candelaria,66.0,28.381889564511,-16.35818319286,almacenamiento,Con permisos,RdD,,
7092.0,CANDELARIA 66,Canarias,Santa Cruz De Tenerife,Candelaria,66.0,28.381889564511,-16.35818319286,almacenamiento,Con permisos,RdT,50.0,50.0
7092.0,CANDELARIA 66,Canarias,Santa Cruz De Tenerife,Candelaria,66.0,28.381889564511,-16.35818319286,fotovoltaica,Con permisos,RdD,1.0,1.0
7092.0,CANDELARIA 66,Canarias,Santa Cruz De Tenerife,Candelaria,66.0,28.381889564511,-16.35818319286,fotovoltaica,Con permisos,RdT,,
7092.0,CANDELARIA 66,Canarias,Santa Cruz De Tenerife,Candelaria,66.0,28.381889564511,-16.35818319286,otras,Puesta en servicio,RdD,,
7092.0,CANDELARIA 66,Canarias,Santa Cruz De Tenerife,Candelaria,66.0,28.381889564511,-16.35818319286,otras,Puesta en servicio,RdT,208.2,179.47
7076.0,ABONA 220,Canarias,Santa Cruz De Tenerife,Granadilla de Abona,220.0,28.079109477959,-16.502214069735,eolica,Con permisos,RdD,,
7076.0,ABONA 220,Canarias,Santa Cruz De Tenerife,Granadilla de Abona,220.0,28.079109477959,-16.502214069735,eolica,Con permisos,RdT,65.0,69.0
7077.0,ABONA 66,Canarias,Santa Cruz De Tenerife,Granadilla de Abona,66.0,28.079109477959,-16.502214069735,eolica,Con permisos,RdD,,
7077.0,ABONA 66,Canarias,Santa Cruz De Tenerife,Granadilla de Abona,66.0,28.079109477959,-16.502214069735,eolica,Con permisos,RdT,20.0,20.0
7077.0,ABONA 66,Canarias,Santa Cruz De Tenerife,Granadilla de Abona,66.0,28.079109477959,-16.502214069735,eolica,Puesta en servicio,RdD,,
7077.0,ABONA 66,Canarias,Santa Cruz De Tenerife,Granadilla de Abona,66.0,28.079109477959,-16.502214069735,eolica,Puesta en servicio,RdT,76.78,76.78
7077.0,ABONA 66,Canarias,Santa Cruz De Tenerife,Granadilla de Abona,66.0,28.079109477959,-16.502214069735,fotovoltaica,Puesta en servicio,RdD,,
7077.0,ABONA 66,Canarias,Santa Cruz De Tenerife,Granadilla de Abona,66.0,28.079109477959,-16.502214069735,fotovoltaica,Puesta en servicio,RdT,11.0,11.0
12803.0,GRANADILLA 220,Canarias,Santa Cruz De Tenerife,Granadilla de Abona,220.0,28.085514058809,-16.496137900177,otras,Puesta en servicio,RdD,,
12803.0,GRANADILLA 220,Canarias,Santa Cruz De Tenerife,Granadilla de Abona,220.0,28.085514058809,-16.496137900177,otras,Puesta en servicio,RdT,621.4,580.78
12805.0,GRANADILLA 66,Canarias,Santa Cruz De Tenerife,Granadilla de Abona,66.0,28.085514058809,-16.496137900177,eolica,Con permisos,RdD,,
12805.0,GRANADILLA 66,Canarias,Santa Cruz De Tenerife,Granadilla de Abona,66.0,28.085514058809,-16.496137900177,eolica,Con permisos,RdT,11.0,17.0
12805.0,GRANADILLA 66,Canarias,Santa Cruz De Tenerife,Granadilla de Abona,66.0,28.085514058809,-16.496137900177,otras,Con permisos,RdD,,
12805.0,GRANADILLA 66,Canarias,Santa Cruz De Tenerife,Granadilla de Abona,66.0,28.085514058809,-16.496137900177,otras,Con permisos,RdT,,14.0
12805.0,GRANADILLA 66,Canarias,Santa Cruz De Tenerife,Granadilla de Abona,66.0,28.085514058809,-16.496137900177,otras,Puesta en servicio,RdD,,
12805.0,GRANADILLA 66,Canarias,Santa Cruz De Tenerife,Granadilla de Abona,66.0,28.085514058809,-16.496137900177,otras,Puesta en servicio,RdT,127.5,112.56
13074.0,POLIGONO GRANADILLA 66,Canarias,Santa Cruz De Tenerife,Granadilla de Abona,66.0,28.080913404922,-16.499335934415,almacenamiento,Con permisos,RdD,,1.0
13074.0,POLIGONO GRANADILLA 66,Canarias,Santa Cruz De Tenerife,Granadilla de Abona,66.0,28.080913404922,-16.499335934415,almacenamiento,Con permisos,RdT,,
13074.0,POLIGONO GRANADILLA 66,Canarias,Santa Cruz De Tenerife,Granadilla de Abona,66.0,28.080913404922,-16.499335934415,eolica,Con permisos,RdD,16.0,21.0
13074.0,POLIGONO GRANADILLA 66,Canarias,Santa Cruz De Tenerife,Granadilla de Abona,66.0,28.080913404922,-16.499335934415,eolica,Con permisos,RdT,,
13074.0,POLIGONO GRANADILLA 66,Canarias,Santa Cruz De Tenerife,Granadilla de Abona,66.0,28.080913404922,-16.499335934415,eolica,Puesta en servicio,RdD,12.73,12.73
13074.0,POLIGONO GRANADILLA 66,Canarias,Santa Cruz De Tenerife,Granadilla de Abona,66.0,28.080913404922,-16.499335934415,eolica,Puesta en servicio,RdT,,
13074.0,POLIGONO GRANADILLA 66,Canarias,Santa Cruz De Tenerife,Granadilla de Abona,66.0,28.080913404922,-16.499335934415,fotovoltaica,Con permisos,RdD,,3.0
13074.0,POLIGONO GRANADILLA 66,Canarias,Santa Cruz De Tenerife,Granadilla de Abona,66.0,28.080913404922,-16.499335934415,fotovoltaica,Con permisos,RdT,,
13074.0,POLIGONO GRANADILLA 66,Canarias,Santa Cruz De Tenerife,Granadilla de Abona,66.0,28.080913404922,-16.499335934415,fotovoltaica,Puesta en servicio,RdD,25.01,25.01
13074.0,POLIGONO GRANADILLA 66,Canarias,Santa Cruz De Tenerife,Granadilla de Abona,66.0,28.080913404922,-16.499335934415,fotovoltaica,Puesta en servicio,RdT,,
13074.0,POLIGONO GRANADILLA 66,Canarias,Santa Cruz De Tenerife,Granadilla de Abona,66.0,28.080913404922,-16.499335934415,hibridacion,Con permisos,RdD,8.0,
13074.0,POLIGONO GRANADILLA 66,Canarias,Santa Cruz De Tenerife,Granadilla de Abona,66.0,28.080913404922,-16.499335934415,hibridacion,Con permisos,RdT,,
13074.0,POLIGONO GRANADILLA 66,Canarias,Santa Cruz De Tenerife,Granadilla de Abona,66.0,28.080913404922,-16.499335934415,otras,Con permisos,RdD,,3.0
13074.0,POLIGONO GRANADILLA 66,Canarias,Santa Cruz De Tenerife,Granadilla de Abona,66.0,28.080913404922,-16.499335934415,otras,Con permisos,RdT,,
13074.0,POLIGONO GRANADILLA 66,Canarias,Santa Cruz De Tenerife,Granadilla de Abona,66.0,28.080913404922,-16.499335934415,otras,Puesta en servicio,RdD,1.27,1.27
13074.0,POLIGONO GRANADILLA 66,Canarias,Santa Cruz De Tenerife,Granadilla de Abona,66.0,28.080913404922,-16.499335934415,otras,Puesta en servicio,RdT,,
13462.0,SAN ISIDRO 66,Canarias,Santa Cruz De Tenerife,Granadilla de Abona,66.0,28.078380623974,-16.551267247902,eolica,En curso,RdD,,
13462.0,SAN ISIDRO 66,Canarias,Santa Cruz De Tenerife,Granadilla de Abona,66.0,28.078380623974,-16.551267247902,eolica,En curso,RdT,8.4,8.4
13462.0,SAN ISIDRO 66,Canarias,Santa Cruz De Tenerife,Granadilla de Abona,66.0,28.078380623974,-16.551267247902,fotovoltaica,Con permisos,RdD,,
13462.0,SAN ISIDRO 66,Canarias,Santa Cruz De Tenerife,Granadilla de Abona,66.0,28.078380623974,-16.551267247902,fotovoltaica,Con permisos,RdT,42.0,52.0
13462.0,SAN ISIDRO 66,Canarias,Santa Cruz De Tenerife,Granadilla de Abona,66.0,28.078380623974,-16.551267247902,fotovoltaica,En curso,RdD,,
13462.0,SAN ISIDRO 66,Canarias,Santa Cruz De Tenerife,Granadilla de Abona,66.0,28.078380623974,-16.551267247902,fotovoltaica,En curso,RdT,18.6,22.0
12816.0,GUIA DE ISORA 66,Canarias,Santa Cruz De Tenerife,Guía de Isora,66.0,28.222794116469,-16.804390822887,almacenamiento,Con permisos,RdD,,
12816.0,GUIA DE ISORA 66,Canarias,Santa Cruz De Tenerife,Guía de Isora,66.0,28.222794116469,-16.804390822887,almacenamiento,Con permisos,RdT,47.0,73.0
12816.0,GUIA DE ISORA 66,Canarias,Santa Cruz De Tenerife,Guía de Isora,66.0,28.222794116469,-16.804390822887,eolica,Puesta en servicio,RdD,1.8,1.8
12816.0,GUIA DE ISORA 66,Canarias,Santa Cruz De Tenerife,Guía de Isora,66.0,28.222794116469,-16.804390822887,eolica,Puesta en servicio,RdT,,
12816.0,GUIA DE ISORA 66,Canarias,Santa Cruz De Tenerife,Guía de Isora,66.0,28.222794116469,-16.804390822887,fotovoltaica,Con permisos,RdD,10.0,12.0
12816.0,GUIA DE ISORA 66,Canarias,Santa Cruz De Tenerife,Guía de Isora,66.0,28.222794116469,-16.804390822887,fotovoltaica,Con permisos,RdT,,
12816.0,GUIA DE ISORA 66,Canarias,Santa Cruz De Tenerife,Guía de Isora,66.0,28.222794116469,-16.804390822887,otras,Puesta en servicio,RdD,,
12816.0,GUIA DE ISORA 66,Canarias,Santa Cruz De Tenerife,Guía de Isora,66.0,28.222794116469,-16.804390822887,otras,Puesta en servicio,RdT,50.0,43.1
13454.0,ICOD DE LOS VINOS 66,Canarias,Santa Cruz De Tenerife,Icod de los Vinos,66.0,28.367948677031,-16.700457706496,almacenamiento,Con permisos,RdD,18.0,20.0
13454.0,ICOD DE LOS VINOS 66,Canarias,Santa Cruz De Tenerife,Icod de los Vinos,66.0,28.367948677031,-16.700457706496,almacenamiento,Con permisos,RdT,,
13454.0,ICOD DE LOS VINOS 66,Canarias,Santa Cruz De Tenerife,Icod de los Vinos,66.0,28.367948677031,-16.700457706496,fotovoltaica,Con permisos,RdD,1.0,1.0
13454.0,ICOD DE LOS VINOS 66,Canarias,Santa Cruz De Tenerife,Icod de los Vinos,66.0,28.367948677031,-16.700457706496,fotovoltaica,Con permisos,RdT,,
13454.0,ICOD DE LOS VINOS 66,Canarias,Santa Cruz De Tenerife,Icod de los Vinos,66.0,28.367948677031,-16.700457706496,hidraulica,Puesta en servicio,RdD,0.76,0.76
13454.0,ICOD DE LOS VINOS 66,Canarias,Santa Cruz De Tenerife,Icod de los Vinos,66.0,28.367948677031,-16.700457706496,hidraulica,Puesta en servicio,RdT,,
13461.0,LOS REALEJOS 66,Canarias,Santa Cruz De Tenerife,"Realejos, Los",66.0,28.382926604236,-16.573462498357,almacenamiento,Con permisos,RdD,48.0,51.0
13461.0,LOS REALEJOS 66,Canarias,Santa Cruz De Tenerife,"Realejos, Los",66.0,28.382926604236,-16.573462498357,almacenamiento,Con permisos,RdT,,
12811.0,GUAJARA 66,Canarias,Santa Cruz De Tenerife,San Cristóbal de La Laguna,66.0,28.466056209882,-16.299211788164,almacenamiento,Con permisos,RdD,42.0,46.0
12811.0,GUAJARA 66,Canarias,Santa Cruz De Tenerife,San Cristóbal de La Laguna,66.0,28.466056209882,-16.299211788164,almacenamiento,Con permisos,RdT,,
13453.0,GENETO 66,Canarias,Santa Cruz De Tenerife,San Cristóbal de La Laguna,66.0,28.457740815605,-16.314417589933,almacenamiento,Con permisos,RdD,14.0,18.0
13453.0,GENETO 66,Canarias,Santa Cruz De Tenerife,San Cristóbal de La Laguna,66.0,28.457740815605,-16.314417589933,almacenamiento,Con permisos,RdT,,
13453.0,GENETO 66,Canarias,Santa Cruz De Tenerife,San Cristóbal de La Laguna,66.0,28.457740815605,-16.314417589933,otras,Con permisos,RdD,,9.0
13453.0,GENETO 66,Canarias,Santa Cruz De Tenerife,San Cristóbal de La Laguna,66.0,28.457740815605,-16.314417589933,otras,Con permisos,RdT,,
7088.0,BUENOS AIRES 66,Canarias,Santa Cruz De Tenerife,Santa Cruz de Tenerife,66.0,28.454823510494,-16.268863424236,almacenamiento,Con permisos,RdD,20.0,20.0
7088.0,BUENOS AIRES 66,Canarias,Santa Cruz De Tenerife,Santa Cruz de Tenerife,66.0,28.454823510494,-16.268863424236,almacenamiento,Con permisos,RdT,,
7088.0,BUENOS AIRES 66,Canarias,Santa Cruz De Tenerife,Santa Cruz de Tenerife,66.0,28.454823510494,-16.268863424236,fotovoltaica,Puesta en servicio,RdD,3.19,3.19
7088.0,BUENOS AIRES 66,Canarias,Santa Cruz De Tenerife,Santa Cruz de Tenerife,66.0,28.454823510494,-16.268863424236,fotovoltaica,Puesta en servicio,RdT,,
7088.0,BUENOS AIRES 66,Canarias,Santa Cruz De Tenerife,Santa Cruz de Tenerife,66.0,28.454823510494,-16.268863424236,otras,Puesta en servicio,RdD,,
7088.0,BUENOS AIRES 66,Canarias,Santa Cruz De Tenerife,Santa Cruz de Tenerife,66.0,28.454823510494,-16.268863424236,otras,Puesta en servicio,RdT,38.3,38.3
12724.0,DIQUE DEL ESTE 66,Canarias,Santa Cruz De Tenerife,Santa Cruz de Tenerife,66.0,28.498772598111,-16.204793220265,almacenamiento,Con permisos,RdD,12.0,24.0
12724.0,DIQUE DEL ESTE 66,Canarias,Santa Cruz De Tenerife,Santa Cruz de Tenerife,66.0,28.498772598111,-16.204793220265,almacenamiento,Con permisos,RdT,,
12724.0,DIQUE DEL ESTE 66,Canarias,Santa Cruz De Tenerife,Santa Cruz de Tenerife,66.0,28.498772598111,-16.204793220265,otras,Con permisos,RdD,,
12724.0,DIQUE DEL ESTE 66,Canarias,Santa Cruz De Tenerife,Santa Cruz de Tenerife,66.0,28.498772598111,-16.204793220265,otras,Con permisos,RdT,,20.0
13458.0,MANUEL CRUZ 66,Canarias,Santa Cruz De Tenerife,Santa Cruz de Tenerife,66.0,28.46914093604,-16.276519059355,almacenamiento,Con permisos,RdD,10.0,10.0
13458.0,MANUEL CRUZ 66,Canarias,Santa Cruz De Tenerife,Santa Cruz de Tenerife,66.0,28.46914093604,-16.276519059355,almacenamiento,Con permisos,RdT,,
12721.0,CUESTA DE LA VILLA 66,Canarias,Santa Cruz De Tenerife,Santa Úrsula,66.0,28.418366407859,-16.498899353806,almacenamiento,Con permisos,RdD,57.0,67.0
12721.0,CUESTA DE LA VILLA 66,Canarias,Santa Cruz De Tenerife,Santa Úrsula,66.0,28.418366407859,-16.498899353806,almacenamiento,Con permisos,RdT,,
13463.0,TACORONTE 66,Canarias,Santa Cruz De Tenerife,Tacoronte,66.0,28.474555824652,-16.414646265763,almacenamiento,Con permisos,RdD,18.0,23.0
13463.0,TACORONTE 66,Canarias,Santa Cruz De Tenerife,Tacoronte,66.0,28.474555824652,-16.414646265763,almacenamiento,Con permisos,RdT,,
13463.0,TACORONTE 66,Canarias,Santa Cruz De Tenerife,Tacoronte,66.0,28.474555824652,-16.414646265763,fotovoltaica,Con permisos,RdD,30.0,30.0
13463.0,TACORONTE 66,Canarias,Santa Cruz De Tenerife,Tacoronte,66.0,28.474555824652,-16.414646265763,fotovoltaica,Con permisos,RdT,,
13466.0,EL PALMAR DE LA GOMERA 66,Canarias,Santa Cruz De Tenerife,Valle Gran Rey,66.0,28.111782270507,-17.304226474152,almacenamiento,Con permisos,RdD,,6.0
13466.0,EL PALMAR DE LA GOMERA 66,Canarias,Santa Cruz De Tenerife,Valle Gran Rey,66.0,28.111782270507,-17.304226474152,almacenamiento,Con permisos,RdT,,
13466.0,EL PALMAR DE LA GOMERA 66,Canarias,Santa Cruz De Tenerife,Valle Gran Rey,66.0,28.111782270507,-17.304226474152,eolica,Con permisos,RdD,7.0,13.0
13466.0,EL PALMAR DE LA GOMERA 66,Canarias,Santa Cruz De Tenerife,Valle Gran Rey,66.0,28.111782270507,-17.304226474152,eolica,Con permisos,RdT,,
13466.0,EL PALMAR DE LA GOMERA 66,Canarias,Santa Cruz De Tenerife,Valle Gran Rey,66.0,28.111782270507,-17.304226474152,eolica,Puesta en servicio,RdD,,11.75
13466.0,EL PALMAR DE LA GOMERA 66,Canarias,Santa Cruz De Tenerife,Valle Gran Rey,66.0,28.111782270507,-17.304226474152,eolica,Puesta en servicio,RdT,,
13466.0,EL PALMAR DE LA GOMERA 66,Canarias,Santa Cruz De Tenerife,Valle Gran Rey,66.0,28.111782270507,-17.304226474152,fotovoltaica,Con permisos,RdD,4.0,4.0
13466.0,EL PALMAR DE LA GOMERA 66,Canarias,Santa Cruz De Tenerife,Valle Gran Rey,66.0,28.111782270507,-17.304226474152,fotovoltaica,Con permisos,RdT,,
13466.0,EL PALMAR DE LA GOMERA 66,Canarias,Santa Cruz De Tenerife,Valle Gran Rey,66.0,28.111782270507,-17.304226474152,hibridacion,Puesta en servicio,RdD,11.75,
13466.0,EL PALMAR DE LA GOMERA 66,Canarias,Santa Cruz De Tenerife,Valle Gran Rey,66.0,28.111782270507,-17.304226474152,hibridacion,Puesta en servicio,RdT,,
6792.0,ASTILLERO 220,Cantabria,Cantabria,"Astillero, El",220.0,43.395634179798,-3.8271211882936,almacenamiento,Con permisos,RdD,55.0,55.0
6792.0,ASTILLERO 220,Cantabria,Cantabria,"Astillero, El",220.0,43.395634179798,-3.8271211882936,almacenamiento,Con permisos,RdT,105.0,230.0
6792.0,ASTILLERO 220,Cantabria,Cantabria,"Astillero, El",220.0,43.395634179798,-3.8271211882936,eolica,Con permisos,RdD,60.0,60.0
6792.0,ASTILLERO 220,Cantabria,Cantabria,"Astillero, El",220.0,43.395634179798,-3.8271211882936,eolica,Con permisos,RdT,470.0,474.0
6792.0,ASTILLERO 220,Cantabria,Cantabria,"Astillero, El",220.0,43.395634179798,-3.8271211882936,fotovoltaica,Con permisos,RdD,1.0,1.0
6792.0,ASTILLERO 220,Cantabria,Cantabria,"Astillero, El",220.0,43.395634179798,-3.8271211882936,fotovoltaica,Con permisos,RdT,,
6792.0,ASTILLERO 220,Cantabria,Cantabria,"Astillero, El",220.0,43.395634179798,-3.8271211882936,otras,Con permisos,RdD,5.0,5.0
6792.0,ASTILLERO 220,Cantabria,Cantabria,"Astillero, El",220.0,43.395634179798,-3.8271211882936,otras,Con permisos,RdT,,
6792.0,ASTILLERO 220,Cantabria,Cantabria,"Astillero, El",220.0,43.395634179798,-3.8271211882936,otras,Puesta en servicio,RdD,17.25,17.25
6792.0,ASTILLERO 220,Cantabria,Cantabria,"Astillero, El",220.0,43.395634179798,-3.8271211882936,otras,Puesta en servicio,RdT,75.7,75.7
12697.0,CICERO 220,Cantabria,Cantabria,Bárcena de Cicero,220.0,43.392419095644,-3.5240003517162,eolica,Con permisos,RdD,101.0,106.0
12697.0,CICERO 220,Cantabria,Cantabria,Bárcena de Cicero,220.0,43.392419095644,-3.5240003517162,eolica,Con permisos,RdT,,
12697.0,CICERO 220,Cantabria,Cantabria,Bárcena de Cicero,220.0,43.392419095644,-3.5240003517162,eolica,Puesta en servicio,RdD,32.0,32.0
12697.0,CICERO 220,Cantabria,Cantabria,Bárcena de Cicero,220.0,43.392419095644,-3.5240003517162,eolica,Puesta en servicio,RdT,,
12697.0,CICERO 220,Cantabria,Cantabria,Bárcena de Cicero,220.0,43.392419095644,-3.5240003517162,fotovoltaica,Con permisos,RdD,2.0,2.0
12697.0,CICERO 220,Cantabria,Cantabria,Bárcena de Cicero,220.0,43.392419095644,-3.5240003517162,fotovoltaica,Con permisos,RdT,,
7220.0,CACICEDO 220,Cantabria,Cantabria,Camargo,220.0,43.436073082786,-3.867353714135,almacenamiento,Con permisos,RdD,95.0,95.0
7220.0,CACICEDO 220,Cantabria,Cantabria,Camargo,220.0,43.436073082786,-3.867353714135,almacenamiento,Con permisos,RdT,,
7220.0,CACICEDO 220,Cantabria,Cantabria,Camargo,220.0,43.436073082786,-3.867353714135,otras,Puesta en servicio,RdD,0.99,0.99
7220.0,CACICEDO 220,Cantabria,Cantabria,Camargo,220.0,43.436073082786,-3.867353714135,otras,Puesta en servicio,RdT,,
6790.0,AGUAYO 220,Cantabria,Cantabria,Molledo,220.0,43.119427099515,-4.0200349349448,almacenamiento,Con permisos,RdD,,
6790.0,AGUAYO 220,Cantabria,Cantabria,Molledo,220.0,43.119427099515,-4.0200349349448,almacenamiento,Con permisos,RdT,,10.0
6790.0,AGUAYO 220,Cantabria,Cantabria,Molledo,220.0,43.119427099515,-4.0200349349448,bombeo,Puesta en servicio,RdD,,
6790.0,AGUAYO 220,Cantabria,Cantabria,Molledo,220.0,43.119427099515,-4.0200349349448,bombeo,Puesta en servicio,RdT,361.9,360.6
6790.0,AGUAYO 220,Cantabria,Cantabria,Molledo,220.0,43.119427099515,-4.0200349349448,eolica,Con permisos,RdD,,
6790.0,AGUAYO 220,Cantabria,Cantabria,Molledo,220.0,43.119427099515,-4.0200349349448,eolica,Con permisos,RdT,78.0,187.0
6790.0,AGUAYO 220,Cantabria,Cantabria,Molledo,220.0,43.119427099515,-4.0200349349448,hibridacion,Con permisos,RdD,,
6790.0,AGUAYO 220,Cantabria,Cantabria,Molledo,220.0,43.119427099515,-4.0200349349448,hibridacion,Con permisos,RdT,105.0,
6791.0,AGUAYO 400,Cantabria,Cantabria,Molledo,400.0,43.119427099515,-4.0200349349448,bombeo,Con permisos,RdD,,
6791.0,AGUAYO 400,Cantabria,Cantabria,Molledo,400.0,43.119427099515,-4.0200349349448,bombeo,Con permisos,RdT,993.0,993.0
13087.0,PUENTE S.MIGUEL 220,Cantabria,Cantabria,Reocín,220.0,43.356561981253,-4.0790288687084,almacenamiento,En curso,RdD,105.0,105.0
13087.0,PUENTE S.MIGUEL 220,Cantabria,Cantabria,Reocín,220.0,43.356561981253,-4.0790288687084,almacenamiento,En curso,RdT,,
13087.0,PUENTE S.MIGUEL 220,Cantabria,Cantabria,Reocín,220.0,43.356561981253,-4.0790288687084,fotovoltaica,Con permisos,RdD,1.0,1.0
13087.0,PUENTE S.MIGUEL 220,Cantabria,Cantabria,Reocín,220.0,43.356561981253,-4.0790288687084,fotovoltaica,Con permisos,RdT,,
13087.0,PUENTE S.MIGUEL 220,Cantabria,Cantabria,Reocín,220.0,43.356561981253,-4.0790288687084,hidraulica,Puesta en servicio,RdD,82.23,82.23
13087.0,PUENTE S.MIGUEL 220,Cantabria,Cantabria,Reocín,220.0,43.356561981253,-4.0790288687084,hidraulica,Puesta en servicio,RdT,,
13087.0,PUENTE S.MIGUEL 220,Cantabria,Cantabria,Reocín,220.0,43.356561981253,-4.0790288687084,otras,Con permisos,RdD,12.0,49.0
13087.0,PUENTE S.MIGUEL 220,Cantabria,Cantabria,Reocín,220.0,43.356561981253,-4.0790288687084,otras,Con permisos,RdT,,
13087.0,PUENTE S.MIGUEL 220,Cantabria,Cantabria,Reocín,220.0,43.356561981253,-4.0790288687084,otras,Puesta en servicio,RdD,212.96,212.96
13087.0,PUENTE S.MIGUEL 220,Cantabria,Cantabria,Reocín,220.0,43.356561981253,-4.0790288687084,otras,Puesta en servicio,RdT,100.0,100.0
12665.0,SOLORZANO 220,Cantabria,Cantabria,Solórzano,220.0,43.340498024742,-3.5859043923934,almacenamiento,Con permisos,RdD,,
12665.0,SOLORZANO 220,Cantabria,Cantabria,Solórzano,220.0,43.340498024742,-3.5859043923934,almacenamiento,Con permisos,RdT,62.0,99.0
12951.0,MATAPORQUERA 220,Cantabria,Cantabria,Valdeolea,220.0,42.879629315634,-4.160560438323,almacenamiento,Con permisos,RdD,10.0,25.0
12951.0,MATAPORQUERA 220,Cantabria,Cantabria,Valdeolea,220.0,42.879629315634,-4.160560438323,almacenamiento,Con permisos,RdT,,
12951.0,MATAPORQUERA 220,Cantabria,Cantabria,Valdeolea,220.0,42.879629315634,-4.160560438323,eolica,Con permisos,RdD,63.0,63.0
12951.0,MATAPORQUERA 220,Cantabria,Cantabria,Valdeolea,220.0,42.879629315634,-4.160560438323,eolica,Con permisos,RdT,73.0,73.0
12951.0,MATAPORQUERA 220,Cantabria,Cantabria,Valdeolea,220.0,42.879629315634,-4.160560438323,eolica,Puesta en servicio,RdD,135.8,135.8
12951.0,MATAPORQUERA 220,Cantabria,Cantabria,Valdeolea,220.0,42.879629315634,-4.160560438323,eolica,Puesta en servicio,RdT,,
12951.0,MATAPORQUERA 220,Cantabria,Cantabria,Valdeolea,220.0,42.879629315634,-4.160560438323,fotovoltaica,Con permisos,RdD,20.0,21.0
12951.0,MATAPORQUERA 220,Cantabria,Cantabria,Valdeolea,220.0,42.879629315634,-4.160560438323,fotovoltaica,Con permisos,RdT,,
12951.0,MATAPORQUERA 220,Cantabria,Cantabria,Valdeolea,220.0,42.879629315634,-4.160560438323,fotovoltaica,Puesta en servicio,RdD,11.19,11.2
12951.0,MATAPORQUERA 220,Cantabria,Cantabria,Valdeolea,220.0,42.879629315634,-4.160560438323,fotovoltaica,Puesta en servicio,RdT,,
12951.0,MATAPORQUERA 220,Cantabria,Cantabria,Valdeolea,220.0,42.879629315634,-4.160560438323,hidraulica,Puesta en servicio,RdD,21.18,21.18
12951.0,MATAPORQUERA 220,Cantabria,Cantabria,Valdeolea,220.0,42.879629315634,-4.160560438323,hidraulica,Puesta en servicio,RdT,,
12951.0,MATAPORQUERA 220,Cantabria,Cantabria,Valdeolea,220.0,42.879629315634,-4.160560438323,otras,Puesta en servicio,RdD,6.43,6.43
12951.0,MATAPORQUERA 220,Cantabria,Cantabria,Valdeolea,220.0,42.879629315634,-4.160560438323,otras,Puesta en servicio,RdT,,
13180.0,ROMICA 400,Castilla La Mancha,Albacete,Albacete,400.0,39.043972607306,-1.7994985074643,eolica,Con permisos,RdD,7.0,170.0
13180.0,ROMICA 400,Castilla La Mancha,Albacete,Albacete,400.0,39.043972607306,-1.7994985074643,eolica,Con permisos,RdT,,
13180.0,ROMICA 400,Castilla La Mancha,Albacete,Albacete,400.0,39.043972607306,-1.7994985074643,eolica,Puesta en servicio,RdD,162.07,363.77
13180.0,ROMICA 400,Castilla La Mancha,Albacete,Albacete,400.0,39.043972607306,-1.7994985074643,eolica,Puesta en servicio,RdT,531.92,754.92
13180.0,ROMICA 400,Castilla La Mancha,Albacete,Albacete,400.0,39.043972607306,-1.7994985074643,fotovoltaica,Con permisos,RdD,3.0,332.0
13180.0,ROMICA 400,Castilla La Mancha,Albacete,Albacete,400.0,39.043972607306,-1.7994985074643,fotovoltaica,Con permisos,RdT,,235.0
13180.0,ROMICA 400,Castilla La Mancha,Albacete,Albacete,400.0,39.043972607306,-1.7994985074643,fotovoltaica,Puesta en servicio,RdD,21.35,21.35
13180.0,ROMICA 400,Castilla La Mancha,Albacete,Albacete,400.0,39.043972607306,-1.7994985074643,fotovoltaica,Puesta en servicio,RdT,,
13180.0,ROMICA 400,Castilla La Mancha,Albacete,Albacete,400.0,39.043972607306,-1.7994985074643,hibridacion,Con permisos,RdD,168.0,
13180.0,ROMICA 400,Castilla La Mancha,Albacete,Albacete,400.0,39.043972607306,-1.7994985074643,hibridacion,Con permisos,RdT,,
13180.0,ROMICA 400,Castilla La Mancha,Albacete,Albacete,400.0,39.043972607306,-1.7994985074643,hibridacion,Puesta en servicio,RdD,196.7,
13180.0,ROMICA 400,Castilla La Mancha,Albacete,Albacete,400.0,39.043972607306,-1.7994985074643,hibridacion,Puesta en servicio,RdT,221.98,
13180.0,ROMICA 400,Castilla La Mancha,Albacete,Albacete,400.0,39.043972607306,-1.7994985074643,hidraulica,Puesta en servicio,RdD,59.08,59.08
13180.0,ROMICA 400,Castilla La Mancha,Albacete,Albacete,400.0,39.043972607306,-1.7994985074643,hidraulica,Puesta en servicio,RdT,,
13180.0,ROMICA 400,Castilla La Mancha,Albacete,Albacete,400.0,39.043972607306,-1.7994985074643,otras,Con permisos,RdD,11.0,11.0
13180.0,ROMICA 400,Castilla La Mancha,Albacete,Albacete,400.0,39.043972607306,-1.7994985074643,otras,Con permisos,RdT,,
13180.0,ROMICA 400,Castilla La Mancha,Albacete,Albacete,400.0,39.043972607306,-1.7994985074643,otras,Puesta en servicio,RdD,20.36,20.36
13180.0,ROMICA 400,Castilla La Mancha,Albacete,Albacete,400.0,39.043972607306,-1.7994985074643,otras,Puesta en servicio,RdT,,
13517.0,MANCHEGA 400,Castilla La Mancha,Albacete,Albacete,400.0,39.025829737301,-1.8961253086573,almacenamiento,En curso,RdD,,4.8
13517.0,MANCHEGA 400,Castilla La Mancha,Albacete,Albacete,400.0,39.025829737301,-1.8961253086573,almacenamiento,En curso,RdT,,
13517.0,MANCHEGA 400,Castilla La Mancha,Albacete,Albacete,400.0,39.025829737301,-1.8961253086573,eolica,En curso,RdD,185.0,185.0
13517.0,MANCHEGA 400,Castilla La Mancha,Albacete,Albacete,400.0,39.025829737301,-1.8961253086573,eolica,En curso,RdT,,
13517.0,MANCHEGA 400,Castilla La Mancha,Albacete,Albacete,400.0,39.025829737301,-1.8961253086573,fotovoltaica,En curso,RdD,472.95,528.05
13517.0,MANCHEGA 400,Castilla La Mancha,Albacete,Albacete,400.0,39.025829737301,-1.8961253086573,fotovoltaica,En curso,RdT,,
13517.0,MANCHEGA 400,Castilla La Mancha,Albacete,Albacete,400.0,39.025829737301,-1.8961253086573,hibridacion,En curso,RdD,45.15,
13517.0,MANCHEGA 400,Castilla La Mancha,Albacete,Albacete,400.0,39.025829737301,-1.8961253086573,hibridacion,En curso,RdT,,
6855.0,CAMPANARIO 400,Castilla La Mancha,Albacete,Bonete,400.0,38.882918140497,-1.2783134397041,almacenamiento,Con permisos,RdD,,
6855.0,CAMPANARIO 400,Castilla La Mancha,Albacete,Bonete,400.0,38.882918140497,-1.2783134397041,almacenamiento,Con permisos,RdT,,282.0
6855.0,CAMPANARIO 400,Castilla La Mancha,Albacete,Bonete,400.0,38.882918140497,-1.2783134397041,eolica,Con permisos,RdD,,
6855.0,CAMPANARIO 400,Castilla La Mancha,Albacete,Bonete,400.0,38.882918140497,-1.2783134397041,eolica,Con permisos,RdT,,41.0
6855.0,CAMPANARIO 400,Castilla La Mancha,Albacete,Bonete,400.0,38.882918140497,-1.2783134397041,eolica,Puesta en servicio,RdD,,
6855.0,CAMPANARIO 400,Castilla La Mancha,Albacete,Bonete,400.0,38.882918140497,-1.2783134397041,eolica,Puesta en servicio,RdT,,202.0
6855.0,CAMPANARIO 400,Castilla La Mancha,Albacete,Bonete,400.0,38.882918140497,-1.2783134397041,fotovoltaica,Con permisos,RdD,,
6855.0,CAMPANARIO 400,Castilla La Mancha,Albacete,Bonete,400.0,38.882918140497,-1.2783134397041,fotovoltaica,Con permisos,RdT,,67.0
6855.0,CAMPANARIO 400,Castilla La Mancha,Albacete,Bonete,400.0,38.882918140497,-1.2783134397041,fotovoltaica,Puesta en servicio,RdD,,
6855.0,CAMPANARIO 400,Castilla La Mancha,Albacete,Bonete,400.0,38.882918140497,-1.2783134397041,fotovoltaica,Puesta en servicio,RdT,227.41,602.35
6855.0,CAMPANARIO 400,Castilla La Mancha,Albacete,Bonete,400.0,38.882918140497,-1.2783134397041,hibridacion,Con permisos,RdD,,
6855.0,CAMPANARIO 400,Castilla La Mancha,Albacete,Bonete,400.0,38.882918140497,-1.2783134397041,hibridacion,Con permisos,RdT,41.0,
6855.0,CAMPANARIO 400,Castilla La Mancha,Albacete,Bonete,400.0,38.882918140497,-1.2783134397041,hibridacion,Puesta en servicio,RdD,,
6855.0,CAMPANARIO 400,Castilla La Mancha,Albacete,Bonete,400.0,38.882918140497,-1.2783134397041,hibridacion,Puesta en servicio,RdT,440.08,
13325.0,LA PINILLA 400,Castilla La Mancha,Albacete,Chinchilla de Monte-Aragón,400.0,38.7644699686,-1.602415269834,eolica,Con permisos,RdD,,
13325.0,LA PINILLA 400,Castilla La Mancha,Albacete,Chinchilla de Monte-Aragón,400.0,38.7644699686,-1.602415269834,eolica,Con permisos,RdT,75.0,78.0
13325.0,LA PINILLA 400,Castilla La Mancha,Albacete,Chinchilla de Monte-Aragón,400.0,38.7644699686,-1.602415269834,eolica,Puesta en servicio,RdD,14.45,14.45
13325.0,LA PINILLA 400,Castilla La Mancha,Albacete,Chinchilla de Monte-Aragón,400.0,38.7644699686,-1.602415269834,eolica,Puesta en servicio,RdT,310.5,792.31
13325.0,LA PINILLA 400,Castilla La Mancha,Albacete,Chinchilla de Monte-Aragón,400.0,38.7644699686,-1.602415269834,fotovoltaica,Con permisos,RdD,,
13325.0,LA PINILLA 400,Castilla La Mancha,Albacete,Chinchilla de Monte-Aragón,400.0,38.7644699686,-1.602415269834,fotovoltaica,Con permisos,RdT,100.0,382.0
13325.0,LA PINILLA 400,Castilla La Mancha,Albacete,Chinchilla de Monte-Aragón,400.0,38.7644699686,-1.602415269834,fotovoltaica,En curso,RdD,,
13325.0,LA PINILLA 400,Castilla La Mancha,Albacete,Chinchilla de Monte-Aragón,400.0,38.7644699686,-1.602415269834,fotovoltaica,En curso,RdT,42.0,42.0
13325.0,LA PINILLA 400,Castilla La Mancha,Albacete,Chinchilla de Monte-Aragón,400.0,38.7644699686,-1.602415269834,fotovoltaica,Puesta en servicio,RdD,,
13325.0,LA PINILLA 400,Castilla La Mancha,Albacete,Chinchilla de Monte-Aragón,400.0,38.7644699686,-1.602415269834,fotovoltaica,Puesta en servicio,RdT,13.0,14.3
13325.0,LA PINILLA 400,Castilla La Mancha,Albacete,Chinchilla de Monte-Aragón,400.0,38.7644699686,-1.602415269834,hibridacion,Puesta en servicio,RdD,,
13325.0,LA PINILLA 400,Castilla La Mancha,Albacete,Chinchilla de Monte-Aragón,400.0,38.7644699686,-1.602415269834,hibridacion,Puesta en servicio,RdT,481.81,
13055.0,PICON 220,Castilla La Mancha,Ciudad Real,Alcolea de Calatrava,220.0,39.020908798637,-4.1078191365568,almacenamiento,Con permisos,RdD,,
13055.0,PICON 220,Castilla La Mancha,Ciudad Real,Alcolea de Calatrava,220.0,39.020908798637,-4.1078191365568,almacenamiento,Con permisos,RdT,,59.0
13055.0,PICON 220,Castilla La Mancha,Ciudad Real,Alcolea de Calatrava,220.0,39.020908798637,-4.1078191365568,almacenamiento,En curso,RdD,,
13055.0,PICON 220,Castilla La Mancha,Ciudad Real,Alcolea de Calatrava,220.0,39.020908798637,-4.1078191365568,almacenamiento,En curso,RdT,,60.0
13055.0,PICON 220,Castilla La Mancha,Ciudad Real,Alcolea de Calatrava,220.0,39.020908798637,-4.1078191365568,eolica,En curso,RdD,,
13055.0,PICON 220,Castilla La Mancha,Ciudad Real,Alcolea de Calatrava,220.0,39.020908798637,-4.1078191365568,eolica,En curso,RdT,,86.0
13055.0,PICON 220,Castilla La Mancha,Ciudad Real,Alcolea de Calatrava,220.0,39.020908798637,-4.1078191365568,eolica,Puesta en servicio,RdD,,
13055.0,PICON 220,Castilla La Mancha,Ciudad Real,Alcolea de Calatrava,220.0,39.020908798637,-4.1078191365568,eolica,Puesta en servicio,RdT,,86.0
13055.0,PICON 220,Castilla La Mancha,Ciudad Real,Alcolea de Calatrava,220.0,39.020908798637,-4.1078191365568,fotovoltaica,Con permisos,RdD,,
13055.0,PICON 220,Castilla La Mancha,Ciudad Real,Alcolea de Calatrava,220.0,39.020908798637,-4.1078191365568,fotovoltaica,Con permisos,RdT,,78.0
13055.0,PICON 220,Castilla La Mancha,Ciudad Real,Alcolea de Calatrava,220.0,39.020908798637,-4.1078191365568,fotovoltaica,En curso,RdD,,
13055.0,PICON 220,Castilla La Mancha,Ciudad Real,Alcolea de Calatrava,220.0,39.020908798637,-4.1078191365568,fotovoltaica,En curso,RdT,18.0,246.0
13055.0,PICON 220,Castilla La Mancha,Ciudad Real,Alcolea de Calatrava,220.0,39.020908798637,-4.1078191365568,fotovoltaica,Puesta en servicio,RdD,,
13055.0,PICON 220,Castilla La Mancha,Ciudad Real,Alcolea de Calatrava,220.0,39.020908798637,-4.1078191365568,fotovoltaica,Puesta en servicio,RdT,73.0,233.81
13055.0,PICON 220,Castilla La Mancha,Ciudad Real,Alcolea de Calatrava,220.0,39.020908798637,-4.1078191365568,hibridacion,Con permisos,RdD,,
13055.0,PICON 220,Castilla La Mancha,Ciudad Real,Alcolea de Calatrava,220.0,39.020908798637,-4.1078191365568,hibridacion,Con permisos,RdT,138.0,
13055.0,PICON 220,Castilla La Mancha,Ciudad Real,Alcolea de Calatrava,220.0,39.020908798637,-4.1078191365568,hibridacion,En curso,RdD,,
13055.0,PICON 220,Castilla La Mancha,Ciudad Real,Alcolea de Calatrava,220.0,39.020908798637,-4.1078191365568,hibridacion,En curso,RdT,224.0,
13055.0,PICON 220,Castilla La Mancha,Ciudad Real,Alcolea de Calatrava,220.0,39.020908798637,-4.1078191365568,hibridacion,Puesta en servicio,RdD,,
13055.0,PICON 220,Castilla La Mancha,Ciudad Real,Alcolea de Calatrava,220.0,39.020908798637,-4.1078191365568,hibridacion,Puesta en servicio,RdT,86.0,
6850.0,ARENAS DE SAN JUAN 220,Castilla La Mancha,Ciudad Real,Arenas de San Juan,220.0,39.243336328047,-3.4930706165769,almacenamiento,Con permisos,RdD,,
6850.0,ARENAS DE SAN JUAN 220,Castilla La Mancha,Ciudad Real,Arenas de San Juan,220.0,39.243336328047,-3.4930706165769,almacenamiento,Con permisos,RdT,20.0,66.0
6850.0,ARENAS DE SAN JUAN 220,Castilla La Mancha,Ciudad Real,Arenas de San Juan,220.0,39.243336328047,-3.4930706165769,almacenamiento,En curso,RdD,,
6850.0,ARENAS DE SAN JUAN 220,Castilla La Mancha,Ciudad Real,Arenas de San Juan,220.0,39.243336328047,-3.4930706165769,almacenamiento,En curso,RdT,169.8,210.8
6850.0,ARENAS DE SAN JUAN 220,Castilla La Mancha,Ciudad Real,Arenas de San Juan,220.0,39.243336328047,-3.4930706165769,fotovoltaica,Con permisos,RdD,,
6850.0,ARENAS DE SAN JUAN 220,Castilla La Mancha,Ciudad Real,Arenas de San Juan,220.0,39.243336328047,-3.4930706165769,fotovoltaica,Con permisos,RdT,480.0,484.0
6850.0,ARENAS DE SAN JUAN 220,Castilla La Mancha,Ciudad Real,Arenas de San Juan,220.0,39.243336328047,-3.4930706165769,fotovoltaica,En curso,RdD,,
6850.0,ARENAS DE SAN JUAN 220,Castilla La Mancha,Ciudad Real,Arenas de San Juan,220.0,39.243336328047,-3.4930706165769,fotovoltaica,En curso,RdT,661.78,800.78
6850.0,ARENAS DE SAN JUAN 220,Castilla La Mancha,Ciudad Real,Arenas de San Juan,220.0,39.243336328047,-3.4930706165769,fotovoltaica,Puesta en servicio,RdD,,
6850.0,ARENAS DE SAN JUAN 220,Castilla La Mancha,Ciudad Real,Arenas de San Juan,220.0,39.243336328047,-3.4930706165769,fotovoltaica,Puesta en servicio,RdT,126.0,231.0
6850.0,ARENAS DE SAN JUAN 220,Castilla La Mancha,Ciudad Real,Arenas de San Juan,220.0,39.243336328047,-3.4930706165769,hibridacion,En curso,RdD,,
6850.0,ARENAS DE SAN JUAN 220,Castilla La Mancha,Ciudad Real,Arenas de San Juan,220.0,39.243336328047,-3.4930706165769,hibridacion,En curso,RdT,88.8,
6850.0,ARENAS DE SAN JUAN 220,Castilla La Mancha,Ciudad Real,Arenas de San Juan,220.0,39.243336328047,-3.4930706165769,hibridacion,Puesta en servicio,RdD,,
6850.0,ARENAS DE SAN JUAN 220,Castilla La Mancha,Ciudad Real,Arenas de San Juan,220.0,39.243336328047,-3.4930706165769,hibridacion,Puesta en servicio,RdT,88.8,
6850.0,ARENAS DE SAN JUAN 220,Castilla La Mancha,Ciudad Real,Arenas de San Juan,220.0,39.243336328047,-3.4930706165769,termosolar,Puesta en servicio,RdD,,
6850.0,ARENAS DE SAN JUAN 220,Castilla La Mancha,Ciudad Real,Arenas de San Juan,220.0,39.243336328047,-3.4930706165769,termosolar,Puesta en servicio,RdT,99.8,99.8
6853.0,BRAZATORTAS 400,Castilla La Mancha,Ciudad Real,Brazatortas,400.0,38.652429863515,-4.2538638296452,almacenamiento,Con permisos,RdD,,
6853.0,BRAZATORTAS 400,Castilla La Mancha,Ciudad Real,Brazatortas,400.0,38.652429863515,-4.2538638296452,almacenamiento,Con permisos,RdT,,62.0
6853.0,BRAZATORTAS 400,Castilla La Mancha,Ciudad Real,Brazatortas,400.0,38.652429863515,-4.2538638296452,fotovoltaica,Con permisos,RdD,,
6853.0,BRAZATORTAS 400,Castilla La Mancha,Ciudad Real,Brazatortas,400.0,38.652429863515,-4.2538638296452,fotovoltaica,Con permisos,RdT,337.0,474.0
6853.0,BRAZATORTAS 400,Castilla La Mancha,Ciudad Real,Brazatortas,400.0,38.652429863515,-4.2538638296452,hibridacion,Con permisos,RdD,,
6853.0,BRAZATORTAS 400,Castilla La Mancha,Ciudad Real,Brazatortas,400.0,38.652429863515,-4.2538638296452,hibridacion,Con permisos,RdT,55.0,
7409.0,BRAZATORTAS 220,Castilla La Mancha,Ciudad Real,Brazatortas,220.0,38.652429863515,-4.2538638296452,almacenamiento,Con permisos,RdD,,
7409.0,BRAZATORTAS 220,Castilla La Mancha,Ciudad Real,Brazatortas,220.0,38.652429863515,-4.2538638296452,almacenamiento,Con permisos,RdT,,32.0
7409.0,BRAZATORTAS 220,Castilla La Mancha,Ciudad Real,Brazatortas,220.0,38.652429863515,-4.2538638296452,fotovoltaica,Puesta en servicio,RdD,,
7409.0,BRAZATORTAS 220,Castilla La Mancha,Ciudad Real,Brazatortas,220.0,38.652429863515,-4.2538638296452,fotovoltaica,Puesta en servicio,RdT,97.0,188.96
7409.0,BRAZATORTAS 220,Castilla La Mancha,Ciudad Real,Brazatortas,220.0,38.652429863515,-4.2538638296452,hibridacion,Puesta en servicio,RdD,,
7409.0,BRAZATORTAS 220,Castilla La Mancha,Ciudad Real,Brazatortas,220.0,38.652429863515,-4.2538638296452,hibridacion,Puesta en servicio,RdT,65.0,
6848.0,ALARCOS 220,Castilla La Mancha,Ciudad Real,Ciudad Real,220.0,38.947605852101,-3.9618176830191,fotovoltaica,Con permisos,RdD,118.0,120.0
6848.0,ALARCOS 220,Castilla La Mancha,Ciudad Real,Ciudad Real,220.0,38.947605852101,-3.9618176830191,fotovoltaica,Con permisos,RdT,,
6848.0,ALARCOS 220,Castilla La Mancha,Ciudad Real,Ciudad Real,220.0,38.947605852101,-3.9618176830191,fotovoltaica,En curso,RdD,61.9,66.22
6848.0,ALARCOS 220,Castilla La Mancha,Ciudad Real,Ciudad Real,220.0,38.947605852101,-3.9618176830191,fotovoltaica,En curso,RdT,,
6848.0,ALARCOS 220,Castilla La Mancha,Ciudad Real,Ciudad Real,220.0,38.947605852101,-3.9618176830191,fotovoltaica,Puesta en servicio,RdD,144.0,160.77
6848.0,ALARCOS 220,Castilla La Mancha,Ciudad Real,Ciudad Real,220.0,38.947605852101,-3.9618176830191,fotovoltaica,Puesta en servicio,RdT,,
6848.0,ALARCOS 220,Castilla La Mancha,Ciudad Real,Ciudad Real,220.0,38.947605852101,-3.9618176830191,otras,Con permisos,RdD,1.0,1.0
6848.0,ALARCOS 220,Castilla La Mancha,Ciudad Real,Ciudad Real,220.0,38.947605852101,-3.9618176830191,otras,Con permisos,RdT,,
6848.0,ALARCOS 220,Castilla La Mancha,Ciudad Real,Ciudad Real,220.0,38.947605852101,-3.9618176830191,otras,Puesta en servicio,RdD,8.1,8.1
6848.0,ALARCOS 220,Castilla La Mancha,Ciudad Real,Ciudad Real,220.0,38.947605852101,-3.9618176830191,otras,Puesta en servicio,RdT,,
12885.0,LA PALOMA 220,Castilla La Mancha,Ciudad Real,Manzanares,220.0,39.020846817149,-3.3749705485107,almacenamiento,Con permisos,RdD,,18.0
12885.0,LA PALOMA 220,Castilla La Mancha,Ciudad Real,Manzanares,220.0,39.020846817149,-3.3749705485107,almacenamiento,Con permisos,RdT,,
12885.0,LA PALOMA 220,Castilla La Mancha,Ciudad Real,Manzanares,220.0,39.020846817149,-3.3749705485107,almacenamiento,En curso,RdD,63.98,96.65
12885.0,LA PALOMA 220,Castilla La Mancha,Ciudad Real,Manzanares,220.0,39.020846817149,-3.3749705485107,almacenamiento,En curso,RdT,,
12885.0,LA PALOMA 220,Castilla La Mancha,Ciudad Real,Manzanares,220.0,39.020846817149,-3.3749705485107,eolica,Con permisos,RdD,,76.0
12885.0,LA PALOMA 220,Castilla La Mancha,Ciudad Real,Manzanares,220.0,39.020846817149,-3.3749705485107,eolica,Con permisos,RdT,,
12885.0,LA PALOMA 220,Castilla La Mancha,Ciudad Real,Manzanares,220.0,39.020846817149,-3.3749705485107,eolica,En curso,RdD,5.0,5.0
12885.0,LA PALOMA 220,Castilla La Mancha,Ciudad Real,Manzanares,220.0,39.020846817149,-3.3749705485107,eolica,En curso,RdT,,
12885.0,LA PALOMA 220,Castilla La Mancha,Ciudad Real,Manzanares,220.0,39.020846817149,-3.3749705485107,eolica,Puesta en servicio,RdD,116.0,116.0
12885.0,LA PALOMA 220,Castilla La Mancha,Ciudad Real,Manzanares,220.0,39.020846817149,-3.3749705485107,eolica,Puesta en servicio,RdT,,
12885.0,LA PALOMA 220,Castilla La Mancha,Ciudad Real,Manzanares,220.0,39.020846817149,-3.3749705485107,fotovoltaica,Con permisos,RdD,22.0,94.0
12885.0,LA PALOMA 220,Castilla La Mancha,Ciudad Real,Manzanares,220.0,39.020846817149,-3.3749705485107,fotovoltaica,Con permisos,RdT,,
12885.0,LA PALOMA 220,Castilla La Mancha,Ciudad Real,Manzanares,220.0,39.020846817149,-3.3749705485107,fotovoltaica,En curso,RdD,294.45,331.89
12885.0,LA PALOMA 220,Castilla La Mancha,Ciudad Real,Manzanares,220.0,39.020846817149,-3.3749705485107,fotovoltaica,En curso,RdT,,
12885.0,LA PALOMA 220,Castilla La Mancha,Ciudad Real,Manzanares,220.0,39.020846817149,-3.3749705485107,fotovoltaica,Puesta en servicio,RdD,32.51,67.24
12885.0,LA PALOMA 220,Castilla La Mancha,Ciudad Real,Manzanares,220.0,39.020846817149,-3.3749705485107,fotovoltaica,Puesta en servicio,RdT,,
12885.0,LA PALOMA 220,Castilla La Mancha,Ciudad Real,Manzanares,220.0,39.020846817149,-3.3749705485107,hibridacion,Con permisos,RdD,76.0,
12885.0,LA PALOMA 220,Castilla La Mancha,Ciudad Real,Manzanares,220.0,39.020846817149,-3.3749705485107,hibridacion,Con permisos,RdT,,
12885.0,LA PALOMA 220,Castilla La Mancha,Ciudad Real,Manzanares,220.0,39.020846817149,-3.3749705485107,hibridacion,En curso,RdD,15.0,
12885.0,LA PALOMA 220,Castilla La Mancha,Ciudad Real,Manzanares,220.0,39.020846817149,-3.3749705485107,hibridacion,En curso,RdT,,
12885.0,LA PALOMA 220,Castilla La Mancha,Ciudad Real,Manzanares,220.0,39.020846817149,-3.3749705485107,otras,Con permisos,RdD,8.0,8.0
12885.0,LA PALOMA 220,Castilla La Mancha,Ciudad Real,Manzanares,220.0,39.020846817149,-3.3749705485107,otras,Con permisos,RdT,,
12885.0,LA PALOMA 220,Castilla La Mancha,Ciudad Real,Manzanares,220.0,39.020846817149,-3.3749705485107,otras,En curso,RdD,19.98,
12885.0,LA PALOMA 220,Castilla La Mancha,Ciudad Real,Manzanares,220.0,39.020846817149,-3.3749705485107,otras,En curso,RdT,,
12885.0,LA PALOMA 220,Castilla La Mancha,Ciudad Real,Manzanares,220.0,39.020846817149,-3.3749705485107,otras,Puesta en servicio,RdD,90.49,60.49
12885.0,LA PALOMA 220,Castilla La Mancha,Ciudad Real,Manzanares,220.0,39.020846817149,-3.3749705485107,otras,Puesta en servicio,RdT,,
12942.0,MANZANARES 400,Castilla La Mancha,Ciudad Real,Manzanares,400.0,39.04473978548,-3.3443515363364,almacenamiento,Con permisos,RdD,,
12942.0,MANZANARES 400,Castilla La Mancha,Ciudad Real,Manzanares,400.0,39.04473978548,-3.3443515363364,almacenamiento,Con permisos,RdT,,43.0
12942.0,MANZANARES 400,Castilla La Mancha,Ciudad Real,Manzanares,400.0,39.04473978548,-3.3443515363364,almacenamiento,En curso,RdD,,
12942.0,MANZANARES 400,Castilla La Mancha,Ciudad Real,Manzanares,400.0,39.04473978548,-3.3443515363364,almacenamiento,En curso,RdT,,11.46
12942.0,MANZANARES 400,Castilla La Mancha,Ciudad Real,Manzanares,400.0,39.04473978548,-3.3443515363364,eolica,Con permisos,RdD,,
12942.0,MANZANARES 400,Castilla La Mancha,Ciudad Real,Manzanares,400.0,39.04473978548,-3.3443515363364,eolica,Con permisos,RdT,,36.0
12942.0,MANZANARES 400,Castilla La Mancha,Ciudad Real,Manzanares,400.0,39.04473978548,-3.3443515363364,fotovoltaica,En curso,RdD,,
12942.0,MANZANARES 400,Castilla La Mancha,Ciudad Real,Manzanares,400.0,39.04473978548,-3.3443515363364,fotovoltaica,En curso,RdT,,34.02
12942.0,MANZANARES 400,Castilla La Mancha,Ciudad Real,Manzanares,400.0,39.04473978548,-3.3443515363364,fotovoltaica,Puesta en servicio,RdD,,
12942.0,MANZANARES 400,Castilla La Mancha,Ciudad Real,Manzanares,400.0,39.04473978548,-3.3443515363364,fotovoltaica,Puesta en servicio,RdT,251.0,390.71
12942.0,MANZANARES 400,Castilla La Mancha,Ciudad Real,Manzanares,400.0,39.04473978548,-3.3443515363364,hibridacion,En curso,RdD,,
12942.0,MANZANARES 400,Castilla La Mancha,Ciudad Real,Manzanares,400.0,39.04473978548,-3.3443515363364,hibridacion,En curso,RdT,30.0,
12942.0,MANZANARES 400,Castilla La Mancha,Ciudad Real,Manzanares,400.0,39.04473978548,-3.3443515363364,hibridacion,Puesta en servicio,RdD,,
12942.0,MANZANARES 400,Castilla La Mancha,Ciudad Real,Manzanares,400.0,39.04473978548,-3.3443515363364,hibridacion,Puesta en servicio,RdT,90.0,
12946.0,MANZANARES 220,Castilla La Mancha,Ciudad Real,Manzanares,220.0,39.04473978548,-3.3443515363364,almacenamiento,Con permisos,RdD,,
12946.0,MANZANARES 220,Castilla La Mancha,Ciudad Real,Manzanares,220.0,39.04473978548,-3.3443515363364,almacenamiento,Con permisos,RdT,,20.0
12946.0,MANZANARES 220,Castilla La Mancha,Ciudad Real,Manzanares,220.0,39.04473978548,-3.3443515363364,fotovoltaica,Con permisos,RdD,,
12946.0,MANZANARES 220,Castilla La Mancha,Ciudad Real,Manzanares,220.0,39.04473978548,-3.3443515363364,fotovoltaica,Con permisos,RdT,33.0,89.0
12946.0,MANZANARES 220,Castilla La Mancha,Ciudad Real,Manzanares,220.0,39.04473978548,-3.3443515363364,fotovoltaica,Puesta en servicio,RdD,,
12946.0,MANZANARES 220,Castilla La Mancha,Ciudad Real,Manzanares,220.0,39.04473978548,-3.3443515363364,fotovoltaica,Puesta en servicio,RdT,179.7,245.12
12946.0,MANZANARES 220,Castilla La Mancha,Ciudad Real,Manzanares,220.0,39.04473978548,-3.3443515363364,hibridacion,Con permisos,RdD,,
12946.0,MANZANARES 220,Castilla La Mancha,Ciudad Real,Manzanares,220.0,39.04473978548,-3.3443515363364,hibridacion,Con permisos,RdT,72.0,
12946.0,MANZANARES 220,Castilla La Mancha,Ciudad Real,Manzanares,220.0,39.04473978548,-3.3443515363364,termosolar,Puesta en servicio,RdD,,
12946.0,MANZANARES 220,Castilla La Mancha,Ciudad Real,Manzanares,220.0,39.04473978548,-3.3443515363364,termosolar,Puesta en servicio,RdT,99.8,99.8
12738.0,ELCOGAS 220,Castilla La Mancha,Ciudad Real,Puertollano,220.0,38.657056536554,-3.9871421699127,almacenamiento,Con permisos,RdD,,
12738.0,ELCOGAS 220,Castilla La Mancha,Ciudad Real,Puertollano,220.0,38.657056536554,-3.9871421699127,almacenamiento,Con permisos,RdT,,35.0
12738.0,ELCOGAS 220,Castilla La Mancha,Ciudad Real,Puertollano,220.0,38.657056536554,-3.9871421699127,almacenamiento,Puesta en servicio,RdD,,
12738.0,ELCOGAS 220,Castilla La Mancha,Ciudad Real,Puertollano,220.0,38.657056536554,-3.9871421699127,almacenamiento,Puesta en servicio,RdT,,5.0
12738.0,ELCOGAS 220,Castilla La Mancha,Ciudad Real,Puertollano,220.0,38.657056536554,-3.9871421699127,fotovoltaica,Puesta en servicio,RdD,,
12738.0,ELCOGAS 220,Castilla La Mancha,Ciudad Real,Puertollano,220.0,38.657056536554,-3.9871421699127,fotovoltaica,Puesta en servicio,RdT,162.4,324.41
12738.0,ELCOGAS 220,Castilla La Mancha,Ciudad Real,Puertollano,220.0,38.657056536554,-3.9871421699127,hibridacion,Puesta en servicio,RdD,,
12738.0,ELCOGAS 220,Castilla La Mancha,Ciudad Real,Puertollano,220.0,38.657056536554,-3.9871421699127,hibridacion,Puesta en servicio,RdT,133.0,
12738.0,ELCOGAS 220,Castilla La Mancha,Ciudad Real,Puertollano,220.0,38.657056536554,-3.9871421699127,otras,Con permisos,RdD,,
12738.0,ELCOGAS 220,Castilla La Mancha,Ciudad Real,Puertollano,220.0,38.657056536554,-3.9871421699127,otras,Con permisos,RdT,50.0,50.0
12738.0,ELCOGAS 220,Castilla La Mancha,Ciudad Real,Puertollano,220.0,38.657056536554,-3.9871421699127,otras,Puesta en servicio,RdD,,
12738.0,ELCOGAS 220,Castilla La Mancha,Ciudad Real,Puertollano,220.0,38.657056536554,-3.9871421699127,otras,Puesta en servicio,RdT,50.0,50.0
12738.0,ELCOGAS 220,Castilla La Mancha,Ciudad Real,Puertollano,220.0,38.657056536554,-3.9871421699127,termosolar,Puesta en servicio,RdD,,
12738.0,ELCOGAS 220,Castilla La Mancha,Ciudad Real,Puertollano,220.0,38.657056536554,-3.9871421699127,termosolar,Puesta en servicio,RdT,48.0,50.0
12901.0,LA SOLANA 220,Castilla La Mancha,Ciudad Real,Puertollano,220.0,38.678408053403,-4.145799514884,almacenamiento,Con permisos,RdD,,19.0
12901.0,LA SOLANA 220,Castilla La Mancha,Ciudad Real,Puertollano,220.0,38.678408053403,-4.145799514884,almacenamiento,Con permisos,RdT,,41.0
12901.0,LA SOLANA 220,Castilla La Mancha,Ciudad Real,Puertollano,220.0,38.678408053403,-4.145799514884,almacenamiento,En curso,RdD,,
12901.0,LA SOLANA 220,Castilla La Mancha,Ciudad Real,Puertollano,220.0,38.678408053403,-4.145799514884,almacenamiento,En curso,RdT,45.5,49.99
12901.0,LA SOLANA 220,Castilla La Mancha,Ciudad Real,Puertollano,220.0,38.678408053403,-4.145799514884,bombeo,Con permisos,RdD,,
12901.0,LA SOLANA 220,Castilla La Mancha,Ciudad Real,Puertollano,220.0,38.678408053403,-4.145799514884,bombeo,Con permisos,RdT,50.0,50.0
12901.0,LA SOLANA 220,Castilla La Mancha,Ciudad Real,Puertollano,220.0,38.678408053403,-4.145799514884,eolica,Con permisos,RdD,,
12901.0,LA SOLANA 220,Castilla La Mancha,Ciudad Real,Puertollano,220.0,38.678408053403,-4.145799514884,eolica,Con permisos,RdT,48.0,48.0
12901.0,LA SOLANA 220,Castilla La Mancha,Ciudad Real,Puertollano,220.0,38.678408053403,-4.145799514884,fotovoltaica,Con permisos,RdD,3.0,4.0
12901.0,LA SOLANA 220,Castilla La Mancha,Ciudad Real,Puertollano,220.0,38.678408053403,-4.145799514884,fotovoltaica,Con permisos,RdT,106.0,169.0
12901.0,LA SOLANA 220,Castilla La Mancha,Ciudad Real,Puertollano,220.0,38.678408053403,-4.145799514884,fotovoltaica,En curso,RdD,,
12901.0,LA SOLANA 220,Castilla La Mancha,Ciudad Real,Puertollano,220.0,38.678408053403,-4.145799514884,fotovoltaica,En curso,RdT,65.0,105.9
12901.0,LA SOLANA 220,Castilla La Mancha,Ciudad Real,Puertollano,220.0,38.678408053403,-4.145799514884,fotovoltaica,Puesta en servicio,RdD,3.2,52.43
12901.0,LA SOLANA 220,Castilla La Mancha,Ciudad Real,Puertollano,220.0,38.678408053403,-4.145799514884,fotovoltaica,Puesta en servicio,RdT,98.0,106.55
12901.0,LA SOLANA 220,Castilla La Mancha,Ciudad Real,Puertollano,220.0,38.678408053403,-4.145799514884,hibridacion,Con permisos,RdD,46.0,
12901.0,LA SOLANA 220,Castilla La Mancha,Ciudad Real,Puertollano,220.0,38.678408053403,-4.145799514884,hibridacion,Con permisos,RdT,50.0,
12901.0,LA SOLANA 220,Castilla La Mancha,Ciudad Real,Puertollano,220.0,38.678408053403,-4.145799514884,otras,Puesta en servicio,RdD,9.81,9.81
12901.0,LA SOLANA 220,Castilla La Mancha,Ciudad Real,Puertollano,220.0,38.678408053403,-4.145799514884,otras,Puesta en servicio,RdT,,
13096.0,PUERTOLLANO 220,Castilla La Mancha,Ciudad Real,Puertollano,220.0,38.647315147595,-4.1245335054669,almacenamiento,Con permisos,RdD,,4.0
13096.0,PUERTOLLANO 220,Castilla La Mancha,Ciudad Real,Puertollano,220.0,38.647315147595,-4.1245335054669,almacenamiento,Con permisos,RdT,,
13096.0,PUERTOLLANO 220,Castilla La Mancha,Ciudad Real,Puertollano,220.0,38.647315147595,-4.1245335054669,fotovoltaica,Con permisos,RdD,39.0,95.0
13096.0,PUERTOLLANO 220,Castilla La Mancha,Ciudad Real,Puertollano,220.0,38.647315147595,-4.1245335054669,fotovoltaica,Con permisos,RdT,,
13096.0,PUERTOLLANO 220,Castilla La Mancha,Ciudad Real,Puertollano,220.0,38.647315147595,-4.1245335054669,hibridacion,Con permisos,RdD,84.0,
13096.0,PUERTOLLANO 220,Castilla La Mancha,Ciudad Real,Puertollano,220.0,38.647315147595,-4.1245335054669,hibridacion,Con permisos,RdT,,
13096.0,PUERTOLLANO 220,Castilla La Mancha,Ciudad Real,Puertollano,220.0,38.647315147595,-4.1245335054669,otras,Con permisos,RdD,,84.0
13096.0,PUERTOLLANO 220,Castilla La Mancha,Ciudad Real,Puertollano,220.0,38.647315147595,-4.1245335054669,otras,Con permisos,RdT,,
13096.0,PUERTOLLANO 220,Castilla La Mancha,Ciudad Real,Puertollano,220.0,38.647315147595,-4.1245335054669,otras,Puesta en servicio,RdD,84.0,84.0
13096.0,PUERTOLLANO 220,Castilla La Mancha,Ciudad Real,Puertollano,220.0,38.647315147595,-4.1245335054669,otras,Puesta en servicio,RdT,,
7226.0,BELINCHON 400,Castilla La Mancha,Cuenca,Belinchón,400.0,40.034146724762,-3.0797694820943,almacenamiento,Con permisos,RdD,,
7226.0,BELINCHON 400,Castilla La Mancha,Cuenca,Belinchón,400.0,40.034146724762,-3.0797694820943,almacenamiento,Con permisos,RdT,,454.0
7226.0,BELINCHON 400,Castilla La Mancha,Cuenca,Belinchón,400.0,40.034146724762,-3.0797694820943,almacenamiento,En curso,RdD,,
7226.0,BELINCHON 400,Castilla La Mancha,Cuenca,Belinchón,400.0,40.034146724762,-3.0797694820943,almacenamiento,En curso,RdT,,80.22
7226.0,BELINCHON 400,Castilla La Mancha,Cuenca,Belinchón,400.0,40.034146724762,-3.0797694820943,eolica,Con permisos,RdD,,
7226.0,BELINCHON 400,Castilla La Mancha,Cuenca,Belinchón,400.0,40.034146724762,-3.0797694820943,eolica,Con permisos,RdT,,72.0
7226.0,BELINCHON 400,Castilla La Mancha,Cuenca,Belinchón,400.0,40.034146724762,-3.0797694820943,eolica,En curso,RdD,,
7226.0,BELINCHON 400,Castilla La Mancha,Cuenca,Belinchón,400.0,40.034146724762,-3.0797694820943,eolica,En curso,RdT,,72.0
7226.0,BELINCHON 400,Castilla La Mancha,Cuenca,Belinchón,400.0,40.034146724762,-3.0797694820943,fotovoltaica,En curso,RdD,,
7226.0,BELINCHON 400,Castilla La Mancha,Cuenca,Belinchón,400.0,40.034146724762,-3.0797694820943,fotovoltaica,En curso,RdT,,289.17
7226.0,BELINCHON 400,Castilla La Mancha,Cuenca,Belinchón,400.0,40.034146724762,-3.0797694820943,fotovoltaica,Puesta en servicio,RdD,,
7226.0,BELINCHON 400,Castilla La Mancha,Cuenca,Belinchón,400.0,40.034146724762,-3.0797694820943,fotovoltaica,Puesta en servicio,RdT,247.6,987.3
7226.0,BELINCHON 400,Castilla La Mancha,Cuenca,Belinchón,400.0,40.034146724762,-3.0797694820943,hibridacion,En curso,RdD,,
7226.0,BELINCHON 400,Castilla La Mancha,Cuenca,Belinchón,400.0,40.034146724762,-3.0797694820943,hibridacion,En curso,RdT,247.6,
7226.0,BELINCHON 400,Castilla La Mancha,Cuenca,Belinchón,400.0,40.034146724762,-3.0797694820943,hibridacion,Puesta en servicio,RdD,,
7226.0,BELINCHON 400,Castilla La Mancha,Cuenca,Belinchón,400.0,40.034146724762,-3.0797694820943,hibridacion,Puesta en servicio,RdT,616.37,
6877.0,VILLANUEVA DE LOS ESCUDEROS 400,Castilla La Mancha,Cuenca,Cuenca,400.0,40.03010166499,-2.3230531043705,almacenamiento,Con permisos,RdD,,
6877.0,VILLANUEVA DE LOS ESCUDEROS 400,Castilla La Mancha,Cuenca,Cuenca,400.0,40.03010166499,-2.3230531043705,almacenamiento,Con permisos,RdT,,187.0
6877.0,VILLANUEVA DE LOS ESCUDEROS 400,Castilla La Mancha,Cuenca,Cuenca,400.0,40.03010166499,-2.3230531043705,eolica,Puesta en servicio,RdD,,
6877.0,VILLANUEVA DE LOS ESCUDEROS 400,Castilla La Mancha,Cuenca,Cuenca,400.0,40.03010166499,-2.3230531043705,eolica,Puesta en servicio,RdT,,100.8
6877.0,VILLANUEVA DE LOS ESCUDEROS 400,Castilla La Mancha,Cuenca,Cuenca,400.0,40.03010166499,-2.3230531043705,fotovoltaica,Con permisos,RdD,,
6877.0,VILLANUEVA DE LOS ESCUDEROS 400,Castilla La Mancha,Cuenca,Cuenca,400.0,40.03010166499,-2.3230531043705,fotovoltaica,Con permisos,RdT,38.0,38.0
6877.0,VILLANUEVA DE LOS ESCUDEROS 400,Castilla La Mancha,Cuenca,Cuenca,400.0,40.03010166499,-2.3230531043705,fotovoltaica,Puesta en servicio,RdD,,
6877.0,VILLANUEVA DE LOS ESCUDEROS 400,Castilla La Mancha,Cuenca,Cuenca,400.0,40.03010166499,-2.3230531043705,fotovoltaica,Puesta en servicio,RdT,126.81,569.31
6877.0,VILLANUEVA DE LOS ESCUDEROS 400,Castilla La Mancha,Cuenca,Cuenca,400.0,40.03010166499,-2.3230531043705,hibridacion,Puesta en servicio,RdD,,
6877.0,VILLANUEVA DE LOS ESCUDEROS 400,Castilla La Mancha,Cuenca,Cuenca,400.0,40.03010166499,-2.3230531043705,hibridacion,Puesta en servicio,RdT,370.16,
12836.0,HUELVES 220,Castilla La Mancha,Cuenca,Huelves,220.0,40.059070623121,-2.939270628083,almacenamiento,Con permisos,RdD,,14.0
12836.0,HUELVES 220,Castilla La Mancha,Cuenca,Huelves,220.0,40.059070623121,-2.939270628083,almacenamiento,Con permisos,RdT,,
12836.0,HUELVES 220,Castilla La Mancha,Cuenca,Huelves,220.0,40.059070623121,-2.939270628083,eolica,Con permisos,RdD,,38.0
12836.0,HUELVES 220,Castilla La Mancha,Cuenca,Huelves,220.0,40.059070623121,-2.939270628083,eolica,Con permisos,RdT,,
12836.0,HUELVES 220,Castilla La Mancha,Cuenca,Huelves,220.0,40.059070623121,-2.939270628083,eolica,Puesta en servicio,RdD,38.0,38.0
12836.0,HUELVES 220,Castilla La Mancha,Cuenca,Huelves,220.0,40.059070623121,-2.939270628083,eolica,Puesta en servicio,RdT,,
12836.0,HUELVES 220,Castilla La Mancha,Cuenca,Huelves,220.0,40.059070623121,-2.939270628083,fotovoltaica,Con permisos,RdD,9.0,48.0
12836.0,HUELVES 220,Castilla La Mancha,Cuenca,Huelves,220.0,40.059070623121,-2.939270628083,fotovoltaica,Con permisos,RdT,,
12836.0,HUELVES 220,Castilla La Mancha,Cuenca,Huelves,220.0,40.059070623121,-2.939270628083,fotovoltaica,Puesta en servicio,RdD,22.26,47.48
12836.0,HUELVES 220,Castilla La Mancha,Cuenca,Huelves,220.0,40.059070623121,-2.939270628083,fotovoltaica,Puesta en servicio,RdT,,
12836.0,HUELVES 220,Castilla La Mancha,Cuenca,Huelves,220.0,40.059070623121,-2.939270628083,hibridacion,Con permisos,RdD,38.0,
12836.0,HUELVES 220,Castilla La Mancha,Cuenca,Huelves,220.0,40.059070623121,-2.939270628083,hibridacion,Con permisos,RdT,,
12836.0,HUELVES 220,Castilla La Mancha,Cuenca,Huelves,220.0,40.059070623121,-2.939270628083,hibridacion,Puesta en servicio,RdD,24.25,
12836.0,HUELVES 220,Castilla La Mancha,Cuenca,Huelves,220.0,40.059070623121,-2.939270628083,hibridacion,Puesta en servicio,RdT,,
12836.0,HUELVES 220,Castilla La Mancha,Cuenca,Huelves,220.0,40.059070623121,-2.939270628083,otras,Con permisos,RdD,,4.0
12836.0,HUELVES 220,Castilla La Mancha,Cuenca,Huelves,220.0,40.059070623121,-2.939270628083,otras,Con permisos,RdT,,
12836.0,HUELVES 220,Castilla La Mancha,Cuenca,Huelves,220.0,40.059070623121,-2.939270628083,otras,Puesta en servicio,RdD,22.88,22.88
12836.0,HUELVES 220,Castilla La Mancha,Cuenca,Huelves,220.0,40.059070623121,-2.939270628083,otras,Puesta en servicio,RdT,,
12973.0,MINGLANILLA 400,Castilla La Mancha,Cuenca,Minglanilla,400.0,39.524812263,-1.5651661479559,almacenamiento,Con permisos,RdD,,
12973.0,MINGLANILLA 400,Castilla La Mancha,Cuenca,Minglanilla,400.0,39.524812263,-1.5651661479559,almacenamiento,Con permisos,RdT,,406.0
12973.0,MINGLANILLA 400,Castilla La Mancha,Cuenca,Minglanilla,400.0,39.524812263,-1.5651661479559,eolica,Puesta en servicio,RdD,,
12973.0,MINGLANILLA 400,Castilla La Mancha,Cuenca,Minglanilla,400.0,39.524812263,-1.5651661479559,eolica,Puesta en servicio,RdT,175.0,629.2
12973.0,MINGLANILLA 400,Castilla La Mancha,Cuenca,Minglanilla,400.0,39.524812263,-1.5651661479559,fotovoltaica,Con permisos,RdD,,
12973.0,MINGLANILLA 400,Castilla La Mancha,Cuenca,Minglanilla,400.0,39.524812263,-1.5651661479559,fotovoltaica,Con permisos,RdT,,330.0
12973.0,MINGLANILLA 400,Castilla La Mancha,Cuenca,Minglanilla,400.0,39.524812263,-1.5651661479559,fotovoltaica,Puesta en servicio,RdD,,
12973.0,MINGLANILLA 400,Castilla La Mancha,Cuenca,Minglanilla,400.0,39.524812263,-1.5651661479559,fotovoltaica,Puesta en servicio,RdT,84.0,376.85
12973.0,MINGLANILLA 400,Castilla La Mancha,Cuenca,Minglanilla,400.0,39.524812263,-1.5651661479559,hibridacion,Puesta en servicio,RdD,,
12973.0,MINGLANILLA 400,Castilla La Mancha,Cuenca,Minglanilla,400.0,39.524812263,-1.5651661479559,hibridacion,Puesta en servicio,RdT,675.2,
13020.0,OLMEDILLA 220,Castilla La Mancha,Cuenca,Olmedilla de Alarcón,220.0,39.638018118276,-2.0846097073912,eolica,En curso,RdD,,
13020.0,OLMEDILLA 220,Castilla La Mancha,Cuenca,Olmedilla de Alarcón,220.0,39.638018118276,-2.0846097073912,eolica,En curso,RdT,40.0,61.0
13020.0,OLMEDILLA 220,Castilla La Mancha,Cuenca,Olmedilla de Alarcón,220.0,39.638018118276,-2.0846097073912,eolica,Puesta en servicio,RdD,64.5,64.5
13020.0,OLMEDILLA 220,Castilla La Mancha,Cuenca,Olmedilla de Alarcón,220.0,39.638018118276,-2.0846097073912,eolica,Puesta en servicio,RdT,,
13020.0,OLMEDILLA 220,Castilla La Mancha,Cuenca,Olmedilla de Alarcón,220.0,39.638018118276,-2.0846097073912,fotovoltaica,Con permisos,RdD,6.0,6.0
13020.0,OLMEDILLA 220,Castilla La Mancha,Cuenca,Olmedilla de Alarcón,220.0,39.638018118276,-2.0846097073912,fotovoltaica,Con permisos,RdT,,
13020.0,OLMEDILLA 220,Castilla La Mancha,Cuenca,Olmedilla de Alarcón,220.0,39.638018118276,-2.0846097073912,fotovoltaica,En curso,RdD,,
13020.0,OLMEDILLA 220,Castilla La Mancha,Cuenca,Olmedilla de Alarcón,220.0,39.638018118276,-2.0846097073912,fotovoltaica,En curso,RdT,,25.0
13020.0,OLMEDILLA 220,Castilla La Mancha,Cuenca,Olmedilla de Alarcón,220.0,39.638018118276,-2.0846097073912,fotovoltaica,Puesta en servicio,RdD,45.53,45.53
13020.0,OLMEDILLA 220,Castilla La Mancha,Cuenca,Olmedilla de Alarcón,220.0,39.638018118276,-2.0846097073912,fotovoltaica,Puesta en servicio,RdT,80.0,88.0
13020.0,OLMEDILLA 220,Castilla La Mancha,Cuenca,Olmedilla de Alarcón,220.0,39.638018118276,-2.0846097073912,hibridacion,En curso,RdD,,
13020.0,OLMEDILLA 220,Castilla La Mancha,Cuenca,Olmedilla de Alarcón,220.0,39.638018118276,-2.0846097073912,hibridacion,En curso,RdT,40.0,
13020.0,OLMEDILLA 220,Castilla La Mancha,Cuenca,Olmedilla de Alarcón,220.0,39.638018118276,-2.0846097073912,otras,Puesta en servicio,RdD,30.22,30.22
13020.0,OLMEDILLA 220,Castilla La Mancha,Cuenca,Olmedilla de Alarcón,220.0,39.638018118276,-2.0846097073912,otras,Puesta en servicio,RdT,,
13021.0,OLMEDILLA 400,Castilla La Mancha,Cuenca,Olmedilla de Alarcón,400.0,39.638018118276,-2.0846097073912,almacenamiento,Con permisos,RdD,,
13021.0,OLMEDILLA 400,Castilla La Mancha,Cuenca,Olmedilla de Alarcón,400.0,39.638018118276,-2.0846097073912,almacenamiento,Con permisos,RdT,,35.0
13021.0,OLMEDILLA 400,Castilla La Mancha,Cuenca,Olmedilla de Alarcón,400.0,39.638018118276,-2.0846097073912,almacenamiento,Puesta en servicio,RdD,,
13021.0,OLMEDILLA 400,Castilla La Mancha,Cuenca,Olmedilla de Alarcón,400.0,39.638018118276,-2.0846097073912,almacenamiento,Puesta en servicio,RdT,,57.56
13021.0,OLMEDILLA 400,Castilla La Mancha,Cuenca,Olmedilla de Alarcón,400.0,39.638018118276,-2.0846097073912,eolica,Con permisos,RdD,7.0,7.0
13021.0,OLMEDILLA 400,Castilla La Mancha,Cuenca,Olmedilla de Alarcón,400.0,39.638018118276,-2.0846097073912,eolica,Con permisos,RdT,,72.0
13021.0,OLMEDILLA 400,Castilla La Mancha,Cuenca,Olmedilla de Alarcón,400.0,39.638018118276,-2.0846097073912,eolica,Puesta en servicio,RdD,119.0,212.37
13021.0,OLMEDILLA 400,Castilla La Mancha,Cuenca,Olmedilla de Alarcón,400.0,39.638018118276,-2.0846097073912,eolica,Puesta en servicio,RdT,263.6,610.1
13021.0,OLMEDILLA 400,Castilla La Mancha,Cuenca,Olmedilla de Alarcón,400.0,39.638018118276,-2.0846097073912,fotovoltaica,Con permisos,RdD,,75.0
13021.0,OLMEDILLA 400,Castilla La Mancha,Cuenca,Olmedilla de Alarcón,400.0,39.638018118276,-2.0846097073912,fotovoltaica,Con permisos,RdT,130.0,473.0
13021.0,OLMEDILLA 400,Castilla La Mancha,Cuenca,Olmedilla de Alarcón,400.0,39.638018118276,-2.0846097073912,fotovoltaica,Puesta en servicio,RdD,6.1,28.61
13021.0,OLMEDILLA 400,Castilla La Mancha,Cuenca,Olmedilla de Alarcón,400.0,39.638018118276,-2.0846097073912,fotovoltaica,Puesta en servicio,RdT,280.2,418.87
13021.0,OLMEDILLA 400,Castilla La Mancha,Cuenca,Olmedilla de Alarcón,400.0,39.638018118276,-2.0846097073912,hibridacion,Con permisos,RdD,,
13021.0,OLMEDILLA 400,Castilla La Mancha,Cuenca,Olmedilla de Alarcón,400.0,39.638018118276,-2.0846097073912,hibridacion,Con permisos,RdT,49.0,
13021.0,OLMEDILLA 400,Castilla La Mancha,Cuenca,Olmedilla de Alarcón,400.0,39.638018118276,-2.0846097073912,hibridacion,Puesta en servicio,RdD,93.37,
13021.0,OLMEDILLA 400,Castilla La Mancha,Cuenca,Olmedilla de Alarcón,400.0,39.638018118276,-2.0846097073912,hibridacion,Puesta en servicio,RdT,372.5,
13021.0,OLMEDILLA 400,Castilla La Mancha,Cuenca,Olmedilla de Alarcón,400.0,39.638018118276,-2.0846097073912,hidraulica,Puesta en servicio,RdD,15.89,15.89
13021.0,OLMEDILLA 400,Castilla La Mancha,Cuenca,Olmedilla de Alarcón,400.0,39.638018118276,-2.0846097073912,hidraulica,Puesta en servicio,RdT,,
13021.0,OLMEDILLA 400,Castilla La Mancha,Cuenca,Olmedilla de Alarcón,400.0,39.638018118276,-2.0846097073912,otras,Puesta en servicio,RdD,29.72,29.72
13021.0,OLMEDILLA 400,Castilla La Mancha,Cuenca,Olmedilla de Alarcón,400.0,39.638018118276,-2.0846097073912,otras,Puesta en servicio,RdT,,
6878.0,VILLARES DEL SAZ 220,Castilla La Mancha,Cuenca,Villares del Saz,220.0,39.861695729094,-2.5698781432527,eolica,Puesta en servicio,RdD,,34.0
6878.0,VILLARES DEL SAZ 220,Castilla La Mancha,Cuenca,Villares del Saz,220.0,39.861695729094,-2.5698781432527,eolica,Puesta en servicio,RdT,100.0,104.5
6878.0,VILLARES DEL SAZ 220,Castilla La Mancha,Cuenca,Villares del Saz,220.0,39.861695729094,-2.5698781432527,fotovoltaica,Con permisos,RdD,,29.0
6878.0,VILLARES DEL SAZ 220,Castilla La Mancha,Cuenca,Villares del Saz,220.0,39.861695729094,-2.5698781432527,fotovoltaica,Con permisos,RdT,,
6878.0,VILLARES DEL SAZ 220,Castilla La Mancha,Cuenca,Villares del Saz,220.0,39.861695729094,-2.5698781432527,fotovoltaica,En curso,RdD,63.0,65.0
6878.0,VILLARES DEL SAZ 220,Castilla La Mancha,Cuenca,Villares del Saz,220.0,39.861695729094,-2.5698781432527,fotovoltaica,En curso,RdT,,
6878.0,VILLARES DEL SAZ 220,Castilla La Mancha,Cuenca,Villares del Saz,220.0,39.861695729094,-2.5698781432527,fotovoltaica,Puesta en servicio,RdD,25.25,25.25
6878.0,VILLARES DEL SAZ 220,Castilla La Mancha,Cuenca,Villares del Saz,220.0,39.861695729094,-2.5698781432527,fotovoltaica,Puesta en servicio,RdT,,
6878.0,VILLARES DEL SAZ 220,Castilla La Mancha,Cuenca,Villares del Saz,220.0,39.861695729094,-2.5698781432527,hibridacion,Puesta en servicio,RdD,34.0,
6878.0,VILLARES DEL SAZ 220,Castilla La Mancha,Cuenca,Villares del Saz,220.0,39.861695729094,-2.5698781432527,hibridacion,Puesta en servicio,RdT,,
6878.0,VILLARES DEL SAZ 220,Castilla La Mancha,Cuenca,Villares del Saz,220.0,39.861695729094,-2.5698781432527,otras,Puesta en servicio,RdD,2.0,2.0
6878.0,VILLARES DEL SAZ 220,Castilla La Mancha,Cuenca,Villares del Saz,220.0,39.861695729094,-2.5698781432527,otras,Puesta en servicio,RdT,,
12784.0,FUENTES DE LA ALCARRIA 400,Castilla La Mancha,Guadalajara,Brihuega,400.0,40.747720865805,-2.9841582103451,eolica,Con permisos,RdD,,
12784.0,FUENTES DE LA ALCARRIA 400,Castilla La Mancha,Guadalajara,Brihuega,400.0,40.747720865805,-2.9841582103451,eolica,Con permisos,RdT,,71.0
12784.0,FUENTES DE LA ALCARRIA 400,Castilla La Mancha,Guadalajara,Brihuega,400.0,40.747720865805,-2.9841582103451,eolica,Puesta en servicio,RdD,28.0,28.0
12784.0,FUENTES DE LA ALCARRIA 400,Castilla La Mancha,Guadalajara,Brihuega,400.0,40.747720865805,-2.9841582103451,eolica,Puesta en servicio,RdT,341.8,499.8
12784.0,FUENTES DE LA ALCARRIA 400,Castilla La Mancha,Guadalajara,Brihuega,400.0,40.747720865805,-2.9841582103451,fotovoltaica,Con permisos,RdD,12.0,14.0
12784.0,FUENTES DE LA ALCARRIA 400,Castilla La Mancha,Guadalajara,Brihuega,400.0,40.747720865805,-2.9841582103451,fotovoltaica,Con permisos,RdT,65.0,315.0
12784.0,FUENTES DE LA ALCARRIA 400,Castilla La Mancha,Guadalajara,Brihuega,400.0,40.747720865805,-2.9841582103451,fotovoltaica,En curso,RdD,,
12784.0,FUENTES DE LA ALCARRIA 400,Castilla La Mancha,Guadalajara,Brihuega,400.0,40.747720865805,-2.9841582103451,fotovoltaica,En curso,RdT,89.9,103.84
12784.0,FUENTES DE LA ALCARRIA 400,Castilla La Mancha,Guadalajara,Brihuega,400.0,40.747720865805,-2.9841582103451,fotovoltaica,Puesta en servicio,RdD,58.56,63.53
12784.0,FUENTES DE LA ALCARRIA 400,Castilla La Mancha,Guadalajara,Brihuega,400.0,40.747720865805,-2.9841582103451,fotovoltaica,Puesta en servicio,RdT,89.9,103.84
12784.0,FUENTES DE LA ALCARRIA 400,Castilla La Mancha,Guadalajara,Brihuega,400.0,40.747720865805,-2.9841582103451,hibridacion,Con permisos,RdD,,
12784.0,FUENTES DE LA ALCARRIA 400,Castilla La Mancha,Guadalajara,Brihuega,400.0,40.747720865805,-2.9841582103451,hibridacion,Con permisos,RdT,70.0,
12784.0,FUENTES DE LA ALCARRIA 400,Castilla La Mancha,Guadalajara,Brihuega,400.0,40.747720865805,-2.9841582103451,hibridacion,Puesta en servicio,RdD,,
12784.0,FUENTES DE LA ALCARRIA 400,Castilla La Mancha,Guadalajara,Brihuega,400.0,40.747720865805,-2.9841582103451,hibridacion,Puesta en servicio,RdT,158.0,
12784.0,FUENTES DE LA ALCARRIA 400,Castilla La Mancha,Guadalajara,Brihuega,400.0,40.747720865805,-2.9841582103451,hidraulica,Puesta en servicio,RdD,5.85,5.85
12784.0,FUENTES DE LA ALCARRIA 400,Castilla La Mancha,Guadalajara,Brihuega,400.0,40.747720865805,-2.9841582103451,hidraulica,Puesta en servicio,RdT,,
12784.0,FUENTES DE LA ALCARRIA 400,Castilla La Mancha,Guadalajara,Brihuega,400.0,40.747720865805,-2.9841582103451,otras,Puesta en servicio,RdD,13.96,13.96
12784.0,FUENTES DE LA ALCARRIA 400,Castilla La Mancha,Guadalajara,Brihuega,400.0,40.747720865805,-2.9841582103451,otras,Puesta en servicio,RdT,,
12855.0,JOSE CABRERA 220,Castilla La Mancha,Guadalajara,Pastrana,220.0,40.349501192002,-2.8859271041264,almacenamiento,Con permisos,RdD,,
12855.0,JOSE CABRERA 220,Castilla La Mancha,Guadalajara,Pastrana,220.0,40.349501192002,-2.8859271041264,almacenamiento,Con permisos,RdT,,5.0
12855.0,JOSE CABRERA 220,Castilla La Mancha,Guadalajara,Pastrana,220.0,40.349501192002,-2.8859271041264,almacenamiento,En curso,RdD,,
12855.0,JOSE CABRERA 220,Castilla La Mancha,Guadalajara,Pastrana,220.0,40.349501192002,-2.8859271041264,almacenamiento,En curso,RdT,,5.0
12855.0,JOSE CABRERA 220,Castilla La Mancha,Guadalajara,Pastrana,220.0,40.349501192002,-2.8859271041264,fotovoltaica,En curso,RdD,,
12855.0,JOSE CABRERA 220,Castilla La Mancha,Guadalajara,Pastrana,220.0,40.349501192002,-2.8859271041264,fotovoltaica,En curso,RdT,,44.0
12855.0,JOSE CABRERA 220,Castilla La Mancha,Guadalajara,Pastrana,220.0,40.349501192002,-2.8859271041264,fotovoltaica,Puesta en servicio,RdD,,
12855.0,JOSE CABRERA 220,Castilla La Mancha,Guadalajara,Pastrana,220.0,40.349501192002,-2.8859271041264,fotovoltaica,Puesta en servicio,RdT,162.52,231.03
12855.0,JOSE CABRERA 220,Castilla La Mancha,Guadalajara,Pastrana,220.0,40.349501192002,-2.8859271041264,hibridacion,En curso,RdD,,
12855.0,JOSE CABRERA 220,Castilla La Mancha,Guadalajara,Pastrana,220.0,40.349501192002,-2.8859271041264,hibridacion,En curso,RdT,38.24,
12855.0,JOSE CABRERA 220,Castilla La Mancha,Guadalajara,Pastrana,220.0,40.349501192002,-2.8859271041264,hibridacion,Puesta en servicio,RdD,,
12855.0,JOSE CABRERA 220,Castilla La Mancha,Guadalajara,Pastrana,220.0,40.349501192002,-2.8859271041264,hibridacion,Puesta en servicio,RdT,38.24,
6852.0,BOLARQUE 220,Castilla La Mancha,Guadalajara,Sayatón,220.0,40.364549404441,-2.8300339404787,almacenamiento,Con permisos,RdD,,
6852.0,BOLARQUE 220,Castilla La Mancha,Guadalajara,Sayatón,220.0,40.364549404441,-2.8300339404787,almacenamiento,Con permisos,RdT,,24.0
6852.0,BOLARQUE 220,Castilla La Mancha,Guadalajara,Sayatón,220.0,40.364549404441,-2.8300339404787,bombeo,Puesta en servicio,RdD,,
6852.0,BOLARQUE 220,Castilla La Mancha,Guadalajara,Sayatón,220.0,40.364549404441,-2.8300339404787,bombeo,Puesta en servicio,RdT,208.0,215.0
6852.0,BOLARQUE 220,Castilla La Mancha,Guadalajara,Sayatón,220.0,40.364549404441,-2.8300339404787,eolica,Puesta en servicio,RdD,3.0,3.0
6852.0,BOLARQUE 220,Castilla La Mancha,Guadalajara,Sayatón,220.0,40.364549404441,-2.8300339404787,eolica,Puesta en servicio,RdT,,62.0
6852.0,BOLARQUE 220,Castilla La Mancha,Guadalajara,Sayatón,220.0,40.364549404441,-2.8300339404787,fotovoltaica,Con permisos,RdD,8.0,8.0
6852.0,BOLARQUE 220,Castilla La Mancha,Guadalajara,Sayatón,220.0,40.364549404441,-2.8300339404787,fotovoltaica,Con permisos,RdT,,
6852.0,BOLARQUE 220,Castilla La Mancha,Guadalajara,Sayatón,220.0,40.364549404441,-2.8300339404787,fotovoltaica,Puesta en servicio,RdD,19.52,20.49
6852.0,BOLARQUE 220,Castilla La Mancha,Guadalajara,Sayatón,220.0,40.364549404441,-2.8300339404787,fotovoltaica,Puesta en servicio,RdT,113.5,224.59
6852.0,BOLARQUE 220,Castilla La Mancha,Guadalajara,Sayatón,220.0,40.364549404441,-2.8300339404787,hibridacion,Puesta en servicio,RdD,,
6852.0,BOLARQUE 220,Castilla La Mancha,Guadalajara,Sayatón,220.0,40.364549404441,-2.8300339404787,hibridacion,Puesta en servicio,RdT,102.0,
6852.0,BOLARQUE 220,Castilla La Mancha,Guadalajara,Sayatón,220.0,40.364549404441,-2.8300339404787,hidraulica,Puesta en servicio,RdD,190.51,190.51
6852.0,BOLARQUE 220,Castilla La Mancha,Guadalajara,Sayatón,220.0,40.364549404441,-2.8300339404787,hidraulica,Puesta en servicio,RdT,,
6876.0,TRILLO 400,Castilla La Mancha,Guadalajara,Trillo,400.0,40.702988537914,-2.6254512309474,almacenamiento,Con permisos,RdD,,
6876.0,TRILLO 400,Castilla La Mancha,Guadalajara,Trillo,400.0,40.702988537914,-2.6254512309474,almacenamiento,Con permisos,RdT,,250.0
6876.0,TRILLO 400,Castilla La Mancha,Guadalajara,Trillo,400.0,40.702988537914,-2.6254512309474,eolica,Con permisos,RdD,,
6876.0,TRILLO 400,Castilla La Mancha,Guadalajara,Trillo,400.0,40.702988537914,-2.6254512309474,eolica,Con permisos,RdT,,182.0
6876.0,TRILLO 400,Castilla La Mancha,Guadalajara,Trillo,400.0,40.702988537914,-2.6254512309474,fotovoltaica,Con permisos,RdD,,
6876.0,TRILLO 400,Castilla La Mancha,Guadalajara,Trillo,400.0,40.702988537914,-2.6254512309474,fotovoltaica,Con permisos,RdT,,149.0
6876.0,TRILLO 400,Castilla La Mancha,Guadalajara,Trillo,400.0,40.702988537914,-2.6254512309474,fotovoltaica,Puesta en servicio,RdD,,
6876.0,TRILLO 400,Castilla La Mancha,Guadalajara,Trillo,400.0,40.702988537914,-2.6254512309474,fotovoltaica,Puesta en servicio,RdT,170.0,624.59
6876.0,TRILLO 400,Castilla La Mancha,Guadalajara,Trillo,400.0,40.702988537914,-2.6254512309474,hibridacion,Con permisos,RdD,,
6876.0,TRILLO 400,Castilla La Mancha,Guadalajara,Trillo,400.0,40.702988537914,-2.6254512309474,hibridacion,Con permisos,RdT,120.0,
6876.0,TRILLO 400,Castilla La Mancha,Guadalajara,Trillo,400.0,40.702988537914,-2.6254512309474,hibridacion,Puesta en servicio,RdD,,
6876.0,TRILLO 400,Castilla La Mancha,Guadalajara,Trillo,400.0,40.702988537914,-2.6254512309474,hibridacion,Puesta en servicio,RdT,379.26,
6876.0,TRILLO 400,Castilla La Mancha,Guadalajara,Trillo,400.0,40.702988537914,-2.6254512309474,otras,Puesta en servicio,RdD,,
6876.0,TRILLO 400,Castilla La Mancha,Guadalajara,Trillo,400.0,40.702988537914,-2.6254512309474,otras,Puesta en servicio,RdT,1003.41,1003.41
13401.0,PRADILLOS 220,Castilla La Mancha,Toledo,Illescas,220.0,40.132031122611,-3.8203421352998,fotovoltaica,Con permisos,RdD,80.0,89.0
13401.0,PRADILLOS 220,Castilla La Mancha,Toledo,Illescas,220.0,40.132031122611,-3.8203421352998,fotovoltaica,Con permisos,RdT,353.0,397.0
13401.0,PRADILLOS 220,Castilla La Mancha,Toledo,Illescas,220.0,40.132031122611,-3.8203421352998,fotovoltaica,Puesta en servicio,RdD,3.5,3.57
13401.0,PRADILLOS 220,Castilla La Mancha,Toledo,Illescas,220.0,40.132031122611,-3.8203421352998,fotovoltaica,Puesta en servicio,RdT,,
13401.0,PRADILLOS 220,Castilla La Mancha,Toledo,Illescas,220.0,40.132031122611,-3.8203421352998,otras,Puesta en servicio,RdD,3.14,3.14
13401.0,PRADILLOS 220,Castilla La Mancha,Toledo,Illescas,220.0,40.132031122611,-3.8203421352998,otras,Puesta en servicio,RdT,,
12933.0,MADRIDEJOS 220,Castilla La Mancha,Toledo,Madridejos,220.0,39.486953093845,-3.5311658079474,almacenamiento,Con permisos,RdD,,19.0
12933.0,MADRIDEJOS 220,Castilla La Mancha,Toledo,Madridejos,220.0,39.486953093845,-3.5311658079474,almacenamiento,Con permisos,RdT,,
12933.0,MADRIDEJOS 220,Castilla La Mancha,Toledo,Madridejos,220.0,39.486953093845,-3.5311658079474,eolica,Con permisos,RdD,,6.0
12933.0,MADRIDEJOS 220,Castilla La Mancha,Toledo,Madridejos,220.0,39.486953093845,-3.5311658079474,eolica,Con permisos,RdT,,
12933.0,MADRIDEJOS 220,Castilla La Mancha,Toledo,Madridejos,220.0,39.486953093845,-3.5311658079474,eolica,Puesta en servicio,RdD,6.75,46.2
12933.0,MADRIDEJOS 220,Castilla La Mancha,Toledo,Madridejos,220.0,39.486953093845,-3.5311658079474,eolica,Puesta en servicio,RdT,,
12933.0,MADRIDEJOS 220,Castilla La Mancha,Toledo,Madridejos,220.0,39.486953093845,-3.5311658079474,fotovoltaica,Con permisos,RdD,32.0,97.0
12933.0,MADRIDEJOS 220,Castilla La Mancha,Toledo,Madridejos,220.0,39.486953093845,-3.5311658079474,fotovoltaica,Con permisos,RdT,,
12933.0,MADRIDEJOS 220,Castilla La Mancha,Toledo,Madridejos,220.0,39.486953093845,-3.5311658079474,fotovoltaica,Puesta en servicio,RdD,44.33,65.0
12933.0,MADRIDEJOS 220,Castilla La Mancha,Toledo,Madridejos,220.0,39.486953093845,-3.5311658079474,fotovoltaica,Puesta en servicio,RdT,,
12933.0,MADRIDEJOS 220,Castilla La Mancha,Toledo,Madridejos,220.0,39.486953093845,-3.5311658079474,hibridacion,Con permisos,RdD,21.0,
12933.0,MADRIDEJOS 220,Castilla La Mancha,Toledo,Madridejos,220.0,39.486953093845,-3.5311658079474,hibridacion,Con permisos,RdT,,
12933.0,MADRIDEJOS 220,Castilla La Mancha,Toledo,Madridejos,220.0,39.486953093845,-3.5311658079474,hibridacion,Puesta en servicio,RdD,46.65,
12933.0,MADRIDEJOS 220,Castilla La Mancha,Toledo,Madridejos,220.0,39.486953093845,-3.5311658079474,hibridacion,Puesta en servicio,RdT,,
12933.0,MADRIDEJOS 220,Castilla La Mancha,Toledo,Madridejos,220.0,39.486953093845,-3.5311658079474,otras,Con permisos,RdD,5.0,9.0
12933.0,MADRIDEJOS 220,Castilla La Mancha,Toledo,Madridejos,220.0,39.486953093845,-3.5311658079474,otras,Con permisos,RdT,,
12933.0,MADRIDEJOS 220,Castilla La Mancha,Toledo,Madridejos,220.0,39.486953093845,-3.5311658079474,otras,Puesta en servicio,RdD,105.14,101.33
12933.0,MADRIDEJOS 220,Castilla La Mancha,Toledo,Madridejos,220.0,39.486953093845,-3.5311658079474,otras,Puesta en servicio,RdT,,
13395.0,CARROYUELAS 220,Castilla La Mancha,Toledo,Madridejos,220.0,39.484260619104,-3.5809044538351,almacenamiento,Con permisos,RdD,,
13395.0,CARROYUELAS 220,Castilla La Mancha,Toledo,Madridejos,220.0,39.484260619104,-3.5809044538351,almacenamiento,Con permisos,RdT,,70.0
13395.0,CARROYUELAS 220,Castilla La Mancha,Toledo,Madridejos,220.0,39.484260619104,-3.5809044538351,almacenamiento,En curso,RdD,,
13395.0,CARROYUELAS 220,Castilla La Mancha,Toledo,Madridejos,220.0,39.484260619104,-3.5809044538351,almacenamiento,En curso,RdT,,70.0
13395.0,CARROYUELAS 220,Castilla La Mancha,Toledo,Madridejos,220.0,39.484260619104,-3.5809044538351,fotovoltaica,En curso,RdD,,
13395.0,CARROYUELAS 220,Castilla La Mancha,Toledo,Madridejos,220.0,39.484260619104,-3.5809044538351,fotovoltaica,En curso,RdT,,189.76
13395.0,CARROYUELAS 220,Castilla La Mancha,Toledo,Madridejos,220.0,39.484260619104,-3.5809044538351,fotovoltaica,Puesta en servicio,RdD,,
13395.0,CARROYUELAS 220,Castilla La Mancha,Toledo,Madridejos,220.0,39.484260619104,-3.5809044538351,fotovoltaica,Puesta en servicio,RdT,,189.76
13395.0,CARROYUELAS 220,Castilla La Mancha,Toledo,Madridejos,220.0,39.484260619104,-3.5809044538351,hibridacion,En curso,RdD,,
13395.0,CARROYUELAS 220,Castilla La Mancha,Toledo,Madridejos,220.0,39.484260619104,-3.5809044538351,hibridacion,En curso,RdT,154.16,
13395.0,CARROYUELAS 220,Castilla La Mancha,Toledo,Madridejos,220.0,39.484260619104,-3.5809044538351,hibridacion,Puesta en servicio,RdD,,
13395.0,CARROYUELAS 220,Castilla La Mancha,Toledo,Madridejos,220.0,39.484260619104,-3.5809044538351,hibridacion,Puesta en servicio,RdT,154.16,
13395.0,CARROYUELAS 220,Castilla La Mancha,Toledo,Madridejos,220.0,39.484260619104,-3.5809044538351,termosolar,Puesta en servicio,RdD,,
13395.0,CARROYUELAS 220,Castilla La Mancha,Toledo,Madridejos,220.0,39.484260619104,-3.5809044538351,termosolar,Puesta en servicio,RdT,99.8,99.8
6874.0,TALAVERA 220,Castilla La Mancha,Toledo,Pepino,220.0,40.003417937387,-4.8227619771555,fotovoltaica,Con permisos,RdD,86.0,112.0
6874.0,TALAVERA 220,Castilla La Mancha,Toledo,Pepino,220.0,40.003417937387,-4.8227619771555,fotovoltaica,Con permisos,RdT,,180.0
6874.0,TALAVERA 220,Castilla La Mancha,Toledo,Pepino,220.0,40.003417937387,-4.8227619771555,fotovoltaica,En curso,RdD,4.27,5.0
6874.0,TALAVERA 220,Castilla La Mancha,Toledo,Pepino,220.0,40.003417937387,-4.8227619771555,fotovoltaica,En curso,RdT,,
6874.0,TALAVERA 220,Castilla La Mancha,Toledo,Pepino,220.0,40.003417937387,-4.8227619771555,fotovoltaica,Puesta en servicio,RdD,126.28,122.76
6874.0,TALAVERA 220,Castilla La Mancha,Toledo,Pepino,220.0,40.003417937387,-4.8227619771555,fotovoltaica,Puesta en servicio,RdT,,
6874.0,TALAVERA 220,Castilla La Mancha,Toledo,Pepino,220.0,40.003417937387,-4.8227619771555,hidraulica,Puesta en servicio,RdD,7.26,7.26
6874.0,TALAVERA 220,Castilla La Mancha,Toledo,Pepino,220.0,40.003417937387,-4.8227619771555,hidraulica,Puesta en servicio,RdT,,148.1
6874.0,TALAVERA 220,Castilla La Mancha,Toledo,Pepino,220.0,40.003417937387,-4.8227619771555,otras,Puesta en servicio,RdD,3.12,3.12
6874.0,TALAVERA 220,Castilla La Mancha,Toledo,Pepino,220.0,40.003417937387,-4.8227619771555,otras,Puesta en servicio,RdT,198.01,
12730.0,EBORA 220,Castilla La Mancha,Toledo,Talavera de la Reina,220.0,39.964408945696,-4.7879196718057,fotovoltaica,Con permisos,RdD,,
12730.0,EBORA 220,Castilla La Mancha,Toledo,Talavera de la Reina,220.0,39.964408945696,-4.7879196718057,fotovoltaica,Con permisos,RdT,125.0,153.0
12730.0,EBORA 220,Castilla La Mancha,Toledo,Talavera de la Reina,220.0,39.964408945696,-4.7879196718057,fotovoltaica,En curso,RdD,36.35,44.48
12730.0,EBORA 220,Castilla La Mancha,Toledo,Talavera de la Reina,220.0,39.964408945696,-4.7879196718057,fotovoltaica,En curso,RdT,,
12730.0,EBORA 220,Castilla La Mancha,Toledo,Talavera de la Reina,220.0,39.964408945696,-4.7879196718057,hidraulica,Puesta en servicio,RdD,1.96,1.96
12730.0,EBORA 220,Castilla La Mancha,Toledo,Talavera de la Reina,220.0,39.964408945696,-4.7879196718057,hidraulica,Puesta en servicio,RdT,,
6875.0,TORRIJOS 220,Castilla La Mancha,Toledo,Torrijos,220.0,39.999360254001,-4.2695154833225,almacenamiento,Con permisos,RdD,,
6875.0,TORRIJOS 220,Castilla La Mancha,Toledo,Torrijos,220.0,39.999360254001,-4.2695154833225,almacenamiento,Con permisos,RdT,,40.0
6875.0,TORRIJOS 220,Castilla La Mancha,Toledo,Torrijos,220.0,39.999360254001,-4.2695154833225,fotovoltaica,En curso,RdD,124.0,130.0
6875.0,TORRIJOS 220,Castilla La Mancha,Toledo,Torrijos,220.0,39.999360254001,-4.2695154833225,fotovoltaica,En curso,RdT,,
6875.0,TORRIJOS 220,Castilla La Mancha,Toledo,Torrijos,220.0,39.999360254001,-4.2695154833225,fotovoltaica,Puesta en servicio,RdD,82.27,91.02
6875.0,TORRIJOS 220,Castilla La Mancha,Toledo,Torrijos,220.0,39.999360254001,-4.2695154833225,fotovoltaica,Puesta en servicio,RdT,30.0,128.19
6875.0,TORRIJOS 220,Castilla La Mancha,Toledo,Torrijos,220.0,39.999360254001,-4.2695154833225,hibridacion,Puesta en servicio,RdD,,
6875.0,TORRIJOS 220,Castilla La Mancha,Toledo,Torrijos,220.0,39.999360254001,-4.2695154833225,hibridacion,Puesta en servicio,RdT,85.0,
6847.0,ACECA 220,Castilla La Mancha,Toledo,Villaseca de la Sagra,220.0,39.942109018762,-3.8576191477406,almacenamiento,Con permisos,RdD,,55.0
6847.0,ACECA 220,Castilla La Mancha,Toledo,Villaseca de la Sagra,220.0,39.942109018762,-3.8576191477406,almacenamiento,Con permisos,RdT,,
6847.0,ACECA 220,Castilla La Mancha,Toledo,Villaseca de la Sagra,220.0,39.942109018762,-3.8576191477406,eolica,Puesta en servicio,RdD,,10.0
6847.0,ACECA 220,Castilla La Mancha,Toledo,Villaseca de la Sagra,220.0,39.942109018762,-3.8576191477406,eolica,Puesta en servicio,RdT,,
6847.0,ACECA 220,Castilla La Mancha,Toledo,Villaseca de la Sagra,220.0,39.942109018762,-3.8576191477406,fotovoltaica,Con permisos,RdD,80.0,100.0
6847.0,ACECA 220,Castilla La Mancha,Toledo,Villaseca de la Sagra,220.0,39.942109018762,-3.8576191477406,fotovoltaica,Con permisos,RdT,,347.0
6847.0,ACECA 220,Castilla La Mancha,Toledo,Villaseca de la Sagra,220.0,39.942109018762,-3.8576191477406,fotovoltaica,Puesta en servicio,RdD,585.59,707.25
6847.0,ACECA 220,Castilla La Mancha,Toledo,Villaseca de la Sagra,220.0,39.942109018762,-3.8576191477406,fotovoltaica,Puesta en servicio,RdT,,
6847.0,ACECA 220,Castilla La Mancha,Toledo,Villaseca de la Sagra,220.0,39.942109018762,-3.8576191477406,hibridacion,Con permisos,RdD,46.0,
6847.0,ACECA 220,Castilla La Mancha,Toledo,Villaseca de la Sagra,220.0,39.942109018762,-3.8576191477406,hibridacion,Con permisos,RdT,,
6847.0,ACECA 220,Castilla La Mancha,Toledo,Villaseca de la Sagra,220.0,39.942109018762,-3.8576191477406,hibridacion,Puesta en servicio,RdD,10.0,
6847.0,ACECA 220,Castilla La Mancha,Toledo,Villaseca de la Sagra,220.0,39.942109018762,-3.8576191477406,hibridacion,Puesta en servicio,RdT,386.08,
6847.0,ACECA 220,Castilla La Mancha,Toledo,Villaseca de la Sagra,220.0,39.942109018762,-3.8576191477406,hidraulica,Puesta en servicio,RdD,103.82,103.82
6847.0,ACECA 220,Castilla La Mancha,Toledo,Villaseca de la Sagra,220.0,39.942109018762,-3.8576191477406,hidraulica,Puesta en servicio,RdT,,
6847.0,ACECA 220,Castilla La Mancha,Toledo,Villaseca de la Sagra,220.0,39.942109018762,-3.8576191477406,otras,Puesta en servicio,RdD,95.94,60.94
6847.0,ACECA 220,Castilla La Mancha,Toledo,Villaseca de la Sagra,220.0,39.942109018762,-3.8576191477406,otras,Puesta en servicio,RdT,365.93,758.74
6915.0,ALCOCERO DE MOLA 220,Castilla y León,Burgos,Alcocero de Mola,220.0,42.486406493348,-3.3658686222694,almacenamiento,Con permisos,RdD,,
6915.0,ALCOCERO DE MOLA 220,Castilla y León,Burgos,Alcocero de Mola,220.0,42.486406493348,-3.3658686222694,almacenamiento,Con permisos,RdT,,49.0
6915.0,ALCOCERO DE MOLA 220,Castilla y León,Burgos,Alcocero de Mola,220.0,42.486406493348,-3.3658686222694,almacenamiento,En curso,RdD,,
6915.0,ALCOCERO DE MOLA 220,Castilla y León,Burgos,Alcocero de Mola,220.0,42.486406493348,-3.3658686222694,almacenamiento,En curso,RdT,518.96,518.96
6915.0,ALCOCERO DE MOLA 220,Castilla y León,Burgos,Alcocero de Mola,220.0,42.486406493348,-3.3658686222694,eolica,Con permisos,RdD,,
6915.0,ALCOCERO DE MOLA 220,Castilla y León,Burgos,Alcocero de Mola,220.0,42.486406493348,-3.3658686222694,eolica,Con permisos,RdT,100.0,251.0
6915.0,ALCOCERO DE MOLA 220,Castilla y León,Burgos,Alcocero de Mola,220.0,42.486406493348,-3.3658686222694,eolica,En curso,RdD,,
6915.0,ALCOCERO DE MOLA 220,Castilla y León,Burgos,Alcocero de Mola,220.0,42.486406493348,-3.3658686222694,eolica,En curso,RdT,750.53,750.54
6915.0,ALCOCERO DE MOLA 220,Castilla y León,Burgos,Alcocero de Mola,220.0,42.486406493348,-3.3658686222694,eolica,Puesta en servicio,RdD,,
6915.0,ALCOCERO DE MOLA 220,Castilla y León,Burgos,Alcocero de Mola,220.0,42.486406493348,-3.3658686222694,eolica,Puesta en servicio,RdT,143.4,157.85
6915.0,ALCOCERO DE MOLA 220,Castilla y León,Burgos,Alcocero de Mola,220.0,42.486406493348,-3.3658686222694,fotovoltaica,Con permisos,RdD,,
6915.0,ALCOCERO DE MOLA 220,Castilla y León,Burgos,Alcocero de Mola,220.0,42.486406493348,-3.3658686222694,fotovoltaica,Con permisos,RdT,50.0,66.0
6915.0,ALCOCERO DE MOLA 220,Castilla y León,Burgos,Alcocero de Mola,220.0,42.486406493348,-3.3658686222694,fotovoltaica,En curso,RdD,,
6915.0,ALCOCERO DE MOLA 220,Castilla y León,Burgos,Alcocero de Mola,220.0,42.486406493348,-3.3658686222694,fotovoltaica,En curso,RdT,190.63,192.63
6915.0,ALCOCERO DE MOLA 220,Castilla y León,Burgos,Alcocero de Mola,220.0,42.486406493348,-3.3658686222694,hibridacion,Con permisos,RdD,,
6915.0,ALCOCERO DE MOLA 220,Castilla y León,Burgos,Alcocero de Mola,220.0,42.486406493348,-3.3658686222694,hibridacion,Con permisos,RdT,102.0,
6915.0,ALCOCERO DE MOLA 220,Castilla y León,Burgos,Alcocero de Mola,220.0,42.486406493348,-3.3658686222694,hibridacion,Puesta en servicio,RdD,,
6915.0,ALCOCERO DE MOLA 220,Castilla y León,Burgos,Alcocero de Mola,220.0,42.486406493348,-3.3658686222694,hibridacion,Puesta en servicio,RdT,14.45,
6915.0,ALCOCERO DE MOLA 220,Castilla y León,Burgos,Alcocero de Mola,220.0,42.486406493348,-3.3658686222694,otras,Puesta en servicio,RdD,,
6915.0,ALCOCERO DE MOLA 220,Castilla y León,Burgos,Alcocero de Mola,220.0,42.486406493348,-3.3658686222694,otras,Puesta en servicio,RdT,16.0,16.0
6922.0,BUNIEL 400,Castilla y León,Burgos,Buniel,400.0,42.322911270129,-3.8206164358299,eolica,Con permisos,RdD,,
6922.0,BUNIEL 400,Castilla y León,Burgos,Buniel,400.0,42.322911270129,-3.8206164358299,eolica,Con permisos,RdT,85.0,85.0
6922.0,BUNIEL 400,Castilla y León,Burgos,Buniel,400.0,42.322911270129,-3.8206164358299,eolica,En curso,RdD,,
6922.0,BUNIEL 400,Castilla y León,Burgos,Buniel,400.0,42.322911270129,-3.8206164358299,eolica,En curso,RdT,78.4,78.4
6922.0,BUNIEL 400,Castilla y León,Burgos,Buniel,400.0,42.322911270129,-3.8206164358299,eolica,Puesta en servicio,RdD,,
6922.0,BUNIEL 400,Castilla y León,Burgos,Buniel,400.0,42.322911270129,-3.8206164358299,eolica,Puesta en servicio,RdT,229.0,229.0
6969.0,VILLATORO 220,Castilla y León,Burgos,Burgos,220.0,42.378764638899,-3.7032210435071,eolica,En curso,RdD,54.9,54.9
6969.0,VILLATORO 220,Castilla y León,Burgos,Burgos,220.0,42.378764638899,-3.7032210435071,eolica,En curso,RdT,,
6969.0,VILLATORO 220,Castilla y León,Burgos,Burgos,220.0,42.378764638899,-3.7032210435071,fotovoltaica,En curso,RdD,32.62,34.34
6969.0,VILLATORO 220,Castilla y León,Burgos,Burgos,220.0,42.378764638899,-3.7032210435071,fotovoltaica,En curso,RdT,,
6970.0,VILLIMAR 220,Castilla y León,Burgos,Burgos,220.0,42.371754075995,-3.6516421962814,almacenamiento,En curso,RdD,,
6970.0,VILLIMAR 220,Castilla y León,Burgos,Burgos,220.0,42.371754075995,-3.6516421962814,almacenamiento,En curso,RdT,275.99,275.99
6970.0,VILLIMAR 220,Castilla y León,Burgos,Burgos,220.0,42.371754075995,-3.6516421962814,eolica,Con permisos,RdD,10.0,10.0
6970.0,VILLIMAR 220,Castilla y León,Burgos,Burgos,220.0,42.371754075995,-3.6516421962814,eolica,Con permisos,RdT,124.0,185.0
6970.0,VILLIMAR 220,Castilla y León,Burgos,Burgos,220.0,42.371754075995,-3.6516421962814,eolica,En curso,RdD,20.31,59.78
6970.0,VILLIMAR 220,Castilla y León,Burgos,Burgos,220.0,42.371754075995,-3.6516421962814,eolica,En curso,RdT,577.49,577.5
6970.0,VILLIMAR 220,Castilla y León,Burgos,Burgos,220.0,42.371754075995,-3.6516421962814,eolica,Puesta en servicio,RdD,39.0,39.0
6970.0,VILLIMAR 220,Castilla y León,Burgos,Burgos,220.0,42.371754075995,-3.6516421962814,eolica,Puesta en servicio,RdT,12.0,151.0
6970.0,VILLIMAR 220,Castilla y León,Burgos,Burgos,220.0,42.371754075995,-3.6516421962814,fotovoltaica,Con permisos,RdD,56.0,59.0
6970.0,VILLIMAR 220,Castilla y León,Burgos,Burgos,220.0,42.371754075995,-3.6516421962814,fotovoltaica,Con permisos,RdT,,92.0
6970.0,VILLIMAR 220,Castilla y León,Burgos,Burgos,220.0,42.371754075995,-3.6516421962814,fotovoltaica,En curso,RdD,,
6970.0,VILLIMAR 220,Castilla y León,Burgos,Burgos,220.0,42.371754075995,-3.6516421962814,fotovoltaica,En curso,RdT,64.9,69.9
6970.0,VILLIMAR 220,Castilla y León,Burgos,Burgos,220.0,42.371754075995,-3.6516421962814,hibridacion,Con permisos,RdD,,
6970.0,VILLIMAR 220,Castilla y León,Burgos,Burgos,220.0,42.371754075995,-3.6516421962814,hibridacion,Con permisos,RdT,19.0,
6970.0,VILLIMAR 220,Castilla y León,Burgos,Burgos,220.0,42.371754075995,-3.6516421962814,hibridacion,Puesta en servicio,RdD,,
6970.0,VILLIMAR 220,Castilla y León,Burgos,Burgos,220.0,42.371754075995,-3.6516421962814,hibridacion,Puesta en servicio,RdT,140.35,
6970.0,VILLIMAR 220,Castilla y León,Burgos,Burgos,220.0,42.371754075995,-3.6516421962814,otras,Puesta en servicio,RdD,47.75,47.75
6970.0,VILLIMAR 220,Castilla y León,Burgos,Burgos,220.0,42.371754075995,-3.6516421962814,otras,Puesta en servicio,RdT,,
12900.0,LAS MAZORRAS 220,Castilla y León,Burgos,Merindad de Valdivielso,220.0,42.852823987874,-3.6376870793217,almacenamiento,En curso,RdD,,
12900.0,LAS MAZORRAS 220,Castilla y León,Burgos,Merindad de Valdivielso,220.0,42.852823987874,-3.6376870793217,almacenamiento,En curso,RdT,60.5,61.5
12900.0,LAS MAZORRAS 220,Castilla y León,Burgos,Merindad de Valdivielso,220.0,42.852823987874,-3.6376870793217,eolica,Con permisos,RdD,,
12900.0,LAS MAZORRAS 220,Castilla y León,Burgos,Merindad de Valdivielso,220.0,42.852823987874,-3.6376870793217,eolica,Con permisos,RdT,18.0,38.0
12900.0,LAS MAZORRAS 220,Castilla y León,Burgos,Merindad de Valdivielso,220.0,42.852823987874,-3.6376870793217,eolica,En curso,RdD,,
12900.0,LAS MAZORRAS 220,Castilla y León,Burgos,Merindad de Valdivielso,220.0,42.852823987874,-3.6376870793217,eolica,En curso,RdT,73.0,73.0
12900.0,LAS MAZORRAS 220,Castilla y León,Burgos,Merindad de Valdivielso,220.0,42.852823987874,-3.6376870793217,eolica,Puesta en servicio,RdD,38.51,38.51
12900.0,LAS MAZORRAS 220,Castilla y León,Burgos,Merindad de Valdivielso,220.0,42.852823987874,-3.6376870793217,eolica,Puesta en servicio,RdT,28.39,28.39
12900.0,LAS MAZORRAS 220,Castilla y León,Burgos,Merindad de Valdivielso,220.0,42.852823987874,-3.6376870793217,fotovoltaica,Con permisos,RdD,,
12900.0,LAS MAZORRAS 220,Castilla y León,Burgos,Merindad de Valdivielso,220.0,42.852823987874,-3.6376870793217,fotovoltaica,Con permisos,RdT,123.0,220.0
13358.0,MIRANDA DE EBRO 220,Castilla y León,Burgos,Miranda de Ebro,220.0,42.69598430739,-2.9208536352873,almacenamiento,Con permisos,RdD,,
13358.0,MIRANDA DE EBRO 220,Castilla y León,Burgos,Miranda de Ebro,220.0,42.69598430739,-2.9208536352873,almacenamiento,Con permisos,RdT,99.0,100.0
13358.0,MIRANDA DE EBRO 220,Castilla y León,Burgos,Miranda de Ebro,220.0,42.69598430739,-2.9208536352873,almacenamiento,En curso,RdD,,5.6
13358.0,MIRANDA DE EBRO 220,Castilla y León,Burgos,Miranda de Ebro,220.0,42.69598430739,-2.9208536352873,almacenamiento,En curso,RdT,427.72,427.72
13358.0,MIRANDA DE EBRO 220,Castilla y León,Burgos,Miranda de Ebro,220.0,42.69598430739,-2.9208536352873,eolica,En curso,RdD,,
13358.0,MIRANDA DE EBRO 220,Castilla y León,Burgos,Miranda de Ebro,220.0,42.69598430739,-2.9208536352873,eolica,En curso,RdT,300.0,300.0
13358.0,MIRANDA DE EBRO 220,Castilla y León,Burgos,Miranda de Ebro,220.0,42.69598430739,-2.9208536352873,fotovoltaica,Con permisos,RdD,1.0,1.0
13358.0,MIRANDA DE EBRO 220,Castilla y León,Burgos,Miranda de Ebro,220.0,42.69598430739,-2.9208536352873,fotovoltaica,Con permisos,RdT,22.0,24.0
13358.0,MIRANDA DE EBRO 220,Castilla y León,Burgos,Miranda de Ebro,220.0,42.69598430739,-2.9208536352873,fotovoltaica,En curso,RdD,,9.15
13358.0,MIRANDA DE EBRO 220,Castilla y León,Burgos,Miranda de Ebro,220.0,42.69598430739,-2.9208536352873,fotovoltaica,En curso,RdT,174.65,186.22
13358.0,MIRANDA DE EBRO 220,Castilla y León,Burgos,Miranda de Ebro,220.0,42.69598430739,-2.9208536352873,fotovoltaica,Puesta en servicio,RdD,20.0,24.0
13358.0,MIRANDA DE EBRO 220,Castilla y León,Burgos,Miranda de Ebro,220.0,42.69598430739,-2.9208536352873,fotovoltaica,Puesta en servicio,RdT,,
13358.0,MIRANDA DE EBRO 220,Castilla y León,Burgos,Miranda de Ebro,220.0,42.69598430739,-2.9208536352873,hibridacion,En curso,RdD,7.39,
13358.0,MIRANDA DE EBRO 220,Castilla y León,Burgos,Miranda de Ebro,220.0,42.69598430739,-2.9208536352873,hibridacion,En curso,RdT,,
13358.0,MIRANDA DE EBRO 220,Castilla y León,Burgos,Miranda de Ebro,220.0,42.69598430739,-2.9208536352873,otras,En curso,RdD,,7.39
13358.0,MIRANDA DE EBRO 220,Castilla y León,Burgos,Miranda de Ebro,220.0,42.69598430739,-2.9208536352873,otras,En curso,RdT,,
13358.0,MIRANDA DE EBRO 220,Castilla y León,Burgos,Miranda de Ebro,220.0,42.69598430739,-2.9208536352873,otras,Puesta en servicio,RdD,72.64,72.64
13358.0,MIRANDA DE EBRO 220,Castilla y León,Burgos,Miranda de Ebro,220.0,42.69598430739,-2.9208536352873,otras,Puesta en servicio,RdT,,
13360.0,PARAMO DE POZA 220,Castilla y León,Burgos,Poza de la Sal,220.0,42.681797677225,-3.5505446949808,almacenamiento,En curso,RdD,,
13360.0,PARAMO DE POZA 220,Castilla y León,Burgos,Poza de la Sal,220.0,42.681797677225,-3.5505446949808,almacenamiento,En curso,RdT,45.44,49.99
13360.0,PARAMO DE POZA 220,Castilla y León,Burgos,Poza de la Sal,220.0,42.681797677225,-3.5505446949808,eolica,Con permisos,RdD,,
13360.0,PARAMO DE POZA 220,Castilla y León,Burgos,Poza de la Sal,220.0,42.681797677225,-3.5505446949808,eolica,Con permisos,RdT,45.0,45.0
13360.0,PARAMO DE POZA 220,Castilla y León,Burgos,Poza de la Sal,220.0,42.681797677225,-3.5505446949808,eolica,En curso,RdD,,
13360.0,PARAMO DE POZA 220,Castilla y León,Burgos,Poza de la Sal,220.0,42.681797677225,-3.5505446949808,eolica,En curso,RdT,190.5,190.5
13360.0,PARAMO DE POZA 220,Castilla y León,Burgos,Poza de la Sal,220.0,42.681797677225,-3.5505446949808,eolica,Puesta en servicio,RdD,,
13360.0,PARAMO DE POZA 220,Castilla y León,Burgos,Poza de la Sal,220.0,42.681797677225,-3.5505446949808,eolica,Puesta en servicio,RdT,141.74,144.85
12736.0,EL CERRO 220,Castilla y León,Burgos,Valle de Sedano,220.0,42.733433642991,-3.6497061337892,almacenamiento,En curso,RdD,,
12736.0,EL CERRO 220,Castilla y León,Burgos,Valle de Sedano,220.0,42.733433642991,-3.6497061337892,almacenamiento,En curso,RdT,45.5,49.99
12736.0,EL CERRO 220,Castilla y León,Burgos,Valle de Sedano,220.0,42.733433642991,-3.6497061337892,eolica,En curso,RdD,,
12736.0,EL CERRO 220,Castilla y León,Burgos,Valle de Sedano,220.0,42.733433642991,-3.6497061337892,eolica,En curso,RdT,397.92,397.92
12736.0,EL CERRO 220,Castilla y León,Burgos,Valle de Sedano,220.0,42.733433642991,-3.6497061337892,eolica,Puesta en servicio,RdD,,
12736.0,EL CERRO 220,Castilla y León,Burgos,Valle de Sedano,220.0,42.733433642991,-3.6497061337892,eolica,Puesta en servicio,RdT,30.0,30.0
12792.0,GAROÑA 220,Castilla y León,Burgos,Valle de Tobalina,220.0,42.774461715633,-3.2055787166855,bombeo,En curso,RdD,,
12792.0,GAROÑA 220,Castilla y León,Burgos,Valle de Tobalina,220.0,42.774461715633,-3.2055787166855,bombeo,En curso,RdT,151.0,151.0
13307.0,BARCINA 400,Castilla y León,Burgos,Valle de Tobalina,400.0,42.777208271493,-3.2153446721453,almacenamiento,Con permisos,RdD,,
13307.0,BARCINA 400,Castilla y León,Burgos,Valle de Tobalina,400.0,42.777208271493,-3.2153446721453,almacenamiento,Con permisos,RdT,,195.0
13307.0,BARCINA 400,Castilla y León,Burgos,Valle de Tobalina,400.0,42.777208271493,-3.2153446721453,eolica,Con permisos,RdD,,
13307.0,BARCINA 400,Castilla y León,Burgos,Valle de Tobalina,400.0,42.777208271493,-3.2153446721453,eolica,Con permisos,RdT,,186.0
13307.0,BARCINA 400,Castilla y León,Burgos,Valle de Tobalina,400.0,42.777208271493,-3.2153446721453,eolica,En curso,RdD,,
13307.0,BARCINA 400,Castilla y León,Burgos,Valle de Tobalina,400.0,42.777208271493,-3.2153446721453,eolica,En curso,RdT,,108.0
13307.0,BARCINA 400,Castilla y León,Burgos,Valle de Tobalina,400.0,42.777208271493,-3.2153446721453,fotovoltaica,Con permisos,RdD,,
13307.0,BARCINA 400,Castilla y León,Burgos,Valle de Tobalina,400.0,42.777208271493,-3.2153446721453,fotovoltaica,Con permisos,RdT,,595.0
13307.0,BARCINA 400,Castilla y León,Burgos,Valle de Tobalina,400.0,42.777208271493,-3.2153446721453,fotovoltaica,En curso,RdD,,
13307.0,BARCINA 400,Castilla y León,Burgos,Valle de Tobalina,400.0,42.777208271493,-3.2153446721453,fotovoltaica,En curso,RdT,,150.0
13307.0,BARCINA 400,Castilla y León,Burgos,Valle de Tobalina,400.0,42.777208271493,-3.2153446721453,hibridacion,Con permisos,RdD,,
13307.0,BARCINA 400,Castilla y León,Burgos,Valle de Tobalina,400.0,42.777208271493,-3.2153446721453,hibridacion,Con permisos,RdT,595.0,
13307.0,BARCINA 400,Castilla y León,Burgos,Valle de Tobalina,400.0,42.777208271493,-3.2153446721453,hibridacion,En curso,RdD,,
13307.0,BARCINA 400,Castilla y León,Burgos,Valle de Tobalina,400.0,42.777208271493,-3.2153446721453,hibridacion,En curso,RdT,150.0,
6971.0,VIRTUS 400,Castilla y León,Burgos,Valle de Valdebezana,400.0,43.002276644428,-3.8452381153438,eolica,Con permisos,RdD,,
6971.0,VIRTUS 400,Castilla y León,Burgos,Valle de Valdebezana,400.0,43.002276644428,-3.8452381153438,eolica,Con permisos,RdT,41.0,41.0
6971.0,VIRTUS 400,Castilla y León,Burgos,Valle de Valdebezana,400.0,43.002276644428,-3.8452381153438,eolica,Puesta en servicio,RdD,,
6971.0,VIRTUS 400,Castilla y León,Burgos,Valle de Valdebezana,400.0,43.002276644428,-3.8452381153438,eolica,Puesta en servicio,RdT,237.35,237.35
6960.0,VALLEJERA 220,Castilla y León,Burgos,Vallejera,220.0,42.168605060882,-4.1694015940771,almacenamiento,En curso,RdD,,
6960.0,VALLEJERA 220,Castilla y León,Burgos,Vallejera,220.0,42.168605060882,-4.1694015940771,almacenamiento,En curso,RdT,218.0,224.92
6960.0,VALLEJERA 220,Castilla y León,Burgos,Vallejera,220.0,42.168605060882,-4.1694015940771,almacenamiento,Puesta en servicio,RdD,,
6960.0,VALLEJERA 220,Castilla y León,Burgos,Vallejera,220.0,42.168605060882,-4.1694015940771,almacenamiento,Puesta en servicio,RdT,,28.78
6960.0,VALLEJERA 220,Castilla y León,Burgos,Vallejera,220.0,42.168605060882,-4.1694015940771,eolica,En curso,RdD,,
6960.0,VALLEJERA 220,Castilla y León,Burgos,Vallejera,220.0,42.168605060882,-4.1694015940771,eolica,En curso,RdT,672.11,680.61
6960.0,VALLEJERA 220,Castilla y León,Burgos,Vallejera,220.0,42.168605060882,-4.1694015940771,eolica,Puesta en servicio,RdD,,
6960.0,VALLEJERA 220,Castilla y León,Burgos,Vallejera,220.0,42.168605060882,-4.1694015940771,eolica,Puesta en servicio,RdT,203.45,272.75
6960.0,VALLEJERA 220,Castilla y León,Burgos,Vallejera,220.0,42.168605060882,-4.1694015940771,fotovoltaica,En curso,RdD,,
6960.0,VALLEJERA 220,Castilla y León,Burgos,Vallejera,220.0,42.168605060882,-4.1694015940771,fotovoltaica,En curso,RdT,415.02,433.45
6960.0,VALLEJERA 220,Castilla y León,Burgos,Vallejera,220.0,42.168605060882,-4.1694015940771,fotovoltaica,Puesta en servicio,RdD,,
6960.0,VALLEJERA 220,Castilla y León,Burgos,Vallejera,220.0,42.168605060882,-4.1694015940771,fotovoltaica,Puesta en servicio,RdT,,107.79
6960.0,VALLEJERA 220,Castilla y León,Burgos,Vallejera,220.0,42.168605060882,-4.1694015940771,hibridacion,Puesta en servicio,RdD,,
6960.0,VALLEJERA 220,Castilla y León,Burgos,Vallejera,220.0,42.168605060882,-4.1694015940771,hibridacion,Puesta en servicio,RdT,110.3,
12878.0,LA LORA 400,Castilla y León,Burgos,Villadiego,400.0,42.590933059319,-3.859710339563,almacenamiento,Con permisos,RdD,,
12878.0,LA LORA 400,Castilla y León,Burgos,Villadiego,400.0,42.590933059319,-3.859710339563,almacenamiento,Con permisos,RdT,,1.0
12878.0,LA LORA 400,Castilla y León,Burgos,Villadiego,400.0,42.590933059319,-3.859710339563,almacenamiento,En curso,RdD,,
12878.0,LA LORA 400,Castilla y León,Burgos,Villadiego,400.0,42.590933059319,-3.859710339563,almacenamiento,En curso,RdT,99.0,99.0
12878.0,LA LORA 400,Castilla y León,Burgos,Villadiego,400.0,42.590933059319,-3.859710339563,eolica,Con permisos,RdD,,
12878.0,LA LORA 400,Castilla y León,Burgos,Villadiego,400.0,42.590933059319,-3.859710339563,eolica,Con permisos,RdT,71.0,161.0
12878.0,LA LORA 400,Castilla y León,Burgos,Villadiego,400.0,42.590933059319,-3.859710339563,eolica,En curso,RdD,,
12878.0,LA LORA 400,Castilla y León,Burgos,Villadiego,400.0,42.590933059319,-3.859710339563,eolica,En curso,RdT,497.16,507.16
12878.0,LA LORA 400,Castilla y León,Burgos,Villadiego,400.0,42.590933059319,-3.859710339563,eolica,Puesta en servicio,RdD,,
12878.0,LA LORA 400,Castilla y León,Burgos,Villadiego,400.0,42.590933059319,-3.859710339563,eolica,Puesta en servicio,RdT,477.79,538.89
12878.0,LA LORA 400,Castilla y León,Burgos,Villadiego,400.0,42.590933059319,-3.859710339563,fotovoltaica,Con permisos,RdD,,
12878.0,LA LORA 400,Castilla y León,Burgos,Villadiego,400.0,42.590933059319,-3.859710339563,fotovoltaica,Con permisos,RdT,219.0,259.0
12878.0,LA LORA 400,Castilla y León,Burgos,Villadiego,400.0,42.590933059319,-3.859710339563,fotovoltaica,En curso,RdD,,
12878.0,LA LORA 400,Castilla y León,Burgos,Villadiego,400.0,42.590933059319,-3.859710339563,fotovoltaica,En curso,RdT,92.8,95.55
12878.0,LA LORA 400,Castilla y León,Burgos,Villadiego,400.0,42.590933059319,-3.859710339563,hibridacion,Con permisos,RdD,,
12878.0,LA LORA 400,Castilla y León,Burgos,Villadiego,400.0,42.590933059319,-3.859710339563,hibridacion,Con permisos,RdT,10.0,
12878.0,LA LORA 400,Castilla y León,Burgos,Villadiego,400.0,42.590933059319,-3.859710339563,hibridacion,Puesta en servicio,RdD,,
12878.0,LA LORA 400,Castilla y León,Burgos,Villadiego,400.0,42.590933059319,-3.859710339563,hibridacion,Puesta en servicio,RdT,50.66,
6964.0,VILLALBILLA 220,Castilla y León,Burgos,Villalbilla de Burgos,220.0,42.34105568055,-3.7806011579484,almacenamiento,Con permisos,RdD,,12.0
6964.0,VILLALBILLA 220,Castilla y León,Burgos,Villalbilla de Burgos,220.0,42.34105568055,-3.7806011579484,almacenamiento,Con permisos,RdT,,30.0
6964.0,VILLALBILLA 220,Castilla y León,Burgos,Villalbilla de Burgos,220.0,42.34105568055,-3.7806011579484,eolica,Con permisos,RdD,5.0,60.0
6964.0,VILLALBILLA 220,Castilla y León,Burgos,Villalbilla de Burgos,220.0,42.34105568055,-3.7806011579484,eolica,Con permisos,RdT,50.0,147.0
6964.0,VILLALBILLA 220,Castilla y León,Burgos,Villalbilla de Burgos,220.0,42.34105568055,-3.7806011579484,eolica,En curso,RdD,50.0,50.0
6964.0,VILLALBILLA 220,Castilla y León,Burgos,Villalbilla de Burgos,220.0,42.34105568055,-3.7806011579484,eolica,En curso,RdT,10.0,10.0
6964.0,VILLALBILLA 220,Castilla y León,Burgos,Villalbilla de Burgos,220.0,42.34105568055,-3.7806011579484,eolica,Puesta en servicio,RdD,85.0,85.0
6964.0,VILLALBILLA 220,Castilla y León,Burgos,Villalbilla de Burgos,220.0,42.34105568055,-3.7806011579484,eolica,Puesta en servicio,RdT,154.5,178.5
6964.0,VILLALBILLA 220,Castilla y León,Burgos,Villalbilla de Burgos,220.0,42.34105568055,-3.7806011579484,fotovoltaica,Con permisos,RdD,7.0,48.0
6964.0,VILLALBILLA 220,Castilla y León,Burgos,Villalbilla de Burgos,220.0,42.34105568055,-3.7806011579484,fotovoltaica,Con permisos,RdT,,52.0
6964.0,VILLALBILLA 220,Castilla y León,Burgos,Villalbilla de Burgos,220.0,42.34105568055,-3.7806011579484,fotovoltaica,Puesta en servicio,RdD,56.99,87.44
6964.0,VILLALBILLA 220,Castilla y León,Burgos,Villalbilla de Burgos,220.0,42.34105568055,-3.7806011579484,fotovoltaica,Puesta en servicio,RdT,,
6964.0,VILLALBILLA 220,Castilla y León,Burgos,Villalbilla de Burgos,220.0,42.34105568055,-3.7806011579484,hibridacion,Con permisos,RdD,34.0,
6964.0,VILLALBILLA 220,Castilla y León,Burgos,Villalbilla de Burgos,220.0,42.34105568055,-3.7806011579484,hibridacion,Con permisos,RdT,119.0,
6964.0,VILLALBILLA 220,Castilla y León,Burgos,Villalbilla de Burgos,220.0,42.34105568055,-3.7806011579484,hibridacion,Puesta en servicio,RdD,24.16,
6964.0,VILLALBILLA 220,Castilla y León,Burgos,Villalbilla de Burgos,220.0,42.34105568055,-3.7806011579484,hibridacion,Puesta en servicio,RdT,24.0,
6964.0,VILLALBILLA 220,Castilla y León,Burgos,Villalbilla de Burgos,220.0,42.34105568055,-3.7806011579484,hidraulica,Puesta en servicio,RdD,15.09,15.09
6964.0,VILLALBILLA 220,Castilla y León,Burgos,Villalbilla de Burgos,220.0,42.34105568055,-3.7806011579484,hidraulica,Puesta en servicio,RdT,,
6964.0,VILLALBILLA 220,Castilla y León,Burgos,Villalbilla de Burgos,220.0,42.34105568055,-3.7806011579484,otras,Puesta en servicio,RdD,147.89,147.89
6964.0,VILLALBILLA 220,Castilla y León,Burgos,Villalbilla de Burgos,220.0,42.34105568055,-3.7806011579484,otras,Puesta en servicio,RdT,,
12710.0,COMPOSTILLA 220,Castilla y León,León,Cubillos del Sil,220.0,42.61402597011,-6.5662411661249,eolica,Con permisos,RdD,9.0,9.0
12710.0,COMPOSTILLA 220,Castilla y León,León,Cubillos del Sil,220.0,42.61402597011,-6.5662411661249,eolica,Con permisos,RdT,,
12710.0,COMPOSTILLA 220,Castilla y León,León,Cubillos del Sil,220.0,42.61402597011,-6.5662411661249,hidraulica,Puesta en servicio,RdD,60.8,60.8
12710.0,COMPOSTILLA 220,Castilla y León,León,Cubillos del Sil,220.0,42.61402597011,-6.5662411661249,hidraulica,Puesta en servicio,RdT,,
12710.0,COMPOSTILLA 220,Castilla y León,León,Cubillos del Sil,220.0,42.61402597011,-6.5662411661249,otras,Puesta en servicio,RdD,49.5,49.5
12710.0,COMPOSTILLA 220,Castilla y León,León,Cubillos del Sil,220.0,42.61402597011,-6.5662411661249,otras,Puesta en servicio,RdT,,
12711.0,COMPOSTILLA 400,Castilla y León,León,Cubillos del Sil,400.0,42.61402597011,-6.5662411661249,fotovoltaica,Con permisos,RdD,1.0,1.0
12711.0,COMPOSTILLA 400,Castilla y León,León,Cubillos del Sil,400.0,42.61402597011,-6.5662411661249,fotovoltaica,Con permisos,RdT,,
12711.0,COMPOSTILLA 400,Castilla y León,León,Cubillos del Sil,400.0,42.61402597011,-6.5662411661249,fotovoltaica,Puesta en servicio,RdD,8.05,8.42
12711.0,COMPOSTILLA 400,Castilla y León,León,Cubillos del Sil,400.0,42.61402597011,-6.5662411661249,fotovoltaica,Puesta en servicio,RdT,,
12711.0,COMPOSTILLA 400,Castilla y León,León,Cubillos del Sil,400.0,42.61402597011,-6.5662411661249,hidraulica,Puesta en servicio,RdD,1.55,1.55
12711.0,COMPOSTILLA 400,Castilla y León,León,Cubillos del Sil,400.0,42.61402597011,-6.5662411661249,hidraulica,Puesta en servicio,RdT,,
12711.0,COMPOSTILLA 400,Castilla y León,León,Cubillos del Sil,400.0,42.61402597011,-6.5662411661249,otras,Puesta en servicio,RdD,12.8,12.8
12711.0,COMPOSTILLA 400,Castilla y León,León,Cubillos del Sil,400.0,42.61402597011,-6.5662411661249,otras,Puesta en servicio,RdT,,
6963.0,VILECHA 400,Castilla y León,León,León,400.0,42.552884979546,-5.5748009637646,eolica,Puesta en servicio,RdD,134.55,134.55
6963.0,VILECHA 400,Castilla y León,León,León,400.0,42.552884979546,-5.5748009637646,eolica,Puesta en servicio,RdT,,
6963.0,VILECHA 400,Castilla y León,León,León,400.0,42.552884979546,-5.5748009637646,fotovoltaica,Con permisos,RdD,23.0,28.0
6963.0,VILECHA 400,Castilla y León,León,León,400.0,42.552884979546,-5.5748009637646,fotovoltaica,Con permisos,RdT,38.0,50.0
6963.0,VILECHA 400,Castilla y León,León,León,400.0,42.552884979546,-5.5748009637646,fotovoltaica,En curso,RdD,,
6963.0,VILECHA 400,Castilla y León,León,León,400.0,42.552884979546,-5.5748009637646,fotovoltaica,En curso,RdT,40.0,40.0
6963.0,VILECHA 400,Castilla y León,León,León,400.0,42.552884979546,-5.5748009637646,fotovoltaica,Puesta en servicio,RdD,126.02,132.44
6963.0,VILECHA 400,Castilla y León,León,León,400.0,42.552884979546,-5.5748009637646,fotovoltaica,Puesta en servicio,RdT,155.88,168.96
6963.0,VILECHA 400,Castilla y León,León,León,400.0,42.552884979546,-5.5748009637646,hibridacion,Con permisos,RdD,2.0,
6963.0,VILECHA 400,Castilla y León,León,León,400.0,42.552884979546,-5.5748009637646,hibridacion,Con permisos,RdT,,
6963.0,VILECHA 400,Castilla y León,León,León,400.0,42.552884979546,-5.5748009637646,hidraulica,Puesta en servicio,RdD,79.76,82.23
6963.0,VILECHA 400,Castilla y León,León,León,400.0,42.552884979546,-5.5748009637646,hidraulica,Puesta en servicio,RdT,,
6963.0,VILECHA 400,Castilla y León,León,León,400.0,42.552884979546,-5.5748009637646,otras,Puesta en servicio,RdD,33.32,33.32
6963.0,VILECHA 400,Castilla y León,León,León,400.0,42.552884979546,-5.5748009637646,otras,Puesta en servicio,RdT,,
13347.0,ONDINAS 220,Castilla y León,León,Palacios del Sil,220.0,42.842832975751,-6.4699073471044,almacenamiento,En curso,RdD,,
13347.0,ONDINAS 220,Castilla y León,León,Palacios del Sil,220.0,42.842832975751,-6.4699073471044,almacenamiento,En curso,RdT,120.0,128.0
13347.0,ONDINAS 220,Castilla y León,León,Palacios del Sil,220.0,42.842832975751,-6.4699073471044,bombeo,En curso,RdD,,
13347.0,ONDINAS 220,Castilla y León,León,Palacios del Sil,220.0,42.842832975751,-6.4699073471044,bombeo,En curso,RdT,25.0,25.0
13347.0,ONDINAS 220,Castilla y León,León,Palacios del Sil,220.0,42.842832975751,-6.4699073471044,eolica,Con permisos,RdD,,
13347.0,ONDINAS 220,Castilla y León,León,Palacios del Sil,220.0,42.842832975751,-6.4699073471044,eolica,Con permisos,RdT,49.0,49.0
13347.0,ONDINAS 220,Castilla y León,León,Palacios del Sil,220.0,42.842832975751,-6.4699073471044,eolica,En curso,RdD,,
13347.0,ONDINAS 220,Castilla y León,León,Palacios del Sil,220.0,42.842832975751,-6.4699073471044,eolica,En curso,RdT,319.98,319.98
13347.0,ONDINAS 220,Castilla y León,León,Palacios del Sil,220.0,42.842832975751,-6.4699073471044,hidraulica,Puesta en servicio,RdD,,
13347.0,ONDINAS 220,Castilla y León,León,Palacios del Sil,220.0,42.842832975751,-6.4699073471044,hidraulica,Puesta en servicio,RdT,80.8,82.46
12981.0,MONTEARENAS 220,Castilla y León,León,Ponferrada,220.0,42.572976419754,-6.5501304268493,eolica,Puesta en servicio,RdD,,
12981.0,MONTEARENAS 220,Castilla y León,León,Ponferrada,220.0,42.572976419754,-6.5501304268493,eolica,Puesta en servicio,RdT,184.5,184.5
12982.0,MONTEARENAS 400,Castilla y León,León,Ponferrada,400.0,42.572976419754,-6.5501304268493,bombeo,Con permisos,RdD,,
12982.0,MONTEARENAS 400,Castilla y León,León,Ponferrada,400.0,42.572976419754,-6.5501304268493,bombeo,Con permisos,RdT,535.0,535.0
12982.0,MONTEARENAS 400,Castilla y León,León,Ponferrada,400.0,42.572976419754,-6.5501304268493,eolica,Con permisos,RdD,,
12982.0,MONTEARENAS 400,Castilla y León,León,Ponferrada,400.0,42.572976419754,-6.5501304268493,eolica,Con permisos,RdT,110.0,110.0
12982.0,MONTEARENAS 400,Castilla y León,León,Ponferrada,400.0,42.572976419754,-6.5501304268493,fotovoltaica,Con permisos,RdD,,
12982.0,MONTEARENAS 400,Castilla y León,León,Ponferrada,400.0,42.572976419754,-6.5501304268493,fotovoltaica,Con permisos,RdT,306.0,347.0
13046.0,PEÑADRADA 220,Castilla y León,León,Páramo del Sil,220.0,42.767223863007,-6.5325145690539,almacenamiento,Con permisos,RdD,,
13046.0,PEÑADRADA 220,Castilla y León,León,Páramo del Sil,220.0,42.767223863007,-6.5325145690539,almacenamiento,Con permisos,RdT,29.0,49.0
13046.0,PEÑADRADA 220,Castilla y León,León,Páramo del Sil,220.0,42.767223863007,-6.5325145690539,almacenamiento,En curso,RdD,,
13046.0,PEÑADRADA 220,Castilla y León,León,Páramo del Sil,220.0,42.767223863007,-6.5325145690539,almacenamiento,En curso,RdT,203.75,207.75
13046.0,PEÑADRADA 220,Castilla y León,León,Páramo del Sil,220.0,42.767223863007,-6.5325145690539,eolica,En curso,RdD,,
13046.0,PEÑADRADA 220,Castilla y León,León,Páramo del Sil,220.0,42.767223863007,-6.5325145690539,eolica,En curso,RdT,314.4,314.4
13046.0,PEÑADRADA 220,Castilla y León,León,Páramo del Sil,220.0,42.767223863007,-6.5325145690539,hidraulica,Puesta en servicio,RdD,,
13046.0,PEÑADRADA 220,Castilla y León,León,Páramo del Sil,220.0,42.767223863007,-6.5325145690539,hidraulica,Puesta en servicio,RdT,37.6,38.17
6967.0,VILLAMECA 400,Castilla y León,León,Quintana del Castillo,400.0,42.631696475131,-6.0410266123073,almacenamiento,Con permisos,RdD,,
6967.0,VILLAMECA 400,Castilla y León,León,Quintana del Castillo,400.0,42.631696475131,-6.0410266123073,almacenamiento,Con permisos,RdT,,40.0
6967.0,VILLAMECA 400,Castilla y León,León,Quintana del Castillo,400.0,42.631696475131,-6.0410266123073,eolica,Con permisos,RdD,,
6967.0,VILLAMECA 400,Castilla y León,León,Quintana del Castillo,400.0,42.631696475131,-6.0410266123073,eolica,Con permisos,RdT,,70.0
6967.0,VILLAMECA 400,Castilla y León,León,Quintana del Castillo,400.0,42.631696475131,-6.0410266123073,eolica,Puesta en servicio,RdD,,
6967.0,VILLAMECA 400,Castilla y León,León,Quintana del Castillo,400.0,42.631696475131,-6.0410266123073,eolica,Puesta en servicio,RdT,134.8,134.8
6967.0,VILLAMECA 400,Castilla y León,León,Quintana del Castillo,400.0,42.631696475131,-6.0410266123073,fotovoltaica,Con permisos,RdD,,
6967.0,VILLAMECA 400,Castilla y León,León,Quintana del Castillo,400.0,42.631696475131,-6.0410266123073,fotovoltaica,Con permisos,RdT,423.0,511.0
6967.0,VILLAMECA 400,Castilla y León,León,Quintana del Castillo,400.0,42.631696475131,-6.0410266123073,fotovoltaica,Puesta en servicio,RdD,,
6967.0,VILLAMECA 400,Castilla y León,León,Quintana del Castillo,400.0,42.631696475131,-6.0410266123073,fotovoltaica,Puesta en servicio,RdT,,99.97
6967.0,VILLAMECA 400,Castilla y León,León,Quintana del Castillo,400.0,42.631696475131,-6.0410266123073,hibridacion,Puesta en servicio,RdD,,
6967.0,VILLAMECA 400,Castilla y León,León,Quintana del Castillo,400.0,42.631696475131,-6.0410266123073,hibridacion,Puesta en servicio,RdT,99.88,
13176.0,ROBLA 400,Castilla y León,León,"Robla, La",400.0,42.793997909285,-5.6336370662292,bombeo,En curso,RdD,,
13176.0,ROBLA 400,Castilla y León,León,"Robla, La",400.0,42.793997909285,-5.6336370662292,bombeo,En curso,RdT,640.0,640.0
13176.0,ROBLA 400,Castilla y León,León,"Robla, La",400.0,42.793997909285,-5.6336370662292,fotovoltaica,Con permisos,RdD,18.0,19.0
13176.0,ROBLA 400,Castilla y León,León,"Robla, La",400.0,42.793997909285,-5.6336370662292,fotovoltaica,Con permisos,RdT,584.0,643.0
13176.0,ROBLA 400,Castilla y León,León,"Robla, La",400.0,42.793997909285,-5.6336370662292,fotovoltaica,En curso,RdD,,
13176.0,ROBLA 400,Castilla y León,León,"Robla, La",400.0,42.793997909285,-5.6336370662292,fotovoltaica,En curso,RdT,434.4,470.9
13176.0,ROBLA 400,Castilla y León,León,"Robla, La",400.0,42.793997909285,-5.6336370662292,fotovoltaica,Puesta en servicio,RdD,50.9,50.9
13176.0,ROBLA 400,Castilla y León,León,"Robla, La",400.0,42.793997909285,-5.6336370662292,fotovoltaica,Puesta en servicio,RdT,,
13176.0,ROBLA 400,Castilla y León,León,"Robla, La",400.0,42.793997909285,-5.6336370662292,hidraulica,Puesta en servicio,RdD,69.86,69.86
13176.0,ROBLA 400,Castilla y León,León,"Robla, La",400.0,42.793997909285,-5.6336370662292,hidraulica,Puesta en servicio,RdT,,
13176.0,ROBLA 400,Castilla y León,León,"Robla, La",400.0,42.793997909285,-5.6336370662292,otras,Con permisos,RdD,,
13176.0,ROBLA 400,Castilla y León,León,"Robla, La",400.0,42.793997909285,-5.6336370662292,otras,Con permisos,RdT,48.0,49.0
13176.0,ROBLA 400,Castilla y León,León,"Robla, La",400.0,42.793997909285,-5.6336370662292,otras,Puesta en servicio,RdD,11.1,11.1
13176.0,ROBLA 400,Castilla y León,León,"Robla, La",400.0,42.793997909285,-5.6336370662292,otras,Puesta en servicio,RdT,,
12930.0,LUENGOS 400,Castilla y León,León,Santas Martas,400.0,42.450204087455,-5.371790133105,eolica,Con permisos,RdD,,
12930.0,LUENGOS 400,Castilla y León,León,Santas Martas,400.0,42.450204087455,-5.371790133105,eolica,Con permisos,RdT,144.0,144.0
12930.0,LUENGOS 400,Castilla y León,León,Santas Martas,400.0,42.450204087455,-5.371790133105,fotovoltaica,Con permisos,RdD,,
12930.0,LUENGOS 400,Castilla y León,León,Santas Martas,400.0,42.450204087455,-5.371790133105,fotovoltaica,Con permisos,RdT,318.0,370.0
12930.0,LUENGOS 400,Castilla y León,León,Santas Martas,400.0,42.450204087455,-5.371790133105,fotovoltaica,En curso,RdD,,
12930.0,LUENGOS 400,Castilla y León,León,Santas Martas,400.0,42.450204087455,-5.371790133105,fotovoltaica,En curso,RdT,45.0,45.0
6954.0,SANTA MARINA 220,Castilla y León,León,Toreno,220.0,42.66982684686,-6.5129356798804,eolica,Puesta en servicio,RdD,41.25,41.25
6954.0,SANTA MARINA 220,Castilla y León,León,Toreno,220.0,42.66982684686,-6.5129356798804,eolica,Puesta en servicio,RdT,,
6954.0,SANTA MARINA 220,Castilla y León,León,Toreno,220.0,42.66982684686,-6.5129356798804,fotovoltaica,Puesta en servicio,RdD,1.0,1.0
6954.0,SANTA MARINA 220,Castilla y León,León,Toreno,220.0,42.66982684686,-6.5129356798804,fotovoltaica,Puesta en servicio,RdT,,
6954.0,SANTA MARINA 220,Castilla y León,León,Toreno,220.0,42.66982684686,-6.5129356798804,hidraulica,Puesta en servicio,RdD,19.2,19.2
6954.0,SANTA MARINA 220,Castilla y León,León,Toreno,220.0,42.66982684686,-6.5129356798804,hidraulica,Puesta en servicio,RdT,13.7,13.95
6789.0,VILLABLINO 220,Castilla y León,León,Villablino,220.0,42.939030334232,-6.2876340136338,fotovoltaica,Con permisos,RdD,20.0,22.0
6789.0,VILLABLINO 220,Castilla y León,León,Villablino,220.0,42.939030334232,-6.2876340136338,fotovoltaica,Con permisos,RdT,,
6789.0,VILLABLINO 220,Castilla y León,León,Villablino,220.0,42.939030334232,-6.2876340136338,hidraulica,Puesta en servicio,RdD,15.0,15.0
6789.0,VILLABLINO 220,Castilla y León,León,Villablino,220.0,42.939030334232,-6.2876340136338,hidraulica,Puesta en servicio,RdT,,
12698.0,CILLAMAYOR 220,Castilla y León,Palencia,Barruelo de Santullán,220.0,42.868109525722,-4.2611075179765,almacenamiento,En curso,RdD,,
12698.0,CILLAMAYOR 220,Castilla y León,Palencia,Barruelo de Santullán,220.0,42.868109525722,-4.2611075179765,almacenamiento,En curso,RdT,134.9,134.9
12698.0,CILLAMAYOR 220,Castilla y León,Palencia,Barruelo de Santullán,220.0,42.868109525722,-4.2611075179765,eolica,Con permisos,RdD,,
12698.0,CILLAMAYOR 220,Castilla y León,Palencia,Barruelo de Santullán,220.0,42.868109525722,-4.2611075179765,eolica,Con permisos,RdT,86.0,86.0
12698.0,CILLAMAYOR 220,Castilla y León,Palencia,Barruelo de Santullán,220.0,42.868109525722,-4.2611075179765,eolica,En curso,RdD,,
12698.0,CILLAMAYOR 220,Castilla y León,Palencia,Barruelo de Santullán,220.0,42.868109525722,-4.2611075179765,eolica,En curso,RdT,86.0,86.0
12698.0,CILLAMAYOR 220,Castilla y León,Palencia,Barruelo de Santullán,220.0,42.868109525722,-4.2611075179765,eolica,Puesta en servicio,RdD,,
12698.0,CILLAMAYOR 220,Castilla y León,Palencia,Barruelo de Santullán,220.0,42.868109525722,-4.2611075179765,eolica,Puesta en servicio,RdT,19.8,19.8
12698.0,CILLAMAYOR 220,Castilla y León,Palencia,Barruelo de Santullán,220.0,42.868109525722,-4.2611075179765,fotovoltaica,Con permisos,RdD,,
12698.0,CILLAMAYOR 220,Castilla y León,Palencia,Barruelo de Santullán,220.0,42.868109525722,-4.2611075179765,fotovoltaica,Con permisos,RdT,193.0,199.0
12698.0,CILLAMAYOR 220,Castilla y León,Palencia,Barruelo de Santullán,220.0,42.868109525722,-4.2611075179765,fotovoltaica,En curso,RdD,,
12698.0,CILLAMAYOR 220,Castilla y León,Palencia,Barruelo de Santullán,220.0,42.868109525722,-4.2611075179765,fotovoltaica,En curso,RdT,181.9,186.9
12808.0,GRIJOTA 400,Castilla y León,Palencia,Grijota,400.0,42.072376202183,-4.5565096122066,almacenamiento,Con permisos,RdD,,
12808.0,GRIJOTA 400,Castilla y León,Palencia,Grijota,400.0,42.072376202183,-4.5565096122066,almacenamiento,Con permisos,RdT,,15.0
12808.0,GRIJOTA 400,Castilla y León,Palencia,Grijota,400.0,42.072376202183,-4.5565096122066,eolica,Con permisos,RdD,,
12808.0,GRIJOTA 400,Castilla y León,Palencia,Grijota,400.0,42.072376202183,-4.5565096122066,eolica,Con permisos,RdT,,49.0
12808.0,GRIJOTA 400,Castilla y León,Palencia,Grijota,400.0,42.072376202183,-4.5565096122066,eolica,En curso,RdD,,
12808.0,GRIJOTA 400,Castilla y León,Palencia,Grijota,400.0,42.072376202183,-4.5565096122066,eolica,En curso,RdT,30.0,120.0
12808.0,GRIJOTA 400,Castilla y León,Palencia,Grijota,400.0,42.072376202183,-4.5565096122066,eolica,Puesta en servicio,RdD,,
12808.0,GRIJOTA 400,Castilla y León,Palencia,Grijota,400.0,42.072376202183,-4.5565096122066,eolica,Puesta en servicio,RdT,76.6,608.28
12808.0,GRIJOTA 400,Castilla y León,Palencia,Grijota,400.0,42.072376202183,-4.5565096122066,fotovoltaica,Con permisos,RdD,,
12808.0,GRIJOTA 400,Castilla y León,Palencia,Grijota,400.0,42.072376202183,-4.5565096122066,fotovoltaica,Con permisos,RdT,206.0,786.0
12808.0,GRIJOTA 400,Castilla y León,Palencia,Grijota,400.0,42.072376202183,-4.5565096122066,fotovoltaica,En curso,RdD,,
12808.0,GRIJOTA 400,Castilla y León,Palencia,Grijota,400.0,42.072376202183,-4.5565096122066,fotovoltaica,En curso,RdT,,96.3
12808.0,GRIJOTA 400,Castilla y León,Palencia,Grijota,400.0,42.072376202183,-4.5565096122066,fotovoltaica,Puesta en servicio,RdD,,
12808.0,GRIJOTA 400,Castilla y León,Palencia,Grijota,400.0,42.072376202183,-4.5565096122066,fotovoltaica,Puesta en servicio,RdT,267.44,293.98
12808.0,GRIJOTA 400,Castilla y León,Palencia,Grijota,400.0,42.072376202183,-4.5565096122066,hibridacion,Con permisos,RdD,,
12808.0,GRIJOTA 400,Castilla y León,Palencia,Grijota,400.0,42.072376202183,-4.5565096122066,hibridacion,Con permisos,RdT,47.0,
12808.0,GRIJOTA 400,Castilla y León,Palencia,Grijota,400.0,42.072376202183,-4.5565096122066,hibridacion,En curso,RdD,,
12808.0,GRIJOTA 400,Castilla y León,Palencia,Grijota,400.0,42.072376202183,-4.5565096122066,hibridacion,En curso,RdT,90.0,
12808.0,GRIJOTA 400,Castilla y León,Palencia,Grijota,400.0,42.072376202183,-4.5565096122066,hibridacion,Puesta en servicio,RdD,,
12808.0,GRIJOTA 400,Castilla y León,Palencia,Grijota,400.0,42.072376202183,-4.5565096122066,hibridacion,Puesta en servicio,RdT,528.48,
13034.0,PALENCIA 220,Castilla y León,Palencia,Palencia,220.0,41.998887497527,-4.4992956877065,almacenamiento,Con permisos,RdD,,
13034.0,PALENCIA 220,Castilla y León,Palencia,Palencia,220.0,41.998887497527,-4.4992956877065,almacenamiento,Con permisos,RdT,,20.0
13034.0,PALENCIA 220,Castilla y León,Palencia,Palencia,220.0,41.998887497527,-4.4992956877065,eolica,Con permisos,RdD,16.0,34.0
13034.0,PALENCIA 220,Castilla y León,Palencia,Palencia,220.0,41.998887497527,-4.4992956877065,eolica,Con permisos,RdT,,126.0
13034.0,PALENCIA 220,Castilla y León,Palencia,Palencia,220.0,41.998887497527,-4.4992956877065,eolica,En curso,RdD,22.0,22.0
13034.0,PALENCIA 220,Castilla y León,Palencia,Palencia,220.0,41.998887497527,-4.4992956877065,eolica,En curso,RdT,100.0,135.0
13034.0,PALENCIA 220,Castilla y León,Palencia,Palencia,220.0,41.998887497527,-4.4992956877065,eolica,Puesta en servicio,RdD,86.73,91.23
13034.0,PALENCIA 220,Castilla y León,Palencia,Palencia,220.0,41.998887497527,-4.4992956877065,eolica,Puesta en servicio,RdT,,
13034.0,PALENCIA 220,Castilla y León,Palencia,Palencia,220.0,41.998887497527,-4.4992956877065,fotovoltaica,Con permisos,RdD,,4.0
13034.0,PALENCIA 220,Castilla y León,Palencia,Palencia,220.0,41.998887497527,-4.4992956877065,fotovoltaica,Con permisos,RdT,43.0,72.0
13034.0,PALENCIA 220,Castilla y León,Palencia,Palencia,220.0,41.998887497527,-4.4992956877065,fotovoltaica,En curso,RdD,14.6,30.81
13034.0,PALENCIA 220,Castilla y León,Palencia,Palencia,220.0,41.998887497527,-4.4992956877065,fotovoltaica,En curso,RdT,43.73,99.88
13034.0,PALENCIA 220,Castilla y León,Palencia,Palencia,220.0,41.998887497527,-4.4992956877065,fotovoltaica,Puesta en servicio,RdD,50.52,79.2
13034.0,PALENCIA 220,Castilla y León,Palencia,Palencia,220.0,41.998887497527,-4.4992956877065,fotovoltaica,Puesta en servicio,RdT,,49.88
13034.0,PALENCIA 220,Castilla y León,Palencia,Palencia,220.0,41.998887497527,-4.4992956877065,hibridacion,Con permisos,RdD,,
13034.0,PALENCIA 220,Castilla y León,Palencia,Palencia,220.0,41.998887497527,-4.4992956877065,hibridacion,Con permisos,RdT,91.0,
13034.0,PALENCIA 220,Castilla y León,Palencia,Palencia,220.0,41.998887497527,-4.4992956877065,hibridacion,En curso,RdD,,
13034.0,PALENCIA 220,Castilla y León,Palencia,Palencia,220.0,41.998887497527,-4.4992956877065,hibridacion,En curso,RdT,43.73,
13034.0,PALENCIA 220,Castilla y León,Palencia,Palencia,220.0,41.998887497527,-4.4992956877065,hibridacion,Puesta en servicio,RdD,26.0,
13034.0,PALENCIA 220,Castilla y León,Palencia,Palencia,220.0,41.998887497527,-4.4992956877065,hibridacion,Puesta en servicio,RdT,43.73,
12828.0,HERRERA 400,Castilla y León,Palencia,Páramo de Boedo,400.0,42.594435891787,-4.3432807964323,almacenamiento,Con permisos,RdD,,
12828.0,HERRERA 400,Castilla y León,Palencia,Páramo de Boedo,400.0,42.594435891787,-4.3432807964323,almacenamiento,Con permisos,RdT,,35.0
12828.0,HERRERA 400,Castilla y León,Palencia,Páramo de Boedo,400.0,42.594435891787,-4.3432807964323,eolica,Con permisos,RdD,,
12828.0,HERRERA 400,Castilla y León,Palencia,Páramo de Boedo,400.0,42.594435891787,-4.3432807964323,eolica,Con permisos,RdT,,63.0
12828.0,HERRERA 400,Castilla y León,Palencia,Páramo de Boedo,400.0,42.594435891787,-4.3432807964323,eolica,En curso,RdD,,
12828.0,HERRERA 400,Castilla y León,Palencia,Páramo de Boedo,400.0,42.594435891787,-4.3432807964323,eolica,En curso,RdT,181.1,181.1
12828.0,HERRERA 400,Castilla y León,Palencia,Páramo de Boedo,400.0,42.594435891787,-4.3432807964323,eolica,Puesta en servicio,RdD,,
12828.0,HERRERA 400,Castilla y León,Palencia,Páramo de Boedo,400.0,42.594435891787,-4.3432807964323,eolica,Puesta en servicio,RdT,309.1,506.75
12828.0,HERRERA 400,Castilla y León,Palencia,Páramo de Boedo,400.0,42.594435891787,-4.3432807964323,fotovoltaica,Con permisos,RdD,,
12828.0,HERRERA 400,Castilla y León,Palencia,Páramo de Boedo,400.0,42.594435891787,-4.3432807964323,fotovoltaica,Con permisos,RdT,365.0,547.0
12828.0,HERRERA 400,Castilla y León,Palencia,Páramo de Boedo,400.0,42.594435891787,-4.3432807964323,fotovoltaica,En curso,RdD,,
12828.0,HERRERA 400,Castilla y León,Palencia,Páramo de Boedo,400.0,42.594435891787,-4.3432807964323,fotovoltaica,En curso,RdT,70.62,82.28
12828.0,HERRERA 400,Castilla y León,Palencia,Páramo de Boedo,400.0,42.594435891787,-4.3432807964323,fotovoltaica,Puesta en servicio,RdD,,
12828.0,HERRERA 400,Castilla y León,Palencia,Páramo de Boedo,400.0,42.594435891787,-4.3432807964323,fotovoltaica,Puesta en servicio,RdT,168.55,273.41
12828.0,HERRERA 400,Castilla y León,Palencia,Páramo de Boedo,400.0,42.594435891787,-4.3432807964323,hibridacion,Puesta en servicio,RdD,,
12828.0,HERRERA 400,Castilla y León,Palencia,Páramo de Boedo,400.0,42.594435891787,-4.3432807964323,hibridacion,Puesta en servicio,RdT,268.28,
12689.0,CERRATO 400,Castilla y León,Palencia,Valle de Cerrato,400.0,41.888782698129,-4.3817374175982,almacenamiento,Con permisos,RdD,,
12689.0,CERRATO 400,Castilla y León,Palencia,Valle de Cerrato,400.0,41.888782698129,-4.3817374175982,almacenamiento,Con permisos,RdT,,82.0
12689.0,CERRATO 400,Castilla y León,Palencia,Valle de Cerrato,400.0,41.888782698129,-4.3817374175982,eolica,Con permisos,RdD,,
12689.0,CERRATO 400,Castilla y León,Palencia,Valle de Cerrato,400.0,41.888782698129,-4.3817374175982,eolica,Con permisos,RdT,310.0,355.0
12689.0,CERRATO 400,Castilla y León,Palencia,Valle de Cerrato,400.0,41.888782698129,-4.3817374175982,eolica,Puesta en servicio,RdD,,
12689.0,CERRATO 400,Castilla y León,Palencia,Valle de Cerrato,400.0,41.888782698129,-4.3817374175982,eolica,Puesta en servicio,RdT,324.9,343.0
12689.0,CERRATO 400,Castilla y León,Palencia,Valle de Cerrato,400.0,41.888782698129,-4.3817374175982,fotovoltaica,Con permisos,RdD,,
12689.0,CERRATO 400,Castilla y León,Palencia,Valle de Cerrato,400.0,41.888782698129,-4.3817374175982,fotovoltaica,Con permisos,RdT,23.0,49.0
12689.0,CERRATO 400,Castilla y León,Palencia,Valle de Cerrato,400.0,41.888782698129,-4.3817374175982,fotovoltaica,Puesta en servicio,RdD,,
12689.0,CERRATO 400,Castilla y León,Palencia,Valle de Cerrato,400.0,41.888782698129,-4.3817374175982,fotovoltaica,Puesta en servicio,RdT,,99.04
12689.0,CERRATO 400,Castilla y León,Palencia,Valle de Cerrato,400.0,41.888782698129,-4.3817374175982,hibridacion,Puesta en servicio,RdD,,
12689.0,CERRATO 400,Castilla y León,Palencia,Valle de Cerrato,400.0,41.888782698129,-4.3817374175982,hibridacion,Puesta en servicio,RdT,97.1,
6962.0,VELILLA 400,Castilla y León,Palencia,Velilla del Río Carrión,400.0,42.821915770404,-4.8582145126947,almacenamiento,Con permisos,RdD,,
6962.0,VELILLA 400,Castilla y León,Palencia,Velilla del Río Carrión,400.0,42.821915770404,-4.8582145126947,almacenamiento,Con permisos,RdT,,260.0
6962.0,VELILLA 400,Castilla y León,Palencia,Velilla del Río Carrión,400.0,42.821915770404,-4.8582145126947,bombeo,Con permisos,RdD,,
6962.0,VELILLA 400,Castilla y León,Palencia,Velilla del Río Carrión,400.0,42.821915770404,-4.8582145126947,bombeo,Con permisos,RdT,144.0,144.0
6962.0,VELILLA 400,Castilla y León,Palencia,Velilla del Río Carrión,400.0,42.821915770404,-4.8582145126947,bombeo,En curso,RdD,,
6962.0,VELILLA 400,Castilla y León,Palencia,Velilla del Río Carrión,400.0,42.821915770404,-4.8582145126947,bombeo,En curso,RdT,144.0,144.0
6962.0,VELILLA 400,Castilla y León,Palencia,Velilla del Río Carrión,400.0,42.821915770404,-4.8582145126947,fotovoltaica,Con permisos,RdD,,
6962.0,VELILLA 400,Castilla y León,Palencia,Velilla del Río Carrión,400.0,42.821915770404,-4.8582145126947,fotovoltaica,Con permisos,RdT,60.0,87.0
6962.0,VELILLA 400,Castilla y León,Palencia,Velilla del Río Carrión,400.0,42.821915770404,-4.8582145126947,fotovoltaica,Puesta en servicio,RdD,,
6962.0,VELILLA 400,Castilla y León,Palencia,Velilla del Río Carrión,400.0,42.821915770404,-4.8582145126947,fotovoltaica,Puesta en servicio,RdT,60.0,395.6
6962.0,VELILLA 400,Castilla y León,Palencia,Velilla del Río Carrión,400.0,42.821915770404,-4.8582145126947,hibridacion,Puesta en servicio,RdD,,
6962.0,VELILLA 400,Castilla y León,Palencia,Velilla del Río Carrión,400.0,42.821915770404,-4.8582145126947,hibridacion,Puesta en servicio,RdT,288.0,
6962.0,VELILLA 400,Castilla y León,Palencia,Velilla del Río Carrión,400.0,42.821915770404,-4.8582145126947,hidraulica,Puesta en servicio,RdD,5.0,5.0
6962.0,VELILLA 400,Castilla y León,Palencia,Velilla del Río Carrión,400.0,42.821915770404,-4.8582145126947,hidraulica,Puesta en servicio,RdT,,
12812.0,GUARDO 220,Castilla y León,Palencia,Velilla del Río Carrión,220.0,42.818501095571,-4.8523221492186,eolica,Con permisos,RdD,40.0,40.0
12812.0,GUARDO 220,Castilla y León,Palencia,Velilla del Río Carrión,220.0,42.818501095571,-4.8523221492186,eolica,Con permisos,RdT,,
12812.0,GUARDO 220,Castilla y León,Palencia,Velilla del Río Carrión,220.0,42.818501095571,-4.8523221492186,fotovoltaica,Con permisos,RdD,28.0,28.0
12812.0,GUARDO 220,Castilla y León,Palencia,Velilla del Río Carrión,220.0,42.818501095571,-4.8523221492186,fotovoltaica,Con permisos,RdT,,
12812.0,GUARDO 220,Castilla y León,Palencia,Velilla del Río Carrión,220.0,42.818501095571,-4.8523221492186,hidraulica,Puesta en servicio,RdD,,
12812.0,GUARDO 220,Castilla y León,Palencia,Velilla del Río Carrión,220.0,42.818501095571,-4.8523221492186,hidraulica,Puesta en servicio,RdT,85.0,83.19
12812.0,GUARDO 220,Castilla y León,Palencia,Velilla del Río Carrión,220.0,42.818501095571,-4.8523221492186,otras,Con permisos,RdD,49.0,49.0
12812.0,GUARDO 220,Castilla y León,Palencia,Velilla del Río Carrión,220.0,42.818501095571,-4.8523221492186,otras,Con permisos,RdT,,
6916.0,ALDEADAVILA 220,Castilla y León,Salamanca,Aldeadávila de la Ribera,220.0,41.207700912885,-6.678503291279,hidraulica,Puesta en servicio,RdD,,
6916.0,ALDEADAVILA 220,Castilla y León,Salamanca,Aldeadávila de la Ribera,220.0,41.207700912885,-6.678503291279,hidraulica,Puesta en servicio,RdT,732.9,797.94
6917.0,ALDEADAVILA 400,Castilla y León,Salamanca,Aldeadávila de la Ribera,400.0,41.207700912885,-6.678503291279,bombeo,Puesta en servicio,RdD,,
6917.0,ALDEADAVILA 400,Castilla y León,Salamanca,Aldeadávila de la Ribera,400.0,41.207700912885,-6.678503291279,bombeo,Puesta en servicio,RdT,428.0,428.49
12704.0,CIUDAD RODRIGO 400,Castilla y León,Salamanca,Ciudad Rodrigo,400.0,40.641938542651,-6.5506834534982,almacenamiento,Con permisos,RdD,,
12704.0,CIUDAD RODRIGO 400,Castilla y León,Salamanca,Ciudad Rodrigo,400.0,40.641938542651,-6.5506834534982,almacenamiento,Con permisos,RdT,,216.0
12704.0,CIUDAD RODRIGO 400,Castilla y León,Salamanca,Ciudad Rodrigo,400.0,40.641938542651,-6.5506834534982,fotovoltaica,Con permisos,RdD,,
12704.0,CIUDAD RODRIGO 400,Castilla y León,Salamanca,Ciudad Rodrigo,400.0,40.641938542651,-6.5506834534982,fotovoltaica,Con permisos,RdT,50.0,153.0
12704.0,CIUDAD RODRIGO 400,Castilla y León,Salamanca,Ciudad Rodrigo,400.0,40.641938542651,-6.5506834534982,fotovoltaica,Puesta en servicio,RdD,,
12704.0,CIUDAD RODRIGO 400,Castilla y León,Salamanca,Ciudad Rodrigo,400.0,40.641938542651,-6.5506834534982,fotovoltaica,Puesta en servicio,RdT,,268.09
12704.0,CIUDAD RODRIGO 400,Castilla y León,Salamanca,Ciudad Rodrigo,400.0,40.641938542651,-6.5506834534982,hibridacion,Puesta en servicio,RdD,,
12704.0,CIUDAD RODRIGO 400,Castilla y León,Salamanca,Ciudad Rodrigo,400.0,40.641938542651,-6.5506834534982,hibridacion,Puesta en servicio,RdT,236.0,
12832.0,HINOJOSA 400,Castilla y León,Salamanca,Hinojosa de Duero,400.0,41.017203372603,-6.7334178205553,hidraulica,Puesta en servicio,RdD,,
12832.0,HINOJOSA 400,Castilla y León,Salamanca,Hinojosa de Duero,400.0,41.017203372603,-6.7334178205553,hidraulica,Puesta en servicio,RdT,285.0,271.9
6955.0,SANTIZ 220,Castilla y León,Salamanca,Santiz,220.0,41.196939711739,-5.8762246129877,almacenamiento,Con permisos,RdD,,
6955.0,SANTIZ 220,Castilla y León,Salamanca,Santiz,220.0,41.196939711739,-5.8762246129877,almacenamiento,Con permisos,RdT,,48.0
6955.0,SANTIZ 220,Castilla y León,Salamanca,Santiz,220.0,41.196939711739,-5.8762246129877,eolica,Con permisos,RdD,,
6955.0,SANTIZ 220,Castilla y León,Salamanca,Santiz,220.0,41.196939711739,-5.8762246129877,eolica,Con permisos,RdT,47.0,96.0
6955.0,SANTIZ 220,Castilla y León,Salamanca,Santiz,220.0,41.196939711739,-5.8762246129877,eolica,Puesta en servicio,RdD,,
6955.0,SANTIZ 220,Castilla y León,Salamanca,Santiz,220.0,41.196939711739,-5.8762246129877,eolica,Puesta en servicio,RdT,70.0,124.5
6955.0,SANTIZ 220,Castilla y León,Salamanca,Santiz,220.0,41.196939711739,-5.8762246129877,fotovoltaica,Con permisos,RdD,,
6955.0,SANTIZ 220,Castilla y León,Salamanca,Santiz,220.0,41.196939711739,-5.8762246129877,fotovoltaica,Con permisos,RdT,130.0,203.0
6955.0,SANTIZ 220,Castilla y León,Salamanca,Santiz,220.0,41.196939711739,-5.8762246129877,fotovoltaica,Puesta en servicio,RdD,,
6955.0,SANTIZ 220,Castilla y León,Salamanca,Santiz,220.0,41.196939711739,-5.8762246129877,fotovoltaica,Puesta en servicio,RdT,,109.9
6955.0,SANTIZ 220,Castilla y León,Salamanca,Santiz,220.0,41.196939711739,-5.8762246129877,hibridacion,Con permisos,RdD,,
6955.0,SANTIZ 220,Castilla y León,Salamanca,Santiz,220.0,41.196939711739,-5.8762246129877,hibridacion,Con permisos,RdT,96.0,
6955.0,SANTIZ 220,Castilla y León,Salamanca,Santiz,220.0,41.196939711739,-5.8762246129877,hibridacion,Puesta en servicio,RdD,,
6955.0,SANTIZ 220,Castilla y León,Salamanca,Santiz,220.0,41.196939711739,-5.8762246129877,hibridacion,Puesta en servicio,RdT,59.0,
6956.0,SAUCELLE 220,Castilla y León,Salamanca,Saucelle,220.0,41.043476940034,-6.80685495404,fotovoltaica,Con permisos,RdD,6.0,6.0
6956.0,SAUCELLE 220,Castilla y León,Salamanca,Saucelle,220.0,41.043476940034,-6.80685495404,fotovoltaica,Con permisos,RdT,,
6956.0,SAUCELLE 220,Castilla y León,Salamanca,Saucelle,220.0,41.043476940034,-6.80685495404,fotovoltaica,Puesta en servicio,RdD,6.4,11.35
6956.0,SAUCELLE 220,Castilla y León,Salamanca,Saucelle,220.0,41.043476940034,-6.80685495404,fotovoltaica,Puesta en servicio,RdT,,
6956.0,SAUCELLE 220,Castilla y León,Salamanca,Saucelle,220.0,41.043476940034,-6.80685495404,hibridacion,Puesta en servicio,RdD,4.61,
6956.0,SAUCELLE 220,Castilla y León,Salamanca,Saucelle,220.0,41.043476940034,-6.80685495404,hibridacion,Puesta en servicio,RdT,,
6956.0,SAUCELLE 220,Castilla y León,Salamanca,Saucelle,220.0,41.043476940034,-6.80685495404,hidraulica,Con permisos,RdD,4.0,4.0
6956.0,SAUCELLE 220,Castilla y León,Salamanca,Saucelle,220.0,41.043476940034,-6.80685495404,hidraulica,Con permisos,RdT,,
6956.0,SAUCELLE 220,Castilla y León,Salamanca,Saucelle,220.0,41.043476940034,-6.80685495404,hidraulica,Puesta en servicio,RdD,5.0,9.61
6956.0,SAUCELLE 220,Castilla y León,Salamanca,Saucelle,220.0,41.043476940034,-6.80685495404,hidraulica,Puesta en servicio,RdT,240.0,249.88
6966.0,VILLAMAYOR 220,Castilla y León,Salamanca,Villamayor,220.0,40.989497935146,-5.6901234024959,eolica,Puesta en servicio,RdD,43.14,63.84
6966.0,VILLAMAYOR 220,Castilla y León,Salamanca,Villamayor,220.0,40.989497935146,-5.6901234024959,eolica,Puesta en servicio,RdT,,
6966.0,VILLAMAYOR 220,Castilla y León,Salamanca,Villamayor,220.0,40.989497935146,-5.6901234024959,fotovoltaica,Con permisos,RdD,6.0,28.0
6966.0,VILLAMAYOR 220,Castilla y León,Salamanca,Villamayor,220.0,40.989497935146,-5.6901234024959,fotovoltaica,Con permisos,RdT,,
6966.0,VILLAMAYOR 220,Castilla y León,Salamanca,Villamayor,220.0,40.989497935146,-5.6901234024959,fotovoltaica,Puesta en servicio,RdD,66.71,68.52
6966.0,VILLAMAYOR 220,Castilla y León,Salamanca,Villamayor,220.0,40.989497935146,-5.6901234024959,fotovoltaica,Puesta en servicio,RdT,,
6966.0,VILLAMAYOR 220,Castilla y León,Salamanca,Villamayor,220.0,40.989497935146,-5.6901234024959,hibridacion,Puesta en servicio,RdD,20.7,
6966.0,VILLAMAYOR 220,Castilla y León,Salamanca,Villamayor,220.0,40.989497935146,-5.6901234024959,hibridacion,Puesta en servicio,RdT,,
6966.0,VILLAMAYOR 220,Castilla y León,Salamanca,Villamayor,220.0,40.989497935146,-5.6901234024959,hidraulica,Puesta en servicio,RdD,11.95,11.95
6966.0,VILLAMAYOR 220,Castilla y León,Salamanca,Villamayor,220.0,40.989497935146,-5.6901234024959,hidraulica,Puesta en servicio,RdT,,
6966.0,VILLAMAYOR 220,Castilla y León,Salamanca,Villamayor,220.0,40.989497935146,-5.6901234024959,otras,Puesta en servicio,RdD,26.82,26.82
6966.0,VILLAMAYOR 220,Castilla y León,Salamanca,Villamayor,220.0,40.989497935146,-5.6901234024959,otras,Puesta en servicio,RdT,,
6968.0,VILLARINO 220,Castilla y León,Salamanca,Villarino de los Aires,220.0,41.255316402431,-6.4882248924833,bombeo,Puesta en servicio,RdD,,
6968.0,VILLARINO 220,Castilla y León,Salamanca,Villarino de los Aires,220.0,41.255316402431,-6.4882248924833,bombeo,Puesta en servicio,RdT,810.0,850.88
6968.0,VILLARINO 220,Castilla y León,Salamanca,Villarino de los Aires,220.0,41.255316402431,-6.4882248924833,fotovoltaica,Con permisos,RdD,,
6968.0,VILLARINO 220,Castilla y León,Salamanca,Villarino de los Aires,220.0,41.255316402431,-6.4882248924833,fotovoltaica,Con permisos,RdT,11.0,12.0
6968.0,VILLARINO 220,Castilla y León,Salamanca,Villarino de los Aires,220.0,41.255316402431,-6.4882248924833,fotovoltaica,Puesta en servicio,RdD,82.52,88.1
6968.0,VILLARINO 220,Castilla y León,Salamanca,Villarino de los Aires,220.0,41.255316402431,-6.4882248924833,fotovoltaica,Puesta en servicio,RdT,200.0,221.0
13509.0,ABADES 400,Castilla y León,Segovia,Abades,400.0,40.914653566819,-4.2741043785874,fotovoltaica,Con permisos,RdD,,
13509.0,ABADES 400,Castilla y León,Segovia,Abades,400.0,40.914653566819,-4.2741043785874,fotovoltaica,Con permisos,RdT,357.0,431.0
12903.0,LASTRAS 400,Castilla y León,Segovia,Lastras del Pozo,400.0,40.880487514573,-4.3398240299489,almacenamiento,Con permisos,RdD,1.0,8.0
12903.0,LASTRAS 400,Castilla y León,Segovia,Lastras del Pozo,400.0,40.880487514573,-4.3398240299489,almacenamiento,Con permisos,RdT,,
12903.0,LASTRAS 400,Castilla y León,Segovia,Lastras del Pozo,400.0,40.880487514573,-4.3398240299489,eolica,En curso,RdD,50.0,50.0
12903.0,LASTRAS 400,Castilla y León,Segovia,Lastras del Pozo,400.0,40.880487514573,-4.3398240299489,eolica,En curso,RdT,,
12903.0,LASTRAS 400,Castilla y León,Segovia,Lastras del Pozo,400.0,40.880487514573,-4.3398240299489,eolica,Puesta en servicio,RdD,,
12903.0,LASTRAS 400,Castilla y León,Segovia,Lastras del Pozo,400.0,40.880487514573,-4.3398240299489,eolica,Puesta en servicio,RdT,154.29,284.64
12903.0,LASTRAS 400,Castilla y León,Segovia,Lastras del Pozo,400.0,40.880487514573,-4.3398240299489,fotovoltaica,Con permisos,RdD,29.0,38.0
12903.0,LASTRAS 400,Castilla y León,Segovia,Lastras del Pozo,400.0,40.880487514573,-4.3398240299489,fotovoltaica,Con permisos,RdT,50.0,143.0
12903.0,LASTRAS 400,Castilla y León,Segovia,Lastras del Pozo,400.0,40.880487514573,-4.3398240299489,fotovoltaica,En curso,RdD,44.95,44.95
12903.0,LASTRAS 400,Castilla y León,Segovia,Lastras del Pozo,400.0,40.880487514573,-4.3398240299489,fotovoltaica,En curso,RdT,,
12903.0,LASTRAS 400,Castilla y León,Segovia,Lastras del Pozo,400.0,40.880487514573,-4.3398240299489,fotovoltaica,Puesta en servicio,RdD,177.28,188.96
12903.0,LASTRAS 400,Castilla y León,Segovia,Lastras del Pozo,400.0,40.880487514573,-4.3398240299489,fotovoltaica,Puesta en servicio,RdT,,28.0
12903.0,LASTRAS 400,Castilla y León,Segovia,Lastras del Pozo,400.0,40.880487514573,-4.3398240299489,hibridacion,Con permisos,RdD,21.0,
12903.0,LASTRAS 400,Castilla y León,Segovia,Lastras del Pozo,400.0,40.880487514573,-4.3398240299489,hibridacion,Con permisos,RdT,,
12903.0,LASTRAS 400,Castilla y León,Segovia,Lastras del Pozo,400.0,40.880487514573,-4.3398240299489,hibridacion,Puesta en servicio,RdD,,
12903.0,LASTRAS 400,Castilla y León,Segovia,Lastras del Pozo,400.0,40.880487514573,-4.3398240299489,hibridacion,Puesta en servicio,RdT,130.35,
12903.0,LASTRAS 400,Castilla y León,Segovia,Lastras del Pozo,400.0,40.880487514573,-4.3398240299489,hidraulica,Puesta en servicio,RdD,23.67,23.67
12903.0,LASTRAS 400,Castilla y León,Segovia,Lastras del Pozo,400.0,40.880487514573,-4.3398240299489,hidraulica,Puesta en servicio,RdT,,
12903.0,LASTRAS 400,Castilla y León,Segovia,Lastras del Pozo,400.0,40.880487514573,-4.3398240299489,otras,Con permisos,RdD,,14.0
12903.0,LASTRAS 400,Castilla y León,Segovia,Lastras del Pozo,400.0,40.880487514573,-4.3398240299489,otras,Con permisos,RdT,,
12903.0,LASTRAS 400,Castilla y León,Segovia,Lastras del Pozo,400.0,40.880487514573,-4.3398240299489,otras,Puesta en servicio,RdD,39.07,45.23
12903.0,LASTRAS 400,Castilla y León,Segovia,Lastras del Pozo,400.0,40.880487514573,-4.3398240299489,otras,Puesta en servicio,RdT,,
7211.0,SEGOVIA 400,Castilla y León,Segovia,Segovia,400.0,40.939945992887,-4.1651705802579,fotovoltaica,Con permisos,RdD,,
7211.0,SEGOVIA 400,Castilla y León,Segovia,Segovia,400.0,40.939945992887,-4.1651705802579,fotovoltaica,Con permisos,RdT,50.0,50.0
7211.0,SEGOVIA 400,Castilla y León,Segovia,Segovia,400.0,40.939945992887,-4.1651705802579,fotovoltaica,Puesta en servicio,RdD,,
7211.0,SEGOVIA 400,Castilla y León,Segovia,Segovia,400.0,40.939945992887,-4.1651705802579,fotovoltaica,Puesta en servicio,RdT,474.0,541.53
6918.0,ALMAZAN 400,Castilla y León,Soria,Coscurita,400.0,41.438156502954,-2.5035277502779,almacenamiento,Con permisos,RdD,,
6918.0,ALMAZAN 400,Castilla y León,Soria,Coscurita,400.0,41.438156502954,-2.5035277502779,almacenamiento,Con permisos,RdT,,7.0
6918.0,ALMAZAN 400,Castilla y León,Soria,Coscurita,400.0,41.438156502954,-2.5035277502779,eolica,Con permisos,RdD,,12.0
6918.0,ALMAZAN 400,Castilla y León,Soria,Coscurita,400.0,41.438156502954,-2.5035277502779,eolica,Con permisos,RdT,50.0,64.0
6918.0,ALMAZAN 400,Castilla y León,Soria,Coscurita,400.0,41.438156502954,-2.5035277502779,eolica,Puesta en servicio,RdD,17.88,30.78
6918.0,ALMAZAN 400,Castilla y León,Soria,Coscurita,400.0,41.438156502954,-2.5035277502779,eolica,Puesta en servicio,RdT,57.0,326.8
6918.0,ALMAZAN 400,Castilla y León,Soria,Coscurita,400.0,41.438156502954,-2.5035277502779,fotovoltaica,Con permisos,RdD,1.0,14.0
6918.0,ALMAZAN 400,Castilla y León,Soria,Coscurita,400.0,41.438156502954,-2.5035277502779,fotovoltaica,Con permisos,RdT,10.0,329.0
6918.0,ALMAZAN 400,Castilla y León,Soria,Coscurita,400.0,41.438156502954,-2.5035277502779,fotovoltaica,Puesta en servicio,RdD,28.55,30.11
6918.0,ALMAZAN 400,Castilla y León,Soria,Coscurita,400.0,41.438156502954,-2.5035277502779,fotovoltaica,Puesta en servicio,RdT,,
6918.0,ALMAZAN 400,Castilla y León,Soria,Coscurita,400.0,41.438156502954,-2.5035277502779,hibridacion,Con permisos,RdD,12.0,
6918.0,ALMAZAN 400,Castilla y León,Soria,Coscurita,400.0,41.438156502954,-2.5035277502779,hibridacion,Con permisos,RdT,10.0,
6918.0,ALMAZAN 400,Castilla y León,Soria,Coscurita,400.0,41.438156502954,-2.5035277502779,hibridacion,Puesta en servicio,RdD,12.9,
6918.0,ALMAZAN 400,Castilla y León,Soria,Coscurita,400.0,41.438156502954,-2.5035277502779,hibridacion,Puesta en servicio,RdT,269.8,
6918.0,ALMAZAN 400,Castilla y León,Soria,Coscurita,400.0,41.438156502954,-2.5035277502779,hidraulica,Puesta en servicio,RdD,5.58,5.58
6918.0,ALMAZAN 400,Castilla y León,Soria,Coscurita,400.0,41.438156502954,-2.5035277502779,hidraulica,Puesta en servicio,RdT,,
6918.0,ALMAZAN 400,Castilla y León,Soria,Coscurita,400.0,41.438156502954,-2.5035277502779,otras,Puesta en servicio,RdD,62.96,62.96
6918.0,ALMAZAN 400,Castilla y León,Soria,Coscurita,400.0,41.438156502954,-2.5035277502779,otras,Puesta en servicio,RdT,,
12958.0,MEDINACELI 400,Castilla y León,Soria,Medinaceli,400.0,41.106040005546,-2.3744160735654,eolica,Con permisos,RdD,,
12958.0,MEDINACELI 400,Castilla y León,Soria,Medinaceli,400.0,41.106040005546,-2.3744160735654,eolica,Con permisos,RdT,158.0,158.0
12958.0,MEDINACELI 400,Castilla y León,Soria,Medinaceli,400.0,41.106040005546,-2.3744160735654,eolica,Puesta en servicio,RdD,,
12958.0,MEDINACELI 400,Castilla y León,Soria,Medinaceli,400.0,41.106040005546,-2.3744160735654,eolica,Puesta en servicio,RdT,92.0,358.04
12958.0,MEDINACELI 400,Castilla y León,Soria,Medinaceli,400.0,41.106040005546,-2.3744160735654,fotovoltaica,Con permisos,RdD,,
12958.0,MEDINACELI 400,Castilla y León,Soria,Medinaceli,400.0,41.106040005546,-2.3744160735654,fotovoltaica,Con permisos,RdT,82.0,345.0
12958.0,MEDINACELI 400,Castilla y León,Soria,Medinaceli,400.0,41.106040005546,-2.3744160735654,hibridacion,Puesta en servicio,RdD,,
12958.0,MEDINACELI 400,Castilla y León,Soria,Medinaceli,400.0,41.106040005546,-2.3744160735654,hibridacion,Puesta en servicio,RdT,266.04,
13023.0,ONCALA 220,Castilla y León,Soria,Oncala,220.0,41.96308984291,-2.2467142718994,almacenamiento,Con permisos,RdD,,
13023.0,ONCALA 220,Castilla y León,Soria,Oncala,220.0,41.96308984291,-2.2467142718994,almacenamiento,Con permisos,RdT,,73.0
13023.0,ONCALA 220,Castilla y León,Soria,Oncala,220.0,41.96308984291,-2.2467142718994,eolica,Con permisos,RdD,27.0,27.0
13023.0,ONCALA 220,Castilla y León,Soria,Oncala,220.0,41.96308984291,-2.2467142718994,eolica,Con permisos,RdT,,
13023.0,ONCALA 220,Castilla y León,Soria,Oncala,220.0,41.96308984291,-2.2467142718994,eolica,Puesta en servicio,RdD,99.0,99.0
13023.0,ONCALA 220,Castilla y León,Soria,Oncala,220.0,41.96308984291,-2.2467142718994,eolica,Puesta en servicio,RdT,30.4,77.6
13023.0,ONCALA 220,Castilla y León,Soria,Oncala,220.0,41.96308984291,-2.2467142718994,fotovoltaica,Con permisos,RdD,,
13023.0,ONCALA 220,Castilla y León,Soria,Oncala,220.0,41.96308984291,-2.2467142718994,fotovoltaica,Con permisos,RdT,149.0,243.0
13023.0,ONCALA 220,Castilla y León,Soria,Oncala,220.0,41.96308984291,-2.2467142718994,hibridacion,Con permisos,RdD,,
13023.0,ONCALA 220,Castilla y León,Soria,Oncala,220.0,41.96308984291,-2.2467142718994,hibridacion,Con permisos,RdT,56.0,
13023.0,ONCALA 220,Castilla y León,Soria,Oncala,220.0,41.96308984291,-2.2467142718994,hibridacion,Puesta en servicio,RdD,,
13023.0,ONCALA 220,Castilla y León,Soria,Oncala,220.0,41.96308984291,-2.2467142718994,hibridacion,Puesta en servicio,RdT,47.2,
6959.0,TREVAGO 220,Castilla y León,Soria,Trévago,220.0,41.872979252156,-2.12127572347,almacenamiento,Con permisos,RdD,,
6959.0,TREVAGO 220,Castilla y León,Soria,Trévago,220.0,41.872979252156,-2.12127572347,almacenamiento,Con permisos,RdT,,80.0
6959.0,TREVAGO 220,Castilla y León,Soria,Trévago,220.0,41.872979252156,-2.12127572347,bombeo,En curso,RdD,,
6959.0,TREVAGO 220,Castilla y León,Soria,Trévago,220.0,41.872979252156,-2.12127572347,bombeo,En curso,RdT,25.0,25.0
6959.0,TREVAGO 220,Castilla y León,Soria,Trévago,220.0,41.872979252156,-2.12127572347,eolica,En curso,RdD,,
6959.0,TREVAGO 220,Castilla y León,Soria,Trévago,220.0,41.872979252156,-2.12127572347,eolica,En curso,RdT,266.85,266.85
6959.0,TREVAGO 220,Castilla y León,Soria,Trévago,220.0,41.872979252156,-2.12127572347,eolica,Puesta en servicio,RdD,,
6959.0,TREVAGO 220,Castilla y León,Soria,Trévago,220.0,41.872979252156,-2.12127572347,eolica,Puesta en servicio,RdT,148.94,191.34
6959.0,TREVAGO 220,Castilla y León,Soria,Trévago,220.0,41.872979252156,-2.12127572347,fotovoltaica,Puesta en servicio,RdD,,
6959.0,TREVAGO 220,Castilla y León,Soria,Trévago,220.0,41.872979252156,-2.12127572347,fotovoltaica,Puesta en servicio,RdT,109.0,199.26
6959.0,TREVAGO 220,Castilla y León,Soria,Trévago,220.0,41.872979252156,-2.12127572347,hibridacion,Puesta en servicio,RdD,,
6959.0,TREVAGO 220,Castilla y León,Soria,Trévago,220.0,41.872979252156,-2.12127572347,hibridacion,Puesta en servicio,RdT,100.8,
12979.0,MONCAYO 220,Castilla y León,Soria,Ólvega,220.0,41.746378063832,-1.9239592997703,almacenamiento,En curso,RdD,,
12979.0,MONCAYO 220,Castilla y León,Soria,Ólvega,220.0,41.746378063832,-1.9239592997703,almacenamiento,En curso,RdT,45.0,49.26
12979.0,MONCAYO 220,Castilla y León,Soria,Ólvega,220.0,41.746378063832,-1.9239592997703,eolica,Con permisos,RdD,,
12979.0,MONCAYO 220,Castilla y León,Soria,Ólvega,220.0,41.746378063832,-1.9239592997703,eolica,Con permisos,RdT,40.0,81.0
12979.0,MONCAYO 220,Castilla y León,Soria,Ólvega,220.0,41.746378063832,-1.9239592997703,eolica,En curso,RdD,,
12979.0,MONCAYO 220,Castilla y León,Soria,Ólvega,220.0,41.746378063832,-1.9239592997703,eolica,En curso,RdT,244.2,253.8
12979.0,MONCAYO 220,Castilla y León,Soria,Ólvega,220.0,41.746378063832,-1.9239592997703,eolica,Puesta en servicio,RdD,142.5,142.5
12979.0,MONCAYO 220,Castilla y León,Soria,Ólvega,220.0,41.746378063832,-1.9239592997703,eolica,Puesta en servicio,RdT,,
12979.0,MONCAYO 220,Castilla y León,Soria,Ólvega,220.0,41.746378063832,-1.9239592997703,fotovoltaica,Con permisos,RdD,8.0,8.0
12979.0,MONCAYO 220,Castilla y León,Soria,Ólvega,220.0,41.746378063832,-1.9239592997703,fotovoltaica,Con permisos,RdT,49.0,59.0
12979.0,MONCAYO 220,Castilla y León,Soria,Ólvega,220.0,41.746378063832,-1.9239592997703,fotovoltaica,En curso,RdD,,
12979.0,MONCAYO 220,Castilla y León,Soria,Ólvega,220.0,41.746378063832,-1.9239592997703,fotovoltaica,En curso,RdT,534.0,595.98
12979.0,MONCAYO 220,Castilla y León,Soria,Ólvega,220.0,41.746378063832,-1.9239592997703,fotovoltaica,Puesta en servicio,RdD,3.8,3.8
12979.0,MONCAYO 220,Castilla y León,Soria,Ólvega,220.0,41.746378063832,-1.9239592997703,fotovoltaica,Puesta en servicio,RdT,21.58,26.4
12979.0,MONCAYO 220,Castilla y León,Soria,Ólvega,220.0,41.746378063832,-1.9239592997703,hibridacion,Con permisos,RdD,,
12979.0,MONCAYO 220,Castilla y León,Soria,Ólvega,220.0,41.746378063832,-1.9239592997703,hibridacion,Con permisos,RdT,35.0,
12979.0,MONCAYO 220,Castilla y León,Soria,Ólvega,220.0,41.746378063832,-1.9239592997703,hibridacion,En curso,RdD,,
12979.0,MONCAYO 220,Castilla y León,Soria,Ólvega,220.0,41.746378063832,-1.9239592997703,hibridacion,En curso,RdT,31.6,
12979.0,MONCAYO 220,Castilla y León,Soria,Ólvega,220.0,41.746378063832,-1.9239592997703,otras,Puesta en servicio,RdD,14.58,14.58
12979.0,MONCAYO 220,Castilla y León,Soria,Ólvega,220.0,41.746378063832,-1.9239592997703,otras,Puesta en servicio,RdT,,
12895.0,LAS ARROYADAS 220,Castilla y León,Valladolid,Boecillo,220.0,41.525402497773,-4.714278453633,almacenamiento,Con permisos,RdD,,25.0
12895.0,LAS ARROYADAS 220,Castilla y León,Valladolid,Boecillo,220.0,41.525402497773,-4.714278453633,almacenamiento,Con permisos,RdT,,
12895.0,LAS ARROYADAS 220,Castilla y León,Valladolid,Boecillo,220.0,41.525402497773,-4.714278453633,fotovoltaica,Con permisos,RdD,19.0,19.0
12895.0,LAS ARROYADAS 220,Castilla y León,Valladolid,Boecillo,220.0,41.525402497773,-4.714278453633,fotovoltaica,Con permisos,RdT,57.0,59.0
12895.0,LAS ARROYADAS 220,Castilla y León,Valladolid,Boecillo,220.0,41.525402497773,-4.714278453633,fotovoltaica,En curso,RdD,75.79,118.37
12895.0,LAS ARROYADAS 220,Castilla y León,Valladolid,Boecillo,220.0,41.525402497773,-4.714278453633,fotovoltaica,En curso,RdT,,
12895.0,LAS ARROYADAS 220,Castilla y León,Valladolid,Boecillo,220.0,41.525402497773,-4.714278453633,fotovoltaica,Puesta en servicio,RdD,155.63,183.59
12895.0,LAS ARROYADAS 220,Castilla y León,Valladolid,Boecillo,220.0,41.525402497773,-4.714278453633,fotovoltaica,Puesta en servicio,RdT,,
12895.0,LAS ARROYADAS 220,Castilla y León,Valladolid,Boecillo,220.0,41.525402497773,-4.714278453633,hibridacion,Puesta en servicio,RdD,25.0,
12895.0,LAS ARROYADAS 220,Castilla y León,Valladolid,Boecillo,220.0,41.525402497773,-4.714278453633,hibridacion,Puesta en servicio,RdT,,
12895.0,LAS ARROYADAS 220,Castilla y León,Valladolid,Boecillo,220.0,41.525402497773,-4.714278453633,hidraulica,Puesta en servicio,RdD,5.62,5.62
12895.0,LAS ARROYADAS 220,Castilla y León,Valladolid,Boecillo,220.0,41.525402497773,-4.714278453633,hidraulica,Puesta en servicio,RdT,,
12895.0,LAS ARROYADAS 220,Castilla y León,Valladolid,Boecillo,220.0,41.525402497773,-4.714278453633,otras,En curso,RdD,20.0,22.0
12895.0,LAS ARROYADAS 220,Castilla y León,Valladolid,Boecillo,220.0,41.525402497773,-4.714278453633,otras,En curso,RdT,,
12959.0,MEDINA DEL CAMPO 220,Castilla y León,Valladolid,Medina del Campo,220.0,41.327472823032,-4.9109307734628,almacenamiento,Con permisos,RdD,,29.0
12959.0,MEDINA DEL CAMPO 220,Castilla y León,Valladolid,Medina del Campo,220.0,41.327472823032,-4.9109307734628,almacenamiento,Con permisos,RdT,,17.0
12959.0,MEDINA DEL CAMPO 220,Castilla y León,Valladolid,Medina del Campo,220.0,41.327472823032,-4.9109307734628,eolica,Con permisos,RdD,,11.0
12959.0,MEDINA DEL CAMPO 220,Castilla y León,Valladolid,Medina del Campo,220.0,41.327472823032,-4.9109307734628,eolica,Con permisos,RdT,,45.0
12959.0,MEDINA DEL CAMPO 220,Castilla y León,Valladolid,Medina del Campo,220.0,41.327472823032,-4.9109307734628,eolica,Puesta en servicio,RdD,9.9,9.9
12959.0,MEDINA DEL CAMPO 220,Castilla y León,Valladolid,Medina del Campo,220.0,41.327472823032,-4.9109307734628,eolica,Puesta en servicio,RdT,,
12959.0,MEDINA DEL CAMPO 220,Castilla y León,Valladolid,Medina del Campo,220.0,41.327472823032,-4.9109307734628,fotovoltaica,Con permisos,RdD,,15.0
12959.0,MEDINA DEL CAMPO 220,Castilla y León,Valladolid,Medina del Campo,220.0,41.327472823032,-4.9109307734628,fotovoltaica,Con permisos,RdT,259.0,291.0
12959.0,MEDINA DEL CAMPO 220,Castilla y León,Valladolid,Medina del Campo,220.0,41.327472823032,-4.9109307734628,fotovoltaica,Puesta en servicio,RdD,60.96,108.0
12959.0,MEDINA DEL CAMPO 220,Castilla y León,Valladolid,Medina del Campo,220.0,41.327472823032,-4.9109307734628,fotovoltaica,Puesta en servicio,RdT,,92.0
12959.0,MEDINA DEL CAMPO 220,Castilla y León,Valladolid,Medina del Campo,220.0,41.327472823032,-4.9109307734628,hibridacion,Puesta en servicio,RdD,42.46,
12959.0,MEDINA DEL CAMPO 220,Castilla y León,Valladolid,Medina del Campo,220.0,41.327472823032,-4.9109307734628,hibridacion,Puesta en servicio,RdT,78.98,
12959.0,MEDINA DEL CAMPO 220,Castilla y León,Valladolid,Medina del Campo,220.0,41.327472823032,-4.9109307734628,otras,Con permisos,RdD,14.0,14.0
12959.0,MEDINA DEL CAMPO 220,Castilla y León,Valladolid,Medina del Campo,220.0,41.327472823032,-4.9109307734628,otras,Con permisos,RdT,,
12959.0,MEDINA DEL CAMPO 220,Castilla y León,Valladolid,Medina del Campo,220.0,41.327472823032,-4.9109307734628,otras,Puesta en servicio,RdD,28.34,28.34
12959.0,MEDINA DEL CAMPO 220,Castilla y León,Valladolid,Medina del Campo,220.0,41.327472823032,-4.9109307734628,otras,Puesta en servicio,RdT,,
13000.0,MUDARRA 220,Castilla y León,Valladolid,"Mudarra, La",220.0,41.789660589286,-4.9366149604547,almacenamiento,Con permisos,RdD,,5.0
13000.0,MUDARRA 220,Castilla y León,Valladolid,"Mudarra, La",220.0,41.789660589286,-4.9366149604547,almacenamiento,Con permisos,RdT,,
13000.0,MUDARRA 220,Castilla y León,Valladolid,"Mudarra, La",220.0,41.789660589286,-4.9366149604547,almacenamiento,En curso,RdD,,
13000.0,MUDARRA 220,Castilla y León,Valladolid,"Mudarra, La",220.0,41.789660589286,-4.9366149604547,almacenamiento,En curso,RdT,50.0,50.0
13000.0,MUDARRA 220,Castilla y León,Valladolid,"Mudarra, La",220.0,41.789660589286,-4.9366149604547,eolica,Con permisos,RdD,,10.0
13000.0,MUDARRA 220,Castilla y León,Valladolid,"Mudarra, La",220.0,41.789660589286,-4.9366149604547,eolica,Con permisos,RdT,,
13000.0,MUDARRA 220,Castilla y León,Valladolid,"Mudarra, La",220.0,41.789660589286,-4.9366149604547,eolica,En curso,RdD,25.0,68.0
13000.0,MUDARRA 220,Castilla y León,Valladolid,"Mudarra, La",220.0,41.789660589286,-4.9366149604547,eolica,En curso,RdT,,
13000.0,MUDARRA 220,Castilla y León,Valladolid,"Mudarra, La",220.0,41.789660589286,-4.9366149604547,eolica,Puesta en servicio,RdD,,97.98
13000.0,MUDARRA 220,Castilla y León,Valladolid,"Mudarra, La",220.0,41.789660589286,-4.9366149604547,eolica,Puesta en servicio,RdT,49.5,303.0
13000.0,MUDARRA 220,Castilla y León,Valladolid,"Mudarra, La",220.0,41.789660589286,-4.9366149604547,fotovoltaica,Con permisos,RdD,,116.0
13000.0,MUDARRA 220,Castilla y León,Valladolid,"Mudarra, La",220.0,41.789660589286,-4.9366149604547,fotovoltaica,Con permisos,RdT,86.0,287.0
13000.0,MUDARRA 220,Castilla y León,Valladolid,"Mudarra, La",220.0,41.789660589286,-4.9366149604547,fotovoltaica,Puesta en servicio,RdD,8.92,19.69
13000.0,MUDARRA 220,Castilla y León,Valladolid,"Mudarra, La",220.0,41.789660589286,-4.9366149604547,fotovoltaica,Puesta en servicio,RdT,100.0,116.75
13000.0,MUDARRA 220,Castilla y León,Valladolid,"Mudarra, La",220.0,41.789660589286,-4.9366149604547,hibridacion,Puesta en servicio,RdD,107.98,
13000.0,MUDARRA 220,Castilla y León,Valladolid,"Mudarra, La",220.0,41.789660589286,-4.9366149604547,hibridacion,Puesta en servicio,RdT,250.0,
13001.0,MUDARRA 400,Castilla y León,Valladolid,"Mudarra, La",400.0,41.789660589286,-4.9366149604547,almacenamiento,Con permisos,RdD,,
13001.0,MUDARRA 400,Castilla y León,Valladolid,"Mudarra, La",400.0,41.789660589286,-4.9366149604547,almacenamiento,Con permisos,RdT,,31.0
13001.0,MUDARRA 400,Castilla y León,Valladolid,"Mudarra, La",400.0,41.789660589286,-4.9366149604547,eolica,Con permisos,RdD,,
13001.0,MUDARRA 400,Castilla y León,Valladolid,"Mudarra, La",400.0,41.789660589286,-4.9366149604547,eolica,Con permisos,RdT,148.0,175.0
13001.0,MUDARRA 400,Castilla y León,Valladolid,"Mudarra, La",400.0,41.789660589286,-4.9366149604547,eolica,En curso,RdD,,
13001.0,MUDARRA 400,Castilla y León,Valladolid,"Mudarra, La",400.0,41.789660589286,-4.9366149604547,eolica,En curso,RdT,39.6,39.6
13001.0,MUDARRA 400,Castilla y León,Valladolid,"Mudarra, La",400.0,41.789660589286,-4.9366149604547,eolica,Puesta en servicio,RdD,,
13001.0,MUDARRA 400,Castilla y León,Valladolid,"Mudarra, La",400.0,41.789660589286,-4.9366149604547,eolica,Puesta en servicio,RdT,284.96,368.12
13001.0,MUDARRA 400,Castilla y León,Valladolid,"Mudarra, La",400.0,41.789660589286,-4.9366149604547,fotovoltaica,Con permisos,RdD,,
13001.0,MUDARRA 400,Castilla y León,Valladolid,"Mudarra, La",400.0,41.789660589286,-4.9366149604547,fotovoltaica,Con permisos,RdT,421.0,506.0
13001.0,MUDARRA 400,Castilla y León,Valladolid,"Mudarra, La",400.0,41.789660589286,-4.9366149604547,fotovoltaica,Puesta en servicio,RdD,,
13001.0,MUDARRA 400,Castilla y León,Valladolid,"Mudarra, La",400.0,41.789660589286,-4.9366149604547,fotovoltaica,Puesta en servicio,RdT,145.48,253.3
13001.0,MUDARRA 400,Castilla y León,Valladolid,"Mudarra, La",400.0,41.789660589286,-4.9366149604547,hibridacion,Con permisos,RdD,,
13001.0,MUDARRA 400,Castilla y León,Valladolid,"Mudarra, La",400.0,41.789660589286,-4.9366149604547,hibridacion,Con permisos,RdT,87.0,
13001.0,MUDARRA 400,Castilla y León,Valladolid,"Mudarra, La",400.0,41.789660589286,-4.9366149604547,hibridacion,Puesta en servicio,RdD,,
13001.0,MUDARRA 400,Castilla y León,Valladolid,"Mudarra, La",400.0,41.789660589286,-4.9366149604547,hibridacion,Puesta en servicio,RdT,83.16,
13022.0,OLMEDO 400,Castilla y León,Valladolid,Olmedo,400.0,41.320061063101,-4.727065306896,almacenamiento,Con permisos,RdD,,
13022.0,OLMEDO 400,Castilla y León,Valladolid,Olmedo,400.0,41.320061063101,-4.727065306896,almacenamiento,Con permisos,RdT,,103.0
13022.0,OLMEDO 400,Castilla y León,Valladolid,Olmedo,400.0,41.320061063101,-4.727065306896,eolica,Con permisos,RdD,,
13022.0,OLMEDO 400,Castilla y León,Valladolid,Olmedo,400.0,41.320061063101,-4.727065306896,eolica,Con permisos,RdT,50.0,50.0
13022.0,OLMEDO 400,Castilla y León,Valladolid,Olmedo,400.0,41.320061063101,-4.727065306896,fotovoltaica,Con permisos,RdD,,
13022.0,OLMEDO 400,Castilla y León,Valladolid,Olmedo,400.0,41.320061063101,-4.727065306896,fotovoltaica,Con permisos,RdT,336.0,513.0
13022.0,OLMEDO 400,Castilla y León,Valladolid,Olmedo,400.0,41.320061063101,-4.727065306896,hibridacion,Con permisos,RdD,,
13022.0,OLMEDO 400,Castilla y León,Valladolid,Olmedo,400.0,41.320061063101,-4.727065306896,hibridacion,Con permisos,RdT,100.0,
6958.0,TORDESILLAS 220,Castilla y León,Valladolid,Tordesillas,220.0,41.506704769597,-5.0133333262262,almacenamiento,Con permisos,RdD,,12.0
6958.0,TORDESILLAS 220,Castilla y León,Valladolid,Tordesillas,220.0,41.506704769597,-5.0133333262262,almacenamiento,Con permisos,RdT,,28.0
6958.0,TORDESILLAS 220,Castilla y León,Valladolid,Tordesillas,220.0,41.506704769597,-5.0133333262262,eolica,Con permisos,RdD,6.0,6.0
6958.0,TORDESILLAS 220,Castilla y León,Valladolid,Tordesillas,220.0,41.506704769597,-5.0133333262262,eolica,Con permisos,RdT,,
6958.0,TORDESILLAS 220,Castilla y León,Valladolid,Tordesillas,220.0,41.506704769597,-5.0133333262262,eolica,En curso,RdD,,
6958.0,TORDESILLAS 220,Castilla y León,Valladolid,Tordesillas,220.0,41.506704769597,-5.0133333262262,eolica,En curso,RdT,149.6,149.6
6958.0,TORDESILLAS 220,Castilla y León,Valladolid,Tordesillas,220.0,41.506704769597,-5.0133333262262,eolica,Puesta en servicio,RdD,19.9,19.9
6958.0,TORDESILLAS 220,Castilla y León,Valladolid,Tordesillas,220.0,41.506704769597,-5.0133333262262,eolica,Puesta en servicio,RdT,85.2,199.6
6958.0,TORDESILLAS 220,Castilla y León,Valladolid,Tordesillas,220.0,41.506704769597,-5.0133333262262,fotovoltaica,Con permisos,RdD,7.0,7.0
6958.0,TORDESILLAS 220,Castilla y León,Valladolid,Tordesillas,220.0,41.506704769597,-5.0133333262262,fotovoltaica,Con permisos,RdT,,108.0
6958.0,TORDESILLAS 220,Castilla y León,Valladolid,Tordesillas,220.0,41.506704769597,-5.0133333262262,fotovoltaica,En curso,RdD,,
6958.0,TORDESILLAS 220,Castilla y León,Valladolid,Tordesillas,220.0,41.506704769597,-5.0133333262262,fotovoltaica,En curso,RdT,51.57,64.56
6958.0,TORDESILLAS 220,Castilla y León,Valladolid,Tordesillas,220.0,41.506704769597,-5.0133333262262,fotovoltaica,Puesta en servicio,RdD,140.08,166.1
6958.0,TORDESILLAS 220,Castilla y León,Valladolid,Tordesillas,220.0,41.506704769597,-5.0133333262262,fotovoltaica,Puesta en servicio,RdT,,64.56
6958.0,TORDESILLAS 220,Castilla y León,Valladolid,Tordesillas,220.0,41.506704769597,-5.0133333262262,hibridacion,Puesta en servicio,RdD,24.96,
6958.0,TORDESILLAS 220,Castilla y León,Valladolid,Tordesillas,220.0,41.506704769597,-5.0133333262262,hibridacion,Puesta en servicio,RdT,165.97,
6958.0,TORDESILLAS 220,Castilla y León,Valladolid,Tordesillas,220.0,41.506704769597,-5.0133333262262,hidraulica,Puesta en servicio,RdD,6.05,6.05
6958.0,TORDESILLAS 220,Castilla y León,Valladolid,Tordesillas,220.0,41.506704769597,-5.0133333262262,hidraulica,Puesta en servicio,RdT,,
12673.0,TORDESILLAS 400,Castilla y León,Valladolid,Tordesillas,400.0,41.506704769597,-5.0133333262262,fotovoltaica,Con permisos,RdD,,
12673.0,TORDESILLAS 400,Castilla y León,Valladolid,Tordesillas,400.0,41.506704769597,-5.0133333262262,fotovoltaica,Con permisos,RdT,754.0,894.0
7371.0,VALLADOLID NUEVO 220,Castilla y León,Valladolid,Valladolid,220.0,41.647742581548,-4.7428511072812,fotovoltaica,Con permisos,RdD,1.0,1.0
7371.0,VALLADOLID NUEVO 220,Castilla y León,Valladolid,Valladolid,220.0,41.647742581548,-4.7428511072812,fotovoltaica,Con permisos,RdT,242.0,299.0
7371.0,VALLADOLID NUEVO 220,Castilla y León,Valladolid,Valladolid,220.0,41.647742581548,-4.7428511072812,fotovoltaica,Puesta en servicio,RdD,6.06,6.06
7371.0,VALLADOLID NUEVO 220,Castilla y León,Valladolid,Valladolid,220.0,41.647742581548,-4.7428511072812,fotovoltaica,Puesta en servicio,RdT,,
13169.0,RENEDO 220,Castilla y León,Valladolid,Valladolid,220.0,41.643553265778,-4.6772354308117,almacenamiento,Con permisos,RdD,,12.0
13169.0,RENEDO 220,Castilla y León,Valladolid,Valladolid,220.0,41.643553265778,-4.6772354308117,almacenamiento,Con permisos,RdT,,
13169.0,RENEDO 220,Castilla y León,Valladolid,Valladolid,220.0,41.643553265778,-4.6772354308117,almacenamiento,En curso,RdD,19.58,19.58
13169.0,RENEDO 220,Castilla y León,Valladolid,Valladolid,220.0,41.643553265778,-4.6772354308117,almacenamiento,En curso,RdT,,
13169.0,RENEDO 220,Castilla y León,Valladolid,Valladolid,220.0,41.643553265778,-4.6772354308117,eolica,Con permisos,RdD,2.0,2.0
13169.0,RENEDO 220,Castilla y León,Valladolid,Valladolid,220.0,41.643553265778,-4.6772354308117,eolica,Con permisos,RdT,,
13169.0,RENEDO 220,Castilla y León,Valladolid,Valladolid,220.0,41.643553265778,-4.6772354308117,fotovoltaica,Con permisos,RdD,31.0,36.0
13169.0,RENEDO 220,Castilla y León,Valladolid,Valladolid,220.0,41.643553265778,-4.6772354308117,fotovoltaica,Con permisos,RdT,88.0,99.0
13169.0,RENEDO 220,Castilla y León,Valladolid,Valladolid,220.0,41.643553265778,-4.6772354308117,fotovoltaica,En curso,RdD,56.1,63.7
13169.0,RENEDO 220,Castilla y León,Valladolid,Valladolid,220.0,41.643553265778,-4.6772354308117,fotovoltaica,En curso,RdT,,
13169.0,RENEDO 220,Castilla y León,Valladolid,Valladolid,220.0,41.643553265778,-4.6772354308117,fotovoltaica,Puesta en servicio,RdD,88.0,117.2
13169.0,RENEDO 220,Castilla y León,Valladolid,Valladolid,220.0,41.643553265778,-4.6772354308117,fotovoltaica,Puesta en servicio,RdT,,
13169.0,RENEDO 220,Castilla y León,Valladolid,Valladolid,220.0,41.643553265778,-4.6772354308117,hibridacion,Puesta en servicio,RdD,24.96,
13169.0,RENEDO 220,Castilla y León,Valladolid,Valladolid,220.0,41.643553265778,-4.6772354308117,hibridacion,Puesta en servicio,RdT,,
13169.0,RENEDO 220,Castilla y León,Valladolid,Valladolid,220.0,41.643553265778,-4.6772354308117,hidraulica,Puesta en servicio,RdD,4.4,4.4
13169.0,RENEDO 220,Castilla y León,Valladolid,Valladolid,220.0,41.643553265778,-4.6772354308117,hidraulica,Puesta en servicio,RdT,,
13169.0,RENEDO 220,Castilla y León,Valladolid,Valladolid,220.0,41.643553265778,-4.6772354308117,otras,Puesta en servicio,RdD,51.2,51.2
13169.0,RENEDO 220,Castilla y León,Valladolid,Valladolid,220.0,41.643553265778,-4.6772354308117,otras,Puesta en servicio,RdT,,
6973.0,ZARATAN 220,Castilla y León,Valladolid,Zaratán,220.0,41.638488578207,-4.8132864524146,almacenamiento,Con permisos,RdD,,
6973.0,ZARATAN 220,Castilla y León,Valladolid,Zaratán,220.0,41.638488578207,-4.8132864524146,almacenamiento,Con permisos,RdT,,75.0
6973.0,ZARATAN 220,Castilla y León,Valladolid,Zaratán,220.0,41.638488578207,-4.8132864524146,almacenamiento,En curso,RdD,9.91,9.91
6973.0,ZARATAN 220,Castilla y León,Valladolid,Zaratán,220.0,41.638488578207,-4.8132864524146,almacenamiento,En curso,RdT,,
6973.0,ZARATAN 220,Castilla y León,Valladolid,Zaratán,220.0,41.638488578207,-4.8132864524146,eolica,Con permisos,RdD,,
6973.0,ZARATAN 220,Castilla y León,Valladolid,Zaratán,220.0,41.638488578207,-4.8132864524146,eolica,Con permisos,RdT,22.0,27.0
6973.0,ZARATAN 220,Castilla y León,Valladolid,Zaratán,220.0,41.638488578207,-4.8132864524146,eolica,Puesta en servicio,RdD,19.6,39.2
6973.0,ZARATAN 220,Castilla y León,Valladolid,Zaratán,220.0,41.638488578207,-4.8132864524146,eolica,Puesta en servicio,RdT,,
6973.0,ZARATAN 220,Castilla y León,Valladolid,Zaratán,220.0,41.638488578207,-4.8132864524146,fotovoltaica,Con permisos,RdD,9.0,24.0
6973.0,ZARATAN 220,Castilla y León,Valladolid,Zaratán,220.0,41.638488578207,-4.8132864524146,fotovoltaica,Con permisos,RdT,,198.0
6973.0,ZARATAN 220,Castilla y León,Valladolid,Zaratán,220.0,41.638488578207,-4.8132864524146,fotovoltaica,En curso,RdD,41.14,57.21
6973.0,ZARATAN 220,Castilla y León,Valladolid,Zaratán,220.0,41.638488578207,-4.8132864524146,fotovoltaica,En curso,RdT,,
6973.0,ZARATAN 220,Castilla y León,Valladolid,Zaratán,220.0,41.638488578207,-4.8132864524146,fotovoltaica,Puesta en servicio,RdD,208.49,217.45
6973.0,ZARATAN 220,Castilla y León,Valladolid,Zaratán,220.0,41.638488578207,-4.8132864524146,fotovoltaica,Puesta en servicio,RdT,,
6973.0,ZARATAN 220,Castilla y León,Valladolid,Zaratán,220.0,41.638488578207,-4.8132864524146,hibridacion,Con permisos,RdD,,
6973.0,ZARATAN 220,Castilla y León,Valladolid,Zaratán,220.0,41.638488578207,-4.8132864524146,hibridacion,Con permisos,RdT,116.0,
6973.0,ZARATAN 220,Castilla y León,Valladolid,Zaratán,220.0,41.638488578207,-4.8132864524146,hibridacion,Puesta en servicio,RdD,19.6,
6973.0,ZARATAN 220,Castilla y León,Valladolid,Zaratán,220.0,41.638488578207,-4.8132864524146,hibridacion,Puesta en servicio,RdT,,
6973.0,ZARATAN 220,Castilla y León,Valladolid,Zaratán,220.0,41.638488578207,-4.8132864524146,hidraulica,Puesta en servicio,RdD,8.25,8.25
6973.0,ZARATAN 220,Castilla y León,Valladolid,Zaratán,220.0,41.638488578207,-4.8132864524146,hidraulica,Puesta en servicio,RdT,,
6973.0,ZARATAN 220,Castilla y León,Valladolid,Zaratán,220.0,41.638488578207,-4.8132864524146,otras,Puesta en servicio,RdD,14.97,14.97
6973.0,ZARATAN 220,Castilla y León,Valladolid,Zaratán,220.0,41.638488578207,-4.8132864524146,otras,Puesta en servicio,RdT,,
6920.0,APARECIDA 400,Castilla y León,Zamora,Lubián,400.0,42.033669969569,-6.8618071170337,eolica,Puesta en servicio,RdD,,
6920.0,APARECIDA 400,Castilla y León,Zamora,Lubián,400.0,42.033669969569,-6.8618071170337,eolica,Puesta en servicio,RdT,242.25,243.65
12927.0,LUBIAN 220,Castilla y León,Zamora,Lubián,220.0,42.039007357179,-6.893030736813,almacenamiento,En curso,RdD,,
12927.0,LUBIAN 220,Castilla y León,Zamora,Lubián,220.0,42.039007357179,-6.893030736813,almacenamiento,En curso,RdT,132.4,149.73
12927.0,LUBIAN 220,Castilla y León,Zamora,Lubián,220.0,42.039007357179,-6.893030736813,eolica,Con permisos,RdD,,
12927.0,LUBIAN 220,Castilla y León,Zamora,Lubián,220.0,42.039007357179,-6.893030736813,eolica,Con permisos,RdT,89.0,89.0
12927.0,LUBIAN 220,Castilla y León,Zamora,Lubián,220.0,42.039007357179,-6.893030736813,eolica,En curso,RdD,,
12927.0,LUBIAN 220,Castilla y León,Zamora,Lubián,220.0,42.039007357179,-6.893030736813,eolica,En curso,RdT,453.8,454.8
12927.0,LUBIAN 220,Castilla y León,Zamora,Lubián,220.0,42.039007357179,-6.893030736813,eolica,Puesta en servicio,RdD,,
12927.0,LUBIAN 220,Castilla y León,Zamora,Lubián,220.0,42.039007357179,-6.893030736813,eolica,Puesta en servicio,RdT,124.7,124.7
6961.0,VALPARAISO 220,Castilla y León,Zamora,Mombuey,220.0,41.997153789586,-6.2738478596652,bombeo,Puesta en servicio,RdD,,
6961.0,VALPARAISO 220,Castilla y León,Zamora,Mombuey,220.0,41.997153789586,-6.2738478596652,bombeo,Puesta en servicio,RdT,67.5,65.1
7244.0,TABARA 400,Castilla y León,Zamora,Moreruela de Tábara,400.0,41.759742203046,-5.8615051077523,eolica,Con permisos,RdD,,
7244.0,TABARA 400,Castilla y León,Zamora,Moreruela de Tábara,400.0,41.759742203046,-5.8615051077523,eolica,Con permisos,RdT,50.0,104.0
7244.0,TABARA 400,Castilla y León,Zamora,Moreruela de Tábara,400.0,41.759742203046,-5.8615051077523,fotovoltaica,Con permisos,RdD,,
7244.0,TABARA 400,Castilla y León,Zamora,Moreruela de Tábara,400.0,41.759742203046,-5.8615051077523,fotovoltaica,Con permisos,RdT,210.0,263.0
7244.0,TABARA 400,Castilla y León,Zamora,Moreruela de Tábara,400.0,41.759742203046,-5.8615051077523,hibridacion,Con permisos,RdD,,
7244.0,TABARA 400,Castilla y León,Zamora,Moreruela de Tábara,400.0,41.759742203046,-5.8615051077523,hibridacion,Con permisos,RdT,54.0,
13173.0,RICOBAYO 220,Castilla y León,Zamora,Muelas del Pan,220.0,41.527677870919,-5.9877398910682,almacenamiento,En curso,RdD,,
13173.0,RICOBAYO 220,Castilla y León,Zamora,Muelas del Pan,220.0,41.527677870919,-5.9877398910682,almacenamiento,En curso,RdT,89.0,89.0
13173.0,RICOBAYO 220,Castilla y León,Zamora,Muelas del Pan,220.0,41.527677870919,-5.9877398910682,eolica,Con permisos,RdD,,
13173.0,RICOBAYO 220,Castilla y León,Zamora,Muelas del Pan,220.0,41.527677870919,-5.9877398910682,eolica,Con permisos,RdT,,59.0
13173.0,RICOBAYO 220,Castilla y León,Zamora,Muelas del Pan,220.0,41.527677870919,-5.9877398910682,eolica,En curso,RdD,,
13173.0,RICOBAYO 220,Castilla y León,Zamora,Muelas del Pan,220.0,41.527677870919,-5.9877398910682,eolica,En curso,RdT,49.0,49.0
13173.0,RICOBAYO 220,Castilla y León,Zamora,Muelas del Pan,220.0,41.527677870919,-5.9877398910682,eolica,Puesta en servicio,RdD,44.0,44.0
13173.0,RICOBAYO 220,Castilla y León,Zamora,Muelas del Pan,220.0,41.527677870919,-5.9877398910682,eolica,Puesta en servicio,RdT,35.2,203.2
13173.0,RICOBAYO 220,Castilla y León,Zamora,Muelas del Pan,220.0,41.527677870919,-5.9877398910682,fotovoltaica,Con permisos,RdD,4.0,5.0
13173.0,RICOBAYO 220,Castilla y León,Zamora,Muelas del Pan,220.0,41.527677870919,-5.9877398910682,fotovoltaica,Con permisos,RdT,130.0,362.0
13173.0,RICOBAYO 220,Castilla y León,Zamora,Muelas del Pan,220.0,41.527677870919,-5.9877398910682,fotovoltaica,En curso,RdD,,
13173.0,RICOBAYO 220,Castilla y León,Zamora,Muelas del Pan,220.0,41.527677870919,-5.9877398910682,fotovoltaica,En curso,RdT,451.99,455.99
13173.0,RICOBAYO 220,Castilla y León,Zamora,Muelas del Pan,220.0,41.527677870919,-5.9877398910682,hibridacion,Con permisos,RdD,,
13173.0,RICOBAYO 220,Castilla y León,Zamora,Muelas del Pan,220.0,41.527677870919,-5.9877398910682,hibridacion,Con permisos,RdT,74.0,
13173.0,RICOBAYO 220,Castilla y León,Zamora,Muelas del Pan,220.0,41.527677870919,-5.9877398910682,hibridacion,Puesta en servicio,RdD,,
13173.0,RICOBAYO 220,Castilla y León,Zamora,Muelas del Pan,220.0,41.527677870919,-5.9877398910682,hibridacion,Puesta en servicio,RdT,170.0,
13173.0,RICOBAYO 220,Castilla y León,Zamora,Muelas del Pan,220.0,41.527677870919,-5.9877398910682,hidraulica,Puesta en servicio,RdD,,
13173.0,RICOBAYO 220,Castilla y León,Zamora,Muelas del Pan,220.0,41.527677870919,-5.9877398910682,hidraulica,Puesta en servicio,RdT,158.04,153.05
12581.0,ARBILLERA 220,Castilla y León,Zamora,Palacios de Sanabria,220.0,42.047638974326,-6.5438813692893,eolica,Con permisos,RdD,,
12581.0,ARBILLERA 220,Castilla y León,Zamora,Palacios de Sanabria,220.0,42.047638974326,-6.5438813692893,eolica,Con permisos,RdT,,90.0
12581.0,ARBILLERA 220,Castilla y León,Zamora,Palacios de Sanabria,220.0,42.047638974326,-6.5438813692893,fotovoltaica,Con permisos,RdD,,
12581.0,ARBILLERA 220,Castilla y León,Zamora,Palacios de Sanabria,220.0,42.047638974326,-6.5438813692893,fotovoltaica,Con permisos,RdT,,124.0
12581.0,ARBILLERA 220,Castilla y León,Zamora,Palacios de Sanabria,220.0,42.047638974326,-6.5438813692893,fotovoltaica,Puesta en servicio,RdD,,
12581.0,ARBILLERA 220,Castilla y León,Zamora,Palacios de Sanabria,220.0,42.047638974326,-6.5438813692893,fotovoltaica,Puesta en servicio,RdT,68.3,80.85
12581.0,ARBILLERA 220,Castilla y León,Zamora,Palacios de Sanabria,220.0,42.047638974326,-6.5438813692893,hibridacion,Con permisos,RdD,,
12581.0,ARBILLERA 220,Castilla y León,Zamora,Palacios de Sanabria,220.0,42.047638974326,-6.5438813692893,hibridacion,Con permisos,RdT,124.0,
13083.0,PUEBLA DE SANABRIA 220,Castilla y León,Zamora,Puebla de Sanabria,220.0,42.061606635148,-6.6237671443795,hidraulica,Puesta en servicio,RdD,,
13083.0,PUEBLA DE SANABRIA 220,Castilla y León,Zamora,Puebla de Sanabria,220.0,42.061606635148,-6.6237671443795,hidraulica,Puesta en servicio,RdT,35.96,35.96
7239.0,VALDECARRETAS 400,Castilla y León,Zamora,Toro,400.0,41.449660083106,-5.3659428158512,almacenamiento,Con permisos,RdD,,
7239.0,VALDECARRETAS 400,Castilla y León,Zamora,Toro,400.0,41.449660083106,-5.3659428158512,almacenamiento,Con permisos,RdT,,80.0
7239.0,VALDECARRETAS 400,Castilla y León,Zamora,Toro,400.0,41.449660083106,-5.3659428158512,almacenamiento,Puesta en servicio,RdD,,
7239.0,VALDECARRETAS 400,Castilla y León,Zamora,Toro,400.0,41.449660083106,-5.3659428158512,almacenamiento,Puesta en servicio,RdT,,11.0
7239.0,VALDECARRETAS 400,Castilla y León,Zamora,Toro,400.0,41.449660083106,-5.3659428158512,fotovoltaica,Con permisos,RdD,,
7239.0,VALDECARRETAS 400,Castilla y León,Zamora,Toro,400.0,41.449660083106,-5.3659428158512,fotovoltaica,Con permisos,RdT,114.0,182.0
7239.0,VALDECARRETAS 400,Castilla y León,Zamora,Toro,400.0,41.449660083106,-5.3659428158512,fotovoltaica,Puesta en servicio,RdD,,
7239.0,VALDECARRETAS 400,Castilla y León,Zamora,Toro,400.0,41.449660083106,-5.3659428158512,fotovoltaica,Puesta en servicio,RdT,184.42,328.64
7239.0,VALDECARRETAS 400,Castilla y León,Zamora,Toro,400.0,41.449660083106,-5.3659428158512,hibridacion,Con permisos,RdD,,
7239.0,VALDECARRETAS 400,Castilla y León,Zamora,Toro,400.0,41.449660083106,-5.3659428158512,hibridacion,Con permisos,RdT,120.0,
7239.0,VALDECARRETAS 400,Castilla y León,Zamora,Toro,400.0,41.449660083106,-5.3659428158512,hibridacion,Puesta en servicio,RdD,,
7239.0,VALDECARRETAS 400,Castilla y León,Zamora,Toro,400.0,41.449660083106,-5.3659428158512,hibridacion,Puesta en servicio,RdT,24.18,
6972.0,ZAMORA 220,Castilla y León,Zamora,Valcabado,220.0,41.535826197954,-5.7356244111018,almacenamiento,Con permisos,RdD,,
6972.0,ZAMORA 220,Castilla y León,Zamora,Valcabado,220.0,41.535826197954,-5.7356244111018,almacenamiento,Con permisos,RdT,140.0,186.0
6972.0,ZAMORA 220,Castilla y León,Zamora,Valcabado,220.0,41.535826197954,-5.7356244111018,eolica,Con permisos,RdD,,
6972.0,ZAMORA 220,Castilla y León,Zamora,Valcabado,220.0,41.535826197954,-5.7356244111018,eolica,Con permisos,RdT,,31.0
6972.0,ZAMORA 220,Castilla y León,Zamora,Valcabado,220.0,41.535826197954,-5.7356244111018,eolica,Puesta en servicio,RdD,14.98,14.98
6972.0,ZAMORA 220,Castilla y León,Zamora,Valcabado,220.0,41.535826197954,-5.7356244111018,eolica,Puesta en servicio,RdT,,
6972.0,ZAMORA 220,Castilla y León,Zamora,Valcabado,220.0,41.535826197954,-5.7356244111018,fotovoltaica,Con permisos,RdD,12.0,12.0
6972.0,ZAMORA 220,Castilla y León,Zamora,Valcabado,220.0,41.535826197954,-5.7356244111018,fotovoltaica,Con permisos,RdT,,
6972.0,ZAMORA 220,Castilla y León,Zamora,Valcabado,220.0,41.535826197954,-5.7356244111018,fotovoltaica,En curso,RdD,,
6972.0,ZAMORA 220,Castilla y León,Zamora,Valcabado,220.0,41.535826197954,-5.7356244111018,fotovoltaica,En curso,RdT,7.0,105.0
6972.0,ZAMORA 220,Castilla y León,Zamora,Valcabado,220.0,41.535826197954,-5.7356244111018,fotovoltaica,Puesta en servicio,RdD,36.0,36.06
6972.0,ZAMORA 220,Castilla y León,Zamora,Valcabado,220.0,41.535826197954,-5.7356244111018,fotovoltaica,Puesta en servicio,RdT,41.59,160.87
6972.0,ZAMORA 220,Castilla y León,Zamora,Valcabado,220.0,41.535826197954,-5.7356244111018,hibridacion,Puesta en servicio,RdD,,
6972.0,ZAMORA 220,Castilla y León,Zamora,Valcabado,220.0,41.535826197954,-5.7356244111018,hibridacion,Puesta en servicio,RdT,102.83,
6972.0,ZAMORA 220,Castilla y León,Zamora,Valcabado,220.0,41.535826197954,-5.7356244111018,hidraulica,Puesta en servicio,RdD,9.65,9.65
6972.0,ZAMORA 220,Castilla y León,Zamora,Valcabado,220.0,41.535826197954,-5.7356244111018,hidraulica,Puesta en servicio,RdT,,
6972.0,ZAMORA 220,Castilla y León,Zamora,Valcabado,220.0,41.535826197954,-5.7356244111018,otras,Puesta en servicio,RdD,12.95,12.95
6972.0,ZAMORA 220,Castilla y León,Zamora,Valcabado,220.0,41.535826197954,-5.7356244111018,otras,Puesta en servicio,RdT,,
6965.0,VILLALCAMPO 220,Castilla y León,Zamora,Villalcampo,220.0,41.490972256232,-6.0892717796657,eolica,En curso,RdD,36.0,36.0
6965.0,VILLALCAMPO 220,Castilla y León,Zamora,Villalcampo,220.0,41.490972256232,-6.0892717796657,eolica,En curso,RdT,,
6965.0,VILLALCAMPO 220,Castilla y León,Zamora,Villalcampo,220.0,41.490972256232,-6.0892717796657,hidraulica,Puesta en servicio,RdD,,
6965.0,VILLALCAMPO 220,Castilla y León,Zamora,Villalcampo,220.0,41.490972256232,-6.0892717796657,hidraulica,Puesta en servicio,RdT,299.8,313.81
6797.0,ABRERA 220,Cataluña,Barcelona,Abrera,220.0,41.507777191502,1.8941007789567,almacenamiento,En curso,RdD,8.95,8.95
6797.0,ABRERA 220,Cataluña,Barcelona,Abrera,220.0,41.507777191502,1.8941007789567,almacenamiento,En curso,RdT,,
6797.0,ABRERA 220,Cataluña,Barcelona,Abrera,220.0,41.507777191502,1.8941007789567,fotovoltaica,Con permisos,RdD,8.0,8.0
6797.0,ABRERA 220,Cataluña,Barcelona,Abrera,220.0,41.507777191502,1.8941007789567,fotovoltaica,Con permisos,RdT,,
6797.0,ABRERA 220,Cataluña,Barcelona,Abrera,220.0,41.507777191502,1.8941007789567,fotovoltaica,Puesta en servicio,RdD,13.47,13.47
6797.0,ABRERA 220,Cataluña,Barcelona,Abrera,220.0,41.507777191502,1.8941007789567,fotovoltaica,Puesta en servicio,RdT,,
6797.0,ABRERA 220,Cataluña,Barcelona,Abrera,220.0,41.507777191502,1.8941007789567,otras,Puesta en servicio,RdD,,
6797.0,ABRERA 220,Cataluña,Barcelona,Abrera,220.0,41.507777191502,1.8941007789567,otras,Puesta en servicio,RdT,21.8,21.8
12821.0,GUIXERES 220,Cataluña,Barcelona,Badalona,220.0,41.4623353157,2.2599852975691,almacenamiento,Con permisos,RdD,75.0,75.0
12821.0,GUIXERES 220,Cataluña,Barcelona,Badalona,220.0,41.4623353157,2.2599852975691,almacenamiento,Con permisos,RdT,,
6834.0,SANT ANDREU 220,Cataluña,Barcelona,Barcelona,220.0,41.446523542209,2.1884502999566,almacenamiento,Con permisos,RdD,165.0,195.0
6834.0,SANT ANDREU 220,Cataluña,Barcelona,Barcelona,220.0,41.446523542209,2.1884502999566,almacenamiento,Con permisos,RdT,,
6834.0,SANT ANDREU 220,Cataluña,Barcelona,Barcelona,220.0,41.446523542209,2.1884502999566,otras,Puesta en servicio,RdD,1.8,1.8
6834.0,SANT ANDREU 220,Cataluña,Barcelona,Barcelona,220.0,41.446523542209,2.1884502999566,otras,Puesta en servicio,RdT,,
6841.0,TRINITAT 220,Cataluña,Barcelona,Barcelona,220.0,41.448427935181,2.1889392164589,almacenamiento,Con permisos,RdD,20.0,20.0
6841.0,TRINITAT 220,Cataluña,Barcelona,Barcelona,220.0,41.448427935181,2.1889392164589,almacenamiento,Con permisos,RdT,,
6841.0,TRINITAT 220,Cataluña,Barcelona,Barcelona,220.0,41.448427935181,2.1889392164589,otras,Puesta en servicio,RdD,8.86,8.86
6841.0,TRINITAT 220,Cataluña,Barcelona,Barcelona,220.0,41.448427935181,2.1889392164589,otras,Puesta en servicio,RdT,,
6845.0,ZONA FRANCA 220,Cataluña,Barcelona,Barcelona,220.0,41.323061105759,2.1332890876214,otras,En curso,RdD,,
6845.0,ZONA FRANCA 220,Cataluña,Barcelona,Barcelona,220.0,41.323061105759,2.1332890876214,otras,En curso,RdT,869.68,869.68
6845.0,ZONA FRANCA 220,Cataluña,Barcelona,Barcelona,220.0,41.323061105759,2.1332890876214,otras,Puesta en servicio,RdD,,
6845.0,ZONA FRANCA 220,Cataluña,Barcelona,Barcelona,220.0,41.323061105759,2.1332890876214,otras,Puesta en servicio,RdT,879.34,866.3
13365.0,GRAMANET 220,Cataluña,Barcelona,Barcelona,220.0,41.460182832018,2.1911357688745,almacenamiento,Con permisos,RdD,4.0,4.0
13365.0,GRAMANET 220,Cataluña,Barcelona,Barcelona,220.0,41.460182832018,2.1911357688745,almacenamiento,Con permisos,RdT,,
13365.0,GRAMANET 220,Cataluña,Barcelona,Barcelona,220.0,41.460182832018,2.1911357688745,fotovoltaica,Con permisos,RdD,34.0,34.0
13365.0,GRAMANET 220,Cataluña,Barcelona,Barcelona,220.0,41.460182832018,2.1911357688745,fotovoltaica,Con permisos,RdT,,
13365.0,GRAMANET 220,Cataluña,Barcelona,Barcelona,220.0,41.460182832018,2.1911357688745,fotovoltaica,Puesta en servicio,RdD,7.95,7.95
13365.0,GRAMANET 220,Cataluña,Barcelona,Barcelona,220.0,41.460182832018,2.1911357688745,fotovoltaica,Puesta en servicio,RdT,,
13365.0,GRAMANET 220,Cataluña,Barcelona,Barcelona,220.0,41.460182832018,2.1911357688745,hidraulica,Puesta en servicio,RdD,1.96,1.96
13365.0,GRAMANET 220,Cataluña,Barcelona,Barcelona,220.0,41.460182832018,2.1911357688745,hidraulica,Puesta en servicio,RdT,,
13365.0,GRAMANET 220,Cataluña,Barcelona,Barcelona,220.0,41.460182832018,2.1911357688745,otras,Con permisos,RdD,2.0,2.0
13365.0,GRAMANET 220,Cataluña,Barcelona,Barcelona,220.0,41.460182832018,2.1911357688745,otras,Con permisos,RdT,,
13365.0,GRAMANET 220,Cataluña,Barcelona,Barcelona,220.0,41.460182832018,2.1911357688745,otras,Puesta en servicio,RdD,4.93,4.93
13365.0,GRAMANET 220,Cataluña,Barcelona,Barcelona,220.0,41.460182832018,2.1911357688745,otras,Puesta en servicio,RdT,,
6803.0,CALDERS 400,Cataluña,Barcelona,Calders,400.0,41.767150535861,1.9351435414647,almacenamiento,Con permisos,RdD,9.0,9.0
6803.0,CALDERS 400,Cataluña,Barcelona,Calders,400.0,41.767150535861,1.9351435414647,almacenamiento,Con permisos,RdT,,
6803.0,CALDERS 400,Cataluña,Barcelona,Calders,400.0,41.767150535861,1.9351435414647,eolica,Puesta en servicio,RdD,2.7,2.7
6803.0,CALDERS 400,Cataluña,Barcelona,Calders,400.0,41.767150535861,1.9351435414647,eolica,Puesta en servicio,RdT,,
6803.0,CALDERS 400,Cataluña,Barcelona,Calders,400.0,41.767150535861,1.9351435414647,fotovoltaica,Con permisos,RdD,286.0,315.0
6803.0,CALDERS 400,Cataluña,Barcelona,Calders,400.0,41.767150535861,1.9351435414647,fotovoltaica,Con permisos,RdT,,
6803.0,CALDERS 400,Cataluña,Barcelona,Calders,400.0,41.767150535861,1.9351435414647,fotovoltaica,Puesta en servicio,RdD,12.18,13.43
6803.0,CALDERS 400,Cataluña,Barcelona,Calders,400.0,41.767150535861,1.9351435414647,fotovoltaica,Puesta en servicio,RdT,,
6803.0,CALDERS 400,Cataluña,Barcelona,Calders,400.0,41.767150535861,1.9351435414647,hidraulica,Puesta en servicio,RdD,2.69,2.69
6803.0,CALDERS 400,Cataluña,Barcelona,Calders,400.0,41.767150535861,1.9351435414647,hidraulica,Puesta en servicio,RdT,,
6803.0,CALDERS 400,Cataluña,Barcelona,Calders,400.0,41.767150535861,1.9351435414647,otras,Puesta en servicio,RdD,6.69,6.69
6803.0,CALDERS 400,Cataluña,Barcelona,Calders,400.0,41.767150535861,1.9351435414647,otras,Puesta en servicio,RdT,,
7219.0,CASTELLBISBAL 220,Cataluña,Barcelona,Castellbisbal,220.0,41.445386709711,1.9864969676491,almacenamiento,Con permisos,RdD,45.0,45.0
7219.0,CASTELLBISBAL 220,Cataluña,Barcelona,Castellbisbal,220.0,41.445386709711,1.9864969676491,almacenamiento,Con permisos,RdT,,
7219.0,CASTELLBISBAL 220,Cataluña,Barcelona,Castellbisbal,220.0,41.445386709711,1.9864969676491,fotovoltaica,Con permisos,RdD,3.0,3.0
7219.0,CASTELLBISBAL 220,Cataluña,Barcelona,Castellbisbal,220.0,41.445386709711,1.9864969676491,fotovoltaica,Con permisos,RdT,,
6806.0,CASTELLET 220,Cataluña,Barcelona,Castellet i la Gornal,220.0,41.25590225709,1.5813377159336,almacenamiento,Con permisos,RdD,9.0,9.0
6806.0,CASTELLET 220,Cataluña,Barcelona,Castellet i la Gornal,220.0,41.25590225709,1.5813377159336,almacenamiento,Con permisos,RdT,,
6806.0,CASTELLET 220,Cataluña,Barcelona,Castellet i la Gornal,220.0,41.25590225709,1.5813377159336,fotovoltaica,Con permisos,RdD,54.0,61.0
6806.0,CASTELLET 220,Cataluña,Barcelona,Castellet i la Gornal,220.0,41.25590225709,1.5813377159336,fotovoltaica,Con permisos,RdT,,
6806.0,CASTELLET 220,Cataluña,Barcelona,Castellet i la Gornal,220.0,41.25590225709,1.5813377159336,fotovoltaica,Puesta en servicio,RdD,4.74,5.0
6806.0,CASTELLET 220,Cataluña,Barcelona,Castellet i la Gornal,220.0,41.25590225709,1.5813377159336,fotovoltaica,Puesta en servicio,RdT,,
6806.0,CASTELLET 220,Cataluña,Barcelona,Castellet i la Gornal,220.0,41.25590225709,1.5813377159336,otras,Puesta en servicio,RdD,13.4,13.4
6806.0,CASTELLET 220,Cataluña,Barcelona,Castellet i la Gornal,220.0,41.25590225709,1.5813377159336,otras,Puesta en servicio,RdT,,
12685.0,CENTELLES 220,Cataluña,Barcelona,Centelles,220.0,41.80803251066,2.2121813334657,almacenamiento,Con permisos,RdD,9.0,9.0
12685.0,CENTELLES 220,Cataluña,Barcelona,Centelles,220.0,41.80803251066,2.2121813334657,almacenamiento,Con permisos,RdT,,
12685.0,CENTELLES 220,Cataluña,Barcelona,Centelles,220.0,41.80803251066,2.2121813334657,fotovoltaica,Con permisos,RdD,31.0,40.0
12685.0,CENTELLES 220,Cataluña,Barcelona,Centelles,220.0,41.80803251066,2.2121813334657,fotovoltaica,Con permisos,RdT,,
12687.0,CERCS 220,Cataluña,Barcelona,Cercs,220.0,42.174316470799,1.8548739022191,fotovoltaica,Con permisos,RdD,24.0,31.0
12687.0,CERCS 220,Cataluña,Barcelona,Cercs,220.0,42.174316470799,1.8548739022191,fotovoltaica,Con permisos,RdT,,
12687.0,CERCS 220,Cataluña,Barcelona,Cercs,220.0,42.174316470799,1.8548739022191,fotovoltaica,Puesta en servicio,RdD,1.22,1.22
12687.0,CERCS 220,Cataluña,Barcelona,Cercs,220.0,42.174316470799,1.8548739022191,fotovoltaica,Puesta en servicio,RdT,,
12687.0,CERCS 220,Cataluña,Barcelona,Cercs,220.0,42.174316470799,1.8548739022191,hidraulica,Puesta en servicio,RdD,33.1,33.1
12687.0,CERCS 220,Cataluña,Barcelona,Cercs,220.0,42.174316470799,1.8548739022191,hidraulica,Puesta en servicio,RdT,,
12705.0,CODONYERS 220,Cataluña,Barcelona,Cerdanyola del Vallès,220.0,41.477933793036,2.0990511771146,almacenamiento,Con permisos,RdD,137.0,144.0
12705.0,CODONYERS 220,Cataluña,Barcelona,Cerdanyola del Vallès,220.0,41.477933793036,2.0990511771146,almacenamiento,Con permisos,RdT,,
12705.0,CODONYERS 220,Cataluña,Barcelona,Cerdanyola del Vallès,220.0,41.477933793036,2.0990511771146,otras,Puesta en servicio,RdD,,
12705.0,CODONYERS 220,Cataluña,Barcelona,Cerdanyola del Vallès,220.0,41.477933793036,2.0990511771146,otras,Puesta en servicio,RdT,9.76,9.76
12691.0,CERVELLO 220,Cataluña,Barcelona,Cervelló,220.0,41.40594013604,1.9891039933975,almacenamiento,Con permisos,RdD,20.0,20.0
12691.0,CERVELLO 220,Cataluña,Barcelona,Cervelló,220.0,41.40594013604,1.9891039933975,almacenamiento,Con permisos,RdT,,
12691.0,CERVELLO 220,Cataluña,Barcelona,Cervelló,220.0,41.40594013604,1.9891039933975,eolica,En curso,RdD,12.4,12.4
12691.0,CERVELLO 220,Cataluña,Barcelona,Cervelló,220.0,41.40594013604,1.9891039933975,eolica,En curso,RdT,,
12691.0,CERVELLO 220,Cataluña,Barcelona,Cervelló,220.0,41.40594013604,1.9891039933975,fotovoltaica,Con permisos,RdD,3.0,3.0
12691.0,CERVELLO 220,Cataluña,Barcelona,Cervelló,220.0,41.40594013604,1.9891039933975,fotovoltaica,Con permisos,RdT,,
13364.0,FOIX 220,Cataluña,Barcelona,Cubelles,220.0,41.209797928896,1.6579655521583,almacenamiento,En curso,RdD,14.97,14.97
13364.0,FOIX 220,Cataluña,Barcelona,Cubelles,220.0,41.209797928896,1.6579655521583,almacenamiento,En curso,RdT,,
12776.0,FRANQUESES 220,Cataluña,Barcelona,"Franqueses del Vallès, Les",220.0,41.64245843495,2.2819637776193,almacenamiento,Con permisos,RdD,88.0,95.0
12776.0,FRANQUESES 220,Cataluña,Barcelona,"Franqueses del Vallès, Les",220.0,41.64245843495,2.2819637776193,almacenamiento,Con permisos,RdT,,
12776.0,FRANQUESES 220,Cataluña,Barcelona,"Franqueses del Vallès, Les",220.0,41.64245843495,2.2819637776193,fotovoltaica,Con permisos,RdD,26.0,28.0
12776.0,FRANQUESES 220,Cataluña,Barcelona,"Franqueses del Vallès, Les",220.0,41.64245843495,2.2819637776193,fotovoltaica,Con permisos,RdT,,
12776.0,FRANQUESES 220,Cataluña,Barcelona,"Franqueses del Vallès, Les",220.0,41.64245843495,2.2819637776193,otras,Puesta en servicio,RdD,14.03,14.03
12776.0,FRANQUESES 220,Cataluña,Barcelona,"Franqueses del Vallès, Les",220.0,41.64245843495,2.2819637776193,otras,Puesta en servicio,RdT,,
6843.0,VIC 220,Cataluña,Barcelona,Gurb,220.0,41.957939294019,2.2823256437555,almacenamiento,Con permisos,RdD,113.0,117.0
6843.0,VIC 220,Cataluña,Barcelona,Gurb,220.0,41.957939294019,2.2823256437555,almacenamiento,Con permisos,RdT,,
6843.0,VIC 220,Cataluña,Barcelona,Gurb,220.0,41.957939294019,2.2823256437555,almacenamiento,En curso,RdD,9.98,9.98
6843.0,VIC 220,Cataluña,Barcelona,Gurb,220.0,41.957939294019,2.2823256437555,almacenamiento,En curso,RdT,,
6843.0,VIC 220,Cataluña,Barcelona,Gurb,220.0,41.957939294019,2.2823256437555,fotovoltaica,Con permisos,RdD,58.0,59.0
6843.0,VIC 220,Cataluña,Barcelona,Gurb,220.0,41.957939294019,2.2823256437555,fotovoltaica,Con permisos,RdT,,
6843.0,VIC 220,Cataluña,Barcelona,Gurb,220.0,41.957939294019,2.2823256437555,fotovoltaica,Puesta en servicio,RdD,1.7,1.7
6843.0,VIC 220,Cataluña,Barcelona,Gurb,220.0,41.957939294019,2.2823256437555,fotovoltaica,Puesta en servicio,RdT,,
6843.0,VIC 220,Cataluña,Barcelona,Gurb,220.0,41.957939294019,2.2823256437555,hidraulica,Puesta en servicio,RdD,23.8,23.8
6843.0,VIC 220,Cataluña,Barcelona,Gurb,220.0,41.957939294019,2.2823256437555,hidraulica,Puesta en servicio,RdT,,
6843.0,VIC 220,Cataluña,Barcelona,Gurb,220.0,41.957939294019,2.2823256437555,otras,Puesta en servicio,RdD,72.13,72.13
6843.0,VIC 220,Cataluña,Barcelona,Gurb,220.0,41.957939294019,2.2823256437555,otras,Puesta en servicio,RdT,,
12834.0,HOSPITALET 220,Cataluña,Barcelona,"Hospitalet de Llobregat, L'",220.0,41.345989091671,2.1000650480549,almacenamiento,Con permisos,RdD,80.0,80.0
12834.0,HOSPITALET 220,Cataluña,Barcelona,"Hospitalet de Llobregat, L'",220.0,41.345989091671,2.1000650480549,almacenamiento,Con permisos,RdT,,
12834.0,HOSPITALET 220,Cataluña,Barcelona,"Hospitalet de Llobregat, L'",220.0,41.345989091671,2.1000650480549,fotovoltaica,Con permisos,RdD,1.0,1.0
12834.0,HOSPITALET 220,Cataluña,Barcelona,"Hospitalet de Llobregat, L'",220.0,41.345989091671,2.1000650480549,fotovoltaica,Con permisos,RdT,,
12999.0,MOTORS 220,Cataluña,Barcelona,"Hospitalet de Llobregat, L'",220.0,41.345307441661,2.1301067683057,almacenamiento,Con permisos,RdD,49.0,55.0
12999.0,MOTORS 220,Cataluña,Barcelona,"Hospitalet de Llobregat, L'",220.0,41.345307441661,2.1301067683057,almacenamiento,Con permisos,RdT,,
12999.0,MOTORS 220,Cataluña,Barcelona,"Hospitalet de Llobregat, L'",220.0,41.345307441661,2.1301067683057,fotovoltaica,Puesta en servicio,RdD,4.42,4.42
12999.0,MOTORS 220,Cataluña,Barcelona,"Hospitalet de Llobregat, L'",220.0,41.345307441661,2.1301067683057,fotovoltaica,Puesta en servicio,RdT,,
12999.0,MOTORS 220,Cataluña,Barcelona,"Hospitalet de Llobregat, L'",220.0,41.345307441661,2.1301067683057,otras,Puesta en servicio,RdD,6.29,6.29
12999.0,MOTORS 220,Cataluña,Barcelona,"Hospitalet de Llobregat, L'",220.0,41.345307441661,2.1301067683057,otras,Puesta en servicio,RdT,,
13056.0,PIEROLA 220,Cataluña,Barcelona,"Hostalets de Pierola, Els",220.0,41.523074730177,1.8295831645803,almacenamiento,En curso,RdD,,
13056.0,PIEROLA 220,Cataluña,Barcelona,"Hostalets de Pierola, Els",220.0,41.523074730177,1.8295831645803,almacenamiento,En curso,RdT,195.32,199.87
13057.0,PIEROLA 400,Cataluña,Barcelona,"Hostalets de Pierola, Els",400.0,41.523074730177,1.8295831645803,almacenamiento,Con permisos,RdD,,19.0
13057.0,PIEROLA 400,Cataluña,Barcelona,"Hostalets de Pierola, Els",400.0,41.523074730177,1.8295831645803,almacenamiento,Con permisos,RdT,,
13057.0,PIEROLA 400,Cataluña,Barcelona,"Hostalets de Pierola, Els",400.0,41.523074730177,1.8295831645803,fotovoltaica,Con permisos,RdD,83.0,146.0
13057.0,PIEROLA 400,Cataluña,Barcelona,"Hostalets de Pierola, Els",400.0,41.523074730177,1.8295831645803,fotovoltaica,Con permisos,RdT,,
13057.0,PIEROLA 400,Cataluña,Barcelona,"Hostalets de Pierola, Els",400.0,41.523074730177,1.8295831645803,fotovoltaica,Puesta en servicio,RdD,12.56,12.74
13057.0,PIEROLA 400,Cataluña,Barcelona,"Hostalets de Pierola, Els",400.0,41.523074730177,1.8295831645803,fotovoltaica,Puesta en servicio,RdT,,
13057.0,PIEROLA 400,Cataluña,Barcelona,"Hostalets de Pierola, Els",400.0,41.523074730177,1.8295831645803,hibridacion,Con permisos,RdD,38.0,
13057.0,PIEROLA 400,Cataluña,Barcelona,"Hostalets de Pierola, Els",400.0,41.523074730177,1.8295831645803,hibridacion,Con permisos,RdT,,
13057.0,PIEROLA 400,Cataluña,Barcelona,"Hostalets de Pierola, Els",400.0,41.523074730177,1.8295831645803,hibridacion,Puesta en servicio,RdD,18.53,
13057.0,PIEROLA 400,Cataluña,Barcelona,"Hostalets de Pierola, Els",400.0,41.523074730177,1.8295831645803,hibridacion,Puesta en servicio,RdT,,
13057.0,PIEROLA 400,Cataluña,Barcelona,"Hostalets de Pierola, Els",400.0,41.523074730177,1.8295831645803,hidraulica,Puesta en servicio,RdD,74.8,74.8
13057.0,PIEROLA 400,Cataluña,Barcelona,"Hostalets de Pierola, Els",400.0,41.523074730177,1.8295831645803,hidraulica,Puesta en servicio,RdT,,
13057.0,PIEROLA 400,Cataluña,Barcelona,"Hostalets de Pierola, Els",400.0,41.523074730177,1.8295831645803,otras,Con permisos,RdD,1.0,15.0
13057.0,PIEROLA 400,Cataluña,Barcelona,"Hostalets de Pierola, Els",400.0,41.523074730177,1.8295831645803,otras,Con permisos,RdT,,
13057.0,PIEROLA 400,Cataluña,Barcelona,"Hostalets de Pierola, Els",400.0,41.523074730177,1.8295831645803,otras,Puesta en servicio,RdD,135.27,144.37
13057.0,PIEROLA 400,Cataluña,Barcelona,"Hostalets de Pierola, Els",400.0,41.523074730177,1.8295831645803,otras,Puesta en servicio,RdT,,
13033.0,PALAU 220,Cataluña,Barcelona,Palau-solità i Plegamans,220.0,41.568104201068,2.1856474365869,almacenamiento,Con permisos,RdD,80.0,93.0
13033.0,PALAU 220,Cataluña,Barcelona,Palau-solità i Plegamans,220.0,41.568104201068,2.1856474365869,almacenamiento,Con permisos,RdT,,
13033.0,PALAU 220,Cataluña,Barcelona,Palau-solità i Plegamans,220.0,41.568104201068,2.1856474365869,almacenamiento,En curso,RdD,20.0,23.49
13033.0,PALAU 220,Cataluña,Barcelona,Palau-solità i Plegamans,220.0,41.568104201068,2.1856474365869,almacenamiento,En curso,RdT,,
13033.0,PALAU 220,Cataluña,Barcelona,Palau-solità i Plegamans,220.0,41.568104201068,2.1856474365869,fotovoltaica,Puesta en servicio,RdD,1.37,1.37
13033.0,PALAU 220,Cataluña,Barcelona,Palau-solità i Plegamans,220.0,41.568104201068,2.1856474365869,fotovoltaica,Puesta en servicio,RdT,,
7322.0,ANOIA 220,Cataluña,Barcelona,"Pobla de Claramunt, La",220.0,41.577064525547,1.6670209445457,eolica,Con permisos,RdD,2.0,4.0
7322.0,ANOIA 220,Cataluña,Barcelona,"Pobla de Claramunt, La",220.0,41.577064525547,1.6670209445457,eolica,Con permisos,RdT,,
7322.0,ANOIA 220,Cataluña,Barcelona,"Pobla de Claramunt, La",220.0,41.577064525547,1.6670209445457,fotovoltaica,Con permisos,RdD,25.0,30.0
7322.0,ANOIA 220,Cataluña,Barcelona,"Pobla de Claramunt, La",220.0,41.577064525547,1.6670209445457,fotovoltaica,Con permisos,RdT,109.0,135.0
7322.0,ANOIA 220,Cataluña,Barcelona,"Pobla de Claramunt, La",220.0,41.577064525547,1.6670209445457,fotovoltaica,Puesta en servicio,RdD,1.5,1.5
7322.0,ANOIA 220,Cataluña,Barcelona,"Pobla de Claramunt, La",220.0,41.577064525547,1.6670209445457,fotovoltaica,Puesta en servicio,RdT,,
7322.0,ANOIA 220,Cataluña,Barcelona,"Pobla de Claramunt, La",220.0,41.577064525547,1.6670209445457,otras,Puesta en servicio,RdD,18.53,18.53
7322.0,ANOIA 220,Cataluña,Barcelona,"Pobla de Claramunt, La",220.0,41.577064525547,1.6670209445457,otras,Puesta en servicio,RdT,,
7229.0,ZAL 220,Cataluña,Barcelona,"Prat de Llobregat, El",220.0,41.313098218522,2.1310180469024,almacenamiento,Con permisos,RdD,20.0,20.0
7229.0,ZAL 220,Cataluña,Barcelona,"Prat de Llobregat, El",220.0,41.313098218522,2.1310180469024,almacenamiento,Con permisos,RdT,,
7229.0,ZAL 220,Cataluña,Barcelona,"Prat de Llobregat, El",220.0,41.313098218522,2.1310180469024,fotovoltaica,Puesta en servicio,RdD,8.0,8.0
7229.0,ZAL 220,Cataluña,Barcelona,"Prat de Llobregat, El",220.0,41.313098218522,2.1310180469024,fotovoltaica,Puesta en servicio,RdT,,
7229.0,ZAL 220,Cataluña,Barcelona,"Prat de Llobregat, El",220.0,41.313098218522,2.1310180469024,otras,Puesta en servicio,RdD,1.0,1.0
7229.0,ZAL 220,Cataluña,Barcelona,"Prat de Llobregat, El",220.0,41.313098218522,2.1310180469024,otras,Puesta en servicio,RdT,,
13363.0,AEROPUERTO BARCELONA 220,Cataluña,Barcelona,"Prat de Llobregat, El",220.0,41.314858278276,2.1034151346853,fotovoltaica,Con permisos,RdD,11.0,11.0
13363.0,AEROPUERTO BARCELONA 220,Cataluña,Barcelona,"Prat de Llobregat, El",220.0,41.314858278276,2.1034151346853,fotovoltaica,Con permisos,RdT,,
13363.0,AEROPUERTO BARCELONA 220,Cataluña,Barcelona,"Prat de Llobregat, El",220.0,41.314858278276,2.1034151346853,otras,Puesta en servicio,RdD,11.04,11.04
13363.0,AEROPUERTO BARCELONA 220,Cataluña,Barcelona,"Prat de Llobregat, El",220.0,41.314858278276,2.1034151346853,otras,Puesta en servicio,RdT,,
13184.0,RUBIO 220,Cataluña,Barcelona,Rubió,220.0,41.648742525148,1.591224844315,almacenamiento,Con permisos,RdD,,
13184.0,RUBIO 220,Cataluña,Barcelona,Rubió,220.0,41.648742525148,1.591224844315,almacenamiento,Con permisos,RdT,49.0,64.0
13184.0,RUBIO 220,Cataluña,Barcelona,Rubió,220.0,41.648742525148,1.591224844315,almacenamiento,En curso,RdD,,
13184.0,RUBIO 220,Cataluña,Barcelona,Rubió,220.0,41.648742525148,1.591224844315,almacenamiento,En curso,RdT,187.24,229.23
13184.0,RUBIO 220,Cataluña,Barcelona,Rubió,220.0,41.648742525148,1.591224844315,eolica,Con permisos,RdD,,
13184.0,RUBIO 220,Cataluña,Barcelona,Rubió,220.0,41.648742525148,1.591224844315,eolica,Con permisos,RdT,168.0,203.0
13184.0,RUBIO 220,Cataluña,Barcelona,Rubió,220.0,41.648742525148,1.591224844315,eolica,Puesta en servicio,RdD,,
13184.0,RUBIO 220,Cataluña,Barcelona,Rubió,220.0,41.648742525148,1.591224844315,eolica,Puesta en servicio,RdT,75.0,75.0
13184.0,RUBIO 220,Cataluña,Barcelona,Rubió,220.0,41.648742525148,1.591224844315,fotovoltaica,Con permisos,RdD,,
13184.0,RUBIO 220,Cataluña,Barcelona,Rubió,220.0,41.648742525148,1.591224844315,fotovoltaica,Con permisos,RdT,37.0,42.0
13184.0,RUBIO 220,Cataluña,Barcelona,Rubió,220.0,41.648742525148,1.591224844315,hibridacion,Con permisos,RdD,,
13184.0,RUBIO 220,Cataluña,Barcelona,Rubió,220.0,41.648742525148,1.591224844315,hibridacion,Con permisos,RdT,35.0,
6805.0,CAN JARDI 220,Cataluña,Barcelona,Rubí,220.0,41.475167604642,2.0230803179155,almacenamiento,Con permisos,RdD,40.0,42.0
6805.0,CAN JARDI 220,Cataluña,Barcelona,Rubí,220.0,41.475167604642,2.0230803179155,almacenamiento,Con permisos,RdT,96.0,100.0
6805.0,CAN JARDI 220,Cataluña,Barcelona,Rubí,220.0,41.475167604642,2.0230803179155,almacenamiento,En curso,RdD,,
6805.0,CAN JARDI 220,Cataluña,Barcelona,Rubí,220.0,41.475167604642,2.0230803179155,almacenamiento,En curso,RdT,199.94,199.94
6805.0,CAN JARDI 220,Cataluña,Barcelona,Rubí,220.0,41.475167604642,2.0230803179155,fotovoltaica,En curso,RdD,,
6805.0,CAN JARDI 220,Cataluña,Barcelona,Rubí,220.0,41.475167604642,2.0230803179155,fotovoltaica,En curso,RdT,49.9,49.9
6805.0,CAN JARDI 220,Cataluña,Barcelona,Rubí,220.0,41.475167604642,2.0230803179155,otras,Puesta en servicio,RdD,24.9,24.9
6805.0,CAN JARDI 220,Cataluña,Barcelona,Rubí,220.0,41.475167604642,2.0230803179155,otras,Puesta en servicio,RdT,,
13182.0,RUBI 220,Cataluña,Barcelona,Rubí,220.0,41.473197888249,2.0096165531043,almacenamiento,Con permisos,RdD,35.0,35.0
13182.0,RUBI 220,Cataluña,Barcelona,Rubí,220.0,41.473197888249,2.0096165531043,almacenamiento,Con permisos,RdT,,
13182.0,RUBI 220,Cataluña,Barcelona,Rubí,220.0,41.473197888249,2.0096165531043,fotovoltaica,Con permisos,RdD,,
13182.0,RUBI 220,Cataluña,Barcelona,Rubí,220.0,41.473197888249,2.0096165531043,fotovoltaica,Con permisos,RdT,132.0,150.0
13182.0,RUBI 220,Cataluña,Barcelona,Rubí,220.0,41.473197888249,2.0096165531043,fotovoltaica,En curso,RdD,,
13182.0,RUBI 220,Cataluña,Barcelona,Rubí,220.0,41.473197888249,2.0096165531043,fotovoltaica,En curso,RdT,79.0,79.0
13182.0,RUBI 220,Cataluña,Barcelona,Rubí,220.0,41.473197888249,2.0096165531043,otras,Puesta en servicio,RdD,11.51,11.51
13182.0,RUBI 220,Cataluña,Barcelona,Rubí,220.0,41.473197888249,2.0096165531043,otras,Puesta en servicio,RdT,,
13183.0,RUBI 400,Cataluña,Barcelona,Rubí,400.0,41.473197888249,2.0096165531043,almacenamiento,Con permisos,RdD,,
13183.0,RUBI 400,Cataluña,Barcelona,Rubí,400.0,41.473197888249,2.0096165531043,almacenamiento,Con permisos,RdT,178.0,178.0
13183.0,RUBI 400,Cataluña,Barcelona,Rubí,400.0,41.473197888249,2.0096165531043,almacenamiento,En curso,RdD,,
13183.0,RUBI 400,Cataluña,Barcelona,Rubí,400.0,41.473197888249,2.0096165531043,almacenamiento,En curso,RdT,50.0,50.0
13183.0,RUBI 400,Cataluña,Barcelona,Rubí,400.0,41.473197888249,2.0096165531043,eolica,Con permisos,RdD,,
13183.0,RUBI 400,Cataluña,Barcelona,Rubí,400.0,41.473197888249,2.0096165531043,eolica,Con permisos,RdT,49.0,49.0
13183.0,RUBI 400,Cataluña,Barcelona,Rubí,400.0,41.473197888249,2.0096165531043,eolica,En curso,RdD,,
13183.0,RUBI 400,Cataluña,Barcelona,Rubí,400.0,41.473197888249,2.0096165531043,eolica,En curso,RdT,147.0,147.0
13183.0,RUBI 400,Cataluña,Barcelona,Rubí,400.0,41.473197888249,2.0096165531043,fotovoltaica,En curso,RdD,,
13183.0,RUBI 400,Cataluña,Barcelona,Rubí,400.0,41.473197888249,2.0096165531043,fotovoltaica,En curso,RdT,117.77,123.33
6802.0,BESOS NUEVO 220,Cataluña,Barcelona,Sant Adrià de Besòs,220.0,41.420632652944,2.228847521141,otras,Puesta en servicio,RdD,35.98,35.98
6802.0,BESOS NUEVO 220,Cataluña,Barcelona,Sant Adrià de Besòs,220.0,41.420632652944,2.228847521141,otras,Puesta en servicio,RdT,1647.67,1670.81
6835.0,SANT BOI 220,Cataluña,Barcelona,Sant Boi de Llobregat,220.0,41.335532721899,2.0406148950548,almacenamiento,En curso,RdD,,1.2
6835.0,SANT BOI 220,Cataluña,Barcelona,Sant Boi de Llobregat,220.0,41.335532721899,2.0406148950548,almacenamiento,En curso,RdT,,
6835.0,SANT BOI 220,Cataluña,Barcelona,Sant Boi de Llobregat,220.0,41.335532721899,2.0406148950548,fotovoltaica,Con permisos,RdD,11.0,11.0
6835.0,SANT BOI 220,Cataluña,Barcelona,Sant Boi de Llobregat,220.0,41.335532721899,2.0406148950548,fotovoltaica,Con permisos,RdT,,
6835.0,SANT BOI 220,Cataluña,Barcelona,Sant Boi de Llobregat,220.0,41.335532721899,2.0406148950548,fotovoltaica,En curso,RdD,,7.63
6835.0,SANT BOI 220,Cataluña,Barcelona,Sant Boi de Llobregat,220.0,41.335532721899,2.0406148950548,fotovoltaica,En curso,RdT,,
6835.0,SANT BOI 220,Cataluña,Barcelona,Sant Boi de Llobregat,220.0,41.335532721899,2.0406148950548,fotovoltaica,Puesta en servicio,RdD,6.52,6.52
6835.0,SANT BOI 220,Cataluña,Barcelona,Sant Boi de Llobregat,220.0,41.335532721899,2.0406148950548,fotovoltaica,Puesta en servicio,RdT,,
6835.0,SANT BOI 220,Cataluña,Barcelona,Sant Boi de Llobregat,220.0,41.335532721899,2.0406148950548,hibridacion,En curso,RdD,7.63,
6835.0,SANT BOI 220,Cataluña,Barcelona,Sant Boi de Llobregat,220.0,41.335532721899,2.0406148950548,hibridacion,En curso,RdT,,
6835.0,SANT BOI 220,Cataluña,Barcelona,Sant Boi de Llobregat,220.0,41.335532721899,2.0406148950548,otras,Puesta en servicio,RdD,37.26,37.26
6835.0,SANT BOI 220,Cataluña,Barcelona,Sant Boi de Llobregat,220.0,41.335532721899,2.0406148950548,otras,Puesta en servicio,RdT,,
6836.0,SANT CELONI 220,Cataluña,Barcelona,Sant Celoni,220.0,41.706709300086,2.4703930243494,almacenamiento,Con permisos,RdD,19.0,20.0
6836.0,SANT CELONI 220,Cataluña,Barcelona,Sant Celoni,220.0,41.706709300086,2.4703930243494,almacenamiento,Con permisos,RdT,,
6836.0,SANT CELONI 220,Cataluña,Barcelona,Sant Celoni,220.0,41.706709300086,2.4703930243494,fotovoltaica,Con permisos,RdD,53.0,65.0
6836.0,SANT CELONI 220,Cataluña,Barcelona,Sant Celoni,220.0,41.706709300086,2.4703930243494,fotovoltaica,Con permisos,RdT,,
6836.0,SANT CELONI 220,Cataluña,Barcelona,Sant Celoni,220.0,41.706709300086,2.4703930243494,fotovoltaica,En curso,RdD,9.4,10.6
6836.0,SANT CELONI 220,Cataluña,Barcelona,Sant Celoni,220.0,41.706709300086,2.4703930243494,fotovoltaica,En curso,RdT,,
6836.0,SANT CELONI 220,Cataluña,Barcelona,Sant Celoni,220.0,41.706709300086,2.4703930243494,fotovoltaica,Puesta en servicio,RdD,5.66,5.66
6836.0,SANT CELONI 220,Cataluña,Barcelona,Sant Celoni,220.0,41.706709300086,2.4703930243494,fotovoltaica,Puesta en servicio,RdT,,
6836.0,SANT CELONI 220,Cataluña,Barcelona,Sant Celoni,220.0,41.706709300086,2.4703930243494,hidraulica,Puesta en servicio,RdD,1.03,1.03
6836.0,SANT CELONI 220,Cataluña,Barcelona,Sant Celoni,220.0,41.706709300086,2.4703930243494,hidraulica,Puesta en servicio,RdT,,
6836.0,SANT CELONI 220,Cataluña,Barcelona,Sant Celoni,220.0,41.706709300086,2.4703930243494,otras,Con permisos,RdD,1.0,1.0
6836.0,SANT CELONI 220,Cataluña,Barcelona,Sant Celoni,220.0,41.706709300086,2.4703930243494,otras,Con permisos,RdT,,
6836.0,SANT CELONI 220,Cataluña,Barcelona,Sant Celoni,220.0,41.706709300086,2.4703930243494,otras,Puesta en servicio,RdD,39.24,39.24
6836.0,SANT CELONI 220,Cataluña,Barcelona,Sant Celoni,220.0,41.706709300086,2.4703930243494,otras,Puesta en servicio,RdT,,
7286.0,SANT CUGAT 220,Cataluña,Barcelona,Sant Cugat del Vallès,220.0,41.486875082268,2.0765960880292,almacenamiento,Con permisos,RdD,35.0,59.0
7286.0,SANT CUGAT 220,Cataluña,Barcelona,Sant Cugat del Vallès,220.0,41.486875082268,2.0765960880292,almacenamiento,Con permisos,RdT,,
7286.0,SANT CUGAT 220,Cataluña,Barcelona,Sant Cugat del Vallès,220.0,41.486875082268,2.0765960880292,fotovoltaica,Puesta en servicio,RdD,1.47,1.47
7286.0,SANT CUGAT 220,Cataluña,Barcelona,Sant Cugat del Vallès,220.0,41.486875082268,2.0765960880292,fotovoltaica,Puesta en servicio,RdT,,
6837.0,SANT FOST 220,Cataluña,Barcelona,Sant Fost de Campsentelles,220.0,41.511826474779,2.2182749991778,almacenamiento,Con permisos,RdD,15.0,20.0
6837.0,SANT FOST 220,Cataluña,Barcelona,Sant Fost de Campsentelles,220.0,41.511826474779,2.2182749991778,almacenamiento,Con permisos,RdT,,
6837.0,SANT FOST 220,Cataluña,Barcelona,Sant Fost de Campsentelles,220.0,41.511826474779,2.2182749991778,otras,Puesta en servicio,RdD,23.94,23.94
6837.0,SANT FOST 220,Cataluña,Barcelona,Sant Fost de Campsentelles,220.0,41.511826474779,2.2182749991778,otras,Puesta en servicio,RdT,,
13174.0,RIERA DE CALDES 220,Cataluña,Barcelona,Santa Perpètua de Mogoda,220.0,41.548382763407,2.1726871758444,almacenamiento,Con permisos,RdD,9.0,9.0
13174.0,RIERA DE CALDES 220,Cataluña,Barcelona,Santa Perpètua de Mogoda,220.0,41.548382763407,2.1726871758444,almacenamiento,Con permisos,RdT,,
13174.0,RIERA DE CALDES 220,Cataluña,Barcelona,Santa Perpètua de Mogoda,220.0,41.548382763407,2.1726871758444,fotovoltaica,Con permisos,RdD,14.0,14.0
13174.0,RIERA DE CALDES 220,Cataluña,Barcelona,Santa Perpètua de Mogoda,220.0,41.548382763407,2.1726871758444,fotovoltaica,Con permisos,RdT,,
7297.0,SENTMENAT 220,Cataluña,Barcelona,Sentmenat,220.0,41.619563205173,2.1107553184139,almacenamiento,Con permisos,RdD,66.0,72.0
7297.0,SENTMENAT 220,Cataluña,Barcelona,Sentmenat,220.0,41.619563205173,2.1107553184139,almacenamiento,Con permisos,RdT,,
7297.0,SENTMENAT 220,Cataluña,Barcelona,Sentmenat,220.0,41.619563205173,2.1107553184139,fotovoltaica,Con permisos,RdD,7.0,7.0
7297.0,SENTMENAT 220,Cataluña,Barcelona,Sentmenat,220.0,41.619563205173,2.1107553184139,fotovoltaica,Con permisos,RdT,,
7299.0,SUBIRATS 220,Cataluña,Barcelona,Subirats,220.0,41.426952209361,1.8213302407629,almacenamiento,Con permisos,RdD,20.0,34.0
7299.0,SUBIRATS 220,Cataluña,Barcelona,Subirats,220.0,41.426952209361,1.8213302407629,almacenamiento,Con permisos,RdT,,
7299.0,SUBIRATS 220,Cataluña,Barcelona,Subirats,220.0,41.426952209361,1.8213302407629,fotovoltaica,Con permisos,RdD,73.0,80.0
7299.0,SUBIRATS 220,Cataluña,Barcelona,Subirats,220.0,41.426952209361,1.8213302407629,fotovoltaica,Con permisos,RdT,,
6804.0,CAN BARBA 400,Cataluña,Barcelona,Terrassa,400.0,41.551917352192,2.0570644023972,fotovoltaica,Con permisos,RdD,13.0,14.0
6804.0,CAN BARBA 400,Cataluña,Barcelona,Terrassa,400.0,41.551917352192,2.0570644023972,fotovoltaica,Con permisos,RdT,,
6804.0,CAN BARBA 400,Cataluña,Barcelona,Terrassa,400.0,41.551917352192,2.0570644023972,hidraulica,Puesta en servicio,RdD,2.3,2.3
6804.0,CAN BARBA 400,Cataluña,Barcelona,Terrassa,400.0,41.551917352192,2.0570644023972,hidraulica,Puesta en servicio,RdT,,
6804.0,CAN BARBA 400,Cataluña,Barcelona,Terrassa,400.0,41.551917352192,2.0570644023972,otras,Puesta en servicio,RdD,12.41,12.41
6804.0,CAN BARBA 400,Cataluña,Barcelona,Terrassa,400.0,41.551917352192,2.0570644023972,otras,Puesta en servicio,RdT,,
13368.0,MAS FIGUERES 220,Cataluña,Barcelona,Terrassa,220.0,41.554745931723,2.0481463971007,almacenamiento,En curso,RdD,100.0,100.0
13368.0,MAS FIGUERES 220,Cataluña,Barcelona,Terrassa,220.0,41.554745931723,2.0481463971007,almacenamiento,En curso,RdT,,
13368.0,MAS FIGUERES 220,Cataluña,Barcelona,Terrassa,220.0,41.554745931723,2.0481463971007,fotovoltaica,Con permisos,RdD,5.0,5.0
13368.0,MAS FIGUERES 220,Cataluña,Barcelona,Terrassa,220.0,41.554745931723,2.0481463971007,fotovoltaica,Con permisos,RdT,,
13368.0,MAS FIGUERES 220,Cataluña,Barcelona,Terrassa,220.0,41.554745931723,2.0481463971007,fotovoltaica,En curso,RdD,14.29,14.29
13368.0,MAS FIGUERES 220,Cataluña,Barcelona,Terrassa,220.0,41.554745931723,2.0481463971007,fotovoltaica,En curso,RdT,,
13368.0,MAS FIGUERES 220,Cataluña,Barcelona,Terrassa,220.0,41.554745931723,2.0481463971007,otras,Con permisos,RdD,4.0,5.0
13368.0,MAS FIGUERES 220,Cataluña,Barcelona,Terrassa,220.0,41.554745931723,2.0481463971007,otras,Con permisos,RdT,,
13368.0,MAS FIGUERES 220,Cataluña,Barcelona,Terrassa,220.0,41.554745931723,2.0481463971007,otras,Puesta en servicio,RdD,1.9,1.9
13368.0,MAS FIGUERES 220,Cataluña,Barcelona,Terrassa,220.0,41.554745931723,2.0481463971007,otras,Puesta en servicio,RdT,,
7295.0,BEGUES 220,Cataluña,Barcelona,Vallirana,220.0,41.355524126631,1.9024218895817,almacenamiento,Con permisos,RdD,35.0,35.0
7295.0,BEGUES 220,Cataluña,Barcelona,Vallirana,220.0,41.355524126631,1.9024218895817,almacenamiento,Con permisos,RdT,,
7295.0,BEGUES 220,Cataluña,Barcelona,Vallirana,220.0,41.355524126631,1.9024218895817,eolica,En curso,RdD,6.2,6.2
7295.0,BEGUES 220,Cataluña,Barcelona,Vallirana,220.0,41.355524126631,1.9024218895817,eolica,En curso,RdT,,
12583.0,BEGUES 400,Cataluña,Barcelona,Vallirana,400.0,41.355524126631,1.9024218895817,almacenamiento,Con permisos,RdD,,
12583.0,BEGUES 400,Cataluña,Barcelona,Vallirana,400.0,41.355524126631,1.9024218895817,almacenamiento,Con permisos,RdT,573.0,585.0
13099.0,PUJALT 220,Cataluña,Barcelona,Veciana,220.0,41.679246210972,1.4459602129691,almacenamiento,Con permisos,RdD,,
13099.0,PUJALT 220,Cataluña,Barcelona,Veciana,220.0,41.679246210972,1.4459602129691,almacenamiento,Con permisos,RdT,137.0,137.0
13099.0,PUJALT 220,Cataluña,Barcelona,Veciana,220.0,41.679246210972,1.4459602129691,eolica,Puesta en servicio,RdD,,
13099.0,PUJALT 220,Cataluña,Barcelona,Veciana,220.0,41.679246210972,1.4459602129691,eolica,Puesta en servicio,RdT,128.23,128.23
13099.0,PUJALT 220,Cataluña,Barcelona,Veciana,220.0,41.679246210972,1.4459602129691,fotovoltaica,Con permisos,RdD,,
13099.0,PUJALT 220,Cataluña,Barcelona,Veciana,220.0,41.679246210972,1.4459602129691,fotovoltaica,Con permisos,RdT,49.0,60.0
13099.0,PUJALT 220,Cataluña,Barcelona,Veciana,220.0,41.679246210972,1.4459602129691,fotovoltaica,Puesta en servicio,RdD,,
13099.0,PUJALT 220,Cataluña,Barcelona,Veciana,220.0,41.679246210972,1.4459602129691,fotovoltaica,Puesta en servicio,RdT,41.32,42.6
6844.0,VILADECANS 220,Cataluña,Barcelona,Viladecans,220.0,41.325189662447,2.0282340074422,fotovoltaica,Con permisos,RdD,1.0,2.0
6844.0,VILADECANS 220,Cataluña,Barcelona,Viladecans,220.0,41.325189662447,2.0282340074422,fotovoltaica,Con permisos,RdT,,
6844.0,VILADECANS 220,Cataluña,Barcelona,Viladecans,220.0,41.325189662447,2.0282340074422,fotovoltaica,Puesta en servicio,RdD,1.25,1.25
6844.0,VILADECANS 220,Cataluña,Barcelona,Viladecans,220.0,41.325189662447,2.0282340074422,fotovoltaica,Puesta en servicio,RdT,,
6844.0,VILADECANS 220,Cataluña,Barcelona,Viladecans,220.0,41.325189662447,2.0282340074422,otras,Puesta en servicio,RdD,12.47,12.47
6844.0,VILADECANS 220,Cataluña,Barcelona,Viladecans,220.0,41.325189662447,2.0282340074422,otras,Puesta en servicio,RdT,,
13045.0,PENEDES 220,Cataluña,Barcelona,Vilafranca del Penedès,220.0,41.364495442831,1.7083954048758,almacenamiento,Con permisos,RdD,19.0,24.0
13045.0,PENEDES 220,Cataluña,Barcelona,Vilafranca del Penedès,220.0,41.364495442831,1.7083954048758,almacenamiento,Con permisos,RdT,89.0,92.0
13045.0,PENEDES 220,Cataluña,Barcelona,Vilafranca del Penedès,220.0,41.364495442831,1.7083954048758,almacenamiento,En curso,RdD,5.0,5.0
13045.0,PENEDES 220,Cataluña,Barcelona,Vilafranca del Penedès,220.0,41.364495442831,1.7083954048758,almacenamiento,En curso,RdT,382.25,391.97
13045.0,PENEDES 220,Cataluña,Barcelona,Vilafranca del Penedès,220.0,41.364495442831,1.7083954048758,fotovoltaica,Con permisos,RdD,22.0,22.0
13045.0,PENEDES 220,Cataluña,Barcelona,Vilafranca del Penedès,220.0,41.364495442831,1.7083954048758,fotovoltaica,Con permisos,RdT,,
13045.0,PENEDES 220,Cataluña,Barcelona,Vilafranca del Penedès,220.0,41.364495442831,1.7083954048758,fotovoltaica,En curso,RdD,19.8,19.8
13045.0,PENEDES 220,Cataluña,Barcelona,Vilafranca del Penedès,220.0,41.364495442831,1.7083954048758,fotovoltaica,En curso,RdT,100.0,100.0
12793.0,GARRAF 400,Cataluña,Barcelona,Vilanova i la Geltrú,400.0,41.25504249233,1.7191446195551,almacenamiento,Con permisos,RdD,34.0,34.0
12793.0,GARRAF 400,Cataluña,Barcelona,Vilanova i la Geltrú,400.0,41.25504249233,1.7191446195551,almacenamiento,Con permisos,RdT,,
12793.0,GARRAF 400,Cataluña,Barcelona,Vilanova i la Geltrú,400.0,41.25504249233,1.7191446195551,fotovoltaica,Con permisos,RdD,32.0,37.0
12793.0,GARRAF 400,Cataluña,Barcelona,Vilanova i la Geltrú,400.0,41.25504249233,1.7191446195551,fotovoltaica,Con permisos,RdT,25.0,40.0
12793.0,GARRAF 400,Cataluña,Barcelona,Vilanova i la Geltrú,400.0,41.25504249233,1.7191446195551,fotovoltaica,Puesta en servicio,RdD,4.95,4.95
12793.0,GARRAF 400,Cataluña,Barcelona,Vilanova i la Geltrú,400.0,41.25504249233,1.7191446195551,fotovoltaica,Puesta en servicio,RdT,,
7320.0,BESCANO 400,Cataluña,Girona,Bescanó,400.0,41.97256557528,2.6961387917406,almacenamiento,Con permisos,RdD,4.0,4.0
7320.0,BESCANO 400,Cataluña,Girona,Bescanó,400.0,41.97256557528,2.6961387917406,almacenamiento,Con permisos,RdT,,
7320.0,BESCANO 400,Cataluña,Girona,Bescanó,400.0,41.97256557528,2.6961387917406,almacenamiento,En curso,RdD,35.0,35.0
7320.0,BESCANO 400,Cataluña,Girona,Bescanó,400.0,41.97256557528,2.6961387917406,almacenamiento,En curso,RdT,,
7320.0,BESCANO 400,Cataluña,Girona,Bescanó,400.0,41.97256557528,2.6961387917406,fotovoltaica,Con permisos,RdD,6.0,6.0
7320.0,BESCANO 400,Cataluña,Girona,Bescanó,400.0,41.97256557528,2.6961387917406,fotovoltaica,Con permisos,RdT,,
7320.0,BESCANO 400,Cataluña,Girona,Bescanó,400.0,41.97256557528,2.6961387917406,fotovoltaica,En curso,RdD,0.6,5.97
7320.0,BESCANO 400,Cataluña,Girona,Bescanó,400.0,41.97256557528,2.6961387917406,fotovoltaica,En curso,RdT,,
12859.0,JUIA 220,Cataluña,Girona,Juià,220.0,42.02278847309,2.9008849152975,almacenamiento,Con permisos,RdD,25.0,31.0
12859.0,JUIA 220,Cataluña,Girona,Juià,220.0,42.02278847309,2.9008849152975,almacenamiento,Con permisos,RdT,,
12859.0,JUIA 220,Cataluña,Girona,Juià,220.0,42.02278847309,2.9008849152975,almacenamiento,En curso,RdD,72.0,80.0
12859.0,JUIA 220,Cataluña,Girona,Juià,220.0,42.02278847309,2.9008849152975,almacenamiento,En curso,RdT,,
12859.0,JUIA 220,Cataluña,Girona,Juià,220.0,42.02278847309,2.9008849152975,eolica,Con permisos,RdD,25.0,25.0
12859.0,JUIA 220,Cataluña,Girona,Juià,220.0,42.02278847309,2.9008849152975,eolica,Con permisos,RdT,,
12859.0,JUIA 220,Cataluña,Girona,Juià,220.0,42.02278847309,2.9008849152975,fotovoltaica,Con permisos,RdD,142.0,156.0
12859.0,JUIA 220,Cataluña,Girona,Juià,220.0,42.02278847309,2.9008849152975,fotovoltaica,Con permisos,RdT,,
12859.0,JUIA 220,Cataluña,Girona,Juià,220.0,42.02278847309,2.9008849152975,fotovoltaica,En curso,RdD,260.0,260.0
12859.0,JUIA 220,Cataluña,Girona,Juià,220.0,42.02278847309,2.9008849152975,fotovoltaica,En curso,RdT,,
12859.0,JUIA 220,Cataluña,Girona,Juià,220.0,42.02278847309,2.9008849152975,hidraulica,Puesta en servicio,RdD,148.7,148.7
12859.0,JUIA 220,Cataluña,Girona,Juià,220.0,42.02278847309,2.9008849152975,hidraulica,Puesta en servicio,RdT,,
12859.0,JUIA 220,Cataluña,Girona,Juià,220.0,42.02278847309,2.9008849152975,otras,Con permisos,RdD,85.0,88.0
12859.0,JUIA 220,Cataluña,Girona,Juià,220.0,42.02278847309,2.9008849152975,otras,Con permisos,RdT,,
12859.0,JUIA 220,Cataluña,Girona,Juià,220.0,42.02278847309,2.9008849152975,otras,Puesta en servicio,RdD,7.56,7.56
12859.0,JUIA 220,Cataluña,Girona,Juià,220.0,42.02278847309,2.9008849152975,otras,Puesta en servicio,RdT,,
12870.0,LA FARGA 220,Cataluña,Girona,Sant Julià de Ramis,220.0,42.062653555316,2.8827772948856,almacenamiento,Con permisos,RdD,,
12870.0,LA FARGA 220,Cataluña,Girona,Sant Julià de Ramis,220.0,42.062653555316,2.8827772948856,almacenamiento,Con permisos,RdT,427.0,451.0
12870.0,LA FARGA 220,Cataluña,Girona,Sant Julià de Ramis,220.0,42.062653555316,2.8827772948856,fotovoltaica,Con permisos,RdD,,
12870.0,LA FARGA 220,Cataluña,Girona,Sant Julià de Ramis,220.0,42.062653555316,2.8827772948856,fotovoltaica,Con permisos,RdT,77.0,81.0
7214.0,SANTA LLOGAIA 400,Cataluña,Girona,Santa Llogaia d'Àlguema,400.0,42.230046240713,2.9467579489876,eolica,Con permisos,RdD,54.0,54.0
7214.0,SANTA LLOGAIA 400,Cataluña,Girona,Santa Llogaia d'Àlguema,400.0,42.230046240713,2.9467579489876,eolica,Con permisos,RdT,,
7214.0,SANTA LLOGAIA 400,Cataluña,Girona,Santa Llogaia d'Àlguema,400.0,42.230046240713,2.9467579489876,eolica,En curso,RdD,117.2,117.2
7214.0,SANTA LLOGAIA 400,Cataluña,Girona,Santa Llogaia d'Àlguema,400.0,42.230046240713,2.9467579489876,eolica,En curso,RdT,,
7214.0,SANTA LLOGAIA 400,Cataluña,Girona,Santa Llogaia d'Àlguema,400.0,42.230046240713,2.9467579489876,fotovoltaica,Con permisos,RdD,8.0,8.0
7214.0,SANTA LLOGAIA 400,Cataluña,Girona,Santa Llogaia d'Àlguema,400.0,42.230046240713,2.9467579489876,fotovoltaica,Con permisos,RdT,43.0,50.0
7214.0,SANTA LLOGAIA 400,Cataluña,Girona,Santa Llogaia d'Àlguema,400.0,42.230046240713,2.9467579489876,hidraulica,Puesta en servicio,RdD,3.6,3.6
7214.0,SANTA LLOGAIA 400,Cataluña,Girona,Santa Llogaia d'Àlguema,400.0,42.230046240713,2.9467579489876,hidraulica,Puesta en servicio,RdT,,
12578.0,ALBATARREC 220,Cataluña,Lleida,Albatàrrec,220.0,41.577468667183,0.62219150207821,almacenamiento,Con permisos,RdD,,
12578.0,ALBATARREC 220,Cataluña,Lleida,Albatàrrec,220.0,41.577468667183,0.62219150207821,almacenamiento,Con permisos,RdT,,9.0
12578.0,ALBATARREC 220,Cataluña,Lleida,Albatàrrec,220.0,41.577468667183,0.62219150207821,fotovoltaica,Con permisos,RdD,73.0,77.0
12578.0,ALBATARREC 220,Cataluña,Lleida,Albatàrrec,220.0,41.577468667183,0.62219150207821,fotovoltaica,Con permisos,RdT,141.0,237.0
12578.0,ALBATARREC 220,Cataluña,Lleida,Albatàrrec,220.0,41.577468667183,0.62219150207821,hibridacion,Con permisos,RdD,,
12578.0,ALBATARREC 220,Cataluña,Lleida,Albatàrrec,220.0,41.577468667183,0.62219150207821,hibridacion,Con permisos,RdT,97.0,
12861.0,JUNEDA 220,Cataluña,Lleida,Juneda,220.0,41.530651959128,0.82822104530358,almacenamiento,Con permisos,RdD,,8.0
12861.0,JUNEDA 220,Cataluña,Lleida,Juneda,220.0,41.530651959128,0.82822104530358,almacenamiento,Con permisos,RdT,,
12861.0,JUNEDA 220,Cataluña,Lleida,Juneda,220.0,41.530651959128,0.82822104530358,fotovoltaica,Con permisos,RdD,31.0,32.0
12861.0,JUNEDA 220,Cataluña,Lleida,Juneda,220.0,41.530651959128,0.82822104530358,fotovoltaica,Con permisos,RdT,47.0,50.0
12861.0,JUNEDA 220,Cataluña,Lleida,Juneda,220.0,41.530651959128,0.82822104530358,fotovoltaica,En curso,RdD,0.7,0.7
12861.0,JUNEDA 220,Cataluña,Lleida,Juneda,220.0,41.530651959128,0.82822104530358,fotovoltaica,En curso,RdT,,
12861.0,JUNEDA 220,Cataluña,Lleida,Juneda,220.0,41.530651959128,0.82822104530358,fotovoltaica,Puesta en servicio,RdD,9.6,15.0
12861.0,JUNEDA 220,Cataluña,Lleida,Juneda,220.0,41.530651959128,0.82822104530358,fotovoltaica,Puesta en servicio,RdT,,
12861.0,JUNEDA 220,Cataluña,Lleida,Juneda,220.0,41.530651959128,0.82822104530358,hibridacion,Puesta en servicio,RdD,5.4,
12861.0,JUNEDA 220,Cataluña,Lleida,Juneda,220.0,41.530651959128,0.82822104530358,hibridacion,Puesta en servicio,RdT,,
12861.0,JUNEDA 220,Cataluña,Lleida,Juneda,220.0,41.530651959128,0.82822104530358,otras,Puesta en servicio,RdD,,
12861.0,JUNEDA 220,Cataluña,Lleida,Juneda,220.0,41.530651959128,0.82822104530358,otras,Puesta en servicio,RdT,47.66,47.66
12861.0,JUNEDA 220,Cataluña,Lleida,Juneda,220.0,41.530651959128,0.82822104530358,termosolar,Puesta en servicio,RdD,22.5,22.5
12861.0,JUNEDA 220,Cataluña,Lleida,Juneda,220.0,41.530651959128,0.82822104530358,termosolar,Puesta en servicio,RdT,,
12910.0,LLAVORSI 220,Cataluña,Lleida,Llavorsí,220.0,42.495952830775,1.2127645499714,bombeo,Puesta en servicio,RdD,,
12910.0,LLAVORSI 220,Cataluña,Lleida,Llavorsí,220.0,42.495952830775,1.2127645499714,bombeo,Puesta en servicio,RdT,88.0,92.42
12910.0,LLAVORSI 220,Cataluña,Lleida,Llavorsí,220.0,42.495952830775,1.2127645499714,fotovoltaica,Con permisos,RdD,52.0,62.0
12910.0,LLAVORSI 220,Cataluña,Lleida,Llavorsí,220.0,42.495952830775,1.2127645499714,fotovoltaica,Con permisos,RdT,,
12910.0,LLAVORSI 220,Cataluña,Lleida,Llavorsí,220.0,42.495952830775,1.2127645499714,fotovoltaica,Puesta en servicio,RdD,15.9,17.39
12910.0,LLAVORSI 220,Cataluña,Lleida,Llavorsí,220.0,42.495952830775,1.2127645499714,fotovoltaica,Puesta en servicio,RdT,,
12910.0,LLAVORSI 220,Cataluña,Lleida,Llavorsí,220.0,42.495952830775,1.2127645499714,hidraulica,Puesta en servicio,RdD,541.42,541.42
12910.0,LLAVORSI 220,Cataluña,Lleida,Llavorsí,220.0,42.495952830775,1.2127645499714,hidraulica,Puesta en servicio,RdT,205.28,203.28
12910.0,LLAVORSI 220,Cataluña,Lleida,Llavorsí,220.0,42.495952830775,1.2127645499714,otras,Puesta en servicio,RdD,14.95,14.95
12910.0,LLAVORSI 220,Cataluña,Lleida,Llavorsí,220.0,42.495952830775,1.2127645499714,otras,Puesta en servicio,RdT,,
12943.0,MANGRANERS 220,Cataluña,Lleida,Lleida,220.0,41.611929499023,0.66852969614288,almacenamiento,Con permisos,RdD,,4.0
12943.0,MANGRANERS 220,Cataluña,Lleida,Lleida,220.0,41.611929499023,0.66852969614288,almacenamiento,Con permisos,RdT,,15.0
12943.0,MANGRANERS 220,Cataluña,Lleida,Lleida,220.0,41.611929499023,0.66852969614288,fotovoltaica,Con permisos,RdD,76.0,81.0
12943.0,MANGRANERS 220,Cataluña,Lleida,Lleida,220.0,41.611929499023,0.66852969614288,fotovoltaica,Con permisos,RdT,132.0,203.0
12943.0,MANGRANERS 220,Cataluña,Lleida,Lleida,220.0,41.611929499023,0.66852969614288,fotovoltaica,Puesta en servicio,RdD,9.14,13.19
12943.0,MANGRANERS 220,Cataluña,Lleida,Lleida,220.0,41.611929499023,0.66852969614288,fotovoltaica,Puesta en servicio,RdT,,
12943.0,MANGRANERS 220,Cataluña,Lleida,Lleida,220.0,41.611929499023,0.66852969614288,hibridacion,Con permisos,RdD,,
12943.0,MANGRANERS 220,Cataluña,Lleida,Lleida,220.0,41.611929499023,0.66852969614288,hibridacion,Con permisos,RdT,25.0,
12943.0,MANGRANERS 220,Cataluña,Lleida,Lleida,220.0,41.611929499023,0.66852969614288,hibridacion,Puesta en servicio,RdD,4.05,
12943.0,MANGRANERS 220,Cataluña,Lleida,Lleida,220.0,41.611929499023,0.66852969614288,hibridacion,Puesta en servicio,RdT,,
12943.0,MANGRANERS 220,Cataluña,Lleida,Lleida,220.0,41.611929499023,0.66852969614288,hidraulica,Puesta en servicio,RdD,139.95,139.95
12943.0,MANGRANERS 220,Cataluña,Lleida,Lleida,220.0,41.611929499023,0.66852969614288,hidraulica,Puesta en servicio,RdT,,
12943.0,MANGRANERS 220,Cataluña,Lleida,Lleida,220.0,41.611929499023,0.66852969614288,otras,Puesta en servicio,RdD,17.64,17.64
12943.0,MANGRANERS 220,Cataluña,Lleida,Lleida,220.0,41.611929499023,0.66852969614288,otras,Puesta en servicio,RdT,,
12938.0,MAIALS 400,Cataluña,Lleida,Maials,400.0,41.388538844242,0.50525766981605,almacenamiento,Con permisos,RdD,,
12938.0,MAIALS 400,Cataluña,Lleida,Maials,400.0,41.388538844242,0.50525766981605,almacenamiento,Con permisos,RdT,,15.0
12938.0,MAIALS 400,Cataluña,Lleida,Maials,400.0,41.388538844242,0.50525766981605,eolica,Con permisos,RdD,,
12938.0,MAIALS 400,Cataluña,Lleida,Maials,400.0,41.388538844242,0.50525766981605,eolica,Con permisos,RdT,,11.0
12938.0,MAIALS 400,Cataluña,Lleida,Maials,400.0,41.388538844242,0.50525766981605,eolica,Puesta en servicio,RdD,,
12938.0,MAIALS 400,Cataluña,Lleida,Maials,400.0,41.388538844242,0.50525766981605,eolica,Puesta en servicio,RdT,280.29,404.29
12938.0,MAIALS 400,Cataluña,Lleida,Maials,400.0,41.388538844242,0.50525766981605,fotovoltaica,Con permisos,RdD,,
12938.0,MAIALS 400,Cataluña,Lleida,Maials,400.0,41.388538844242,0.50525766981605,fotovoltaica,Con permisos,RdT,41.0,114.0
12938.0,MAIALS 400,Cataluña,Lleida,Maials,400.0,41.388538844242,0.50525766981605,hibridacion,Con permisos,RdD,,
12938.0,MAIALS 400,Cataluña,Lleida,Maials,400.0,41.388538844242,0.50525766981605,hibridacion,Con permisos,RdT,27.0,
12938.0,MAIALS 400,Cataluña,Lleida,Maials,400.0,41.388538844242,0.50525766981605,hibridacion,Puesta en servicio,RdD,,
12938.0,MAIALS 400,Cataluña,Lleida,Maials,400.0,41.388538844242,0.50525766981605,hibridacion,Puesta en servicio,RdT,134.2,
13374.0,POBLA 220,Cataluña,Lleida,"Pobla de Segur, La",220.0,42.249911294562,0.97251443039799,fotovoltaica,Con permisos,RdD,,
13374.0,POBLA 220,Cataluña,Lleida,"Pobla de Segur, La",220.0,42.249911294562,0.97251443039799,fotovoltaica,Con permisos,RdT,187.0,203.0
13075.0,PONT DE SUERT 220,Cataluña,Lleida,"Pont de Suert, El",220.0,42.403615410355,0.73849273161624,fotovoltaica,Puesta en servicio,RdD,1.3,1.3
13075.0,PONT DE SUERT 220,Cataluña,Lleida,"Pont de Suert, El",220.0,42.403615410355,0.73849273161624,fotovoltaica,Puesta en servicio,RdT,,
13075.0,PONT DE SUERT 220,Cataluña,Lleida,"Pont de Suert, El",220.0,42.403615410355,0.73849273161624,hidraulica,Puesta en servicio,RdD,187.89,187.89
13075.0,PONT DE SUERT 220,Cataluña,Lleida,"Pont de Suert, El",220.0,42.403615410355,0.73849273161624,hidraulica,Puesta en servicio,RdT,,
6798.0,ADRALL 220,Cataluña,Lleida,Ribera d'Urgellet,220.0,42.323594300162,1.3949292511925,fotovoltaica,Con permisos,RdD,26.0,31.0
6798.0,ADRALL 220,Cataluña,Lleida,Ribera d'Urgellet,220.0,42.323594300162,1.3949292511925,fotovoltaica,Con permisos,RdT,,
6798.0,ADRALL 220,Cataluña,Lleida,Ribera d'Urgellet,220.0,42.323594300162,1.3949292511925,fotovoltaica,Puesta en servicio,RdD,2.0,2.0
6798.0,ADRALL 220,Cataluña,Lleida,Ribera d'Urgellet,220.0,42.323594300162,1.3949292511925,fotovoltaica,Puesta en servicio,RdT,,
6798.0,ADRALL 220,Cataluña,Lleida,Ribera d'Urgellet,220.0,42.323594300162,1.3949292511925,hidraulica,Puesta en servicio,RdD,40.14,40.14
6798.0,ADRALL 220,Cataluña,Lleida,Ribera d'Urgellet,220.0,42.323594300162,1.3949292511925,hidraulica,Puesta en servicio,RdT,,
13316.0,SALLENTE 400,Cataluña,Lleida,"Torre de Cabdella, La",400.0,42.506886963159,0.99151728399778,bombeo,Puesta en servicio,RdD,,
13316.0,SALLENTE 400,Cataluña,Lleida,"Torre de Cabdella, La",400.0,42.506886963159,0.99151728399778,bombeo,Puesta en servicio,RdT,446.0,439.84
6800.0,ASCÓ 400,Cataluña,Tarragona,Ascó,400.0,41.204314983572,0.57100996725379,eolica,Con permisos,RdD,18.0,18.0
6800.0,ASCÓ 400,Cataluña,Tarragona,Ascó,400.0,41.204314983572,0.57100996725379,eolica,Con permisos,RdT,484.0,484.0
6800.0,ASCÓ 400,Cataluña,Tarragona,Ascó,400.0,41.204314983572,0.57100996725379,eolica,Puesta en servicio,RdD,65.08,65.08
6800.0,ASCÓ 400,Cataluña,Tarragona,Ascó,400.0,41.204314983572,0.57100996725379,eolica,Puesta en servicio,RdT,,
6800.0,ASCÓ 400,Cataluña,Tarragona,Ascó,400.0,41.204314983572,0.57100996725379,fotovoltaica,Con permisos,RdD,4.0,5.0
6800.0,ASCÓ 400,Cataluña,Tarragona,Ascó,400.0,41.204314983572,0.57100996725379,fotovoltaica,Con permisos,RdT,64.0,199.0
6800.0,ASCÓ 400,Cataluña,Tarragona,Ascó,400.0,41.204314983572,0.57100996725379,fotovoltaica,Puesta en servicio,RdD,18.28,18.28
6800.0,ASCÓ 400,Cataluña,Tarragona,Ascó,400.0,41.204314983572,0.57100996725379,fotovoltaica,Puesta en servicio,RdT,,
6800.0,ASCÓ 400,Cataluña,Tarragona,Ascó,400.0,41.204314983572,0.57100996725379,hidraulica,Puesta en servicio,RdD,70.52,70.52
6800.0,ASCÓ 400,Cataluña,Tarragona,Ascó,400.0,41.204314983572,0.57100996725379,hidraulica,Puesta en servicio,RdT,,
6800.0,ASCÓ 400,Cataluña,Tarragona,Ascó,400.0,41.204314983572,0.57100996725379,otras,Puesta en servicio,RdD,1.25,1.25
6800.0,ASCÓ 400,Cataluña,Tarragona,Ascó,400.0,41.204314983572,0.57100996725379,otras,Puesta en servicio,RdT,1921.7,1987.5
7376.0,ASCÓ 220,Cataluña,Tarragona,Ascó,220.0,41.204314983572,0.57100996725379,eolica,En curso,RdD,33.85,33.85
7376.0,ASCÓ 220,Cataluña,Tarragona,Ascó,220.0,41.204314983572,0.57100996725379,eolica,En curso,RdT,,
13378.0,LA CANONJA 220,Cataluña,Tarragona,"Canonja, La",220.0,41.108526733918,1.191780185099,almacenamiento,Con permisos,RdD,15.0,15.0
13378.0,LA CANONJA 220,Cataluña,Tarragona,"Canonja, La",220.0,41.108526733918,1.191780185099,almacenamiento,Con permisos,RdT,,
12867.0,LA ESPLUGA 220,Cataluña,Tarragona,"Espluga de Francolí, L'",220.0,41.405092757251,1.1241544580443,almacenamiento,Con permisos,RdD,,
12867.0,LA ESPLUGA 220,Cataluña,Tarragona,"Espluga de Francolí, L'",220.0,41.405092757251,1.1241544580443,almacenamiento,Con permisos,RdT,,5.0
12867.0,LA ESPLUGA 220,Cataluña,Tarragona,"Espluga de Francolí, L'",220.0,41.405092757251,1.1241544580443,eolica,Con permisos,RdD,,
12867.0,LA ESPLUGA 220,Cataluña,Tarragona,"Espluga de Francolí, L'",220.0,41.405092757251,1.1241544580443,eolica,Con permisos,RdT,,112.0
12867.0,LA ESPLUGA 220,Cataluña,Tarragona,"Espluga de Francolí, L'",220.0,41.405092757251,1.1241544580443,fotovoltaica,Con permisos,RdD,,
12867.0,LA ESPLUGA 220,Cataluña,Tarragona,"Espluga de Francolí, L'",220.0,41.405092757251,1.1241544580443,fotovoltaica,Con permisos,RdT,86.0,127.0
12867.0,LA ESPLUGA 220,Cataluña,Tarragona,"Espluga de Francolí, L'",220.0,41.405092757251,1.1241544580443,hibridacion,Con permisos,RdD,,
12867.0,LA ESPLUGA 220,Cataluña,Tarragona,"Espluga de Francolí, L'",220.0,41.405092757251,1.1241544580443,hibridacion,Con permisos,RdT,112.0,
12868.0,LA ESPLUGA 400,Cataluña,Tarragona,"Espluga de Francolí, L'",400.0,41.405092757251,1.1241544580443,eolica,Con permisos,RdD,,
12868.0,LA ESPLUGA 400,Cataluña,Tarragona,"Espluga de Francolí, L'",400.0,41.405092757251,1.1241544580443,eolica,Con permisos,RdT,127.0,161.0
12868.0,LA ESPLUGA 400,Cataluña,Tarragona,"Espluga de Francolí, L'",400.0,41.405092757251,1.1241544580443,eolica,Puesta en servicio,RdD,,
12868.0,LA ESPLUGA 400,Cataluña,Tarragona,"Espluga de Francolí, L'",400.0,41.405092757251,1.1241544580443,eolica,Puesta en servicio,RdT,267.0,267.0
12753.0,ELS AUBALS 220,Cataluña,Tarragona,Garcia,220.0,41.11845045462,0.64177242099689,almacenamiento,Con permisos,RdD,,4.0
12753.0,ELS AUBALS 220,Cataluña,Tarragona,Garcia,220.0,41.11845045462,0.64177242099689,almacenamiento,Con permisos,RdT,,
12753.0,ELS AUBALS 220,Cataluña,Tarragona,Garcia,220.0,41.11845045462,0.64177242099689,eolica,Puesta en servicio,RdD,,
12753.0,ELS AUBALS 220,Cataluña,Tarragona,Garcia,220.0,41.11845045462,0.64177242099689,eolica,Puesta en servicio,RdT,30.0,30.0
12753.0,ELS AUBALS 220,Cataluña,Tarragona,Garcia,220.0,41.11845045462,0.64177242099689,fotovoltaica,Con permisos,RdD,32.0,63.0
12753.0,ELS AUBALS 220,Cataluña,Tarragona,Garcia,220.0,41.11845045462,0.64177242099689,fotovoltaica,Con permisos,RdT,,
12753.0,ELS AUBALS 220,Cataluña,Tarragona,Garcia,220.0,41.11845045462,0.64177242099689,fotovoltaica,En curso,RdD,17.7,17.7
12753.0,ELS AUBALS 220,Cataluña,Tarragona,Garcia,220.0,41.11845045462,0.64177242099689,fotovoltaica,En curso,RdT,,
12753.0,ELS AUBALS 220,Cataluña,Tarragona,Garcia,220.0,41.11845045462,0.64177242099689,hibridacion,Con permisos,RdD,15.0,
12753.0,ELS AUBALS 220,Cataluña,Tarragona,Garcia,220.0,41.11845045462,0.64177242099689,hibridacion,Con permisos,RdT,,
12980.0,MONTBLANC 220,Cataluña,Tarragona,Montblanc,220.0,41.395907058509,1.1344515243415,almacenamiento,Con permisos,RdD,,5.0
12980.0,MONTBLANC 220,Cataluña,Tarragona,Montblanc,220.0,41.395907058509,1.1344515243415,almacenamiento,Con permisos,RdT,,
12980.0,MONTBLANC 220,Cataluña,Tarragona,Montblanc,220.0,41.395907058509,1.1344515243415,eolica,Con permisos,RdD,6.0,6.0
12980.0,MONTBLANC 220,Cataluña,Tarragona,Montblanc,220.0,41.395907058509,1.1344515243415,eolica,Con permisos,RdT,,
12980.0,MONTBLANC 220,Cataluña,Tarragona,Montblanc,220.0,41.395907058509,1.1344515243415,eolica,Puesta en servicio,RdD,14.7,14.7
12980.0,MONTBLANC 220,Cataluña,Tarragona,Montblanc,220.0,41.395907058509,1.1344515243415,eolica,Puesta en servicio,RdT,,
12980.0,MONTBLANC 220,Cataluña,Tarragona,Montblanc,220.0,41.395907058509,1.1344515243415,fotovoltaica,Con permisos,RdD,9.0,29.0
12980.0,MONTBLANC 220,Cataluña,Tarragona,Montblanc,220.0,41.395907058509,1.1344515243415,fotovoltaica,Con permisos,RdT,,
12980.0,MONTBLANC 220,Cataluña,Tarragona,Montblanc,220.0,41.395907058509,1.1344515243415,fotovoltaica,En curso,RdD,8.5,10.0
12980.0,MONTBLANC 220,Cataluña,Tarragona,Montblanc,220.0,41.395907058509,1.1344515243415,fotovoltaica,En curso,RdT,,
12980.0,MONTBLANC 220,Cataluña,Tarragona,Montblanc,220.0,41.395907058509,1.1344515243415,hibridacion,Con permisos,RdD,15.0,
12980.0,MONTBLANC 220,Cataluña,Tarragona,Montblanc,220.0,41.395907058509,1.1344515243415,hibridacion,Con permisos,RdT,,
13051.0,PERAFORT 220,Cataluña,Tarragona,Perafort,220.0,41.194732950687,1.2488867254588,almacenamiento,En curso,RdD,,
13051.0,PERAFORT 220,Cataluña,Tarragona,Perafort,220.0,41.194732950687,1.2488867254588,almacenamiento,En curso,RdT,19.0,19.0
13051.0,PERAFORT 220,Cataluña,Tarragona,Perafort,220.0,41.194732950687,1.2488867254588,eolica,Con permisos,RdD,29.0,29.0
13051.0,PERAFORT 220,Cataluña,Tarragona,Perafort,220.0,41.194732950687,1.2488867254588,eolica,Con permisos,RdT,,
13051.0,PERAFORT 220,Cataluña,Tarragona,Perafort,220.0,41.194732950687,1.2488867254588,fotovoltaica,Con permisos,RdD,82.0,94.0
13051.0,PERAFORT 220,Cataluña,Tarragona,Perafort,220.0,41.194732950687,1.2488867254588,fotovoltaica,Con permisos,RdT,,
13051.0,PERAFORT 220,Cataluña,Tarragona,Perafort,220.0,41.194732950687,1.2488867254588,fotovoltaica,En curso,RdD,,
13051.0,PERAFORT 220,Cataluña,Tarragona,Perafort,220.0,41.194732950687,1.2488867254588,fotovoltaica,En curso,RdT,30.0,30.0
13051.0,PERAFORT 220,Cataluña,Tarragona,Perafort,220.0,41.194732950687,1.2488867254588,otras,Puesta en servicio,RdD,98.13,98.13
13051.0,PERAFORT 220,Cataluña,Tarragona,Perafort,220.0,41.194732950687,1.2488867254588,otras,Puesta en servicio,RdT,124.04,124.04
13098.0,PUIGPELAT 220,Cataluña,Tarragona,Puigpelat,220.0,41.283296607233,1.2914009545894,almacenamiento,En curso,RdD,,
13098.0,PUIGPELAT 220,Cataluña,Tarragona,Puigpelat,220.0,41.283296607233,1.2914009545894,almacenamiento,En curso,RdT,734.77,750.87
13098.0,PUIGPELAT 220,Cataluña,Tarragona,Puigpelat,220.0,41.283296607233,1.2914009545894,eolica,Con permisos,RdD,,
13098.0,PUIGPELAT 220,Cataluña,Tarragona,Puigpelat,220.0,41.283296607233,1.2914009545894,eolica,Con permisos,RdT,130.0,140.0
13098.0,PUIGPELAT 220,Cataluña,Tarragona,Puigpelat,220.0,41.283296607233,1.2914009545894,fotovoltaica,Con permisos,RdD,51.0,57.0
13098.0,PUIGPELAT 220,Cataluña,Tarragona,Puigpelat,220.0,41.283296607233,1.2914009545894,fotovoltaica,Con permisos,RdT,84.0,84.0
13098.0,PUIGPELAT 220,Cataluña,Tarragona,Puigpelat,220.0,41.283296607233,1.2914009545894,fotovoltaica,Puesta en servicio,RdD,6.85,6.85
13098.0,PUIGPELAT 220,Cataluña,Tarragona,Puigpelat,220.0,41.283296607233,1.2914009545894,fotovoltaica,Puesta en servicio,RdT,,
6801.0,BELLICENS 220,Cataluña,Tarragona,Reus,220.0,41.115479389464,1.1637218875753,almacenamiento,Con permisos,RdD,31.0,31.0
6801.0,BELLICENS 220,Cataluña,Tarragona,Reus,220.0,41.115479389464,1.1637218875753,almacenamiento,Con permisos,RdT,,
6801.0,BELLICENS 220,Cataluña,Tarragona,Reus,220.0,41.115479389464,1.1637218875753,almacenamiento,En curso,RdD,,
6801.0,BELLICENS 220,Cataluña,Tarragona,Reus,220.0,41.115479389464,1.1637218875753,almacenamiento,En curso,RdT,156.3,160.0
6801.0,BELLICENS 220,Cataluña,Tarragona,Reus,220.0,41.115479389464,1.1637218875753,fotovoltaica,Con permisos,RdD,62.0,65.0
6801.0,BELLICENS 220,Cataluña,Tarragona,Reus,220.0,41.115479389464,1.1637218875753,fotovoltaica,Con permisos,RdT,,
6801.0,BELLICENS 220,Cataluña,Tarragona,Reus,220.0,41.115479389464,1.1637218875753,otras,Puesta en servicio,RdD,28.2,28.2
6801.0,BELLICENS 220,Cataluña,Tarragona,Reus,220.0,41.115479389464,1.1637218875753,otras,Puesta en servicio,RdT,417.0,416.99
13172.0,RIBA-ROJA 220,Cataluña,Tarragona,Riba-roja d'Ebre,220.0,41.242226859147,0.43085864397501,eolica,Con permisos,RdD,3.0,3.0
13172.0,RIBA-ROJA 220,Cataluña,Tarragona,Riba-roja d'Ebre,220.0,41.242226859147,0.43085864397501,eolica,Con permisos,RdT,,11.0
13172.0,RIBA-ROJA 220,Cataluña,Tarragona,Riba-roja d'Ebre,220.0,41.242226859147,0.43085864397501,eolica,Puesta en servicio,RdD,,
13172.0,RIBA-ROJA 220,Cataluña,Tarragona,Riba-roja d'Ebre,220.0,41.242226859147,0.43085864397501,eolica,Puesta en servicio,RdT,205.1,280.0
13172.0,RIBA-ROJA 220,Cataluña,Tarragona,Riba-roja d'Ebre,220.0,41.242226859147,0.43085864397501,fotovoltaica,Con permisos,RdD,23.0,28.0
13172.0,RIBA-ROJA 220,Cataluña,Tarragona,Riba-roja d'Ebre,220.0,41.242226859147,0.43085864397501,fotovoltaica,Con permisos,RdT,41.0,75.0
13172.0,RIBA-ROJA 220,Cataluña,Tarragona,Riba-roja d'Ebre,220.0,41.242226859147,0.43085864397501,hibridacion,Puesta en servicio,RdD,,
13172.0,RIBA-ROJA 220,Cataluña,Tarragona,Riba-roja d'Ebre,220.0,41.242226859147,0.43085864397501,hibridacion,Puesta en servicio,RdT,74.9,
13172.0,RIBA-ROJA 220,Cataluña,Tarragona,Riba-roja d'Ebre,220.0,41.242226859147,0.43085864397501,hidraulica,Puesta en servicio,RdD,,
13172.0,RIBA-ROJA 220,Cataluña,Tarragona,Riba-roja d'Ebre,220.0,41.242226859147,0.43085864397501,hidraulica,Puesta en servicio,RdT,261.8,261.28
12898.0,LA SELVA 220,Cataluña,Tarragona,"Selva del Camp, La",220.0,41.209396002279,1.1504113505838,almacenamiento,Con permisos,RdD,9.0,9.0
12898.0,LA SELVA 220,Cataluña,Tarragona,"Selva del Camp, La",220.0,41.209396002279,1.1504113505838,almacenamiento,Con permisos,RdT,,
12898.0,LA SELVA 220,Cataluña,Tarragona,"Selva del Camp, La",220.0,41.209396002279,1.1504113505838,fotovoltaica,Con permisos,RdD,58.0,62.0
12898.0,LA SELVA 220,Cataluña,Tarragona,"Selva del Camp, La",220.0,41.209396002279,1.1504113505838,fotovoltaica,Con permisos,RdT,,
12898.0,LA SELVA 220,Cataluña,Tarragona,"Selva del Camp, La",220.0,41.209396002279,1.1504113505838,fotovoltaica,En curso,RdD,7.0,8.1
12898.0,LA SELVA 220,Cataluña,Tarragona,"Selva del Camp, La",220.0,41.209396002279,1.1504113505838,fotovoltaica,En curso,RdT,,
6840.0,TARRAGONA 220,Cataluña,Tarragona,Tarragona,220.0,41.113661454395,1.1981487642863,almacenamiento,Con permisos,RdD,15.0,15.0
6840.0,TARRAGONA 220,Cataluña,Tarragona,Tarragona,220.0,41.113661454395,1.1981487642863,almacenamiento,Con permisos,RdT,,
6840.0,TARRAGONA 220,Cataluña,Tarragona,Tarragona,220.0,41.113661454395,1.1981487642863,fotovoltaica,Con permisos,RdD,137.0,152.0
6840.0,TARRAGONA 220,Cataluña,Tarragona,Tarragona,220.0,41.113661454395,1.1981487642863,fotovoltaica,Con permisos,RdT,,
6840.0,TARRAGONA 220,Cataluña,Tarragona,Tarragona,220.0,41.113661454395,1.1981487642863,fotovoltaica,En curso,RdD,,
6840.0,TARRAGONA 220,Cataluña,Tarragona,Tarragona,220.0,41.113661454395,1.1981487642863,fotovoltaica,En curso,RdT,51.0,51.0
6840.0,TARRAGONA 220,Cataluña,Tarragona,Tarragona,220.0,41.113661454395,1.1981487642863,fotovoltaica,Puesta en servicio,RdD,14.25,14.96
6840.0,TARRAGONA 220,Cataluña,Tarragona,Tarragona,220.0,41.113661454395,1.1981487642863,fotovoltaica,Puesta en servicio,RdT,,
6840.0,TARRAGONA 220,Cataluña,Tarragona,Tarragona,220.0,41.113661454395,1.1981487642863,otras,Con permisos,RdD,,
6840.0,TARRAGONA 220,Cataluña,Tarragona,Tarragona,220.0,41.113661454395,1.1981487642863,otras,Con permisos,RdT,13.0,13.0
6840.0,TARRAGONA 220,Cataluña,Tarragona,Tarragona,220.0,41.113661454395,1.1981487642863,otras,Puesta en servicio,RdD,38.19,38.19
6840.0,TARRAGONA 220,Cataluña,Tarragona,Tarragona,220.0,41.113661454395,1.1981487642863,otras,Puesta en servicio,RdT,,
12713.0,CONSTANTI 220,Cataluña,Tarragona,Tarragona,220.0,41.135661935806,1.2250543731795,almacenamiento,Con permisos,RdD,20.0,20.0
12713.0,CONSTANTI 220,Cataluña,Tarragona,Tarragona,220.0,41.135661935806,1.2250543731795,almacenamiento,Con permisos,RdT,,
12713.0,CONSTANTI 220,Cataluña,Tarragona,Tarragona,220.0,41.135661935806,1.2250543731795,fotovoltaica,Con permisos,RdD,40.0,45.0
12713.0,CONSTANTI 220,Cataluña,Tarragona,Tarragona,220.0,41.135661935806,1.2250543731795,fotovoltaica,Con permisos,RdT,,
12713.0,CONSTANTI 220,Cataluña,Tarragona,Tarragona,220.0,41.135661935806,1.2250543731795,fotovoltaica,En curso,RdD,,
12713.0,CONSTANTI 220,Cataluña,Tarragona,Tarragona,220.0,41.135661935806,1.2250543731795,fotovoltaica,En curso,RdT,53.0,53.0
12713.0,CONSTANTI 220,Cataluña,Tarragona,Tarragona,220.0,41.135661935806,1.2250543731795,fotovoltaica,Puesta en servicio,RdD,6.45,6.45
12713.0,CONSTANTI 220,Cataluña,Tarragona,Tarragona,220.0,41.135661935806,1.2250543731795,fotovoltaica,Puesta en servicio,RdT,,
12713.0,CONSTANTI 220,Cataluña,Tarragona,Tarragona,220.0,41.135661935806,1.2250543731795,otras,Con permisos,RdD,9.0,9.0
12713.0,CONSTANTI 220,Cataluña,Tarragona,Tarragona,220.0,41.135661935806,1.2250543731795,otras,Con permisos,RdT,,
12713.0,CONSTANTI 220,Cataluña,Tarragona,Tarragona,220.0,41.135661935806,1.2250543731795,otras,Puesta en servicio,RdD,8.61,8.61
12713.0,CONSTANTI 220,Cataluña,Tarragona,Tarragona,220.0,41.135661935806,1.2250543731795,otras,Puesta en servicio,RdT,,
6842.0,VANDELLOS 400,Cataluña,Tarragona,Vandellòs i l'Hospitalet de l'Infant,400.0,40.976425589731,0.87887404310383,eolica,Con permisos,RdD,,
6842.0,VANDELLOS 400,Cataluña,Tarragona,Vandellòs i l'Hospitalet de l'Infant,400.0,40.976425589731,0.87887404310383,eolica,Con permisos,RdT,93.0,93.0
6842.0,VANDELLOS 400,Cataluña,Tarragona,Vandellòs i l'Hospitalet de l'Infant,400.0,40.976425589731,0.87887404310383,eolica,Puesta en servicio,RdD,165.7,165.7
6842.0,VANDELLOS 400,Cataluña,Tarragona,Vandellòs i l'Hospitalet de l'Infant,400.0,40.976425589731,0.87887404310383,eolica,Puesta en servicio,RdT,,
6842.0,VANDELLOS 400,Cataluña,Tarragona,Vandellòs i l'Hospitalet de l'Infant,400.0,40.976425589731,0.87887404310383,fotovoltaica,Con permisos,RdD,29.0,35.0
6842.0,VANDELLOS 400,Cataluña,Tarragona,Vandellòs i l'Hospitalet de l'Infant,400.0,40.976425589731,0.87887404310383,fotovoltaica,Con permisos,RdT,,
6842.0,VANDELLOS 400,Cataluña,Tarragona,Vandellòs i l'Hospitalet de l'Infant,400.0,40.976425589731,0.87887404310383,fotovoltaica,Puesta en servicio,RdD,37.96,41.95
6842.0,VANDELLOS 400,Cataluña,Tarragona,Vandellòs i l'Hospitalet de l'Infant,400.0,40.976425589731,0.87887404310383,fotovoltaica,Puesta en servicio,RdT,,
6842.0,VANDELLOS 400,Cataluña,Tarragona,Vandellòs i l'Hospitalet de l'Infant,400.0,40.976425589731,0.87887404310383,otras,Puesta en servicio,RdD,47.58,47.58
6842.0,VANDELLOS 400,Cataluña,Tarragona,Vandellòs i l'Hospitalet de l'Infant,400.0,40.976425589731,0.87887404310383,otras,Puesta en servicio,RdT,1879.44,1879.44
12748.0,EL PALMERAL 220,Comunidad Valenciana,Alacant/Alicante,Alacant/Alicante,220.0,38.328615005903,-0.51933478719696,fotovoltaica,Con permisos,RdD,1.0,1.0
12748.0,EL PALMERAL 220,Comunidad Valenciana,Alacant/Alicante,Alacant/Alicante,220.0,38.328615005903,-0.51933478719696,fotovoltaica,Con permisos,RdT,169.0,196.0
6884.0,BENEJAMA 400,Comunidad Valenciana,Alacant/Alicante,Beneixama,400.0,38.71851728815,-0.72240992369758,eolica,Puesta en servicio,RdD,150.51,150.51
6884.0,BENEJAMA 400,Comunidad Valenciana,Alacant/Alicante,Beneixama,400.0,38.71851728815,-0.72240992369758,eolica,Puesta en servicio,RdT,,
6884.0,BENEJAMA 400,Comunidad Valenciana,Alacant/Alicante,Beneixama,400.0,38.71851728815,-0.72240992369758,fotovoltaica,Con permisos,RdD,408.0,460.0
6884.0,BENEJAMA 400,Comunidad Valenciana,Alacant/Alicante,Beneixama,400.0,38.71851728815,-0.72240992369758,fotovoltaica,Con permisos,RdT,,
6884.0,BENEJAMA 400,Comunidad Valenciana,Alacant/Alicante,Beneixama,400.0,38.71851728815,-0.72240992369758,fotovoltaica,Puesta en servicio,RdD,201.86,208.94
6884.0,BENEJAMA 400,Comunidad Valenciana,Alacant/Alicante,Beneixama,400.0,38.71851728815,-0.72240992369758,fotovoltaica,Puesta en servicio,RdT,,
6884.0,BENEJAMA 400,Comunidad Valenciana,Alacant/Alicante,Beneixama,400.0,38.71851728815,-0.72240992369758,otras,Puesta en servicio,RdD,28.29,28.29
6884.0,BENEJAMA 400,Comunidad Valenciana,Alacant/Alicante,Beneixama,400.0,38.71851728815,-0.72240992369758,otras,Puesta en servicio,RdT,,
6884.0,BENEJAMA 400,Comunidad Valenciana,Alacant/Alicante,Beneixama,400.0,38.71851728815,-0.72240992369758,termosolar,Puesta en servicio,RdD,49.9,49.9
6884.0,BENEJAMA 400,Comunidad Valenciana,Alacant/Alicante,Beneixama,400.0,38.71851728815,-0.72240992369758,termosolar,Puesta en servicio,RdT,,
12585.0,BENEJAMA 220,Comunidad Valenciana,Alacant/Alicante,Beneixama,220.0,38.71851728815,-0.72240992369758,fotovoltaica,Con permisos,RdD,,
12585.0,BENEJAMA 220,Comunidad Valenciana,Alacant/Alicante,Beneixama,220.0,38.71851728815,-0.72240992369758,fotovoltaica,Con permisos,RdT,54.0,65.0
6886.0,CASTALLA 220,Comunidad Valenciana,Alacant/Alicante,Castalla,220.0,38.595806505138,-0.72167982549947,almacenamiento,En curso,RdD,49.94,49.94
6886.0,CASTALLA 220,Comunidad Valenciana,Alacant/Alicante,Castalla,220.0,38.595806505138,-0.72167982549947,almacenamiento,En curso,RdT,,
6886.0,CASTALLA 220,Comunidad Valenciana,Alacant/Alicante,Castalla,220.0,38.595806505138,-0.72167982549947,fotovoltaica,Con permisos,RdD,3.0,3.0
6886.0,CASTALLA 220,Comunidad Valenciana,Alacant/Alicante,Castalla,220.0,38.595806505138,-0.72167982549947,fotovoltaica,Con permisos,RdT,90.0,99.0
6886.0,CASTALLA 220,Comunidad Valenciana,Alacant/Alicante,Castalla,220.0,38.595806505138,-0.72167982549947,fotovoltaica,En curso,RdD,50.0,58.05
6886.0,CASTALLA 220,Comunidad Valenciana,Alacant/Alicante,Castalla,220.0,38.595806505138,-0.72167982549947,fotovoltaica,En curso,RdT,,
12737.0,ELCHE 220,Comunidad Valenciana,Alacant/Alicante,Elx/Elche,220.0,38.264477599114,-0.63618340931367,fotovoltaica,Con permisos,RdD,66.0,66.0
12737.0,ELCHE 220,Comunidad Valenciana,Alacant/Alicante,Elx/Elche,220.0,38.264477599114,-0.63618340931367,fotovoltaica,Con permisos,RdT,,
12737.0,ELCHE 220,Comunidad Valenciana,Alacant/Alicante,Elx/Elche,220.0,38.264477599114,-0.63618340931367,fotovoltaica,En curso,RdD,9.0,12.78
12737.0,ELCHE 220,Comunidad Valenciana,Alacant/Alicante,Elx/Elche,220.0,38.264477599114,-0.63618340931367,fotovoltaica,En curso,RdT,,
13193.0,SALADAS 220,Comunidad Valenciana,Alacant/Alicante,Elx/Elche,220.0,38.299206090839,-0.62029360379254,fotovoltaica,Con permisos,RdD,43.0,46.0
13193.0,SALADAS 220,Comunidad Valenciana,Alacant/Alicante,Elx/Elche,220.0,38.299206090839,-0.62029360379254,fotovoltaica,Con permisos,RdT,,
13177.0,ROCAMORA 400,Comunidad Valenciana,Alacant/Alicante,Granja de Rocamora,400.0,38.148729281791,-0.94656720314703,almacenamiento,Con permisos,RdD,,3.0
13177.0,ROCAMORA 400,Comunidad Valenciana,Alacant/Alicante,Granja de Rocamora,400.0,38.148729281791,-0.94656720314703,almacenamiento,Con permisos,RdT,,
13177.0,ROCAMORA 400,Comunidad Valenciana,Alacant/Alicante,Granja de Rocamora,400.0,38.148729281791,-0.94656720314703,eolica,Puesta en servicio,RdD,7.64,7.64
13177.0,ROCAMORA 400,Comunidad Valenciana,Alacant/Alicante,Granja de Rocamora,400.0,38.148729281791,-0.94656720314703,eolica,Puesta en servicio,RdT,,
13177.0,ROCAMORA 400,Comunidad Valenciana,Alacant/Alicante,Granja de Rocamora,400.0,38.148729281791,-0.94656720314703,fotovoltaica,Con permisos,RdD,239.0,264.0
13177.0,ROCAMORA 400,Comunidad Valenciana,Alacant/Alicante,Granja de Rocamora,400.0,38.148729281791,-0.94656720314703,fotovoltaica,Con permisos,RdT,,
13177.0,ROCAMORA 400,Comunidad Valenciana,Alacant/Alicante,Granja de Rocamora,400.0,38.148729281791,-0.94656720314703,fotovoltaica,Puesta en servicio,RdD,324.02,342.71
13177.0,ROCAMORA 400,Comunidad Valenciana,Alacant/Alicante,Granja de Rocamora,400.0,38.148729281791,-0.94656720314703,fotovoltaica,Puesta en servicio,RdT,,
13177.0,ROCAMORA 400,Comunidad Valenciana,Alacant/Alicante,Granja de Rocamora,400.0,38.148729281791,-0.94656720314703,hibridacion,Con permisos,RdD,1.0,
13177.0,ROCAMORA 400,Comunidad Valenciana,Alacant/Alicante,Granja de Rocamora,400.0,38.148729281791,-0.94656720314703,hibridacion,Con permisos,RdT,,
13177.0,ROCAMORA 400,Comunidad Valenciana,Alacant/Alicante,Granja de Rocamora,400.0,38.148729281791,-0.94656720314703,hibridacion,Puesta en servicio,RdD,2.0,
13177.0,ROCAMORA 400,Comunidad Valenciana,Alacant/Alicante,Granja de Rocamora,400.0,38.148729281791,-0.94656720314703,hibridacion,Puesta en servicio,RdT,,
13177.0,ROCAMORA 400,Comunidad Valenciana,Alacant/Alicante,Granja de Rocamora,400.0,38.148729281791,-0.94656720314703,hidraulica,Puesta en servicio,RdD,9.09,9.09
13177.0,ROCAMORA 400,Comunidad Valenciana,Alacant/Alicante,Granja de Rocamora,400.0,38.148729281791,-0.94656720314703,hidraulica,Puesta en servicio,RdT,,
13177.0,ROCAMORA 400,Comunidad Valenciana,Alacant/Alicante,Granja de Rocamora,400.0,38.148729281791,-0.94656720314703,otras,Puesta en servicio,RdD,11.28,11.28
13177.0,ROCAMORA 400,Comunidad Valenciana,Alacant/Alicante,Granja de Rocamora,400.0,38.148729281791,-0.94656720314703,otras,Puesta en servicio,RdT,,
13177.0,ROCAMORA 400,Comunidad Valenciana,Alacant/Alicante,Granja de Rocamora,400.0,38.148729281791,-0.94656720314703,termosolar,Puesta en servicio,RdD,31.4,31.4
13177.0,ROCAMORA 400,Comunidad Valenciana,Alacant/Alicante,Granja de Rocamora,400.0,38.148729281791,-0.94656720314703,termosolar,Puesta en servicio,RdT,,
13012.0,NOVELDA 220,Comunidad Valenciana,Alacant/Alicante,Novelda,220.0,38.374469134798,-0.75687023493314,fotovoltaica,Con permisos,RdD,1.0,1.0
13012.0,NOVELDA 220,Comunidad Valenciana,Alacant/Alicante,Novelda,220.0,38.374469134798,-0.75687023493314,fotovoltaica,Con permisos,RdT,207.0,253.0
13012.0,NOVELDA 220,Comunidad Valenciana,Alacant/Alicante,Novelda,220.0,38.374469134798,-0.75687023493314,fotovoltaica,En curso,RdD,15.0,34.97
13012.0,NOVELDA 220,Comunidad Valenciana,Alacant/Alicante,Novelda,220.0,38.374469134798,-0.75687023493314,fotovoltaica,En curso,RdT,,
12983.0,MONTEBELLO 220,Comunidad Valenciana,Alacant/Alicante,"Nucia, la",220.0,38.596046394971,-0.13948249034504,fotovoltaica,Con permisos,RdD,4.0,4.0
12983.0,MONTEBELLO 220,Comunidad Valenciana,Alacant/Alicante,"Nucia, la",220.0,38.596046394971,-0.13948249034504,fotovoltaica,Con permisos,RdT,,
12983.0,MONTEBELLO 220,Comunidad Valenciana,Alacant/Alicante,"Nucia, la",220.0,38.596046394971,-0.13948249034504,otras,Puesta en servicio,RdD,2.44,2.44
12983.0,MONTEBELLO 220,Comunidad Valenciana,Alacant/Alicante,"Nucia, la",220.0,38.596046394971,-0.13948249034504,otras,Puesta en servicio,RdT,,
13403.0,EL PETREL 220,Comunidad Valenciana,Alacant/Alicante,Petrer,220.0,38.438733616325,-0.7821292264617,fotovoltaica,Con permisos,RdD,199.0,240.0
13403.0,EL PETREL 220,Comunidad Valenciana,Alacant/Alicante,Petrer,220.0,38.438733616325,-0.7821292264617,fotovoltaica,Con permisos,RdT,,
13403.0,EL PETREL 220,Comunidad Valenciana,Alacant/Alicante,Petrer,220.0,38.438733616325,-0.7821292264617,fotovoltaica,Puesta en servicio,RdD,45.57,46.27
13403.0,EL PETREL 220,Comunidad Valenciana,Alacant/Alicante,Petrer,220.0,38.438733616325,-0.7821292264617,fotovoltaica,Puesta en servicio,RdT,,
13403.0,EL PETREL 220,Comunidad Valenciana,Alacant/Alicante,Petrer,220.0,38.438733616325,-0.7821292264617,otras,Puesta en servicio,RdD,9.17,9.17
13403.0,EL PETREL 220,Comunidad Valenciana,Alacant/Alicante,Petrer,220.0,38.438733616325,-0.7821292264617,otras,Puesta en servicio,RdT,,
6885.0,CAMPOAMOR 220,Comunidad Valenciana,Alacant/Alicante,Pilar de la Horadada,220.0,37.907177040756,-0.78393977593399,fotovoltaica,Con permisos,RdD,61.0,71.0
6885.0,CAMPOAMOR 220,Comunidad Valenciana,Alacant/Alicante,Pilar de la Horadada,220.0,37.907177040756,-0.78393977593399,fotovoltaica,Con permisos,RdT,,
6885.0,CAMPOAMOR 220,Comunidad Valenciana,Alacant/Alicante,Pilar de la Horadada,220.0,37.907177040756,-0.78393977593399,fotovoltaica,En curso,RdD,7.0,8.4
6885.0,CAMPOAMOR 220,Comunidad Valenciana,Alacant/Alicante,Pilar de la Horadada,220.0,37.907177040756,-0.78393977593399,fotovoltaica,En curso,RdT,,
6885.0,CAMPOAMOR 220,Comunidad Valenciana,Alacant/Alicante,Pilar de la Horadada,220.0,37.907177040756,-0.78393977593399,fotovoltaica,Puesta en servicio,RdD,2.0,2.0
6885.0,CAMPOAMOR 220,Comunidad Valenciana,Alacant/Alicante,Pilar de la Horadada,220.0,37.907177040756,-0.78393977593399,fotovoltaica,Puesta en servicio,RdT,,
13179.0,ROJALES 220,Comunidad Valenciana,Alacant/Alicante,Rojales,220.0,38.056319114644,-0.73654208081411,fotovoltaica,Con permisos,RdD,62.0,62.0
13179.0,ROJALES 220,Comunidad Valenciana,Alacant/Alicante,Rojales,220.0,38.056319114644,-0.73654208081411,fotovoltaica,Con permisos,RdT,,
13179.0,ROJALES 220,Comunidad Valenciana,Alacant/Alicante,Rojales,220.0,38.056319114644,-0.73654208081411,fotovoltaica,En curso,RdD,24.0,25.59
13179.0,ROJALES 220,Comunidad Valenciana,Alacant/Alicante,Rojales,220.0,38.056319114644,-0.73654208081411,fotovoltaica,En curso,RdT,,
13211.0,SAN MIGUEL DE SALINAS 220,Comunidad Valenciana,Alacant/Alicante,San Miguel de Salinas,220.0,38.000277714059,-0.76532022921344,almacenamiento,En curso,RdD,15.0,15.75
13211.0,SAN MIGUEL DE SALINAS 220,Comunidad Valenciana,Alacant/Alicante,San Miguel de Salinas,220.0,38.000277714059,-0.76532022921344,almacenamiento,En curso,RdT,,
13211.0,SAN MIGUEL DE SALINAS 220,Comunidad Valenciana,Alacant/Alicante,San Miguel de Salinas,220.0,38.000277714059,-0.76532022921344,fotovoltaica,Con permisos,RdD,18.0,22.0
13211.0,SAN MIGUEL DE SALINAS 220,Comunidad Valenciana,Alacant/Alicante,San Miguel de Salinas,220.0,38.000277714059,-0.76532022921344,fotovoltaica,Con permisos,RdT,,
13211.0,SAN MIGUEL DE SALINAS 220,Comunidad Valenciana,Alacant/Alicante,San Miguel de Salinas,220.0,38.000277714059,-0.76532022921344,fotovoltaica,En curso,RdD,30.0,30.0
13211.0,SAN MIGUEL DE SALINAS 220,Comunidad Valenciana,Alacant/Alicante,San Miguel de Salinas,220.0,38.000277714059,-0.76532022921344,fotovoltaica,En curso,RdT,,
12734.0,EL CANTALAR 220,Comunidad Valenciana,Alacant/Alicante,Sant Joan d'Alacant,220.0,38.424545571298,-0.42065691303463,fotovoltaica,Con permisos,RdD,16.0,16.0
12734.0,EL CANTALAR 220,Comunidad Valenciana,Alacant/Alicante,Sant Joan d'Alacant,220.0,38.424545571298,-0.42065691303463,fotovoltaica,Con permisos,RdT,154.0,165.0
12734.0,EL CANTALAR 220,Comunidad Valenciana,Alacant/Alicante,Sant Joan d'Alacant,220.0,38.424545571298,-0.42065691303463,otras,Puesta en servicio,RdD,7.49,7.49
12734.0,EL CANTALAR 220,Comunidad Valenciana,Alacant/Alicante,Sant Joan d'Alacant,220.0,38.424545571298,-0.42065691303463,otras,Puesta en servicio,RdT,,
6909.0,SAN VICENTE 220,Comunidad Valenciana,Alacant/Alicante,Sant Vicent del Raspeig/San Vicente del Raspeig,220.0,38.396972874289,-0.5384435524695,fotovoltaica,Con permisos,RdD,225.0,237.0
6909.0,SAN VICENTE 220,Comunidad Valenciana,Alacant/Alicante,Sant Vicent del Raspeig/San Vicente del Raspeig,220.0,38.396972874289,-0.5384435524695,fotovoltaica,Con permisos,RdT,,
6909.0,SAN VICENTE 220,Comunidad Valenciana,Alacant/Alicante,Sant Vicent del Raspeig/San Vicente del Raspeig,220.0,38.396972874289,-0.5384435524695,fotovoltaica,Puesta en servicio,RdD,1.12,1.12
6909.0,SAN VICENTE 220,Comunidad Valenciana,Alacant/Alicante,Sant Vicent del Raspeig/San Vicente del Raspeig,220.0,38.396972874289,-0.5384435524695,fotovoltaica,Puesta en servicio,RdT,,
6909.0,SAN VICENTE 220,Comunidad Valenciana,Alacant/Alicante,Sant Vicent del Raspeig/San Vicente del Raspeig,220.0,38.396972874289,-0.5384435524695,otras,Con permisos,RdD,1.0,1.0
6909.0,SAN VICENTE 220,Comunidad Valenciana,Alacant/Alicante,Sant Vicent del Raspeig/San Vicente del Raspeig,220.0,38.396972874289,-0.5384435524695,otras,Con permisos,RdT,,
6909.0,SAN VICENTE 220,Comunidad Valenciana,Alacant/Alicante,Sant Vicent del Raspeig/San Vicente del Raspeig,220.0,38.396972874289,-0.5384435524695,otras,Puesta en servicio,RdD,2.13,2.13
6909.0,SAN VICENTE 220,Comunidad Valenciana,Alacant/Alicante,Sant Vicent del Raspeig/San Vicente del Raspeig,220.0,38.396972874289,-0.5384435524695,otras,Puesta en servicio,RdT,,
7311.0,SANTA POLA 220,Comunidad Valenciana,Alacant/Alicante,Santa Pola,220.0,38.218614555674,-0.55518315406035,fotovoltaica,Con permisos,RdD,5.0,5.0
7311.0,SANTA POLA 220,Comunidad Valenciana,Alacant/Alicante,Santa Pola,220.0,38.218614555674,-0.55518315406035,fotovoltaica,Con permisos,RdT,,
7227.0,SAX 400,Comunidad Valenciana,Alacant/Alicante,Villena,400.0,38.56174407392,-0.86167141117865,almacenamiento,Con permisos,RdD,,
7227.0,SAX 400,Comunidad Valenciana,Alacant/Alicante,Villena,400.0,38.56174407392,-0.86167141117865,almacenamiento,Con permisos,RdT,,92.0
7227.0,SAX 400,Comunidad Valenciana,Alacant/Alicante,Villena,400.0,38.56174407392,-0.86167141117865,fotovoltaica,Con permisos,RdD,,
7227.0,SAX 400,Comunidad Valenciana,Alacant/Alicante,Villena,400.0,38.56174407392,-0.86167141117865,fotovoltaica,Con permisos,RdT,425.0,586.0
7227.0,SAX 400,Comunidad Valenciana,Alacant/Alicante,Villena,400.0,38.56174407392,-0.86167141117865,hibridacion,Con permisos,RdD,,
7227.0,SAX 400,Comunidad Valenciana,Alacant/Alicante,Villena,400.0,38.56174407392,-0.86167141117865,hibridacion,Con permisos,RdT,76.0,
12850.0,JIJONA 220,Comunidad Valenciana,Alacant/Alicante,Xixona/Jijona,220.0,38.492059474461,-0.4779219425158,fotovoltaica,Con permisos,RdD,288.0,345.0
12850.0,JIJONA 220,Comunidad Valenciana,Alacant/Alicante,Xixona/Jijona,220.0,38.492059474461,-0.4779219425158,fotovoltaica,Con permisos,RdT,,
12850.0,JIJONA 220,Comunidad Valenciana,Alacant/Alicante,Xixona/Jijona,220.0,38.492059474461,-0.4779219425158,fotovoltaica,Puesta en servicio,RdD,52.35,59.74
12850.0,JIJONA 220,Comunidad Valenciana,Alacant/Alicante,Xixona/Jijona,220.0,38.492059474461,-0.4779219425158,fotovoltaica,Puesta en servicio,RdT,,
12850.0,JIJONA 220,Comunidad Valenciana,Alacant/Alicante,Xixona/Jijona,220.0,38.492059474461,-0.4779219425158,otras,Puesta en servicio,RdD,25.3,25.3
12850.0,JIJONA 220,Comunidad Valenciana,Alacant/Alicante,Xixona/Jijona,220.0,38.492059474461,-0.4779219425158,otras,Puesta en servicio,RdT,,
12887.0,LA PLANA 220,Comunidad Valenciana,Castelló/Castellón,Almassora,220.0,39.967142523222,-0.097017137463582,almacenamiento,Con permisos,RdD,4.0,8.0
12887.0,LA PLANA 220,Comunidad Valenciana,Castelló/Castellón,Almassora,220.0,39.967142523222,-0.097017137463582,almacenamiento,Con permisos,RdT,,
12887.0,LA PLANA 220,Comunidad Valenciana,Castelló/Castellón,Almassora,220.0,39.967142523222,-0.097017137463582,eolica,Con permisos,RdD,110.0,110.0
12887.0,LA PLANA 220,Comunidad Valenciana,Castelló/Castellón,Almassora,220.0,39.967142523222,-0.097017137463582,eolica,Con permisos,RdT,,
12887.0,LA PLANA 220,Comunidad Valenciana,Castelló/Castellón,Almassora,220.0,39.967142523222,-0.097017137463582,fotovoltaica,Con permisos,RdD,130.0,162.0
12887.0,LA PLANA 220,Comunidad Valenciana,Castelló/Castellón,Almassora,220.0,39.967142523222,-0.097017137463582,fotovoltaica,Con permisos,RdT,,
12887.0,LA PLANA 220,Comunidad Valenciana,Castelló/Castellón,Almassora,220.0,39.967142523222,-0.097017137463582,fotovoltaica,Puesta en servicio,RdD,45.28,43.1
12887.0,LA PLANA 220,Comunidad Valenciana,Castelló/Castellón,Almassora,220.0,39.967142523222,-0.097017137463582,fotovoltaica,Puesta en servicio,RdT,,
12887.0,LA PLANA 220,Comunidad Valenciana,Castelló/Castellón,Almassora,220.0,39.967142523222,-0.097017137463582,hidraulica,Con permisos,RdD,5.0,5.0
12887.0,LA PLANA 220,Comunidad Valenciana,Castelló/Castellón,Almassora,220.0,39.967142523222,-0.097017137463582,hidraulica,Con permisos,RdT,,
12887.0,LA PLANA 220,Comunidad Valenciana,Castelló/Castellón,Almassora,220.0,39.967142523222,-0.097017137463582,otras,Con permisos,RdD,16.0,16.0
12887.0,LA PLANA 220,Comunidad Valenciana,Castelló/Castellón,Almassora,220.0,39.967142523222,-0.097017137463582,otras,Con permisos,RdT,,
12887.0,LA PLANA 220,Comunidad Valenciana,Castelló/Castellón,Almassora,220.0,39.967142523222,-0.097017137463582,otras,Puesta en servicio,RdD,245.28,245.28
12887.0,LA PLANA 220,Comunidad Valenciana,Castelló/Castellón,Almassora,220.0,39.967142523222,-0.097017137463582,otras,Puesta en servicio,RdT,,
12888.0,LA PLANA 400,Comunidad Valenciana,Castelló/Castellón,Almassora,400.0,39.967142523222,-0.097017137463582,almacenamiento,En curso,RdD,50.0,50.0
12888.0,LA PLANA 400,Comunidad Valenciana,Castelló/Castellón,Almassora,400.0,39.967142523222,-0.097017137463582,almacenamiento,En curso,RdT,,
12888.0,LA PLANA 400,Comunidad Valenciana,Castelló/Castellón,Almassora,400.0,39.967142523222,-0.097017137463582,eolica,Con permisos,RdD,50.0,50.0
12888.0,LA PLANA 400,Comunidad Valenciana,Castelló/Castellón,Almassora,400.0,39.967142523222,-0.097017137463582,eolica,Con permisos,RdT,,
12888.0,LA PLANA 400,Comunidad Valenciana,Castelló/Castellón,Almassora,400.0,39.967142523222,-0.097017137463582,eolica,En curso,RdD,162.0,176.0
12888.0,LA PLANA 400,Comunidad Valenciana,Castelló/Castellón,Almassora,400.0,39.967142523222,-0.097017137463582,eolica,En curso,RdT,,
12888.0,LA PLANA 400,Comunidad Valenciana,Castelló/Castellón,Almassora,400.0,39.967142523222,-0.097017137463582,fotovoltaica,Con permisos,RdD,133.0,149.0
12888.0,LA PLANA 400,Comunidad Valenciana,Castelló/Castellón,Almassora,400.0,39.967142523222,-0.097017137463582,fotovoltaica,Con permisos,RdT,,
12888.0,LA PLANA 400,Comunidad Valenciana,Castelló/Castellón,Almassora,400.0,39.967142523222,-0.097017137463582,otras,Puesta en servicio,RdD,,
12888.0,LA PLANA 400,Comunidad Valenciana,Castelló/Castellón,Almassora,400.0,39.967142523222,-0.097017137463582,otras,Puesta en servicio,RdT,1621.55,1621.35
6882.0,BECHI 220,Comunidad Valenciana,Castelló/Castellón,Betxí,220.0,39.927903695748,-0.17816604402787,almacenamiento,Con permisos,RdD,,
6882.0,BECHI 220,Comunidad Valenciana,Castelló/Castellón,Betxí,220.0,39.927903695748,-0.17816604402787,almacenamiento,Con permisos,RdT,100.0,103.0
6882.0,BECHI 220,Comunidad Valenciana,Castelló/Castellón,Betxí,220.0,39.927903695748,-0.17816604402787,almacenamiento,En curso,RdD,49.54,49.54
6882.0,BECHI 220,Comunidad Valenciana,Castelló/Castellón,Betxí,220.0,39.927903695748,-0.17816604402787,almacenamiento,En curso,RdT,40.0,40.0
6882.0,BECHI 220,Comunidad Valenciana,Castelló/Castellón,Betxí,220.0,39.927903695748,-0.17816604402787,fotovoltaica,Con permisos,RdD,,
6882.0,BECHI 220,Comunidad Valenciana,Castelló/Castellón,Betxí,220.0,39.927903695748,-0.17816604402787,fotovoltaica,Con permisos,RdT,177.0,199.0
6882.0,BECHI 220,Comunidad Valenciana,Castelló/Castellón,Betxí,220.0,39.927903695748,-0.17816604402787,fotovoltaica,En curso,RdD,,
6882.0,BECHI 220,Comunidad Valenciana,Castelló/Castellón,Betxí,220.0,39.927903695748,-0.17816604402787,fotovoltaica,En curso,RdT,40.0,40.0
6882.0,BECHI 220,Comunidad Valenciana,Castelló/Castellón,Betxí,220.0,39.927903695748,-0.17816604402787,fotovoltaica,Puesta en servicio,RdD,2.3,2.3
6882.0,BECHI 220,Comunidad Valenciana,Castelló/Castellón,Betxí,220.0,39.927903695748,-0.17816604402787,fotovoltaica,Puesta en servicio,RdT,,
6883.0,BENADRESA 220,Comunidad Valenciana,Castelló/Castellón,Castelló de la Plana/Castellón de la Plana,220.0,40.003586958349,-0.086296146298449,fotovoltaica,Con permisos,RdD,3.0,3.0
6883.0,BENADRESA 220,Comunidad Valenciana,Castelló/Castellón,Castelló de la Plana/Castellón de la Plana,220.0,40.003586958349,-0.086296146298449,fotovoltaica,Con permisos,RdT,,
12844.0,INGENIO 220,Comunidad Valenciana,Castelló/Castellón,Castelló de la Plana/Castellón de la Plana,220.0,39.978398954186,-0.015446040714348,almacenamiento,Con permisos,RdD,10.0,10.0
12844.0,INGENIO 220,Comunidad Valenciana,Castelló/Castellón,Castelló de la Plana/Castellón de la Plana,220.0,39.978398954186,-0.015446040714348,almacenamiento,Con permisos,RdT,,
12844.0,INGENIO 220,Comunidad Valenciana,Castelló/Castellón,Castelló de la Plana/Castellón de la Plana,220.0,39.978398954186,-0.015446040714348,fotovoltaica,Con permisos,RdD,22.0,22.0
12844.0,INGENIO 220,Comunidad Valenciana,Castelló/Castellón,Castelló de la Plana/Castellón de la Plana,220.0,39.978398954186,-0.015446040714348,fotovoltaica,Con permisos,RdT,,
12844.0,INGENIO 220,Comunidad Valenciana,Castelló/Castellón,Castelló de la Plana/Castellón de la Plana,220.0,39.978398954186,-0.015446040714348,fotovoltaica,Puesta en servicio,RdD,22.94,23.58
12844.0,INGENIO 220,Comunidad Valenciana,Castelló/Castellón,Castelló de la Plana/Castellón de la Plana,220.0,39.978398954186,-0.015446040714348,fotovoltaica,Puesta en servicio,RdT,,
12844.0,INGENIO 220,Comunidad Valenciana,Castelló/Castellón,Castelló de la Plana/Castellón de la Plana,220.0,39.978398954186,-0.015446040714348,otras,Puesta en servicio,RdD,88.72,88.72
12844.0,INGENIO 220,Comunidad Valenciana,Castelló/Castellón,Castelló de la Plana/Castellón de la Plana,220.0,39.978398954186,-0.015446040714348,otras,Puesta en servicio,RdT,,
12996.0,MORELLA 400,Comunidad Valenciana,Castelló/Castellón,Morella,400.0,40.611191824783,-0.19517789983442,eolica,Con permisos,RdD,,
12996.0,MORELLA 400,Comunidad Valenciana,Castelló/Castellón,Morella,400.0,40.611191824783,-0.19517789983442,eolica,Con permisos,RdT,823.0,854.0
12996.0,MORELLA 400,Comunidad Valenciana,Castelló/Castellón,Morella,400.0,40.611191824783,-0.19517789983442,eolica,Puesta en servicio,RdD,,
12996.0,MORELLA 400,Comunidad Valenciana,Castelló/Castellón,Morella,400.0,40.611191824783,-0.19517789983442,eolica,Puesta en servicio,RdT,394.5,394.5
12996.0,MORELLA 400,Comunidad Valenciana,Castelló/Castellón,Morella,400.0,40.611191824783,-0.19517789983442,fotovoltaica,Con permisos,RdD,,
12996.0,MORELLA 400,Comunidad Valenciana,Castelló/Castellón,Morella,400.0,40.611191824783,-0.19517789983442,fotovoltaica,Con permisos,RdT,162.0,196.0
12996.0,MORELLA 400,Comunidad Valenciana,Castelló/Castellón,Morella,400.0,40.611191824783,-0.19517789983442,otras,Puesta en servicio,RdD,8.47,8.47
12996.0,MORELLA 400,Comunidad Valenciana,Castelló/Castellón,Morella,400.0,40.611191824783,-0.19517789983442,otras,Puesta en servicio,RdT,,
6910.0,SEGORBE 220,Comunidad Valenciana,Castelló/Castellón,Segorbe,220.0,39.827343555904,-0.45658815480213,almacenamiento,En curso,RdD,5.33,15.0
6910.0,SEGORBE 220,Comunidad Valenciana,Castelló/Castellón,Segorbe,220.0,39.827343555904,-0.45658815480213,almacenamiento,En curso,RdT,100.0,100.0
6910.0,SEGORBE 220,Comunidad Valenciana,Castelló/Castellón,Segorbe,220.0,39.827343555904,-0.45658815480213,eolica,En curso,RdD,,
6910.0,SEGORBE 220,Comunidad Valenciana,Castelló/Castellón,Segorbe,220.0,39.827343555904,-0.45658815480213,eolica,En curso,RdT,302.4,302.4
6910.0,SEGORBE 220,Comunidad Valenciana,Castelló/Castellón,Segorbe,220.0,39.827343555904,-0.45658815480213,eolica,Puesta en servicio,RdD,,
6910.0,SEGORBE 220,Comunidad Valenciana,Castelló/Castellón,Segorbe,220.0,39.827343555904,-0.45658815480213,eolica,Puesta en servicio,RdT,138.0,196.3
6910.0,SEGORBE 220,Comunidad Valenciana,Castelló/Castellón,Segorbe,220.0,39.827343555904,-0.45658815480213,fotovoltaica,Con permisos,RdD,2.0,2.0
6910.0,SEGORBE 220,Comunidad Valenciana,Castelló/Castellón,Segorbe,220.0,39.827343555904,-0.45658815480213,fotovoltaica,Con permisos,RdT,,39.0
6910.0,SEGORBE 220,Comunidad Valenciana,Castelló/Castellón,Segorbe,220.0,39.827343555904,-0.45658815480213,fotovoltaica,Puesta en servicio,RdD,1.1,1.1
6910.0,SEGORBE 220,Comunidad Valenciana,Castelló/Castellón,Segorbe,220.0,39.827343555904,-0.45658815480213,fotovoltaica,Puesta en servicio,RdT,,
6910.0,SEGORBE 220,Comunidad Valenciana,Castelló/Castellón,Segorbe,220.0,39.827343555904,-0.45658815480213,hibridacion,Puesta en servicio,RdD,,
6910.0,SEGORBE 220,Comunidad Valenciana,Castelló/Castellón,Segorbe,220.0,39.827343555904,-0.45658815480213,hibridacion,Puesta en servicio,RdT,58.3,
6914.0,VALL D'UXO 220,Comunidad Valenciana,Castelló/Castellón,"Vall d'Uixó, la",220.0,39.793459873683,-0.22122464298186,almacenamiento,Con permisos,RdD,,
6914.0,VALL D'UXO 220,Comunidad Valenciana,Castelló/Castellón,"Vall d'Uixó, la",220.0,39.793459873683,-0.22122464298186,almacenamiento,Con permisos,RdT,165.0,171.0
6914.0,VALL D'UXO 220,Comunidad Valenciana,Castelló/Castellón,"Vall d'Uixó, la",220.0,39.793459873683,-0.22122464298186,almacenamiento,En curso,RdD,,
6914.0,VALL D'UXO 220,Comunidad Valenciana,Castelló/Castellón,"Vall d'Uixó, la",220.0,39.793459873683,-0.22122464298186,almacenamiento,En curso,RdT,99.8,99.8
6914.0,VALL D'UXO 220,Comunidad Valenciana,Castelló/Castellón,"Vall d'Uixó, la",220.0,39.793459873683,-0.22122464298186,fotovoltaica,Con permisos,RdD,3.0,3.0
6914.0,VALL D'UXO 220,Comunidad Valenciana,Castelló/Castellón,"Vall d'Uixó, la",220.0,39.793459873683,-0.22122464298186,fotovoltaica,Con permisos,RdT,,
6914.0,VALL D'UXO 220,Comunidad Valenciana,Castelló/Castellón,"Vall d'Uixó, la",220.0,39.793459873683,-0.22122464298186,fotovoltaica,En curso,RdD,,
6914.0,VALL D'UXO 220,Comunidad Valenciana,Castelló/Castellón,"Vall d'Uixó, la",220.0,39.793459873683,-0.22122464298186,fotovoltaica,En curso,RdT,20.0,20.0
6914.0,VALL D'UXO 220,Comunidad Valenciana,Castelló/Castellón,"Vall d'Uixó, la",220.0,39.793459873683,-0.22122464298186,fotovoltaica,Puesta en servicio,RdD,1.6,1.6
6914.0,VALL D'UXO 220,Comunidad Valenciana,Castelló/Castellón,"Vall d'Uixó, la",220.0,39.793459873683,-0.22122464298186,fotovoltaica,Puesta en servicio,RdT,,
6914.0,VALL D'UXO 220,Comunidad Valenciana,Castelló/Castellón,"Vall d'Uixó, la",220.0,39.793459873683,-0.22122464298186,otras,Puesta en servicio,RdD,2.08,2.08
6914.0,VALL D'UXO 220,Comunidad Valenciana,Castelló/Castellón,"Vall d'Uixó, la",220.0,39.793459873683,-0.22122464298186,otras,Puesta en servicio,RdT,,
6879.0,ALBAL 220,Comunidad Valenciana,València/Valencia,Albal,220.0,39.397601130562,-0.44520264812589,almacenamiento,En curso,RdD,8.99,9.99
6879.0,ALBAL 220,Comunidad Valenciana,València/Valencia,Albal,220.0,39.397601130562,-0.44520264812589,almacenamiento,En curso,RdT,,
6879.0,ALBAL 220,Comunidad Valenciana,València/Valencia,Albal,220.0,39.397601130562,-0.44520264812589,fotovoltaica,En curso,RdD,8.0,9.6
6879.0,ALBAL 220,Comunidad Valenciana,València/Valencia,Albal,220.0,39.397601130562,-0.44520264812589,fotovoltaica,En curso,RdT,,
6879.0,ALBAL 220,Comunidad Valenciana,València/Valencia,Albal,220.0,39.397601130562,-0.44520264812589,otras,Puesta en servicio,RdD,3.0,3.0
6879.0,ALBAL 220,Comunidad Valenciana,València/Valencia,Albal,220.0,39.397601130562,-0.44520264812589,otras,Puesta en servicio,RdT,,
13383.0,ALDAIA 220,Comunidad Valenciana,València/Valencia,Aldaia,220.0,39.451685901768,-0.50117123977785,almacenamiento,Con permisos,RdD,5.0,5.0
13383.0,ALDAIA 220,Comunidad Valenciana,València/Valencia,Aldaia,220.0,39.451685901768,-0.50117123977785,almacenamiento,Con permisos,RdT,,
13383.0,ALDAIA 220,Comunidad Valenciana,València/Valencia,Aldaia,220.0,39.451685901768,-0.50117123977785,almacenamiento,En curso,RdD,9.94,9.94
13383.0,ALDAIA 220,Comunidad Valenciana,València/Valencia,Aldaia,220.0,39.451685901768,-0.50117123977785,almacenamiento,En curso,RdT,,
13383.0,ALDAIA 220,Comunidad Valenciana,València/Valencia,Aldaia,220.0,39.451685901768,-0.50117123977785,fotovoltaica,Con permisos,RdD,13.0,13.0
13383.0,ALDAIA 220,Comunidad Valenciana,València/Valencia,Aldaia,220.0,39.451685901768,-0.50117123977785,fotovoltaica,Con permisos,RdT,,
13383.0,ALDAIA 220,Comunidad Valenciana,València/Valencia,Aldaia,220.0,39.451685901768,-0.50117123977785,otras,Puesta en servicio,RdD,1.94,1.94
13383.0,ALDAIA 220,Comunidad Valenciana,València/Valencia,Aldaia,220.0,39.451685901768,-0.50117123977785,otras,Puesta en servicio,RdT,,
6880.0,ALCIRA 220,Comunidad Valenciana,València/Valencia,Alzira,220.0,39.149431833935,-0.45790093740635,almacenamiento,En curso,RdD,93.88,103.79
6880.0,ALCIRA 220,Comunidad Valenciana,València/Valencia,Alzira,220.0,39.149431833935,-0.45790093740635,almacenamiento,En curso,RdT,,
6880.0,ALCIRA 220,Comunidad Valenciana,València/Valencia,Alzira,220.0,39.149431833935,-0.45790093740635,fotovoltaica,Con permisos,RdD,55.0,63.0
6880.0,ALCIRA 220,Comunidad Valenciana,València/Valencia,Alzira,220.0,39.149431833935,-0.45790093740635,fotovoltaica,Con permisos,RdT,,
6880.0,ALCIRA 220,Comunidad Valenciana,València/Valencia,Alzira,220.0,39.149431833935,-0.45790093740635,fotovoltaica,En curso,RdD,38.0,38.0
6880.0,ALCIRA 220,Comunidad Valenciana,València/Valencia,Alzira,220.0,39.149431833935,-0.45790093740635,fotovoltaica,En curso,RdT,,
6880.0,ALCIRA 220,Comunidad Valenciana,València/Valencia,Alzira,220.0,39.149431833935,-0.45790093740635,fotovoltaica,Puesta en servicio,RdD,2.85,2.85
6880.0,ALCIRA 220,Comunidad Valenciana,València/Valencia,Alzira,220.0,39.149431833935,-0.45790093740635,fotovoltaica,Puesta en servicio,RdT,,
6880.0,ALCIRA 220,Comunidad Valenciana,València/Valencia,Alzira,220.0,39.149431833935,-0.45790093740635,otras,Con permisos,RdD,20.0,20.0
6880.0,ALCIRA 220,Comunidad Valenciana,València/Valencia,Alzira,220.0,39.149431833935,-0.45790093740635,otras,Con permisos,RdT,,
6880.0,ALCIRA 220,Comunidad Valenciana,València/Valencia,Alzira,220.0,39.149431833935,-0.45790093740635,otras,Puesta en servicio,RdD,8.28,8.28
6880.0,ALCIRA 220,Comunidad Valenciana,València/Valencia,Alzira,220.0,39.149431833935,-0.45790093740635,otras,Puesta en servicio,RdT,,
6881.0,AYORA 400,Comunidad Valenciana,València/Valencia,Ayora,400.0,39.041322451422,-1.0075141216723,almacenamiento,Con permisos,RdD,,
6881.0,AYORA 400,Comunidad Valenciana,València/Valencia,Ayora,400.0,39.041322451422,-1.0075141216723,almacenamiento,Con permisos,RdT,,114.0
6881.0,AYORA 400,Comunidad Valenciana,València/Valencia,Ayora,400.0,39.041322451422,-1.0075141216723,eolica,Puesta en servicio,RdD,,
6881.0,AYORA 400,Comunidad Valenciana,València/Valencia,Ayora,400.0,39.041322451422,-1.0075141216723,eolica,Puesta en servicio,RdT,292.65,375.45
6881.0,AYORA 400,Comunidad Valenciana,València/Valencia,Ayora,400.0,39.041322451422,-1.0075141216723,fotovoltaica,Con permisos,RdD,,
6881.0,AYORA 400,Comunidad Valenciana,València/Valencia,Ayora,400.0,39.041322451422,-1.0075141216723,fotovoltaica,Con permisos,RdT,415.0,713.0
6881.0,AYORA 400,Comunidad Valenciana,València/Valencia,Ayora,400.0,39.041322451422,-1.0075141216723,fotovoltaica,Puesta en servicio,RdD,,
6881.0,AYORA 400,Comunidad Valenciana,València/Valencia,Ayora,400.0,39.041322451422,-1.0075141216723,fotovoltaica,Puesta en servicio,RdT,,83.49
6881.0,AYORA 400,Comunidad Valenciana,València/Valencia,Ayora,400.0,39.041322451422,-1.0075141216723,hibridacion,Con permisos,RdD,,
6881.0,AYORA 400,Comunidad Valenciana,València/Valencia,Ayora,400.0,39.041322451422,-1.0075141216723,hibridacion,Con permisos,RdT,167.0,
6881.0,AYORA 400,Comunidad Valenciana,València/Valencia,Ayora,400.0,39.041322451422,-1.0075141216723,hibridacion,Puesta en servicio,RdD,,
6881.0,AYORA 400,Comunidad Valenciana,València/Valencia,Ayora,400.0,39.041322451422,-1.0075141216723,hibridacion,Puesta en servicio,RdT,151.8,
12683.0,CATADAU 400,Comunidad Valenciana,València/Valencia,Catadau,400.0,39.250790076116,-0.56122630742218,almacenamiento,Con permisos,RdD,,
12683.0,CATADAU 400,Comunidad Valenciana,València/Valencia,Catadau,400.0,39.250790076116,-0.56122630742218,almacenamiento,Con permisos,RdT,,67.0
12683.0,CATADAU 400,Comunidad Valenciana,València/Valencia,Catadau,400.0,39.250790076116,-0.56122630742218,almacenamiento,En curso,RdD,,
12683.0,CATADAU 400,Comunidad Valenciana,València/Valencia,Catadau,400.0,39.250790076116,-0.56122630742218,almacenamiento,En curso,RdT,,67.2
12683.0,CATADAU 400,Comunidad Valenciana,València/Valencia,Catadau,400.0,39.250790076116,-0.56122630742218,eolica,Puesta en servicio,RdD,49.79,49.79
12683.0,CATADAU 400,Comunidad Valenciana,València/Valencia,Catadau,400.0,39.250790076116,-0.56122630742218,eolica,Puesta en servicio,RdT,,
12683.0,CATADAU 400,Comunidad Valenciana,València/Valencia,Catadau,400.0,39.250790076116,-0.56122630742218,fotovoltaica,Con permisos,RdD,234.0,269.0
12683.0,CATADAU 400,Comunidad Valenciana,València/Valencia,Catadau,400.0,39.250790076116,-0.56122630742218,fotovoltaica,Con permisos,RdT,,58.0
12683.0,CATADAU 400,Comunidad Valenciana,València/Valencia,Catadau,400.0,39.250790076116,-0.56122630742218,fotovoltaica,En curso,RdD,,
12683.0,CATADAU 400,Comunidad Valenciana,València/Valencia,Catadau,400.0,39.250790076116,-0.56122630742218,fotovoltaica,En curso,RdT,,58.97
12683.0,CATADAU 400,Comunidad Valenciana,València/Valencia,Catadau,400.0,39.250790076116,-0.56122630742218,fotovoltaica,Puesta en servicio,RdD,14.2,14.29
12683.0,CATADAU 400,Comunidad Valenciana,València/Valencia,Catadau,400.0,39.250790076116,-0.56122630742218,fotovoltaica,Puesta en servicio,RdT,,
12683.0,CATADAU 400,Comunidad Valenciana,València/Valencia,Catadau,400.0,39.250790076116,-0.56122630742218,hibridacion,Con permisos,RdD,,
12683.0,CATADAU 400,Comunidad Valenciana,València/Valencia,Catadau,400.0,39.250790076116,-0.56122630742218,hibridacion,Con permisos,RdT,50.0,
12683.0,CATADAU 400,Comunidad Valenciana,València/Valencia,Catadau,400.0,39.250790076116,-0.56122630742218,hibridacion,En curso,RdD,,
12683.0,CATADAU 400,Comunidad Valenciana,València/Valencia,Catadau,400.0,39.250790076116,-0.56122630742218,hibridacion,En curso,RdT,50.2,
12706.0,COFRENTES 400,Comunidad Valenciana,València/Valencia,Cofrentes,400.0,39.214112802888,-1.0546186102368,eolica,Con permisos,RdD,,
12706.0,COFRENTES 400,Comunidad Valenciana,València/Valencia,Cofrentes,400.0,39.214112802888,-1.0546186102368,eolica,Con permisos,RdT,,90.0
12706.0,COFRENTES 400,Comunidad Valenciana,València/Valencia,Cofrentes,400.0,39.214112802888,-1.0546186102368,fotovoltaica,Con permisos,RdD,,
12706.0,COFRENTES 400,Comunidad Valenciana,València/Valencia,Cofrentes,400.0,39.214112802888,-1.0546186102368,fotovoltaica,Con permisos,RdT,,309.0
12706.0,COFRENTES 400,Comunidad Valenciana,València/Valencia,Cofrentes,400.0,39.214112802888,-1.0546186102368,hibridacion,Con permisos,RdD,,
12706.0,COFRENTES 400,Comunidad Valenciana,València/Valencia,Cofrentes,400.0,39.214112802888,-1.0546186102368,hibridacion,Con permisos,RdT,298.0,
12706.0,COFRENTES 400,Comunidad Valenciana,València/Valencia,Cofrentes,400.0,39.214112802888,-1.0546186102368,hidraulica,Puesta en servicio,RdD,124.2,124.2
12706.0,COFRENTES 400,Comunidad Valenciana,València/Valencia,Cofrentes,400.0,39.214112802888,-1.0546186102368,hidraulica,Puesta en servicio,RdT,,
12706.0,COFRENTES 400,Comunidad Valenciana,València/Valencia,Cofrentes,400.0,39.214112802888,-1.0546186102368,otras,Puesta en servicio,RdD,,
12706.0,COFRENTES 400,Comunidad Valenciana,València/Valencia,Cofrentes,400.0,39.214112802888,-1.0546186102368,otras,Puesta en servicio,RdT,1025.4,1063.94
13324.0,MUELA 400,Comunidad Valenciana,València/Valencia,Cortes de Pallás,400.0,39.24385931028,-0.93157295435925,bombeo,Puesta en servicio,RdD,,
13324.0,MUELA 400,Comunidad Valenciana,València/Valencia,Cortes de Pallás,400.0,39.24385931028,-0.93157295435925,bombeo,Puesta en servicio,RdT,1536.45,1511.95
13324.0,MUELA 400,Comunidad Valenciana,València/Valencia,Cortes de Pallás,400.0,39.24385931028,-0.93157295435925,hidraulica,Puesta en servicio,RdD,,
13324.0,MUELA 400,Comunidad Valenciana,València/Valencia,Cortes de Pallás,400.0,39.24385931028,-0.93157295435925,hidraulica,Puesta en servicio,RdT,280.0,289.92
13321.0,ELIANA 400,Comunidad Valenciana,València/Valencia,"Eliana, l'",400.0,39.554873462091,-0.51082274165773,almacenamiento,En curso,RdD,94.84,109.78
13321.0,ELIANA 400,Comunidad Valenciana,València/Valencia,"Eliana, l'",400.0,39.554873462091,-0.51082274165773,almacenamiento,En curso,RdT,,
13321.0,ELIANA 400,Comunidad Valenciana,València/Valencia,"Eliana, l'",400.0,39.554873462091,-0.51082274165773,eolica,Puesta en servicio,RdD,226.99,226.99
13321.0,ELIANA 400,Comunidad Valenciana,València/Valencia,"Eliana, l'",400.0,39.554873462091,-0.51082274165773,eolica,Puesta en servicio,RdT,,
13321.0,ELIANA 400,Comunidad Valenciana,València/Valencia,"Eliana, l'",400.0,39.554873462091,-0.51082274165773,fotovoltaica,Con permisos,RdD,57.0,65.0
13321.0,ELIANA 400,Comunidad Valenciana,València/Valencia,"Eliana, l'",400.0,39.554873462091,-0.51082274165773,fotovoltaica,Con permisos,RdT,,
13321.0,ELIANA 400,Comunidad Valenciana,València/Valencia,"Eliana, l'",400.0,39.554873462091,-0.51082274165773,fotovoltaica,Puesta en servicio,RdD,28.57,28.66
13321.0,ELIANA 400,Comunidad Valenciana,València/Valencia,"Eliana, l'",400.0,39.554873462091,-0.51082274165773,fotovoltaica,Puesta en servicio,RdT,,
13321.0,ELIANA 400,Comunidad Valenciana,València/Valencia,"Eliana, l'",400.0,39.554873462091,-0.51082274165773,hidraulica,Puesta en servicio,RdD,24.68,24.68
13321.0,ELIANA 400,Comunidad Valenciana,València/Valencia,"Eliana, l'",400.0,39.554873462091,-0.51082274165773,hidraulica,Puesta en servicio,RdT,,
13321.0,ELIANA 400,Comunidad Valenciana,València/Valencia,"Eliana, l'",400.0,39.554873462091,-0.51082274165773,otras,Puesta en servicio,RdD,27.98,27.98
13321.0,ELIANA 400,Comunidad Valenciana,València/Valencia,"Eliana, l'",400.0,39.554873462091,-0.51082274165773,otras,Puesta en servicio,RdT,,
13392.0,ELIANA 220,Comunidad Valenciana,València/Valencia,"Eliana, l'",220.0,39.554873462091,-0.51082274165773,fotovoltaica,En curso,RdD,49.75,74.6
13392.0,ELIANA 220,Comunidad Valenciana,València/Valencia,"Eliana, l'",220.0,39.554873462091,-0.51082274165773,fotovoltaica,En curso,RdT,,
12790.0,GANDIA 220,Comunidad Valenciana,València/Valencia,Gandia,220.0,38.982046356935,-0.1850090992735,almacenamiento,En curso,RdD,9.93,9.93
12790.0,GANDIA 220,Comunidad Valenciana,València/Valencia,Gandia,220.0,38.982046356935,-0.1850090992735,almacenamiento,En curso,RdT,,
12790.0,GANDIA 220,Comunidad Valenciana,València/Valencia,Gandia,220.0,38.982046356935,-0.1850090992735,fotovoltaica,Con permisos,RdD,2.0,2.0
12790.0,GANDIA 220,Comunidad Valenciana,València/Valencia,Gandia,220.0,38.982046356935,-0.1850090992735,fotovoltaica,Con permisos,RdT,,
12790.0,GANDIA 220,Comunidad Valenciana,València/Valencia,Gandia,220.0,38.982046356935,-0.1850090992735,otras,Puesta en servicio,RdD,2.06,2.06
12790.0,GANDIA 220,Comunidad Valenciana,València/Valencia,Gandia,220.0,38.982046356935,-0.1850090992735,otras,Puesta en servicio,RdT,,
13204.0,SANCHO LLOP 220,Comunidad Valenciana,València/Valencia,Gandia,220.0,38.964189694307,-0.1749699189379,almacenamiento,En curso,RdD,29.89,29.89
13204.0,SANCHO LLOP 220,Comunidad Valenciana,València/Valencia,Gandia,220.0,38.964189694307,-0.1749699189379,almacenamiento,En curso,RdT,,
12801.0,GODELLETA 400,Comunidad Valenciana,València/Valencia,Godelleta,400.0,39.443186023732,-0.67173523082359,fotovoltaica,Con permisos,RdD,,
12801.0,GODELLETA 400,Comunidad Valenciana,València/Valencia,Godelleta,400.0,39.443186023732,-0.67173523082359,fotovoltaica,Con permisos,RdT,87.0,150.0
13101.0,QUART DE POBLET 220,Comunidad Valenciana,València/Valencia,Quart de Poblet,220.0,39.480448998769,-0.52659872343309,almacenamiento,Con permisos,RdD,19.0,19.0
13101.0,QUART DE POBLET 220,Comunidad Valenciana,València/Valencia,Quart de Poblet,220.0,39.480448998769,-0.52659872343309,almacenamiento,Con permisos,RdT,,
13101.0,QUART DE POBLET 220,Comunidad Valenciana,València/Valencia,Quart de Poblet,220.0,39.480448998769,-0.52659872343309,fotovoltaica,Con permisos,RdD,20.0,20.0
13101.0,QUART DE POBLET 220,Comunidad Valenciana,València/Valencia,Quart de Poblet,220.0,39.480448998769,-0.52659872343309,fotovoltaica,Con permisos,RdT,,
13101.0,QUART DE POBLET 220,Comunidad Valenciana,València/Valencia,Quart de Poblet,220.0,39.480448998769,-0.52659872343309,fotovoltaica,Puesta en servicio,RdD,2.0,2.0
13101.0,QUART DE POBLET 220,Comunidad Valenciana,València/Valencia,Quart de Poblet,220.0,39.480448998769,-0.52659872343309,fotovoltaica,Puesta en servicio,RdT,,
13170.0,REQUENA 400,Comunidad Valenciana,València/Valencia,Requena,400.0,39.459158567506,-0.98823602311449,fotovoltaica,Con permisos,RdD,,
13170.0,REQUENA 400,Comunidad Valenciana,València/Valencia,Requena,400.0,39.459158567506,-0.98823602311449,fotovoltaica,Con permisos,RdT,346.0,383.0
13170.0,REQUENA 400,Comunidad Valenciana,València/Valencia,Requena,400.0,39.459158567506,-0.98823602311449,fotovoltaica,En curso,RdD,,
13170.0,REQUENA 400,Comunidad Valenciana,València/Valencia,Requena,400.0,39.459158567506,-0.98823602311449,fotovoltaica,En curso,RdT,49.9,49.9
12998.0,MORVEDRE 400,Comunidad Valenciana,València/Valencia,Sagunt/Sagunto,400.0,39.642227734043,-0.23628480702847,otras,Puesta en servicio,RdD,,
12998.0,MORVEDRE 400,Comunidad Valenciana,València/Valencia,Sagunt/Sagunto,400.0,39.642227734043,-0.23628480702847,otras,Puesta en servicio,RdT,1168.2,1232.19
13191.0,SAGUNTO 220,Comunidad Valenciana,València/Valencia,Sagunt/Sagunto,220.0,39.672672266015,-0.26816364939713,almacenamiento,En curso,RdD,818.02,844.7
13191.0,SAGUNTO 220,Comunidad Valenciana,València/Valencia,Sagunt/Sagunto,220.0,39.672672266015,-0.26816364939713,almacenamiento,En curso,RdT,,
13191.0,SAGUNTO 220,Comunidad Valenciana,València/Valencia,Sagunt/Sagunto,220.0,39.672672266015,-0.26816364939713,fotovoltaica,Con permisos,RdD,192.0,223.0
13191.0,SAGUNTO 220,Comunidad Valenciana,València/Valencia,Sagunt/Sagunto,220.0,39.672672266015,-0.26816364939713,fotovoltaica,Con permisos,RdT,,
13191.0,SAGUNTO 220,Comunidad Valenciana,València/Valencia,Sagunt/Sagunto,220.0,39.672672266015,-0.26816364939713,fotovoltaica,En curso,RdD,36.0,36.0
13191.0,SAGUNTO 220,Comunidad Valenciana,València/Valencia,Sagunt/Sagunto,220.0,39.672672266015,-0.26816364939713,fotovoltaica,En curso,RdT,,
13191.0,SAGUNTO 220,Comunidad Valenciana,València/Valencia,Sagunt/Sagunto,220.0,39.672672266015,-0.26816364939713,otras,Con permisos,RdD,15.0,28.0
13191.0,SAGUNTO 220,Comunidad Valenciana,València/Valencia,Sagunt/Sagunto,220.0,39.672672266015,-0.26816364939713,otras,Con permisos,RdT,,
13191.0,SAGUNTO 220,Comunidad Valenciana,València/Valencia,Sagunt/Sagunto,220.0,39.672672266015,-0.26816364939713,otras,Puesta en servicio,RdD,43.12,43.12
13191.0,SAGUNTO 220,Comunidad Valenciana,València/Valencia,Sagunt/Sagunto,220.0,39.672672266015,-0.26816364939713,otras,Puesta en servicio,RdT,,
13192.0,SAGUNTO GIS 220,Comunidad Valenciana,València/Valencia,Sagunt/Sagunto,220.0,39.673172648703,-0.26783933221145,almacenamiento,Con permisos,RdD,19.0,19.0
13192.0,SAGUNTO GIS 220,Comunidad Valenciana,València/Valencia,Sagunt/Sagunto,220.0,39.673172648703,-0.26783933221145,almacenamiento,Con permisos,RdT,,
13192.0,SAGUNTO GIS 220,Comunidad Valenciana,València/Valencia,Sagunt/Sagunto,220.0,39.673172648703,-0.26783933221145,fotovoltaica,Con permisos,RdD,5.0,11.0
13192.0,SAGUNTO GIS 220,Comunidad Valenciana,València/Valencia,Sagunt/Sagunto,220.0,39.673172648703,-0.26783933221145,fotovoltaica,Con permisos,RdT,,
13400.0,MORVEDRE B 220,Comunidad Valenciana,València/Valencia,Sagunt/Sagunto,220.0,39.642227734043,-0.23628480702847,fotovoltaica,Con permisos,RdD,2.0,2.0
13400.0,MORVEDRE B 220,Comunidad Valenciana,València/Valencia,Sagunt/Sagunto,220.0,39.642227734043,-0.23628480702847,fotovoltaica,Con permisos,RdT,,
7350.0,VALLDIGNA 220,Comunidad Valenciana,València/Valencia,Tavernes de la Valldigna,220.0,39.060794486871,-0.27921533203532,otras,Puesta en servicio,RdD,5.2,5.2
7350.0,VALLDIGNA 220,Comunidad Valenciana,València/Valencia,Tavernes de la Valldigna,220.0,39.060794486871,-0.27921533203532,otras,Puesta en servicio,RdT,,
6912.0,TORRENTE 220,Comunidad Valenciana,València/Valencia,Torrent,220.0,39.422939873793,-0.45519181715347,almacenamiento,En curso,RdD,19.86,19.86
6912.0,TORRENTE 220,Comunidad Valenciana,València/Valencia,Torrent,220.0,39.422939873793,-0.45519181715347,almacenamiento,En curso,RdT,,
6912.0,TORRENTE 220,Comunidad Valenciana,València/Valencia,Torrent,220.0,39.422939873793,-0.45519181715347,fotovoltaica,Con permisos,RdD,231.0,234.0
6912.0,TORRENTE 220,Comunidad Valenciana,València/Valencia,Torrent,220.0,39.422939873793,-0.45519181715347,fotovoltaica,Con permisos,RdT,,
6912.0,TORRENTE 220,Comunidad Valenciana,València/Valencia,Torrent,220.0,39.422939873793,-0.45519181715347,fotovoltaica,En curso,RdD,34.0,42.16
6912.0,TORRENTE 220,Comunidad Valenciana,València/Valencia,Torrent,220.0,39.422939873793,-0.45519181715347,fotovoltaica,En curso,RdT,,
6912.0,TORRENTE 220,Comunidad Valenciana,València/Valencia,Torrent,220.0,39.422939873793,-0.45519181715347,otras,Puesta en servicio,RdD,3.24,3.24
6912.0,TORRENTE 220,Comunidad Valenciana,València/Valencia,Torrent,220.0,39.422939873793,-0.45519181715347,otras,Puesta en servicio,RdT,,
6913.0,TORRENTE 400,Comunidad Valenciana,València/Valencia,Torrent,400.0,39.422939873793,-0.45519181715347,fotovoltaica,Con permisos,RdD,136.0,154.0
6913.0,TORRENTE 400,Comunidad Valenciana,València/Valencia,Torrent,400.0,39.422939873793,-0.45519181715347,fotovoltaica,Con permisos,RdT,,
6913.0,TORRENTE 400,Comunidad Valenciana,València/Valencia,Torrent,400.0,39.422939873793,-0.45519181715347,fotovoltaica,Puesta en servicio,RdD,1.08,1.08
6913.0,TORRENTE 400,Comunidad Valenciana,València/Valencia,Torrent,400.0,39.422939873793,-0.45519181715347,fotovoltaica,Puesta en servicio,RdT,,
6913.0,TORRENTE 400,Comunidad Valenciana,València/Valencia,Torrent,400.0,39.422939873793,-0.45519181715347,hidraulica,Puesta en servicio,RdD,3.6,3.6
6913.0,TORRENTE 400,Comunidad Valenciana,València/Valencia,Torrent,400.0,39.422939873793,-0.45519181715347,hidraulica,Puesta en servicio,RdT,,
6913.0,TORRENTE 400,Comunidad Valenciana,València/Valencia,Torrent,400.0,39.422939873793,-0.45519181715347,otras,Puesta en servicio,RdD,15.72,15.72
6913.0,TORRENTE 400,Comunidad Valenciana,València/Valencia,Torrent,400.0,39.422939873793,-0.45519181715347,otras,Puesta en servicio,RdT,,
7301.0,AQUA 220,Comunidad Valenciana,València/Valencia,València,220.0,39.456148461208,-0.34754410245972,almacenamiento,Con permisos,RdD,33.0,51.0
7301.0,AQUA 220,Comunidad Valenciana,València/Valencia,València,220.0,39.456148461208,-0.34754410245972,almacenamiento,Con permisos,RdT,,
7301.0,AQUA 220,Comunidad Valenciana,València/Valencia,València,220.0,39.456148461208,-0.34754410245972,almacenamiento,En curso,RdD,135.0,147.0
7301.0,AQUA 220,Comunidad Valenciana,València/Valencia,València,220.0,39.456148461208,-0.34754410245972,almacenamiento,En curso,RdT,,
7301.0,AQUA 220,Comunidad Valenciana,València/Valencia,València,220.0,39.456148461208,-0.34754410245972,otras,Puesta en servicio,RdD,6.3,6.3
7301.0,AQUA 220,Comunidad Valenciana,València/Valencia,València,220.0,39.456148461208,-0.34754410245972,otras,Puesta en servicio,RdT,,
7305.0,BENIFERRI 220,Comunidad Valenciana,València/Valencia,València,220.0,39.493746172505,-0.40876548683334,almacenamiento,Con permisos,RdD,30.0,30.0
7305.0,BENIFERRI 220,Comunidad Valenciana,València/Valencia,València,220.0,39.493746172505,-0.40876548683334,almacenamiento,Con permisos,RdT,,
7305.0,BENIFERRI 220,Comunidad Valenciana,València/Valencia,València,220.0,39.493746172505,-0.40876548683334,otras,Puesta en servicio,RdD,7.5,7.5
7305.0,BENIFERRI 220,Comunidad Valenciana,València/Valencia,València,220.0,39.493746172505,-0.40876548683334,otras,Puesta en servicio,RdT,,
12773.0,FERIA DE MUESTRAS 220,Comunidad Valenciana,València/Valencia,València,220.0,39.502527783332,-0.4271699853002,almacenamiento,Con permisos,RdD,30.0,30.0
12773.0,FERIA DE MUESTRAS 220,Comunidad Valenciana,València/Valencia,València,220.0,39.502527783332,-0.4271699853002,almacenamiento,Con permisos,RdT,,
12783.0,FUENTE SAN LUIS 220,Comunidad Valenciana,València/Valencia,València,220.0,39.439170668326,-0.37342640673589,almacenamiento,Con permisos,RdD,254.0,288.0
12783.0,FUENTE SAN LUIS 220,Comunidad Valenciana,València/Valencia,València,220.0,39.439170668326,-0.37342640673589,almacenamiento,Con permisos,RdT,,
12783.0,FUENTE SAN LUIS 220,Comunidad Valenciana,València/Valencia,València,220.0,39.439170668326,-0.37342640673589,almacenamiento,En curso,RdD,45.0,45.0
12783.0,FUENTE SAN LUIS 220,Comunidad Valenciana,València/Valencia,València,220.0,39.439170668326,-0.37342640673589,almacenamiento,En curso,RdT,,
12783.0,FUENTE SAN LUIS 220,Comunidad Valenciana,València/Valencia,València,220.0,39.439170668326,-0.37342640673589,fotovoltaica,Con permisos,RdD,56.0,57.0
12783.0,FUENTE SAN LUIS 220,Comunidad Valenciana,València/Valencia,València,220.0,39.439170668326,-0.37342640673589,fotovoltaica,Con permisos,RdT,,
12783.0,FUENTE SAN LUIS 220,Comunidad Valenciana,València/Valencia,València,220.0,39.439170668326,-0.37342640673589,fotovoltaica,Puesta en servicio,RdD,1.03,1.03
12783.0,FUENTE SAN LUIS 220,Comunidad Valenciana,València/Valencia,València,220.0,39.439170668326,-0.37342640673589,fotovoltaica,Puesta en servicio,RdT,,
12783.0,FUENTE SAN LUIS 220,Comunidad Valenciana,València/Valencia,València,220.0,39.439170668326,-0.37342640673589,otras,Puesta en servicio,RdD,9.3,9.3
12783.0,FUENTE SAN LUIS 220,Comunidad Valenciana,València/Valencia,València,220.0,39.439170668326,-0.37342640673589,otras,Puesta en servicio,RdT,,
6976.0,ALVARADO 220,Extremadura,Badajoz,Badajoz,220.0,38.787201725632,-6.7997877421668,almacenamiento,Con permisos,RdD,,
6976.0,ALVARADO 220,Extremadura,Badajoz,Badajoz,220.0,38.787201725632,-6.7997877421668,almacenamiento,Con permisos,RdT,22.0,67.0
6976.0,ALVARADO 220,Extremadura,Badajoz,Badajoz,220.0,38.787201725632,-6.7997877421668,fotovoltaica,Con permisos,RdD,,10.0
6976.0,ALVARADO 220,Extremadura,Badajoz,Badajoz,220.0,38.787201725632,-6.7997877421668,fotovoltaica,Con permisos,RdT,,17.0
6976.0,ALVARADO 220,Extremadura,Badajoz,Badajoz,220.0,38.787201725632,-6.7997877421668,fotovoltaica,Puesta en servicio,RdD,39.61,41.01
6976.0,ALVARADO 220,Extremadura,Badajoz,Badajoz,220.0,38.787201725632,-6.7997877421668,fotovoltaica,Puesta en servicio,RdT,113.6,198.81
6976.0,ALVARADO 220,Extremadura,Badajoz,Badajoz,220.0,38.787201725632,-6.7997877421668,hibridacion,Puesta en servicio,RdD,50.0,
6976.0,ALVARADO 220,Extremadura,Badajoz,Badajoz,220.0,38.787201725632,-6.7997877421668,hibridacion,Puesta en servicio,RdT,46.15,
6976.0,ALVARADO 220,Extremadura,Badajoz,Badajoz,220.0,38.787201725632,-6.7997877421668,termosolar,Puesta en servicio,RdD,,50.0
6976.0,ALVARADO 220,Extremadura,Badajoz,Badajoz,220.0,38.787201725632,-6.7997877421668,termosolar,Puesta en servicio,RdT,100.0,100.0
6998.0,VAGUADAS 220,Extremadura,Badajoz,Badajoz,220.0,38.837902079241,-6.9791396790755,almacenamiento,Con permisos,RdD,,40.0
6998.0,VAGUADAS 220,Extremadura,Badajoz,Badajoz,220.0,38.837902079241,-6.9791396790755,almacenamiento,Con permisos,RdT,,
6998.0,VAGUADAS 220,Extremadura,Badajoz,Badajoz,220.0,38.837902079241,-6.9791396790755,fotovoltaica,Con permisos,RdD,86.0,91.0
6998.0,VAGUADAS 220,Extremadura,Badajoz,Badajoz,220.0,38.837902079241,-6.9791396790755,fotovoltaica,Con permisos,RdT,88.0,113.0
6998.0,VAGUADAS 220,Extremadura,Badajoz,Badajoz,220.0,38.837902079241,-6.9791396790755,fotovoltaica,Puesta en servicio,RdD,98.69,156.88
6998.0,VAGUADAS 220,Extremadura,Badajoz,Badajoz,220.0,38.837902079241,-6.9791396790755,fotovoltaica,Puesta en servicio,RdT,,
6998.0,VAGUADAS 220,Extremadura,Badajoz,Badajoz,220.0,38.837902079241,-6.9791396790755,hibridacion,Puesta en servicio,RdD,40.25,
6998.0,VAGUADAS 220,Extremadura,Badajoz,Badajoz,220.0,38.837902079241,-6.9791396790755,hibridacion,Puesta en servicio,RdT,99.8,
6998.0,VAGUADAS 220,Extremadura,Badajoz,Badajoz,220.0,38.837902079241,-6.9791396790755,termosolar,Puesta en servicio,RdD,,
6998.0,VAGUADAS 220,Extremadura,Badajoz,Badajoz,220.0,38.837902079241,-6.9791396790755,termosolar,Puesta en servicio,RdT,99.9,199.7
6979.0,BIENVENIDA 400,Extremadura,Badajoz,Bienvenida,400.0,38.317273448498,-6.1979000489804,almacenamiento,Con permisos,RdD,,
6979.0,BIENVENIDA 400,Extremadura,Badajoz,Bienvenida,400.0,38.317273448498,-6.1979000489804,almacenamiento,Con permisos,RdT,,358.0
6979.0,BIENVENIDA 400,Extremadura,Badajoz,Bienvenida,400.0,38.317273448498,-6.1979000489804,fotovoltaica,Puesta en servicio,RdD,,
6979.0,BIENVENIDA 400,Extremadura,Badajoz,Bienvenida,400.0,38.317273448498,-6.1979000489804,fotovoltaica,Puesta en servicio,RdT,150.0,611.49
6979.0,BIENVENIDA 400,Extremadura,Badajoz,Bienvenida,400.0,38.317273448498,-6.1979000489804,hibridacion,Puesta en servicio,RdD,,
6979.0,BIENVENIDA 400,Extremadura,Badajoz,Bienvenida,400.0,38.317273448498,-6.1979000489804,hibridacion,Puesta en servicio,RdT,391.0,
13335.0,FUENTE DE CANTOS 400,Extremadura,Badajoz,Fuente de Cantos,400.0,38.247323297238,-6.2974648922871,fotovoltaica,En curso,RdD,,
13335.0,FUENTE DE CANTOS 400,Extremadura,Badajoz,Fuente de Cantos,400.0,38.247323297238,-6.2974648922871,fotovoltaica,En curso,RdT,78.9,78.9
13341.0,FUENTE DEL MAESTRE 400,Extremadura,Badajoz,Fuente del Maestre,400.0,38.533004919726,-6.4538625997072,fotovoltaica,En curso,RdD,,
13341.0,FUENTE DEL MAESTRE 400,Extremadura,Badajoz,Fuente del Maestre,400.0,38.533004919726,-6.4538625997072,fotovoltaica,En curso,RdT,52.0,58.0
6978.0,BALBOA 220,Extremadura,Badajoz,Jerez de los Caballeros,220.0,38.325316526124,-6.712607017173,almacenamiento,Con permisos,RdD,,57.0
6978.0,BALBOA 220,Extremadura,Badajoz,Jerez de los Caballeros,220.0,38.325316526124,-6.712607017173,almacenamiento,Con permisos,RdT,,
6978.0,BALBOA 220,Extremadura,Badajoz,Jerez de los Caballeros,220.0,38.325316526124,-6.712607017173,eolica,Con permisos,RdD,,12.0
6978.0,BALBOA 220,Extremadura,Badajoz,Jerez de los Caballeros,220.0,38.325316526124,-6.712607017173,eolica,Con permisos,RdT,,
6978.0,BALBOA 220,Extremadura,Badajoz,Jerez de los Caballeros,220.0,38.325316526124,-6.712607017173,fotovoltaica,Con permisos,RdD,3.0,4.0
6978.0,BALBOA 220,Extremadura,Badajoz,Jerez de los Caballeros,220.0,38.325316526124,-6.712607017173,fotovoltaica,Con permisos,RdT,,
6978.0,BALBOA 220,Extremadura,Badajoz,Jerez de los Caballeros,220.0,38.325316526124,-6.712607017173,fotovoltaica,Puesta en servicio,RdD,168.5,275.44
6978.0,BALBOA 220,Extremadura,Badajoz,Jerez de los Caballeros,220.0,38.325316526124,-6.712607017173,fotovoltaica,Puesta en servicio,RdT,,
6978.0,BALBOA 220,Extremadura,Badajoz,Jerez de los Caballeros,220.0,38.325316526124,-6.712607017173,hibridacion,Puesta en servicio,RdD,87.13,
6978.0,BALBOA 220,Extremadura,Badajoz,Jerez de los Caballeros,220.0,38.325316526124,-6.712607017173,hibridacion,Puesta en servicio,RdT,,
6978.0,BALBOA 220,Extremadura,Badajoz,Jerez de los Caballeros,220.0,38.325316526124,-6.712607017173,otras,Puesta en servicio,RdD,1.48,1.48
6978.0,BALBOA 220,Extremadura,Badajoz,Jerez de los Caballeros,220.0,38.325316526124,-6.712607017173,otras,Puesta en servicio,RdT,,
6980.0,BROVALES 400,Extremadura,Badajoz,Jerez de los Caballeros,400.0,38.319983899846,-6.7027328376586,almacenamiento,Con permisos,RdD,,
6980.0,BROVALES 400,Extremadura,Badajoz,Jerez de los Caballeros,400.0,38.319983899846,-6.7027328376586,almacenamiento,Con permisos,RdT,,297.0
6980.0,BROVALES 400,Extremadura,Badajoz,Jerez de los Caballeros,400.0,38.319983899846,-6.7027328376586,fotovoltaica,Puesta en servicio,RdD,,
6980.0,BROVALES 400,Extremadura,Badajoz,Jerez de los Caballeros,400.0,38.319983899846,-6.7027328376586,fotovoltaica,Puesta en servicio,RdT,323.75,776.11
6980.0,BROVALES 400,Extremadura,Badajoz,Jerez de los Caballeros,400.0,38.319983899846,-6.7027328376586,hibridacion,Puesta en servicio,RdD,,
6980.0,BROVALES 400,Extremadura,Badajoz,Jerez de los Caballeros,400.0,38.319983899846,-6.7027328376586,hibridacion,Puesta en servicio,RdT,382.22,
6983.0,CARMONITA 400,Extremadura,Badajoz,Mérida,400.0,39.09499475675,-6.369015353325,almacenamiento,Con permisos,RdD,,
6983.0,CARMONITA 400,Extremadura,Badajoz,Mérida,400.0,39.09499475675,-6.369015353325,almacenamiento,Con permisos,RdT,,240.0
6983.0,CARMONITA 400,Extremadura,Badajoz,Mérida,400.0,39.09499475675,-6.369015353325,eolica,Con permisos,RdD,,
6983.0,CARMONITA 400,Extremadura,Badajoz,Mérida,400.0,39.09499475675,-6.369015353325,eolica,Con permisos,RdT,,33.0
6983.0,CARMONITA 400,Extremadura,Badajoz,Mérida,400.0,39.09499475675,-6.369015353325,fotovoltaica,Con permisos,RdD,,
6983.0,CARMONITA 400,Extremadura,Badajoz,Mérida,400.0,39.09499475675,-6.369015353325,fotovoltaica,Con permisos,RdT,303.0,508.0
6983.0,CARMONITA 400,Extremadura,Badajoz,Mérida,400.0,39.09499475675,-6.369015353325,fotovoltaica,En curso,RdD,,
6983.0,CARMONITA 400,Extremadura,Badajoz,Mérida,400.0,39.09499475675,-6.369015353325,fotovoltaica,En curso,RdT,50.0,50.0
6983.0,CARMONITA 400,Extremadura,Badajoz,Mérida,400.0,39.09499475675,-6.369015353325,fotovoltaica,Puesta en servicio,RdD,,
6983.0,CARMONITA 400,Extremadura,Badajoz,Mérida,400.0,39.09499475675,-6.369015353325,fotovoltaica,Puesta en servicio,RdT,265.0,610.05
6983.0,CARMONITA 400,Extremadura,Badajoz,Mérida,400.0,39.09499475675,-6.369015353325,hibridacion,Puesta en servicio,RdD,,
6983.0,CARMONITA 400,Extremadura,Badajoz,Mérida,400.0,39.09499475675,-6.369015353325,hibridacion,Puesta en servicio,RdT,400.0,
12968.0,MERIDA 220,Extremadura,Badajoz,Mérida,220.0,38.896258688145,-6.3421303858534,almacenamiento,Con permisos,RdD,,94.0
12968.0,MERIDA 220,Extremadura,Badajoz,Mérida,220.0,38.896258688145,-6.3421303858534,almacenamiento,Con permisos,RdT,,
12968.0,MERIDA 220,Extremadura,Badajoz,Mérida,220.0,38.896258688145,-6.3421303858534,fotovoltaica,Con permisos,RdD,29.0,35.0
12968.0,MERIDA 220,Extremadura,Badajoz,Mérida,220.0,38.896258688145,-6.3421303858534,fotovoltaica,Con permisos,RdT,,
12968.0,MERIDA 220,Extremadura,Badajoz,Mérida,220.0,38.896258688145,-6.3421303858534,fotovoltaica,Puesta en servicio,RdD,149.13,299.59
12968.0,MERIDA 220,Extremadura,Badajoz,Mérida,220.0,38.896258688145,-6.3421303858534,fotovoltaica,Puesta en servicio,RdT,,
12968.0,MERIDA 220,Extremadura,Badajoz,Mérida,220.0,38.896258688145,-6.3421303858534,hibridacion,Puesta en servicio,RdD,130.67,
12968.0,MERIDA 220,Extremadura,Badajoz,Mérida,220.0,38.896258688145,-6.3421303858534,hibridacion,Puesta en servicio,RdT,,
12968.0,MERIDA 220,Extremadura,Badajoz,Mérida,220.0,38.896258688145,-6.3421303858534,hidraulica,Puesta en servicio,RdD,9.14,9.14
12968.0,MERIDA 220,Extremadura,Badajoz,Mérida,220.0,38.896258688145,-6.3421303858534,hidraulica,Puesta en servicio,RdT,,
12968.0,MERIDA 220,Extremadura,Badajoz,Mérida,220.0,38.896258688145,-6.3421303858534,otras,Puesta en servicio,RdD,25.75,29.58
12968.0,MERIDA 220,Extremadura,Badajoz,Mérida,220.0,38.896258688145,-6.3421303858534,otras,Puesta en servicio,RdT,,
12968.0,MERIDA 220,Extremadura,Badajoz,Mérida,220.0,38.896258688145,-6.3421303858534,termosolar,Puesta en servicio,RdD,99.8,99.8
12968.0,MERIDA 220,Extremadura,Badajoz,Mérida,220.0,38.896258688145,-6.3421303858534,termosolar,Puesta en servicio,RdT,,
13216.0,SAN SERVAN 220,Extremadura,Badajoz,Mérida,220.0,38.806407802695,-6.5158886852446,almacenamiento,Con permisos,RdD,,
13216.0,SAN SERVAN 220,Extremadura,Badajoz,Mérida,220.0,38.806407802695,-6.5158886852446,almacenamiento,Con permisos,RdT,,104.0
13216.0,SAN SERVAN 220,Extremadura,Badajoz,Mérida,220.0,38.806407802695,-6.5158886852446,almacenamiento,Puesta en servicio,RdD,,
13216.0,SAN SERVAN 220,Extremadura,Badajoz,Mérida,220.0,38.806407802695,-6.5158886852446,almacenamiento,Puesta en servicio,RdT,,2.18
13216.0,SAN SERVAN 220,Extremadura,Badajoz,Mérida,220.0,38.806407802695,-6.5158886852446,fotovoltaica,Puesta en servicio,RdD,,
13216.0,SAN SERVAN 220,Extremadura,Badajoz,Mérida,220.0,38.806407802695,-6.5158886852446,fotovoltaica,Puesta en servicio,RdT,199.69,430.21
13216.0,SAN SERVAN 220,Extremadura,Badajoz,Mérida,220.0,38.806407802695,-6.5158886852446,hibridacion,Puesta en servicio,RdD,,
13216.0,SAN SERVAN 220,Extremadura,Badajoz,Mérida,220.0,38.806407802695,-6.5158886852446,hibridacion,Puesta en servicio,RdT,189.3,
13217.0,SAN SERVAN 400,Extremadura,Badajoz,Mérida,400.0,38.806407802695,-6.5158886852446,almacenamiento,Con permisos,RdD,,
13217.0,SAN SERVAN 400,Extremadura,Badajoz,Mérida,400.0,38.806407802695,-6.5158886852446,almacenamiento,Con permisos,RdT,,63.0
13217.0,SAN SERVAN 400,Extremadura,Badajoz,Mérida,400.0,38.806407802695,-6.5158886852446,fotovoltaica,Puesta en servicio,RdD,,
13217.0,SAN SERVAN 400,Extremadura,Badajoz,Mérida,400.0,38.806407802695,-6.5158886852446,fotovoltaica,Puesta en servicio,RdT,518.9,736.19
13217.0,SAN SERVAN 400,Extremadura,Badajoz,Mérida,400.0,38.806407802695,-6.5158886852446,hibridacion,Puesta en servicio,RdD,,
13217.0,SAN SERVAN 400,Extremadura,Badajoz,Mérida,400.0,38.806407802695,-6.5158886852446,hibridacion,Puesta en servicio,RdT,125.0,
6999.0,VALDECABALLEROS 400,Extremadura,Badajoz,Valdecaballeros,400.0,39.291526229887,-5.1825228302613,almacenamiento,Con permisos,RdD,,
6999.0,VALDECABALLEROS 400,Extremadura,Badajoz,Valdecaballeros,400.0,39.291526229887,-5.1825228302613,almacenamiento,Con permisos,RdT,,610.0
6999.0,VALDECABALLEROS 400,Extremadura,Badajoz,Valdecaballeros,400.0,39.291526229887,-5.1825228302613,fotovoltaica,Con permisos,RdD,,58.0
6999.0,VALDECABALLEROS 400,Extremadura,Badajoz,Valdecaballeros,400.0,39.291526229887,-5.1825228302613,fotovoltaica,Con permisos,RdT,,9.0
6999.0,VALDECABALLEROS 400,Extremadura,Badajoz,Valdecaballeros,400.0,39.291526229887,-5.1825228302613,fotovoltaica,Puesta en servicio,RdD,116.34,118.57
6999.0,VALDECABALLEROS 400,Extremadura,Badajoz,Valdecaballeros,400.0,39.291526229887,-5.1825228302613,fotovoltaica,Puesta en servicio,RdT,68.72,544.27
6999.0,VALDECABALLEROS 400,Extremadura,Badajoz,Valdecaballeros,400.0,39.291526229887,-5.1825228302613,hibridacion,Con permisos,RdD,50.0,
6999.0,VALDECABALLEROS 400,Extremadura,Badajoz,Valdecaballeros,400.0,39.291526229887,-5.1825228302613,hibridacion,Con permisos,RdT,,
6999.0,VALDECABALLEROS 400,Extremadura,Badajoz,Valdecaballeros,400.0,39.291526229887,-5.1825228302613,hibridacion,Puesta en servicio,RdD,,
6999.0,VALDECABALLEROS 400,Extremadura,Badajoz,Valdecaballeros,400.0,39.291526229887,-5.1825228302613,hibridacion,Puesta en servicio,RdT,562.28,
6999.0,VALDECABALLEROS 400,Extremadura,Badajoz,Valdecaballeros,400.0,39.291526229887,-5.1825228302613,hidraulica,Con permisos,RdD,,50.0
6999.0,VALDECABALLEROS 400,Extremadura,Badajoz,Valdecaballeros,400.0,39.291526229887,-5.1825228302613,hidraulica,Con permisos,RdT,,
6999.0,VALDECABALLEROS 400,Extremadura,Badajoz,Valdecaballeros,400.0,39.291526229887,-5.1825228302613,hidraulica,Puesta en servicio,RdD,183.78,183.78
6999.0,VALDECABALLEROS 400,Extremadura,Badajoz,Valdecaballeros,400.0,39.291526229887,-5.1825228302613,hidraulica,Puesta en servicio,RdT,,
6999.0,VALDECABALLEROS 400,Extremadura,Badajoz,Valdecaballeros,400.0,39.291526229887,-5.1825228302613,otras,Puesta en servicio,RdD,1.3,1.3
6999.0,VALDECABALLEROS 400,Extremadura,Badajoz,Valdecaballeros,400.0,39.291526229887,-5.1825228302613,otras,Puesta en servicio,RdT,99.9,49.9
6999.0,VALDECABALLEROS 400,Extremadura,Badajoz,Valdecaballeros,400.0,39.291526229887,-5.1825228302613,termosolar,Puesta en servicio,RdD,,
6999.0,VALDECABALLEROS 400,Extremadura,Badajoz,Valdecaballeros,400.0,39.291526229887,-5.1825228302613,termosolar,Puesta en servicio,RdT,149.9,349.9
13323.0,J.M.ORIOL 400,Extremadura,Cáceres,Alcántara,400.0,39.724374445973,-6.8775119244325,almacenamiento,Con permisos,RdD,,
13323.0,J.M.ORIOL 400,Extremadura,Cáceres,Alcántara,400.0,39.724374445973,-6.8775119244325,almacenamiento,Con permisos,RdT,,165.0
13323.0,J.M.ORIOL 400,Extremadura,Cáceres,Alcántara,400.0,39.724374445973,-6.8775119244325,bombeo,Con permisos,RdD,,
13323.0,J.M.ORIOL 400,Extremadura,Cáceres,Alcántara,400.0,39.724374445973,-6.8775119244325,bombeo,Con permisos,RdT,440.0,440.0
13323.0,J.M.ORIOL 400,Extremadura,Cáceres,Alcántara,400.0,39.724374445973,-6.8775119244325,fotovoltaica,Puesta en servicio,RdD,,
13323.0,J.M.ORIOL 400,Extremadura,Cáceres,Alcántara,400.0,39.724374445973,-6.8775119244325,fotovoltaica,Puesta en servicio,RdT,,494.93
13323.0,J.M.ORIOL 400,Extremadura,Cáceres,Alcántara,400.0,39.724374445973,-6.8775119244325,hibridacion,Puesta en servicio,RdD,,
13323.0,J.M.ORIOL 400,Extremadura,Cáceres,Alcántara,400.0,39.724374445973,-6.8775119244325,hibridacion,Puesta en servicio,RdT,473.0,
13323.0,J.M.ORIOL 400,Extremadura,Cáceres,Alcántara,400.0,39.724374445973,-6.8775119244325,hidraulica,Puesta en servicio,RdD,,
13323.0,J.M.ORIOL 400,Extremadura,Cáceres,Alcántara,400.0,39.724374445973,-6.8775119244325,hidraulica,Puesta en servicio,RdT,953.32,953.32
13398.0,J.M.ORIOL 220,Extremadura,Cáceres,Alcántara,220.0,39.724374445973,-6.8775119244325,almacenamiento,Con permisos,RdD,,
13398.0,J.M.ORIOL 220,Extremadura,Cáceres,Alcántara,220.0,39.724374445973,-6.8775119244325,almacenamiento,Con permisos,RdT,,205.0
13398.0,J.M.ORIOL 220,Extremadura,Cáceres,Alcántara,220.0,39.724374445973,-6.8775119244325,fotovoltaica,Con permisos,RdD,25.0,29.0
13398.0,J.M.ORIOL 220,Extremadura,Cáceres,Alcántara,220.0,39.724374445973,-6.8775119244325,fotovoltaica,Con permisos,RdT,,
13398.0,J.M.ORIOL 220,Extremadura,Cáceres,Alcántara,220.0,39.724374445973,-6.8775119244325,fotovoltaica,En curso,RdD,99.92,129.93
13398.0,J.M.ORIOL 220,Extremadura,Cáceres,Alcántara,220.0,39.724374445973,-6.8775119244325,fotovoltaica,En curso,RdT,,
13398.0,J.M.ORIOL 220,Extremadura,Cáceres,Alcántara,220.0,39.724374445973,-6.8775119244325,fotovoltaica,Puesta en servicio,RdD,7.0,7.0
13398.0,J.M.ORIOL 220,Extremadura,Cáceres,Alcántara,220.0,39.724374445973,-6.8775119244325,fotovoltaica,Puesta en servicio,RdT,,273.38
13398.0,J.M.ORIOL 220,Extremadura,Cáceres,Alcántara,220.0,39.724374445973,-6.8775119244325,hibridacion,Puesta en servicio,RdD,,
13398.0,J.M.ORIOL 220,Extremadura,Cáceres,Alcántara,220.0,39.724374445973,-6.8775119244325,hibridacion,Puesta en servicio,RdT,226.0,
6975.0,ALMARAZ E.T. 220,Extremadura,Cáceres,Almaraz,220.0,39.820996845213,-5.6644497742678,almacenamiento,Con permisos,RdD,,57.0
6975.0,ALMARAZ E.T. 220,Extremadura,Cáceres,Almaraz,220.0,39.820996845213,-5.6644497742678,almacenamiento,Con permisos,RdT,,15.0
6975.0,ALMARAZ E.T. 220,Extremadura,Cáceres,Almaraz,220.0,39.820996845213,-5.6644497742678,almacenamiento,Puesta en servicio,RdD,,3.0
6975.0,ALMARAZ E.T. 220,Extremadura,Cáceres,Almaraz,220.0,39.820996845213,-5.6644497742678,almacenamiento,Puesta en servicio,RdT,,
6975.0,ALMARAZ E.T. 220,Extremadura,Cáceres,Almaraz,220.0,39.820996845213,-5.6644497742678,fotovoltaica,Con permisos,RdD,6.0,7.0
6975.0,ALMARAZ E.T. 220,Extremadura,Cáceres,Almaraz,220.0,39.820996845213,-5.6644497742678,fotovoltaica,Con permisos,RdT,,
6975.0,ALMARAZ E.T. 220,Extremadura,Cáceres,Almaraz,220.0,39.820996845213,-5.6644497742678,fotovoltaica,Puesta en servicio,RdD,311.98,439.8
6975.0,ALMARAZ E.T. 220,Extremadura,Cáceres,Almaraz,220.0,39.820996845213,-5.6644497742678,fotovoltaica,Puesta en servicio,RdT,94.8,101.2
6975.0,ALMARAZ E.T. 220,Extremadura,Cáceres,Almaraz,220.0,39.820996845213,-5.6644497742678,hibridacion,Con permisos,RdD,72.0,
6975.0,ALMARAZ E.T. 220,Extremadura,Cáceres,Almaraz,220.0,39.820996845213,-5.6644497742678,hibridacion,Con permisos,RdT,82.0,
6975.0,ALMARAZ E.T. 220,Extremadura,Cáceres,Almaraz,220.0,39.820996845213,-5.6644497742678,hibridacion,Puesta en servicio,RdD,28.0,
6975.0,ALMARAZ E.T. 220,Extremadura,Cáceres,Almaraz,220.0,39.820996845213,-5.6644497742678,hibridacion,Puesta en servicio,RdT,,
6975.0,ALMARAZ E.T. 220,Extremadura,Cáceres,Almaraz,220.0,39.820996845213,-5.6644497742678,hidraulica,Puesta en servicio,RdD,,
6975.0,ALMARAZ E.T. 220,Extremadura,Cáceres,Almaraz,220.0,39.820996845213,-5.6644497742678,hidraulica,Puesta en servicio,RdT,164.38,247.17
13319.0,ALMARAZ CN 400,Extremadura,Cáceres,Almaraz,400.0,39.807630536132,-5.6937784834858,almacenamiento,Con permisos,RdD,,
13319.0,ALMARAZ CN 400,Extremadura,Cáceres,Almaraz,400.0,39.807630536132,-5.6937784834858,almacenamiento,Con permisos,RdT,,393.0
13319.0,ALMARAZ CN 400,Extremadura,Cáceres,Almaraz,400.0,39.807630536132,-5.6937784834858,fotovoltaica,Con permisos,RdD,,
13319.0,ALMARAZ CN 400,Extremadura,Cáceres,Almaraz,400.0,39.807630536132,-5.6937784834858,fotovoltaica,Con permisos,RdT,368.0,398.0
13319.0,ALMARAZ CN 400,Extremadura,Cáceres,Almaraz,400.0,39.807630536132,-5.6937784834858,fotovoltaica,Puesta en servicio,RdD,,
13319.0,ALMARAZ CN 400,Extremadura,Cáceres,Almaraz,400.0,39.807630536132,-5.6937784834858,fotovoltaica,Puesta en servicio,RdT,84.0,608.8
13319.0,ALMARAZ CN 400,Extremadura,Cáceres,Almaraz,400.0,39.807630536132,-5.6937784834858,hibridacion,Puesta en servicio,RdD,,
13319.0,ALMARAZ CN 400,Extremadura,Cáceres,Almaraz,400.0,39.807630536132,-5.6937784834858,hibridacion,Puesta en servicio,RdT,430.0,
13319.0,ALMARAZ CN 400,Extremadura,Cáceres,Almaraz,400.0,39.807630536132,-5.6937784834858,otras,Puesta en servicio,RdD,,
13319.0,ALMARAZ CN 400,Extremadura,Cáceres,Almaraz,400.0,39.807630536132,-5.6937784834858,otras,Puesta en servicio,RdT,1956.1,2017.13
6982.0,CAÑAVERAL 400,Extremadura,Cáceres,Casas de Millán,400.0,39.7993616815,-6.3610816410948,almacenamiento,Con permisos,RdD,,
6982.0,CAÑAVERAL 400,Extremadura,Cáceres,Casas de Millán,400.0,39.7993616815,-6.3610816410948,almacenamiento,Con permisos,RdT,,46.0
6982.0,CAÑAVERAL 400,Extremadura,Cáceres,Casas de Millán,400.0,39.7993616815,-6.3610816410948,eolica,Con permisos,RdD,,
6982.0,CAÑAVERAL 400,Extremadura,Cáceres,Casas de Millán,400.0,39.7993616815,-6.3610816410948,eolica,Con permisos,RdT,33.0,33.0
6982.0,CAÑAVERAL 400,Extremadura,Cáceres,Casas de Millán,400.0,39.7993616815,-6.3610816410948,fotovoltaica,Puesta en servicio,RdD,,
6982.0,CAÑAVERAL 400,Extremadura,Cáceres,Casas de Millán,400.0,39.7993616815,-6.3610816410948,fotovoltaica,Puesta en servicio,RdT,243.9,341.32
6982.0,CAÑAVERAL 400,Extremadura,Cáceres,Casas de Millán,400.0,39.7993616815,-6.3610816410948,hibridacion,Puesta en servicio,RdD,,
6982.0,CAÑAVERAL 400,Extremadura,Cáceres,Casas de Millán,400.0,39.7993616815,-6.3610816410948,hibridacion,Puesta en servicio,RdT,61.69,
6984.0,CASATEJADA 220,Extremadura,Cáceres,Casatejada,220.0,39.974977831921,-5.7036098968893,almacenamiento,Con permisos,RdD,,8.0
6984.0,CASATEJADA 220,Extremadura,Cáceres,Casatejada,220.0,39.974977831921,-5.7036098968893,almacenamiento,Con permisos,RdT,,
6984.0,CASATEJADA 220,Extremadura,Cáceres,Casatejada,220.0,39.974977831921,-5.7036098968893,fotovoltaica,Con permisos,RdD,20.0,20.0
6984.0,CASATEJADA 220,Extremadura,Cáceres,Casatejada,220.0,39.974977831921,-5.7036098968893,fotovoltaica,Con permisos,RdT,,
6984.0,CASATEJADA 220,Extremadura,Cáceres,Casatejada,220.0,39.974977831921,-5.7036098968893,fotovoltaica,Puesta en servicio,RdD,45.88,69.88
6984.0,CASATEJADA 220,Extremadura,Cáceres,Casatejada,220.0,39.974977831921,-5.7036098968893,fotovoltaica,Puesta en servicio,RdT,,
6984.0,CASATEJADA 220,Extremadura,Cáceres,Casatejada,220.0,39.974977831921,-5.7036098968893,hibridacion,Puesta en servicio,RdD,17.0,
6984.0,CASATEJADA 220,Extremadura,Cáceres,Casatejada,220.0,39.974977831921,-5.7036098968893,hibridacion,Puesta en servicio,RdT,,
6984.0,CASATEJADA 220,Extremadura,Cáceres,Casatejada,220.0,39.974977831921,-5.7036098968893,hidraulica,Puesta en servicio,RdD,1.72,1.72
6984.0,CASATEJADA 220,Extremadura,Cáceres,Casatejada,220.0,39.974977831921,-5.7036098968893,hidraulica,Puesta en servicio,RdT,,
6984.0,CASATEJADA 220,Extremadura,Cáceres,Casatejada,220.0,39.974977831921,-5.7036098968893,termosolar,Puesta en servicio,RdD,50.0,50.0
6984.0,CASATEJADA 220,Extremadura,Cáceres,Casatejada,220.0,39.974977831921,-5.7036098968893,termosolar,Puesta en servicio,RdT,,
12684.0,CEDILLO 400,Extremadura,Cáceres,Cedillo,400.0,39.664240781844,-7.5332414371006,almacenamiento,Con permisos,RdD,,
12684.0,CEDILLO 400,Extremadura,Cáceres,Cedillo,400.0,39.664240781844,-7.5332414371006,almacenamiento,Con permisos,RdT,,275.0
12684.0,CEDILLO 400,Extremadura,Cáceres,Cedillo,400.0,39.664240781844,-7.5332414371006,fotovoltaica,Con permisos,RdD,,
12684.0,CEDILLO 400,Extremadura,Cáceres,Cedillo,400.0,39.664240781844,-7.5332414371006,fotovoltaica,Con permisos,RdT,,86.0
12684.0,CEDILLO 400,Extremadura,Cáceres,Cedillo,400.0,39.664240781844,-7.5332414371006,fotovoltaica,Puesta en servicio,RdD,,
12684.0,CEDILLO 400,Extremadura,Cáceres,Cedillo,400.0,39.664240781844,-7.5332414371006,fotovoltaica,Puesta en servicio,RdT,,379.58
12684.0,CEDILLO 400,Extremadura,Cáceres,Cedillo,400.0,39.664240781844,-7.5332414371006,hibridacion,Con permisos,RdD,,
12684.0,CEDILLO 400,Extremadura,Cáceres,Cedillo,400.0,39.664240781844,-7.5332414371006,hibridacion,Con permisos,RdT,473.0,
12684.0,CEDILLO 400,Extremadura,Cáceres,Cedillo,400.0,39.664240781844,-7.5332414371006,hibridacion,Puesta en servicio,RdD,,
12684.0,CEDILLO 400,Extremadura,Cáceres,Cedillo,400.0,39.664240781844,-7.5332414371006,hibridacion,Puesta en servicio,RdT,343.0,
12684.0,CEDILLO 400,Extremadura,Cáceres,Cedillo,400.0,39.664240781844,-7.5332414371006,hidraulica,Con permisos,RdD,,
12684.0,CEDILLO 400,Extremadura,Cáceres,Cedillo,400.0,39.664240781844,-7.5332414371006,hidraulica,Con permisos,RdT,,495.0
6981.0,CACERES 220,Extremadura,Cáceres,Cáceres,220.0,39.479162944762,-6.3569212912992,almacenamiento,Con permisos,RdD,,3.0
6981.0,CACERES 220,Extremadura,Cáceres,Cáceres,220.0,39.479162944762,-6.3569212912992,almacenamiento,Con permisos,RdT,,
6981.0,CACERES 220,Extremadura,Cáceres,Cáceres,220.0,39.479162944762,-6.3569212912992,fotovoltaica,Con permisos,RdD,172.0,188.0
6981.0,CACERES 220,Extremadura,Cáceres,Cáceres,220.0,39.479162944762,-6.3569212912992,fotovoltaica,Con permisos,RdT,,
6981.0,CACERES 220,Extremadura,Cáceres,Cáceres,220.0,39.479162944762,-6.3569212912992,fotovoltaica,En curso,RdD,49.0,53.16
6981.0,CACERES 220,Extremadura,Cáceres,Cáceres,220.0,39.479162944762,-6.3569212912992,fotovoltaica,En curso,RdT,,
6981.0,CACERES 220,Extremadura,Cáceres,Cáceres,220.0,39.479162944762,-6.3569212912992,fotovoltaica,Puesta en servicio,RdD,57.74,69.25
6981.0,CACERES 220,Extremadura,Cáceres,Cáceres,220.0,39.479162944762,-6.3569212912992,fotovoltaica,Puesta en servicio,RdT,,
6981.0,CACERES 220,Extremadura,Cáceres,Cáceres,220.0,39.479162944762,-6.3569212912992,hibridacion,Puesta en servicio,RdD,10.0,
6981.0,CACERES 220,Extremadura,Cáceres,Cáceres,220.0,39.479162944762,-6.3569212912992,hibridacion,Puesta en servicio,RdT,,
6981.0,CACERES 220,Extremadura,Cáceres,Cáceres,220.0,39.479162944762,-6.3569212912992,hidraulica,Puesta en servicio,RdD,1.48,1.48
6981.0,CACERES 220,Extremadura,Cáceres,Cáceres,220.0,39.479162944762,-6.3569212912992,hidraulica,Puesta en servicio,RdT,,
6981.0,CACERES 220,Extremadura,Cáceres,Cáceres,220.0,39.479162944762,-6.3569212912992,otras,Puesta en servicio,RdD,15.0,15.0
6981.0,CACERES 220,Extremadura,Cáceres,Cáceres,220.0,39.479162944762,-6.3569212912992,otras,Puesta en servicio,RdT,,
12917.0,LOS ARENALES 220,Extremadura,Cáceres,Cáceres,220.0,39.506693041008,-6.4251056242861,almacenamiento,Con permisos,RdD,,
12917.0,LOS ARENALES 220,Extremadura,Cáceres,Cáceres,220.0,39.506693041008,-6.4251056242861,almacenamiento,Con permisos,RdT,,199.0
12917.0,LOS ARENALES 220,Extremadura,Cáceres,Cáceres,220.0,39.506693041008,-6.4251056242861,almacenamiento,Puesta en servicio,RdD,,
12917.0,LOS ARENALES 220,Extremadura,Cáceres,Cáceres,220.0,39.506693041008,-6.4251056242861,almacenamiento,Puesta en servicio,RdT,,2.0
12917.0,LOS ARENALES 220,Extremadura,Cáceres,Cáceres,220.0,39.506693041008,-6.4251056242861,fotovoltaica,En curso,RdD,34.98,35.8
12917.0,LOS ARENALES 220,Extremadura,Cáceres,Cáceres,220.0,39.506693041008,-6.4251056242861,fotovoltaica,En curso,RdT,,
12917.0,LOS ARENALES 220,Extremadura,Cáceres,Cáceres,220.0,39.506693041008,-6.4251056242861,fotovoltaica,Puesta en servicio,RdD,,
12917.0,LOS ARENALES 220,Extremadura,Cáceres,Cáceres,220.0,39.506693041008,-6.4251056242861,fotovoltaica,Puesta en servicio,RdT,,240.73
12917.0,LOS ARENALES 220,Extremadura,Cáceres,Cáceres,220.0,39.506693041008,-6.4251056242861,hibridacion,Puesta en servicio,RdD,,
12917.0,LOS ARENALES 220,Extremadura,Cáceres,Cáceres,220.0,39.506693041008,-6.4251056242861,hibridacion,Puesta en servicio,RdT,212.0,
6977.0,ARAÑUELO 400,Extremadura,Cáceres,Navalmoral de la Mata,400.0,39.950382935148,-5.5899943715303,almacenamiento,Con permisos,RdD,,
6977.0,ARAÑUELO 400,Extremadura,Cáceres,Navalmoral de la Mata,400.0,39.950382935148,-5.5899943715303,almacenamiento,Con permisos,RdT,,23.0
6977.0,ARAÑUELO 400,Extremadura,Cáceres,Navalmoral de la Mata,400.0,39.950382935148,-5.5899943715303,almacenamiento,En curso,RdD,,
6977.0,ARAÑUELO 400,Extremadura,Cáceres,Navalmoral de la Mata,400.0,39.950382935148,-5.5899943715303,almacenamiento,En curso,RdT,,23.87
6977.0,ARAÑUELO 400,Extremadura,Cáceres,Navalmoral de la Mata,400.0,39.950382935148,-5.5899943715303,fotovoltaica,Con permisos,RdD,,
6977.0,ARAÑUELO 400,Extremadura,Cáceres,Navalmoral de la Mata,400.0,39.950382935148,-5.5899943715303,fotovoltaica,Con permisos,RdT,165.0,197.0
6977.0,ARAÑUELO 400,Extremadura,Cáceres,Navalmoral de la Mata,400.0,39.950382935148,-5.5899943715303,fotovoltaica,En curso,RdD,,
6977.0,ARAÑUELO 400,Extremadura,Cáceres,Navalmoral de la Mata,400.0,39.950382935148,-5.5899943715303,fotovoltaica,En curso,RdT,165.56,238.17
6977.0,ARAÑUELO 400,Extremadura,Cáceres,Navalmoral de la Mata,400.0,39.950382935148,-5.5899943715303,fotovoltaica,Puesta en servicio,RdD,,
6977.0,ARAÑUELO 400,Extremadura,Cáceres,Navalmoral de la Mata,400.0,39.950382935148,-5.5899943715303,fotovoltaica,Puesta en servicio,RdT,266.4,363.11
6977.0,ARAÑUELO 400,Extremadura,Cáceres,Navalmoral de la Mata,400.0,39.950382935148,-5.5899943715303,hibridacion,En curso,RdD,,
6977.0,ARAÑUELO 400,Extremadura,Cáceres,Navalmoral de la Mata,400.0,39.950382935148,-5.5899943715303,hibridacion,En curso,RdT,44.0,
6977.0,ARAÑUELO 400,Extremadura,Cáceres,Navalmoral de la Mata,400.0,39.950382935148,-5.5899943715303,hibridacion,Puesta en servicio,RdD,,
6977.0,ARAÑUELO 400,Extremadura,Cáceres,Navalmoral de la Mata,400.0,39.950382935148,-5.5899943715303,hibridacion,Puesta en servicio,RdT,44.0,
13066.0,PLASENCIA 220,Extremadura,Cáceres,Plasencia,220.0,40.022413593511,-6.0945877456384,almacenamiento,Con permisos,RdD,,38.0
13066.0,PLASENCIA 220,Extremadura,Cáceres,Plasencia,220.0,40.022413593511,-6.0945877456384,almacenamiento,Con permisos,RdT,,
13066.0,PLASENCIA 220,Extremadura,Cáceres,Plasencia,220.0,40.022413593511,-6.0945877456384,bombeo,Puesta en servicio,RdD,,
13066.0,PLASENCIA 220,Extremadura,Cáceres,Plasencia,220.0,40.022413593511,-6.0945877456384,bombeo,Puesta en servicio,RdT,162.8,162.61
13066.0,PLASENCIA 220,Extremadura,Cáceres,Plasencia,220.0,40.022413593511,-6.0945877456384,eolica,Puesta en servicio,RdD,49.28,49.28
13066.0,PLASENCIA 220,Extremadura,Cáceres,Plasencia,220.0,40.022413593511,-6.0945877456384,eolica,Puesta en servicio,RdT,49.5,49.5
13066.0,PLASENCIA 220,Extremadura,Cáceres,Plasencia,220.0,40.022413593511,-6.0945877456384,fotovoltaica,Puesta en servicio,RdD,102.04,143.96
13066.0,PLASENCIA 220,Extremadura,Cáceres,Plasencia,220.0,40.022413593511,-6.0945877456384,fotovoltaica,Puesta en servicio,RdT,22.79,25.6
13066.0,PLASENCIA 220,Extremadura,Cáceres,Plasencia,220.0,40.022413593511,-6.0945877456384,hibridacion,Puesta en servicio,RdD,38.7,
13066.0,PLASENCIA 220,Extremadura,Cáceres,Plasencia,220.0,40.022413593511,-6.0945877456384,hibridacion,Puesta en servicio,RdT,,
13066.0,PLASENCIA 220,Extremadura,Cáceres,Plasencia,220.0,40.022413593511,-6.0945877456384,hidraulica,Puesta en servicio,RdD,4.31,4.31
13066.0,PLASENCIA 220,Extremadura,Cáceres,Plasencia,220.0,40.022413593511,-6.0945877456384,hidraulica,Puesta en servicio,RdT,,
6996.0,TORREJON 220,Extremadura,Cáceres,Toril,220.0,39.835630934288,-5.9894974735492,bombeo,Con permisos,RdD,,
6996.0,TORREJON 220,Extremadura,Cáceres,Toril,220.0,39.835630934288,-5.9894974735492,bombeo,Con permisos,RdT,32.0,33.0
6996.0,TORREJON 220,Extremadura,Cáceres,Toril,220.0,39.835630934288,-5.9894974735492,bombeo,Puesta en servicio,RdD,,
6996.0,TORREJON 220,Extremadura,Cáceres,Toril,220.0,39.835630934288,-5.9894974735492,bombeo,Puesta en servicio,RdT,97.2,97.1
6997.0,TRUJILLO 220,Extremadura,Cáceres,Trujillo,220.0,39.454806231185,-5.8905045790458,almacenamiento,Con permisos,RdD,,
6997.0,TRUJILLO 220,Extremadura,Cáceres,Trujillo,220.0,39.454806231185,-5.8905045790458,almacenamiento,Con permisos,RdT,,126.0
6997.0,TRUJILLO 220,Extremadura,Cáceres,Trujillo,220.0,39.454806231185,-5.8905045790458,fotovoltaica,Con permisos,RdD,1.0,1.0
6997.0,TRUJILLO 220,Extremadura,Cáceres,Trujillo,220.0,39.454806231185,-5.8905045790458,fotovoltaica,Con permisos,RdT,,156.0
6997.0,TRUJILLO 220,Extremadura,Cáceres,Trujillo,220.0,39.454806231185,-5.8905045790458,fotovoltaica,En curso,RdD,,
6997.0,TRUJILLO 220,Extremadura,Cáceres,Trujillo,220.0,39.454806231185,-5.8905045790458,fotovoltaica,En curso,RdT,19.0,19.0
6997.0,TRUJILLO 220,Extremadura,Cáceres,Trujillo,220.0,39.454806231185,-5.8905045790458,fotovoltaica,Puesta en servicio,RdD,38.5,48.59
6997.0,TRUJILLO 220,Extremadura,Cáceres,Trujillo,220.0,39.454806231185,-5.8905045790458,fotovoltaica,Puesta en servicio,RdT,,42.77
6997.0,TRUJILLO 220,Extremadura,Cáceres,Trujillo,220.0,39.454806231185,-5.8905045790458,hibridacion,Con permisos,RdD,,
6997.0,TRUJILLO 220,Extremadura,Cáceres,Trujillo,220.0,39.454806231185,-5.8905045790458,hibridacion,Con permisos,RdT,135.0,
6997.0,TRUJILLO 220,Extremadura,Cáceres,Trujillo,220.0,39.454806231185,-5.8905045790458,hibridacion,Puesta en servicio,RdD,10.0,
6997.0,TRUJILLO 220,Extremadura,Cáceres,Trujillo,220.0,39.454806231185,-5.8905045790458,hibridacion,Puesta en servicio,RdT,39.0,
6997.0,TRUJILLO 220,Extremadura,Cáceres,Trujillo,220.0,39.454806231185,-5.8905045790458,hidraulica,Con permisos,RdD,3.0,3.0
6997.0,TRUJILLO 220,Extremadura,Cáceres,Trujillo,220.0,39.454806231185,-5.8905045790458,hidraulica,Con permisos,RdT,,
6997.0,TRUJILLO 220,Extremadura,Cáceres,Trujillo,220.0,39.454806231185,-5.8905045790458,otras,Puesta en servicio,RdD,4.5,4.5
6997.0,TRUJILLO 220,Extremadura,Cáceres,Trujillo,220.0,39.454806231185,-5.8905045790458,otras,Puesta en servicio,RdT,,
12577.0,ABEGONDO 220,Galicia,A Coruña,Abegondo,220.0,43.219898809927,-8.2955196107655,eolica,Con permisos,RdD,,
12577.0,ABEGONDO 220,Galicia,A Coruña,Abegondo,220.0,43.219898809927,-8.2955196107655,eolica,Con permisos,RdT,152.0,192.0
12577.0,ABEGONDO 220,Galicia,A Coruña,Abegondo,220.0,43.219898809927,-8.2955196107655,eolica,En curso,RdD,,
12577.0,ABEGONDO 220,Galicia,A Coruña,Abegondo,220.0,43.219898809927,-8.2955196107655,eolica,En curso,RdT,4.0,4.0
13188.0,SABON 220,Galicia,A Coruña,Arteixo,220.0,43.329327151054,-8.5007784361573,almacenamiento,Con permisos,RdD,26.0,26.0
13188.0,SABON 220,Galicia,A Coruña,Arteixo,220.0,43.329327151054,-8.5007784361573,almacenamiento,Con permisos,RdT,,
13188.0,SABON 220,Galicia,A Coruña,Arteixo,220.0,43.329327151054,-8.5007784361573,eolica,Con permisos,RdD,67.0,69.0
13188.0,SABON 220,Galicia,A Coruña,Arteixo,220.0,43.329327151054,-8.5007784361573,eolica,Con permisos,RdT,,
13188.0,SABON 220,Galicia,A Coruña,Arteixo,220.0,43.329327151054,-8.5007784361573,eolica,Puesta en servicio,RdD,2.85,2.85
13188.0,SABON 220,Galicia,A Coruña,Arteixo,220.0,43.329327151054,-8.5007784361573,eolica,Puesta en servicio,RdT,,
13188.0,SABON 220,Galicia,A Coruña,Arteixo,220.0,43.329327151054,-8.5007784361573,fotovoltaica,Con permisos,RdD,1.0,1.0
13188.0,SABON 220,Galicia,A Coruña,Arteixo,220.0,43.329327151054,-8.5007784361573,fotovoltaica,Con permisos,RdT,,
13188.0,SABON 220,Galicia,A Coruña,Arteixo,220.0,43.329327151054,-8.5007784361573,fotovoltaica,Puesta en servicio,RdD,,2.4
13188.0,SABON 220,Galicia,A Coruña,Arteixo,220.0,43.329327151054,-8.5007784361573,fotovoltaica,Puesta en servicio,RdT,,
13188.0,SABON 220,Galicia,A Coruña,Arteixo,220.0,43.329327151054,-8.5007784361573,hibridacion,Puesta en servicio,RdD,5.25,
13188.0,SABON 220,Galicia,A Coruña,Arteixo,220.0,43.329327151054,-8.5007784361573,hibridacion,Puesta en servicio,RdT,,
13188.0,SABON 220,Galicia,A Coruña,Arteixo,220.0,43.329327151054,-8.5007784361573,hidraulica,Puesta en servicio,RdD,25.6,25.6
13188.0,SABON 220,Galicia,A Coruña,Arteixo,220.0,43.329327151054,-8.5007784361573,hidraulica,Puesta en servicio,RdT,,
13188.0,SABON 220,Galicia,A Coruña,Arteixo,220.0,43.329327151054,-8.5007784361573,otras,Con permisos,RdD,8.0,8.0
13188.0,SABON 220,Galicia,A Coruña,Arteixo,220.0,43.329327151054,-8.5007784361573,otras,Con permisos,RdT,,
13188.0,SABON 220,Galicia,A Coruña,Arteixo,220.0,43.329327151054,-8.5007784361573,otras,En curso,RdD,,
13188.0,SABON 220,Galicia,A Coruña,Arteixo,220.0,43.329327151054,-8.5007784361573,otras,En curso,RdT,382.27,391.31
13188.0,SABON 220,Galicia,A Coruña,Arteixo,220.0,43.329327151054,-8.5007784361573,otras,Puesta en servicio,RdD,56.45,60.55
13188.0,SABON 220,Galicia,A Coruña,Arteixo,220.0,43.329327151054,-8.5007784361573,otras,Puesta en servicio,RdT,382.27,391.31
13303.0,MESON D.V. 400,Galicia,A Coruña,Carral,400.0,43.167448595751,-8.3559669209846,otras,Puesta en servicio,RdD,20.0,20.0
13303.0,MESON D.V. 400,Galicia,A Coruña,Carral,400.0,43.167448595751,-8.3559669209846,otras,Puesta en servicio,RdT,,
13346.0,MESON D.V. 220,Galicia,A Coruña,Carral,220.0,43.167448595751,-8.3559669209846,eolica,Con permisos,RdD,,
13346.0,MESON D.V. 220,Galicia,A Coruña,Carral,220.0,43.167448595751,-8.3559669209846,eolica,Con permisos,RdT,435.0,439.0
13346.0,MESON D.V. 220,Galicia,A Coruña,Carral,220.0,43.167448595751,-8.3559669209846,fotovoltaica,Con permisos,RdD,2.0,2.0
13346.0,MESON D.V. 220,Galicia,A Coruña,Carral,220.0,43.167448595751,-8.3559669209846,fotovoltaica,Con permisos,RdT,,
13346.0,MESON D.V. 220,Galicia,A Coruña,Carral,220.0,43.167448595751,-8.3559669209846,fotovoltaica,Puesta en servicio,RdD,,2.45
13346.0,MESON D.V. 220,Galicia,A Coruña,Carral,220.0,43.167448595751,-8.3559669209846,fotovoltaica,Puesta en servicio,RdT,,
13346.0,MESON D.V. 220,Galicia,A Coruña,Carral,220.0,43.167448595751,-8.3559669209846,hibridacion,Puesta en servicio,RdD,6.55,
13346.0,MESON D.V. 220,Galicia,A Coruña,Carral,220.0,43.167448595751,-8.3559669209846,hibridacion,Puesta en servicio,RdT,,
13346.0,MESON D.V. 220,Galicia,A Coruña,Carral,220.0,43.167448595751,-8.3559669209846,hidraulica,Puesta en servicio,RdD,3.2,3.2
13346.0,MESON D.V. 220,Galicia,A Coruña,Carral,220.0,43.167448595751,-8.3559669209846,hidraulica,Puesta en servicio,RdT,,68.7
13346.0,MESON D.V. 220,Galicia,A Coruña,Carral,220.0,43.167448595751,-8.3559669209846,otras,Puesta en servicio,RdD,,4.1
13346.0,MESON D.V. 220,Galicia,A Coruña,Carral,220.0,43.167448595751,-8.3559669209846,otras,Puesta en servicio,RdT,,
12961.0,MEIRAMA 220,Galicia,A Coruña,Cerceda,220.0,43.169113093891,-8.409421022832,almacenamiento,Con permisos,RdD,14.0,16.0
12961.0,MEIRAMA 220,Galicia,A Coruña,Cerceda,220.0,43.169113093891,-8.409421022832,almacenamiento,Con permisos,RdT,,
12961.0,MEIRAMA 220,Galicia,A Coruña,Cerceda,220.0,43.169113093891,-8.409421022832,eolica,Con permisos,RdD,,
12961.0,MEIRAMA 220,Galicia,A Coruña,Cerceda,220.0,43.169113093891,-8.409421022832,eolica,Con permisos,RdT,212.0,212.0
12961.0,MEIRAMA 220,Galicia,A Coruña,Cerceda,220.0,43.169113093891,-8.409421022832,eolica,En curso,RdD,31.0,31.0
12961.0,MEIRAMA 220,Galicia,A Coruña,Cerceda,220.0,43.169113093891,-8.409421022832,eolica,En curso,RdT,,
12961.0,MEIRAMA 220,Galicia,A Coruña,Cerceda,220.0,43.169113093891,-8.409421022832,eolica,Puesta en servicio,RdD,3.0,3.0
12961.0,MEIRAMA 220,Galicia,A Coruña,Cerceda,220.0,43.169113093891,-8.409421022832,eolica,Puesta en servicio,RdT,,
12961.0,MEIRAMA 220,Galicia,A Coruña,Cerceda,220.0,43.169113093891,-8.409421022832,fotovoltaica,Con permisos,RdD,7.0,7.0
12961.0,MEIRAMA 220,Galicia,A Coruña,Cerceda,220.0,43.169113093891,-8.409421022832,fotovoltaica,Con permisos,RdT,,
12961.0,MEIRAMA 220,Galicia,A Coruña,Cerceda,220.0,43.169113093891,-8.409421022832,otras,Puesta en servicio,RdD,7.01,9.71
12961.0,MEIRAMA 220,Galicia,A Coruña,Cerceda,220.0,43.169113093891,-8.409421022832,otras,Puesta en servicio,RdT,71.26,71.26
12731.0,EIRIS 220,Galicia,A Coruña,"Coruña, A",220.0,43.342989951337,-8.397827721031,almacenamiento,Con permisos,RdD,9.0,9.0
12731.0,EIRIS 220,Galicia,A Coruña,"Coruña, A",220.0,43.342989951337,-8.397827721031,almacenamiento,Con permisos,RdT,,
12873.0,LA GRELA 220,Galicia,A Coruña,"Coruña, A",220.0,43.342675142408,-8.4290226638479,almacenamiento,Con permisos,RdD,17.0,20.0
12873.0,LA GRELA 220,Galicia,A Coruña,"Coruña, A",220.0,43.342675142408,-8.4290226638479,almacenamiento,Con permisos,RdT,,
12873.0,LA GRELA 220,Galicia,A Coruña,"Coruña, A",220.0,43.342675142408,-8.4290226638479,otras,En curso,RdD,,
12873.0,LA GRELA 220,Galicia,A Coruña,"Coruña, A",220.0,43.342675142408,-8.4290226638479,otras,En curso,RdT,93.78,94.16
12873.0,LA GRELA 220,Galicia,A Coruña,"Coruña, A",220.0,43.342675142408,-8.4290226638479,otras,Puesta en servicio,RdD,2.5,2.5
12873.0,LA GRELA 220,Galicia,A Coruña,"Coruña, A",220.0,43.342675142408,-8.4290226638479,otras,Puesta en servicio,RdT,93.78,94.16
7037.0,SIDEGASA 220,Galicia,A Coruña,Curtis,220.0,43.151334916092,-8.0237231539085,eolica,Puesta en servicio,RdD,206.8,206.8
7037.0,SIDEGASA 220,Galicia,A Coruña,Curtis,220.0,43.151334916092,-8.0237231539085,eolica,Puesta en servicio,RdT,,
7037.0,SIDEGASA 220,Galicia,A Coruña,Curtis,220.0,43.151334916092,-8.0237231539085,hidraulica,Puesta en servicio,RdD,9.73,9.73
7037.0,SIDEGASA 220,Galicia,A Coruña,Curtis,220.0,43.151334916092,-8.0237231539085,hidraulica,Puesta en servicio,RdT,,
7037.0,SIDEGASA 220,Galicia,A Coruña,Curtis,220.0,43.151334916092,-8.0237231539085,otras,Puesta en servicio,RdD,74.71,74.71
7037.0,SIDEGASA 220,Galicia,A Coruña,Curtis,220.0,43.151334916092,-8.0237231539085,otras,Puesta en servicio,RdT,,
13168.0,REGOELLE 220,Galicia,A Coruña,Dumbría,220.0,43.014064840505,-9.051106424638,almacenamiento,Con permisos,RdD,,
13168.0,REGOELLE 220,Galicia,A Coruña,Dumbría,220.0,43.014064840505,-9.051106424638,almacenamiento,Con permisos,RdT,131.0,131.0
13168.0,REGOELLE 220,Galicia,A Coruña,Dumbría,220.0,43.014064840505,-9.051106424638,almacenamiento,En curso,RdD,,
13168.0,REGOELLE 220,Galicia,A Coruña,Dumbría,220.0,43.014064840505,-9.051106424638,almacenamiento,En curso,RdT,225.0,225.0
13168.0,REGOELLE 220,Galicia,A Coruña,Dumbría,220.0,43.014064840505,-9.051106424638,bombeo,En curso,RdD,,
13168.0,REGOELLE 220,Galicia,A Coruña,Dumbría,220.0,43.014064840505,-9.051106424638,bombeo,En curso,RdT,100.0,100.0
13168.0,REGOELLE 220,Galicia,A Coruña,Dumbría,220.0,43.014064840505,-9.051106424638,eolica,Con permisos,RdD,,
13168.0,REGOELLE 220,Galicia,A Coruña,Dumbría,220.0,43.014064840505,-9.051106424638,eolica,Con permisos,RdT,186.0,191.0
13168.0,REGOELLE 220,Galicia,A Coruña,Dumbría,220.0,43.014064840505,-9.051106424638,eolica,En curso,RdD,,
13168.0,REGOELLE 220,Galicia,A Coruña,Dumbría,220.0,43.014064840505,-9.051106424638,eolica,En curso,RdT,340.0,340.0
13168.0,REGOELLE 220,Galicia,A Coruña,Dumbría,220.0,43.014064840505,-9.051106424638,eolica,Puesta en servicio,RdD,,
13168.0,REGOELLE 220,Galicia,A Coruña,Dumbría,220.0,43.014064840505,-9.051106424638,eolica,Puesta en servicio,RdT,135.19,135.19
13168.0,REGOELLE 220,Galicia,A Coruña,Dumbría,220.0,43.014064840505,-9.051106424638,hidraulica,Con permisos,RdD,,
13168.0,REGOELLE 220,Galicia,A Coruña,Dumbría,220.0,43.014064840505,-9.051106424638,hidraulica,Con permisos,RdT,166.0,
13168.0,REGOELLE 220,Galicia,A Coruña,Dumbría,220.0,43.014064840505,-9.051106424638,hidraulica,En curso,RdD,,
13168.0,REGOELLE 220,Galicia,A Coruña,Dumbría,220.0,43.014064840505,-9.051106424638,hidraulica,En curso,RdT,,3.5
13168.0,REGOELLE 220,Galicia,A Coruña,Dumbría,220.0,43.014064840505,-9.051106424638,otras,En curso,RdD,,
13168.0,REGOELLE 220,Galicia,A Coruña,Dumbría,220.0,43.014064840505,-9.051106424638,otras,En curso,RdT,3.5,
12926.0,LOUSAME 220,Galicia,A Coruña,Lousame,220.0,42.81742893012,-8.7809909488187,almacenamiento,Con permisos,RdD,,
12926.0,LOUSAME 220,Galicia,A Coruña,Lousame,220.0,42.81742893012,-8.7809909488187,almacenamiento,Con permisos,RdT,48.0,49.0
12926.0,LOUSAME 220,Galicia,A Coruña,Lousame,220.0,42.81742893012,-8.7809909488187,eolica,Con permisos,RdD,,
12926.0,LOUSAME 220,Galicia,A Coruña,Lousame,220.0,42.81742893012,-8.7809909488187,eolica,Con permisos,RdT,191.0,195.0
12955.0,MAZARICOS 220,Galicia,A Coruña,Mazaricos,220.0,42.891364486325,-9.0302018825371,almacenamiento,En curso,RdD,,5.0
12955.0,MAZARICOS 220,Galicia,A Coruña,Mazaricos,220.0,42.891364486325,-9.0302018825371,almacenamiento,En curso,RdT,,
12955.0,MAZARICOS 220,Galicia,A Coruña,Mazaricos,220.0,42.891364486325,-9.0302018825371,eolica,En curso,RdD,,33.6
12955.0,MAZARICOS 220,Galicia,A Coruña,Mazaricos,220.0,42.891364486325,-9.0302018825371,eolica,En curso,RdT,,
12955.0,MAZARICOS 220,Galicia,A Coruña,Mazaricos,220.0,42.891364486325,-9.0302018825371,eolica,Puesta en servicio,RdD,307.0,307.0
12955.0,MAZARICOS 220,Galicia,A Coruña,Mazaricos,220.0,42.891364486325,-9.0302018825371,eolica,Puesta en servicio,RdT,,
12955.0,MAZARICOS 220,Galicia,A Coruña,Mazaricos,220.0,42.891364486325,-9.0302018825371,hibridacion,En curso,RdD,33.6,
12955.0,MAZARICOS 220,Galicia,A Coruña,Mazaricos,220.0,42.891364486325,-9.0302018825371,hibridacion,En curso,RdT,,
13354.0,TAMBRE 220,Galicia,A Coruña,Noia,220.0,42.83064441078,-8.8453042626604,eolica,Con permisos,RdD,71.0,71.0
13354.0,TAMBRE 220,Galicia,A Coruña,Noia,220.0,42.83064441078,-8.8453042626604,eolica,Con permisos,RdT,,
13354.0,TAMBRE 220,Galicia,A Coruña,Noia,220.0,42.83064441078,-8.8453042626604,eolica,Puesta en servicio,RdD,121.73,121.73
13354.0,TAMBRE 220,Galicia,A Coruña,Noia,220.0,42.83064441078,-8.8453042626604,eolica,Puesta en servicio,RdT,,
13354.0,TAMBRE 220,Galicia,A Coruña,Noia,220.0,42.83064441078,-8.8453042626604,hidraulica,Puesta en servicio,RdD,95.07,95.07
13354.0,TAMBRE 220,Galicia,A Coruña,Noia,220.0,42.83064441078,-8.8453042626604,hidraulica,Puesta en servicio,RdT,,
13354.0,TAMBRE 220,Galicia,A Coruña,Noia,220.0,42.83064441078,-8.8453042626604,otras,Puesta en servicio,RdD,100.51,104.47
13354.0,TAMBRE 220,Galicia,A Coruña,Noia,220.0,42.83064441078,-8.8453042626604,otras,Puesta en servicio,RdT,,
13090.0,PUENTES G.R. 400,Galicia,A Coruña,"Pontes de García Rodríguez, As",400.0,43.43947342373,-7.8606690542859,almacenamiento,Con permisos,RdD,,
13090.0,PUENTES G.R. 400,Galicia,A Coruña,"Pontes de García Rodríguez, As",400.0,43.43947342373,-7.8606690542859,almacenamiento,Con permisos,RdT,,28.0
13090.0,PUENTES G.R. 400,Galicia,A Coruña,"Pontes de García Rodríguez, As",400.0,43.43947342373,-7.8606690542859,eolica,Con permisos,RdD,92.0,97.0
13090.0,PUENTES G.R. 400,Galicia,A Coruña,"Pontes de García Rodríguez, As",400.0,43.43947342373,-7.8606690542859,eolica,Con permisos,RdT,377.0,490.0
13090.0,PUENTES G.R. 400,Galicia,A Coruña,"Pontes de García Rodríguez, As",400.0,43.43947342373,-7.8606690542859,eolica,Puesta en servicio,RdD,516.24,516.24
13090.0,PUENTES G.R. 400,Galicia,A Coruña,"Pontes de García Rodríguez, As",400.0,43.43947342373,-7.8606690542859,eolica,Puesta en servicio,RdT,,
13090.0,PUENTES G.R. 400,Galicia,A Coruña,"Pontes de García Rodríguez, As",400.0,43.43947342373,-7.8606690542859,fotovoltaica,Puesta en servicio,RdD,3.4,3.54
13090.0,PUENTES G.R. 400,Galicia,A Coruña,"Pontes de García Rodríguez, As",400.0,43.43947342373,-7.8606690542859,fotovoltaica,Puesta en servicio,RdT,,
13090.0,PUENTES G.R. 400,Galicia,A Coruña,"Pontes de García Rodríguez, As",400.0,43.43947342373,-7.8606690542859,hibridacion,Con permisos,RdD,,
13090.0,PUENTES G.R. 400,Galicia,A Coruña,"Pontes de García Rodríguez, As",400.0,43.43947342373,-7.8606690542859,hibridacion,Con permisos,RdT,113.0,
13090.0,PUENTES G.R. 400,Galicia,A Coruña,"Pontes de García Rodríguez, As",400.0,43.43947342373,-7.8606690542859,hidraulica,Puesta en servicio,RdD,130.39,130.39
13090.0,PUENTES G.R. 400,Galicia,A Coruña,"Pontes de García Rodríguez, As",400.0,43.43947342373,-7.8606690542859,hidraulica,Puesta en servicio,RdT,,
13090.0,PUENTES G.R. 400,Galicia,A Coruña,"Pontes de García Rodríguez, As",400.0,43.43947342373,-7.8606690542859,otras,Puesta en servicio,RdD,117.09,117.09
13090.0,PUENTES G.R. 400,Galicia,A Coruña,"Pontes de García Rodríguez, As",400.0,43.43947342373,-7.8606690542859,otras,Puesta en servicio,RdT,834.79,1555.67
13202.0,SAN CAYETANO 220,Galicia,A Coruña,Santiago de Compostela,220.0,42.890942714438,-8.5314410603342,almacenamiento,Con permisos,RdD,11.0,11.0
13202.0,SAN CAYETANO 220,Galicia,A Coruña,Santiago de Compostela,220.0,42.890942714438,-8.5314410603342,almacenamiento,Con permisos,RdT,,
13202.0,SAN CAYETANO 220,Galicia,A Coruña,Santiago de Compostela,220.0,42.890942714438,-8.5314410603342,hidraulica,Puesta en servicio,RdD,2.2,2.2
13202.0,SAN CAYETANO 220,Galicia,A Coruña,Santiago de Compostela,220.0,42.890942714438,-8.5314410603342,hidraulica,Puesta en servicio,RdT,,
13202.0,SAN CAYETANO 220,Galicia,A Coruña,Santiago de Compostela,220.0,42.890942714438,-8.5314410603342,otras,Puesta en servicio,RdD,4.63,4.63
13202.0,SAN CAYETANO 220,Galicia,A Coruña,Santiago de Compostela,220.0,42.890942714438,-8.5314410603342,otras,Puesta en servicio,RdT,,
13353.0,SANTIAGO DE COMPOSTELA 220,Galicia,A Coruña,Santiago de Compostela,220.0,42.854309706913,-8.5785359364738,eolica,Con permisos,RdD,33.0,33.0
13353.0,SANTIAGO DE COMPOSTELA 220,Galicia,A Coruña,Santiago de Compostela,220.0,42.854309706913,-8.5785359364738,eolica,Con permisos,RdT,42.0,42.0
13353.0,SANTIAGO DE COMPOSTELA 220,Galicia,A Coruña,Santiago de Compostela,220.0,42.854309706913,-8.5785359364738,eolica,En curso,RdD,63.9,87.0
13353.0,SANTIAGO DE COMPOSTELA 220,Galicia,A Coruña,Santiago de Compostela,220.0,42.854309706913,-8.5785359364738,eolica,En curso,RdT,,
13353.0,SANTIAGO DE COMPOSTELA 220,Galicia,A Coruña,Santiago de Compostela,220.0,42.854309706913,-8.5785359364738,otras,Puesta en servicio,RdD,9.34,9.34
13353.0,SANTIAGO DE COMPOSTELA 220,Galicia,A Coruña,Santiago de Compostela,220.0,42.854309706913,-8.5785359364738,otras,Puesta en servicio,RdT,,
7046.0,VIMIANZO 220,Galicia,A Coruña,Vimianzo,220.0,43.101617285168,-9.0484447303019,almacenamiento,Con permisos,RdD,,7.0
7046.0,VIMIANZO 220,Galicia,A Coruña,Vimianzo,220.0,43.101617285168,-9.0484447303019,almacenamiento,Con permisos,RdT,,
7046.0,VIMIANZO 220,Galicia,A Coruña,Vimianzo,220.0,43.101617285168,-9.0484447303019,eolica,Con permisos,RdD,49.0,49.0
7046.0,VIMIANZO 220,Galicia,A Coruña,Vimianzo,220.0,43.101617285168,-9.0484447303019,eolica,Con permisos,RdT,,
7046.0,VIMIANZO 220,Galicia,A Coruña,Vimianzo,220.0,43.101617285168,-9.0484447303019,eolica,Puesta en servicio,RdD,302.17,318.62
7046.0,VIMIANZO 220,Galicia,A Coruña,Vimianzo,220.0,43.101617285168,-9.0484447303019,eolica,Puesta en servicio,RdT,,
7046.0,VIMIANZO 220,Galicia,A Coruña,Vimianzo,220.0,43.101617285168,-9.0484447303019,hibridacion,Puesta en servicio,RdD,16.45,
7046.0,VIMIANZO 220,Galicia,A Coruña,Vimianzo,220.0,43.101617285168,-9.0484447303019,hibridacion,Puesta en servicio,RdT,,
7046.0,VIMIANZO 220,Galicia,A Coruña,Vimianzo,220.0,43.101617285168,-9.0484447303019,hidraulica,Puesta en servicio,RdD,1.15,1.15
7046.0,VIMIANZO 220,Galicia,A Coruña,Vimianzo,220.0,43.101617285168,-9.0484447303019,hidraulica,Puesta en servicio,RdT,,
7046.0,VIMIANZO 220,Galicia,A Coruña,Vimianzo,220.0,43.101617285168,-9.0484447303019,otras,Puesta en servicio,RdD,3.68,3.68
7046.0,VIMIANZO 220,Galicia,A Coruña,Vimianzo,220.0,43.101617285168,-9.0484447303019,otras,Puesta en servicio,RdT,,
12929.0,LUDRIO 400,Galicia,Lugo,Castro de Rei,400.0,43.128659448853,-7.416399638111,almacenamiento,En curso,RdD,,
12929.0,LUDRIO 400,Galicia,Lugo,Castro de Rei,400.0,43.128659448853,-7.416399638111,almacenamiento,En curso,RdT,45.0,45.0
12929.0,LUDRIO 400,Galicia,Lugo,Castro de Rei,400.0,43.128659448853,-7.416399638111,eolica,Con permisos,RdD,28.0,34.0
12929.0,LUDRIO 400,Galicia,Lugo,Castro de Rei,400.0,43.128659448853,-7.416399638111,eolica,Con permisos,RdT,472.0,550.0
12929.0,LUDRIO 400,Galicia,Lugo,Castro de Rei,400.0,43.128659448853,-7.416399638111,eolica,En curso,RdD,,
12929.0,LUDRIO 400,Galicia,Lugo,Castro de Rei,400.0,43.128659448853,-7.416399638111,eolica,En curso,RdT,696.89,696.89
12929.0,LUDRIO 400,Galicia,Lugo,Castro de Rei,400.0,43.128659448853,-7.416399638111,eolica,Puesta en servicio,RdD,480.88,477.88
12929.0,LUDRIO 400,Galicia,Lugo,Castro de Rei,400.0,43.128659448853,-7.416399638111,eolica,Puesta en servicio,RdT,129.58,129.58
12929.0,LUDRIO 400,Galicia,Lugo,Castro de Rei,400.0,43.128659448853,-7.416399638111,fotovoltaica,En curso,RdD,,
12929.0,LUDRIO 400,Galicia,Lugo,Castro de Rei,400.0,43.128659448853,-7.416399638111,fotovoltaica,En curso,RdT,85.65,85.65
12929.0,LUDRIO 400,Galicia,Lugo,Castro de Rei,400.0,43.128659448853,-7.416399638111,hidraulica,Puesta en servicio,RdD,4.75,4.75
12929.0,LUDRIO 400,Galicia,Lugo,Castro de Rei,400.0,43.128659448853,-7.416399638111,hidraulica,Puesta en servicio,RdT,,
12929.0,LUDRIO 400,Galicia,Lugo,Castro de Rei,400.0,43.128659448853,-7.416399638111,otras,Puesta en servicio,RdD,13.35,13.35
12929.0,LUDRIO 400,Galicia,Lugo,Castro de Rei,400.0,43.128659448853,-7.416399638111,otras,Puesta en servicio,RdT,,
7003.0,BELESAR 220,Galicia,Lugo,Chantada,220.0,42.626340505845,-7.7134920030083,almacenamiento,Con permisos,RdD,,
7003.0,BELESAR 220,Galicia,Lugo,Chantada,220.0,42.626340505845,-7.7134920030083,almacenamiento,Con permisos,RdT,113.0,149.0
7003.0,BELESAR 220,Galicia,Lugo,Chantada,220.0,42.626340505845,-7.7134920030083,eolica,Con permisos,RdD,85.0,85.0
7003.0,BELESAR 220,Galicia,Lugo,Chantada,220.0,42.626340505845,-7.7134920030083,eolica,Con permisos,RdT,278.0,292.0
7003.0,BELESAR 220,Galicia,Lugo,Chantada,220.0,42.626340505845,-7.7134920030083,hidraulica,Puesta en servicio,RdD,20.8,20.8
7003.0,BELESAR 220,Galicia,Lugo,Chantada,220.0,42.626340505845,-7.7134920030083,hidraulica,Puesta en servicio,RdT,310.2,310.21
12693.0,CHANTADA 220,Galicia,Lugo,Chantada,220.0,42.62559346587,-7.7676483621816,almacenamiento,Con permisos,RdD,,9.0
12693.0,CHANTADA 220,Galicia,Lugo,Chantada,220.0,42.62559346587,-7.7676483621816,almacenamiento,Con permisos,RdT,,
12693.0,CHANTADA 220,Galicia,Lugo,Chantada,220.0,42.62559346587,-7.7676483621816,eolica,Con permisos,RdD,68.0,88.0
12693.0,CHANTADA 220,Galicia,Lugo,Chantada,220.0,42.62559346587,-7.7676483621816,eolica,Con permisos,RdT,28.0,28.0
12693.0,CHANTADA 220,Galicia,Lugo,Chantada,220.0,42.62559346587,-7.7676483621816,eolica,Puesta en servicio,RdD,166.0,186.0
12693.0,CHANTADA 220,Galicia,Lugo,Chantada,220.0,42.62559346587,-7.7676483621816,eolica,Puesta en servicio,RdT,54.0,54.0
12693.0,CHANTADA 220,Galicia,Lugo,Chantada,220.0,42.62559346587,-7.7676483621816,fotovoltaica,Con permisos,RdD,,3.0
12693.0,CHANTADA 220,Galicia,Lugo,Chantada,220.0,42.62559346587,-7.7676483621816,fotovoltaica,Con permisos,RdT,,
12693.0,CHANTADA 220,Galicia,Lugo,Chantada,220.0,42.62559346587,-7.7676483621816,hibridacion,Con permisos,RdD,29.0,
12693.0,CHANTADA 220,Galicia,Lugo,Chantada,220.0,42.62559346587,-7.7676483621816,hibridacion,Con permisos,RdT,,
12693.0,CHANTADA 220,Galicia,Lugo,Chantada,220.0,42.62559346587,-7.7676483621816,hidraulica,Puesta en servicio,RdD,225.4,225.4
12693.0,CHANTADA 220,Galicia,Lugo,Chantada,220.0,42.62559346587,-7.7676483621816,hidraulica,Puesta en servicio,RdT,,
12693.0,CHANTADA 220,Galicia,Lugo,Chantada,220.0,42.62559346587,-7.7676483621816,otras,Con permisos,RdD,3.0,3.0
12693.0,CHANTADA 220,Galicia,Lugo,Chantada,220.0,42.62559346587,-7.7676483621816,otras,Con permisos,RdT,,
12693.0,CHANTADA 220,Galicia,Lugo,Chantada,220.0,42.62559346587,-7.7676483621816,otras,Puesta en servicio,RdD,61.79,61.79
12693.0,CHANTADA 220,Galicia,Lugo,Chantada,220.0,42.62559346587,-7.7676483621816,otras,Puesta en servicio,RdT,,
7004.0,BOIMENTE 400,Galicia,Lugo,Viveiro,400.0,43.589000255321,-7.5533154731799,eolica,Con permisos,RdD,68.0,68.0
7004.0,BOIMENTE 400,Galicia,Lugo,Viveiro,400.0,43.589000255321,-7.5533154731799,eolica,Con permisos,RdT,,
7004.0,BOIMENTE 400,Galicia,Lugo,Viveiro,400.0,43.589000255321,-7.5533154731799,eolica,Puesta en servicio,RdD,839.23,843.73
7004.0,BOIMENTE 400,Galicia,Lugo,Viveiro,400.0,43.589000255321,-7.5533154731799,eolica,Puesta en servicio,RdT,,
7004.0,BOIMENTE 400,Galicia,Lugo,Viveiro,400.0,43.589000255321,-7.5533154731799,fotovoltaica,Con permisos,RdD,3.0,3.0
7004.0,BOIMENTE 400,Galicia,Lugo,Viveiro,400.0,43.589000255321,-7.5533154731799,fotovoltaica,Con permisos,RdT,,
7004.0,BOIMENTE 400,Galicia,Lugo,Viveiro,400.0,43.589000255321,-7.5533154731799,fotovoltaica,Puesta en servicio,RdD,0.02,0.02
7004.0,BOIMENTE 400,Galicia,Lugo,Viveiro,400.0,43.589000255321,-7.5533154731799,fotovoltaica,Puesta en servicio,RdT,,
7004.0,BOIMENTE 400,Galicia,Lugo,Viveiro,400.0,43.589000255321,-7.5533154731799,hidraulica,Puesta en servicio,RdD,15.45,15.45
7004.0,BOIMENTE 400,Galicia,Lugo,Viveiro,400.0,43.589000255321,-7.5533154731799,hidraulica,Puesta en servicio,RdT,,
7004.0,BOIMENTE 400,Galicia,Lugo,Viveiro,400.0,43.589000255321,-7.5533154731799,otras,Puesta en servicio,RdD,8.0,8.0
7004.0,BOIMENTE 400,Galicia,Lugo,Viveiro,400.0,43.589000255321,-7.5533154731799,otras,Puesta en servicio,RdT,,
12680.0,XOVE 400,Galicia,Lugo,Xove,400.0,43.693286561903,-7.5039627742031,eolica,Con permisos,RdD,,
12680.0,XOVE 400,Galicia,Lugo,Xove,400.0,43.693286561903,-7.5039627742031,eolica,Con permisos,RdT,177.0,177.0
7038.0,SOBRADELO 220,Galicia,Ourense,"Barco de Valdeorras, O",220.0,42.414390916108,-6.9203686611098,hidraulica,Puesta en servicio,RdD,,
7038.0,SOBRADELO 220,Galicia,Ourense,"Barco de Valdeorras, O",220.0,42.414390916108,-6.9203686611098,hidraulica,Puesta en servicio,RdT,38.4,44.25
12582.0,BEARIZ 400,Galicia,Ourense,Beariz,400.0,42.469632981391,-8.2759916959326,almacenamiento,Con permisos,RdD,,
12582.0,BEARIZ 400,Galicia,Ourense,Beariz,400.0,42.469632981391,-8.2759916959326,almacenamiento,Con permisos,RdT,49.0,49.0
12582.0,BEARIZ 400,Galicia,Ourense,Beariz,400.0,42.469632981391,-8.2759916959326,eolica,Con permisos,RdD,,
12582.0,BEARIZ 400,Galicia,Ourense,Beariz,400.0,42.469632981391,-8.2759916959326,eolica,Con permisos,RdT,384.0,432.0
7000.0,ALBARELLOS 220,Galicia,Ourense,Boborás,220.0,42.397680809065,-8.1590145932774,eolica,Con permisos,RdD,,
7000.0,ALBARELLOS 220,Galicia,Ourense,Boborás,220.0,42.397680809065,-8.1590145932774,eolica,Con permisos,RdT,50.0,50.0
7000.0,ALBARELLOS 220,Galicia,Ourense,Boborás,220.0,42.397680809065,-8.1590145932774,eolica,Puesta en servicio,RdD,,
7000.0,ALBARELLOS 220,Galicia,Ourense,Boborás,220.0,42.397680809065,-8.1590145932774,eolica,Puesta en servicio,RdT,163.21,163.21
7000.0,ALBARELLOS 220,Galicia,Ourense,Boborás,220.0,42.397680809065,-8.1590145932774,hidraulica,Puesta en servicio,RdD,23.27,23.27
7000.0,ALBARELLOS 220,Galicia,Ourense,Boborás,220.0,42.397680809065,-8.1590145932774,hidraulica,Puesta en servicio,RdT,59.2,67.6
7005.0,CASTRELO 220,Galicia,Ourense,Castrelo de Miño,220.0,42.291550562677,-8.1136691526972,almacenamiento,En curso,RdD,,
7005.0,CASTRELO 220,Galicia,Ourense,Castrelo de Miño,220.0,42.291550562677,-8.1136691526972,almacenamiento,En curso,RdT,74.0,129.8
7005.0,CASTRELO 220,Galicia,Ourense,Castrelo de Miño,220.0,42.291550562677,-8.1136691526972,eolica,Con permisos,RdD,,
7005.0,CASTRELO 220,Galicia,Ourense,Castrelo de Miño,220.0,42.291550562677,-8.1136691526972,eolica,Con permisos,RdT,71.0,71.0
7005.0,CASTRELO 220,Galicia,Ourense,Castrelo de Miño,220.0,42.291550562677,-8.1136691526972,eolica,En curso,RdD,,
7005.0,CASTRELO 220,Galicia,Ourense,Castrelo de Miño,220.0,42.291550562677,-8.1136691526972,eolica,En curso,RdT,171.0,172.0
7005.0,CASTRELO 220,Galicia,Ourense,Castrelo de Miño,220.0,42.291550562677,-8.1136691526972,fotovoltaica,Con permisos,RdD,,
7005.0,CASTRELO 220,Galicia,Ourense,Castrelo de Miño,220.0,42.291550562677,-8.1136691526972,fotovoltaica,Con permisos,RdT,17.0,17.0
7005.0,CASTRELO 220,Galicia,Ourense,Castrelo de Miño,220.0,42.291550562677,-8.1136691526972,hidraulica,Puesta en servicio,RdD,28.76,28.76
7005.0,CASTRELO 220,Galicia,Ourense,Castrelo de Miño,220.0,42.291550562677,-8.1136691526972,hidraulica,Puesta en servicio,RdT,112.0,135.59
13084.0,PUENTE BIBEY 220,Galicia,Ourense,Manzaneda,220.0,42.314428879153,-7.2229141805973,bombeo,Puesta en servicio,RdD,,
13084.0,PUENTE BIBEY 220,Galicia,Ourense,Manzaneda,220.0,42.314428879153,-7.2229141805973,bombeo,Puesta en servicio,RdT,71.0,76.23
13084.0,PUENTE BIBEY 220,Galicia,Ourense,Manzaneda,220.0,42.314428879153,-7.2229141805973,hidraulica,Puesta en servicio,RdD,,
13084.0,PUENTE BIBEY 220,Galicia,Ourense,Manzaneda,220.0,42.314428879153,-7.2229141805973,hidraulica,Puesta en servicio,RdT,213.8,236.9
13205.0,SAN ESTEBAN 220,Galicia,Ourense,Nogueira de Ramuín,220.0,42.414202762057,-7.6532990584956,hidraulica,Puesta en servicio,RdD,,
13205.0,SAN ESTEBAN 220,Galicia,Ourense,Nogueira de Ramuín,220.0,42.414202762057,-7.6532990584956,hidraulica,Puesta en servicio,RdT,450.81,439.25
13212.0,SAN PEDRO 220,Galicia,Ourense,Nogueira de Ramuín,220.0,42.451116111976,-7.7128546686148,eolica,Con permisos,RdD,,
13212.0,SAN PEDRO 220,Galicia,Ourense,Nogueira de Ramuín,220.0,42.451116111976,-7.7128546686148,eolica,Con permisos,RdT,33.0,33.0
13212.0,SAN PEDRO 220,Galicia,Ourense,Nogueira de Ramuín,220.0,42.451116111976,-7.7128546686148,hidraulica,Puesta en servicio,RdD,,
13212.0,SAN PEDRO 220,Galicia,Ourense,Nogueira de Ramuín,220.0,42.451116111976,-7.7128546686148,hidraulica,Puesta en servicio,RdT,57.89,60.25
13350.0,PARQUE EOLICO DO SIL 220,Galicia,Ourense,Nogueira de Ramuín,220.0,42.357918434823,-7.6364048623357,eolica,Con permisos,RdD,,
13350.0,PARQUE EOLICO DO SIL 220,Galicia,Ourense,Nogueira de Ramuín,220.0,42.357918434823,-7.6364048623357,eolica,Con permisos,RdT,58.0,58.0
13350.0,PARQUE EOLICO DO SIL 220,Galicia,Ourense,Nogueira de Ramuín,220.0,42.357918434823,-7.6364048623357,eolica,Puesta en servicio,RdD,,
13350.0,PARQUE EOLICO DO SIL 220,Galicia,Ourense,Nogueira de Ramuín,220.0,42.357918434823,-7.6364048623357,eolica,Puesta en servicio,RdT,42.55,42.55
7045.0,VELLE 220,Galicia,Ourense,Ourense,220.0,42.357787134143,-7.8487802400942,almacenamiento,Con permisos,RdD,11.0,14.0
7045.0,VELLE 220,Galicia,Ourense,Ourense,220.0,42.357787134143,-7.8487802400942,almacenamiento,Con permisos,RdT,,
7045.0,VELLE 220,Galicia,Ourense,Ourense,220.0,42.357787134143,-7.8487802400942,hidraulica,Con permisos,RdD,1.0,1.0
7045.0,VELLE 220,Galicia,Ourense,Ourense,220.0,42.357787134143,-7.8487802400942,hidraulica,Con permisos,RdT,,
7045.0,VELLE 220,Galicia,Ourense,Ourense,220.0,42.357787134143,-7.8487802400942,hidraulica,Puesta en servicio,RdD,1.21,1.21
7045.0,VELLE 220,Galicia,Ourense,Ourense,220.0,42.357787134143,-7.8487802400942,hidraulica,Puesta en servicio,RdT,90.69,86.48
7044.0,TRIVES 220,Galicia,Ourense,"Pobra de Trives, A",220.0,42.344276614106,-7.2815041849877,eolica,Con permisos,RdD,,
7044.0,TRIVES 220,Galicia,Ourense,"Pobra de Trives, A",220.0,42.344276614106,-7.2815041849877,eolica,Con permisos,RdT,291.0,291.0
7044.0,TRIVES 220,Galicia,Ourense,"Pobra de Trives, A",220.0,42.344276614106,-7.2815041849877,eolica,Puesta en servicio,RdD,21.25,21.25
7044.0,TRIVES 220,Galicia,Ourense,"Pobra de Trives, A",220.0,42.344276614106,-7.2815041849877,eolica,Puesta en servicio,RdT,,
7044.0,TRIVES 220,Galicia,Ourense,"Pobra de Trives, A",220.0,42.344276614106,-7.2815041849877,fotovoltaica,Con permisos,RdD,5.0,6.0
7044.0,TRIVES 220,Galicia,Ourense,"Pobra de Trives, A",220.0,42.344276614106,-7.2815041849877,fotovoltaica,Con permisos,RdT,,
13305.0,TRIVES 400,Galicia,Ourense,"Pobra de Trives, A",400.0,42.344276614106,-7.2815041849877,fotovoltaica,Con permisos,RdD,5.0,5.0
13305.0,TRIVES 400,Galicia,Ourense,"Pobra de Trives, A",400.0,42.344276614106,-7.2815041849877,fotovoltaica,Con permisos,RdT,,
13305.0,TRIVES 400,Galicia,Ourense,"Pobra de Trives, A",400.0,42.344276614106,-7.2815041849877,hidraulica,Puesta en servicio,RdD,4.14,4.14
13305.0,TRIVES 400,Galicia,Ourense,"Pobra de Trives, A",400.0,42.344276614106,-7.2815041849877,hidraulica,Puesta en servicio,RdT,,
13103.0,QUEREÑO 220,Galicia,Ourense,Rubiá,220.0,42.416885799092,-6.8311201425086,almacenamiento,Con permisos,RdD,,
13103.0,QUEREÑO 220,Galicia,Ourense,Rubiá,220.0,42.416885799092,-6.8311201425086,almacenamiento,Con permisos,RdT,,25.0
13103.0,QUEREÑO 220,Galicia,Ourense,Rubiá,220.0,42.416885799092,-6.8311201425086,almacenamiento,En curso,RdD,,
13103.0,QUEREÑO 220,Galicia,Ourense,Rubiá,220.0,42.416885799092,-6.8311201425086,almacenamiento,En curso,RdT,195.0,221.57
13103.0,QUEREÑO 220,Galicia,Ourense,Rubiá,220.0,42.416885799092,-6.8311201425086,eolica,Con permisos,RdD,,
13103.0,QUEREÑO 220,Galicia,Ourense,Rubiá,220.0,42.416885799092,-6.8311201425086,eolica,Con permisos,RdT,59.0,65.0
13103.0,QUEREÑO 220,Galicia,Ourense,Rubiá,220.0,42.416885799092,-6.8311201425086,eolica,En curso,RdD,,
13103.0,QUEREÑO 220,Galicia,Ourense,Rubiá,220.0,42.416885799092,-6.8311201425086,eolica,En curso,RdT,93.9,120.9
13103.0,QUEREÑO 220,Galicia,Ourense,Rubiá,220.0,42.416885799092,-6.8311201425086,hibridacion,Con permisos,RdD,,
13103.0,QUEREÑO 220,Galicia,Ourense,Rubiá,220.0,42.416885799092,-6.8311201425086,hibridacion,Con permisos,RdT,25.0,
13103.0,QUEREÑO 220,Galicia,Ourense,Rubiá,220.0,42.416885799092,-6.8311201425086,hibridacion,En curso,RdD,,
13103.0,QUEREÑO 220,Galicia,Ourense,Rubiá,220.0,42.416885799092,-6.8311201425086,hibridacion,En curso,RdT,49.57,
13103.0,QUEREÑO 220,Galicia,Ourense,Rubiá,220.0,42.416885799092,-6.8311201425086,hidraulica,Puesta en servicio,RdD,,
13103.0,QUEREÑO 220,Galicia,Ourense,Rubiá,220.0,42.416885799092,-6.8311201425086,hidraulica,Puesta en servicio,RdT,34.0,36.46
13344.0,CORNATEL 220,Galicia,Ourense,Rubiá,220.0,42.470603733935,-6.8147026762092,almacenamiento,Con permisos,RdD,,
13344.0,CORNATEL 220,Galicia,Ourense,Rubiá,220.0,42.470603733935,-6.8147026762092,almacenamiento,Con permisos,RdT,99.0,99.0
13344.0,CORNATEL 220,Galicia,Ourense,Rubiá,220.0,42.470603733935,-6.8147026762092,almacenamiento,En curso,RdD,,
13344.0,CORNATEL 220,Galicia,Ourense,Rubiá,220.0,42.470603733935,-6.8147026762092,almacenamiento,En curso,RdT,34.0,67.0
13344.0,CORNATEL 220,Galicia,Ourense,Rubiá,220.0,42.470603733935,-6.8147026762092,eolica,En curso,RdD,,
13344.0,CORNATEL 220,Galicia,Ourense,Rubiá,220.0,42.470603733935,-6.8147026762092,eolica,En curso,RdT,87.0,87.0
13344.0,CORNATEL 220,Galicia,Ourense,Rubiá,220.0,42.470603733935,-6.8147026762092,hidraulica,Puesta en servicio,RdD,,
13344.0,CORNATEL 220,Galicia,Ourense,Rubiá,220.0,42.470603733935,-6.8147026762092,hidraulica,Puesta en servicio,RdT,120.0,130.66
13078.0,PRADA 220,Galicia,Ourense,"Veiga, A",220.0,42.32950001094,-7.0380759177508,almacenamiento,Con permisos,RdD,,
13078.0,PRADA 220,Galicia,Ourense,"Veiga, A",220.0,42.32950001094,-7.0380759177508,almacenamiento,Con permisos,RdT,28.0,50.0
13078.0,PRADA 220,Galicia,Ourense,"Veiga, A",220.0,42.32950001094,-7.0380759177508,eolica,Con permisos,RdD,,
13078.0,PRADA 220,Galicia,Ourense,"Veiga, A",220.0,42.32950001094,-7.0380759177508,eolica,Con permisos,RdT,76.0,77.0
13078.0,PRADA 220,Galicia,Ourense,"Veiga, A",220.0,42.32950001094,-7.0380759177508,hidraulica,Puesta en servicio,RdD,,
13078.0,PRADA 220,Galicia,Ourense,"Veiga, A",220.0,42.32950001094,-7.0380759177508,hidraulica,Puesta en servicio,RdT,66.4,70.72
13352.0,S.AGUSTIN 220,Galicia,Ourense,Viana do Bolo,220.0,42.153324020416,-7.0628735838138,almacenamiento,En curso,RdD,,
13352.0,S.AGUSTIN 220,Galicia,Ourense,Viana do Bolo,220.0,42.153324020416,-7.0628735838138,almacenamiento,En curso,RdT,120.0,150.0
13352.0,S.AGUSTIN 220,Galicia,Ourense,Viana do Bolo,220.0,42.153324020416,-7.0628735838138,eolica,Con permisos,RdD,,
13352.0,S.AGUSTIN 220,Galicia,Ourense,Viana do Bolo,220.0,42.153324020416,-7.0628735838138,eolica,Con permisos,RdT,73.0,76.0
13352.0,S.AGUSTIN 220,Galicia,Ourense,Viana do Bolo,220.0,42.153324020416,-7.0628735838138,hidraulica,Puesta en servicio,RdD,35.2,35.2
13352.0,S.AGUSTIN 220,Galicia,Ourense,Viana do Bolo,220.0,42.153324020416,-7.0628735838138,hidraulica,Puesta en servicio,RdT,65.28,62.88
7034.0,SANTIAGO 220,Galicia,Ourense,Vilamartín de Valdeorras,220.0,42.39261403523,-7.0894061168582,almacenamiento,Con permisos,RdD,,
7034.0,SANTIAGO 220,Galicia,Ourense,Vilamartín de Valdeorras,220.0,42.39261403523,-7.0894061168582,almacenamiento,Con permisos,RdT,,7.0
7034.0,SANTIAGO 220,Galicia,Ourense,Vilamartín de Valdeorras,220.0,42.39261403523,-7.0894061168582,eolica,Con permisos,RdD,,
7034.0,SANTIAGO 220,Galicia,Ourense,Vilamartín de Valdeorras,220.0,42.39261403523,-7.0894061168582,eolica,Con permisos,RdT,27.0,27.0
7034.0,SANTIAGO 220,Galicia,Ourense,Vilamartín de Valdeorras,220.0,42.39261403523,-7.0894061168582,eolica,En curso,RdD,,
7034.0,SANTIAGO 220,Galicia,Ourense,Vilamartín de Valdeorras,220.0,42.39261403523,-7.0894061168582,eolica,En curso,RdT,42.0,42.0
7034.0,SANTIAGO 220,Galicia,Ourense,Vilamartín de Valdeorras,220.0,42.39261403523,-7.0894061168582,hidraulica,Con permisos,RdD,,
7034.0,SANTIAGO 220,Galicia,Ourense,Vilamartín de Valdeorras,220.0,42.39261403523,-7.0894061168582,hidraulica,Con permisos,RdT,25.0,
7034.0,SANTIAGO 220,Galicia,Ourense,Vilamartín de Valdeorras,220.0,42.39261403523,-7.0894061168582,hidraulica,Puesta en servicio,RdD,,
7034.0,SANTIAGO 220,Galicia,Ourense,Vilamartín de Valdeorras,220.0,42.39261403523,-7.0894061168582,hidraulica,Puesta en servicio,RdT,42.47,68.1
12712.0,CONSO 220,Galicia,Ourense,Vilariño de Conso,220.0,42.167754010377,-7.1743452179252,almacenamiento,En curso,RdD,,
12712.0,CONSO 220,Galicia,Ourense,Vilariño de Conso,220.0,42.167754010377,-7.1743452179252,almacenamiento,En curso,RdT,144.7,148.99
12712.0,CONSO 220,Galicia,Ourense,Vilariño de Conso,220.0,42.167754010377,-7.1743452179252,bombeo,Puesta en servicio,RdD,,
12712.0,CONSO 220,Galicia,Ourense,Vilariño de Conso,220.0,42.167754010377,-7.1743452179252,bombeo,Puesta en servicio,RdT,309.6,349.7
12712.0,CONSO 220,Galicia,Ourense,Vilariño de Conso,220.0,42.167754010377,-7.1743452179252,eolica,Con permisos,RdD,,
12712.0,CONSO 220,Galicia,Ourense,Vilariño de Conso,220.0,42.167754010377,-7.1743452179252,eolica,Con permisos,RdT,29.0,54.0
12712.0,CONSO 220,Galicia,Ourense,Vilariño de Conso,220.0,42.167754010377,-7.1743452179252,eolica,En curso,RdD,,
12712.0,CONSO 220,Galicia,Ourense,Vilariño de Conso,220.0,42.167754010377,-7.1743452179252,eolica,En curso,RdT,149.0,222.5
12712.0,CONSO 220,Galicia,Ourense,Vilariño de Conso,220.0,42.167754010377,-7.1743452179252,fotovoltaica,Con permisos,RdD,,
12712.0,CONSO 220,Galicia,Ourense,Vilariño de Conso,220.0,42.167754010377,-7.1743452179252,fotovoltaica,Con permisos,RdT,,14.0
12712.0,CONSO 220,Galicia,Ourense,Vilariño de Conso,220.0,42.167754010377,-7.1743452179252,fotovoltaica,En curso,RdD,,
12712.0,CONSO 220,Galicia,Ourense,Vilariño de Conso,220.0,42.167754010377,-7.1743452179252,fotovoltaica,En curso,RdT,,14.7
12712.0,CONSO 220,Galicia,Ourense,Vilariño de Conso,220.0,42.167754010377,-7.1743452179252,hibridacion,Con permisos,RdD,,
12712.0,CONSO 220,Galicia,Ourense,Vilariño de Conso,220.0,42.167754010377,-7.1743452179252,hibridacion,Con permisos,RdT,31.0,
12712.0,CONSO 220,Galicia,Ourense,Vilariño de Conso,220.0,42.167754010377,-7.1743452179252,hibridacion,En curso,RdD,,
12712.0,CONSO 220,Galicia,Ourense,Vilariño de Conso,220.0,42.167754010377,-7.1743452179252,hibridacion,En curso,RdT,31.0,
12712.0,CONSO 220,Galicia,Ourense,Vilariño de Conso,220.0,42.167754010377,-7.1743452179252,hidraulica,Puesta en servicio,RdD,,
12712.0,CONSO 220,Galicia,Ourense,Vilariño de Conso,220.0,42.167754010377,-7.1743452179252,hidraulica,Puesta en servicio,RdT,124.56,131.96
12988.0,MONTOUTO 220,Galicia,Pontevedra,Arbo,220.0,42.124251759306,-8.3120638870582,eolica,Con permisos,RdD,,
12988.0,MONTOUTO 220,Galicia,Pontevedra,Arbo,220.0,42.124251759306,-8.3120638870582,eolica,Con permisos,RdT,18.0,18.0
12988.0,MONTOUTO 220,Galicia,Pontevedra,Arbo,220.0,42.124251759306,-8.3120638870582,eolica,Puesta en servicio,RdD,,
12988.0,MONTOUTO 220,Galicia,Pontevedra,Arbo,220.0,42.124251759306,-8.3120638870582,eolica,Puesta en servicio,RdT,50.4,50.4
7042.0,TIBO 220,Galicia,Pontevedra,Caldas de Reis,220.0,42.585189315187,-8.6435047814937,almacenamiento,Con permisos,RdD,4.0,4.0
7042.0,TIBO 220,Galicia,Pontevedra,Caldas de Reis,220.0,42.585189315187,-8.6435047814937,almacenamiento,Con permisos,RdT,,
7042.0,TIBO 220,Galicia,Pontevedra,Caldas de Reis,220.0,42.585189315187,-8.6435047814937,almacenamiento,En curso,RdD,,
7042.0,TIBO 220,Galicia,Pontevedra,Caldas de Reis,220.0,42.585189315187,-8.6435047814937,almacenamiento,En curso,RdT,149.74,149.74
7042.0,TIBO 220,Galicia,Pontevedra,Caldas de Reis,220.0,42.585189315187,-8.6435047814937,almacenamiento,Puesta en servicio,RdD,1.0,1.0
7042.0,TIBO 220,Galicia,Pontevedra,Caldas de Reis,220.0,42.585189315187,-8.6435047814937,almacenamiento,Puesta en servicio,RdT,,
7042.0,TIBO 220,Galicia,Pontevedra,Caldas de Reis,220.0,42.585189315187,-8.6435047814937,eolica,Con permisos,RdD,56.0,56.0
7042.0,TIBO 220,Galicia,Pontevedra,Caldas de Reis,220.0,42.585189315187,-8.6435047814937,eolica,Con permisos,RdT,101.0,101.0
7042.0,TIBO 220,Galicia,Pontevedra,Caldas de Reis,220.0,42.585189315187,-8.6435047814937,eolica,En curso,RdD,25.0,25.0
7042.0,TIBO 220,Galicia,Pontevedra,Caldas de Reis,220.0,42.585189315187,-8.6435047814937,eolica,En curso,RdT,176.4,176.4
7042.0,TIBO 220,Galicia,Pontevedra,Caldas de Reis,220.0,42.585189315187,-8.6435047814937,eolica,Puesta en servicio,RdD,38.4,38.4
7042.0,TIBO 220,Galicia,Pontevedra,Caldas de Reis,220.0,42.585189315187,-8.6435047814937,eolica,Puesta en servicio,RdT,,
7042.0,TIBO 220,Galicia,Pontevedra,Caldas de Reis,220.0,42.585189315187,-8.6435047814937,fotovoltaica,Con permisos,RdD,7.0,7.0
7042.0,TIBO 220,Galicia,Pontevedra,Caldas de Reis,220.0,42.585189315187,-8.6435047814937,fotovoltaica,Con permisos,RdT,,
7042.0,TIBO 220,Galicia,Pontevedra,Caldas de Reis,220.0,42.585189315187,-8.6435047814937,hidraulica,Puesta en servicio,RdD,68.93,68.93
7042.0,TIBO 220,Galicia,Pontevedra,Caldas de Reis,220.0,42.585189315187,-8.6435047814937,hidraulica,Puesta en servicio,RdT,,
7042.0,TIBO 220,Galicia,Pontevedra,Caldas de Reis,220.0,42.585189315187,-8.6435047814937,otras,Con permisos,RdD,2.0,2.0
7042.0,TIBO 220,Galicia,Pontevedra,Caldas de Reis,220.0,42.585189315187,-8.6435047814937,otras,Con permisos,RdT,,
7042.0,TIBO 220,Galicia,Pontevedra,Caldas de Reis,220.0,42.585189315187,-8.6435047814937,otras,Puesta en servicio,RdD,6.1,6.1
7042.0,TIBO 220,Galicia,Pontevedra,Caldas de Reis,220.0,42.585189315187,-8.6435047814937,otras,Puesta en servicio,RdT,,
7040.0,SUIDO 220,Galicia,Pontevedra,"Cañiza, A",220.0,42.261362269373,-8.2693872317067,eolica,Puesta en servicio,RdD,,
7040.0,SUIDO 220,Galicia,Pontevedra,"Cañiza, A",220.0,42.261362269373,-8.2693872317067,eolica,Puesta en servicio,RdT,174.8,174.8
12774.0,FONTEFRIA 220,Galicia,Pontevedra,Covelo,220.0,42.252527991288,-8.3167792104809,eolica,Con permisos,RdD,,
12774.0,FONTEFRIA 220,Galicia,Pontevedra,Covelo,220.0,42.252527991288,-8.3167792104809,eolica,Con permisos,RdT,37.0,39.0
12774.0,FONTEFRIA 220,Galicia,Pontevedra,Covelo,220.0,42.252527991288,-8.3167792104809,eolica,En curso,RdD,,
12774.0,FONTEFRIA 220,Galicia,Pontevedra,Covelo,220.0,42.252527991288,-8.3167792104809,eolica,En curso,RdT,1.5,1.5
12777.0,FRIEIRA 220,Galicia,Pontevedra,Padrenda,220.0,42.153527258585,-8.1925476912559,almacenamiento,Con permisos,RdD,9.0,9.0
12777.0,FRIEIRA 220,Galicia,Pontevedra,Padrenda,220.0,42.153527258585,-8.1925476912559,almacenamiento,Con permisos,RdT,,
12777.0,FRIEIRA 220,Galicia,Pontevedra,Padrenda,220.0,42.153527258585,-8.1925476912559,eolica,Con permisos,RdD,112.0,112.0
12777.0,FRIEIRA 220,Galicia,Pontevedra,Padrenda,220.0,42.153527258585,-8.1925476912559,eolica,Con permisos,RdT,,
12777.0,FRIEIRA 220,Galicia,Pontevedra,Padrenda,220.0,42.153527258585,-8.1925476912559,eolica,Puesta en servicio,RdD,36.75,36.75
12777.0,FRIEIRA 220,Galicia,Pontevedra,Padrenda,220.0,42.153527258585,-8.1925476912559,eolica,Puesta en servicio,RdT,,
12777.0,FRIEIRA 220,Galicia,Pontevedra,Padrenda,220.0,42.153527258585,-8.1925476912559,fotovoltaica,Puesta en servicio,RdD,1.5,1.5
12777.0,FRIEIRA 220,Galicia,Pontevedra,Padrenda,220.0,42.153527258585,-8.1925476912559,fotovoltaica,Puesta en servicio,RdT,,
12777.0,FRIEIRA 220,Galicia,Pontevedra,Padrenda,220.0,42.153527258585,-8.1925476912559,hidraulica,Puesta en servicio,RdD,261.76,261.76
12777.0,FRIEIRA 220,Galicia,Pontevedra,Padrenda,220.0,42.153527258585,-8.1925476912559,hidraulica,Puesta en servicio,RdT,17.54,17.54
12777.0,FRIEIRA 220,Galicia,Pontevedra,Padrenda,220.0,42.153527258585,-8.1925476912559,otras,Puesta en servicio,RdD,3.0,3.0
12777.0,FRIEIRA 220,Galicia,Pontevedra,Padrenda,220.0,42.153527258585,-8.1925476912559,otras,Puesta en servicio,RdT,,
13044.0,PAZOS DE BORBEN 220,Galicia,Pontevedra,Pazos de Borbén,220.0,42.263176216753,-8.5897273456031,almacenamiento,Con permisos,RdD,5.0,5.0
13044.0,PAZOS DE BORBEN 220,Galicia,Pontevedra,Pazos de Borbén,220.0,42.263176216753,-8.5897273456031,almacenamiento,Con permisos,RdT,,
13044.0,PAZOS DE BORBEN 220,Galicia,Pontevedra,Pazos de Borbén,220.0,42.263176216753,-8.5897273456031,almacenamiento,En curso,RdD,20.0,20.0
13044.0,PAZOS DE BORBEN 220,Galicia,Pontevedra,Pazos de Borbén,220.0,42.263176216753,-8.5897273456031,almacenamiento,En curso,RdT,,
13044.0,PAZOS DE BORBEN 220,Galicia,Pontevedra,Pazos de Borbén,220.0,42.263176216753,-8.5897273456031,eolica,Con permisos,RdD,233.0,233.0
13044.0,PAZOS DE BORBEN 220,Galicia,Pontevedra,Pazos de Borbén,220.0,42.263176216753,-8.5897273456031,eolica,Con permisos,RdT,,
13044.0,PAZOS DE BORBEN 220,Galicia,Pontevedra,Pazos de Borbén,220.0,42.263176216753,-8.5897273456031,eolica,Puesta en servicio,RdD,2.55,2.55
13044.0,PAZOS DE BORBEN 220,Galicia,Pontevedra,Pazos de Borbén,220.0,42.263176216753,-8.5897273456031,eolica,Puesta en servicio,RdT,,
13044.0,PAZOS DE BORBEN 220,Galicia,Pontevedra,Pazos de Borbén,220.0,42.263176216753,-8.5897273456031,fotovoltaica,Con permisos,RdD,7.0,7.0
13044.0,PAZOS DE BORBEN 220,Galicia,Pontevedra,Pazos de Borbén,220.0,42.263176216753,-8.5897273456031,fotovoltaica,Con permisos,RdT,,
13044.0,PAZOS DE BORBEN 220,Galicia,Pontevedra,Pazos de Borbén,220.0,42.263176216753,-8.5897273456031,fotovoltaica,En curso,RdD,49.88,49.88
13044.0,PAZOS DE BORBEN 220,Galicia,Pontevedra,Pazos de Borbén,220.0,42.263176216753,-8.5897273456031,fotovoltaica,En curso,RdT,,
13044.0,PAZOS DE BORBEN 220,Galicia,Pontevedra,Pazos de Borbén,220.0,42.263176216753,-8.5897273456031,hidraulica,Puesta en servicio,RdD,25.38,25.38
13044.0,PAZOS DE BORBEN 220,Galicia,Pontevedra,Pazos de Borbén,220.0,42.263176216753,-8.5897273456031,hidraulica,Puesta en servicio,RdT,,
13044.0,PAZOS DE BORBEN 220,Galicia,Pontevedra,Pazos de Borbén,220.0,42.263176216753,-8.5897273456031,otras,Con permisos,RdD,27.0,27.0
13044.0,PAZOS DE BORBEN 220,Galicia,Pontevedra,Pazos de Borbén,220.0,42.263176216753,-8.5897273456031,otras,Con permisos,RdT,,
13044.0,PAZOS DE BORBEN 220,Galicia,Pontevedra,Pazos de Borbén,220.0,42.263176216753,-8.5897273456031,otras,Puesta en servicio,RdD,39.09,39.09
13044.0,PAZOS DE BORBEN 220,Galicia,Pontevedra,Pazos de Borbén,220.0,42.263176216753,-8.5897273456031,otras,Puesta en servicio,RdT,,
12925.0,LOURIZAN 220,Galicia,Pontevedra,Pontevedra,220.0,42.417460151398,-8.6648916013122,almacenamiento,Con permisos,RdD,5.0,5.0
12925.0,LOURIZAN 220,Galicia,Pontevedra,Pontevedra,220.0,42.417460151398,-8.6648916013122,almacenamiento,Con permisos,RdT,,
12925.0,LOURIZAN 220,Galicia,Pontevedra,Pontevedra,220.0,42.417460151398,-8.6648916013122,almacenamiento,En curso,RdD,8.4,8.4
12925.0,LOURIZAN 220,Galicia,Pontevedra,Pontevedra,220.0,42.417460151398,-8.6648916013122,almacenamiento,En curso,RdT,,
12925.0,LOURIZAN 220,Galicia,Pontevedra,Pontevedra,220.0,42.417460151398,-8.6648916013122,eolica,En curso,RdD,15.0,15.0
12925.0,LOURIZAN 220,Galicia,Pontevedra,Pontevedra,220.0,42.417460151398,-8.6648916013122,eolica,En curso,RdT,,
12925.0,LOURIZAN 220,Galicia,Pontevedra,Pontevedra,220.0,42.417460151398,-8.6648916013122,eolica,Puesta en servicio,RdD,2.55,2.55
12925.0,LOURIZAN 220,Galicia,Pontevedra,Pontevedra,220.0,42.417460151398,-8.6648916013122,eolica,Puesta en servicio,RdT,,
12925.0,LOURIZAN 220,Galicia,Pontevedra,Pontevedra,220.0,42.417460151398,-8.6648916013122,fotovoltaica,Con permisos,RdD,2.0,2.0
12925.0,LOURIZAN 220,Galicia,Pontevedra,Pontevedra,220.0,42.417460151398,-8.6648916013122,fotovoltaica,Con permisos,RdT,,
12925.0,LOURIZAN 220,Galicia,Pontevedra,Pontevedra,220.0,42.417460151398,-8.6648916013122,fotovoltaica,Puesta en servicio,RdD,1.3,1.39
12925.0,LOURIZAN 220,Galicia,Pontevedra,Pontevedra,220.0,42.417460151398,-8.6648916013122,fotovoltaica,Puesta en servicio,RdT,,
12925.0,LOURIZAN 220,Galicia,Pontevedra,Pontevedra,220.0,42.417460151398,-8.6648916013122,otras,Con permisos,RdD,14.0,50.0
12925.0,LOURIZAN 220,Galicia,Pontevedra,Pontevedra,220.0,42.417460151398,-8.6648916013122,otras,Con permisos,RdT,,
12925.0,LOURIZAN 220,Galicia,Pontevedra,Pontevedra,220.0,42.417460151398,-8.6648916013122,otras,En curso,RdD,,50.0
12925.0,LOURIZAN 220,Galicia,Pontevedra,Pontevedra,220.0,42.417460151398,-8.6648916013122,otras,En curso,RdT,,
12925.0,LOURIZAN 220,Galicia,Pontevedra,Pontevedra,220.0,42.417460151398,-8.6648916013122,otras,Puesta en servicio,RdD,9.25,9.25
12925.0,LOURIZAN 220,Galicia,Pontevedra,Pontevedra,220.0,42.417460151398,-8.6648916013122,otras,Puesta en servicio,RdT,,
7002.0,ATIOS 220,Galicia,Pontevedra,"Porriño, O",220.0,42.138042225007,-8.6221858922911,almacenamiento,Con permisos,RdD,27.0,27.0
7002.0,ATIOS 220,Galicia,Pontevedra,"Porriño, O",220.0,42.138042225007,-8.6221858922911,almacenamiento,Con permisos,RdT,,
7002.0,ATIOS 220,Galicia,Pontevedra,"Porriño, O",220.0,42.138042225007,-8.6221858922911,eolica,Con permisos,RdD,141.0,141.0
7002.0,ATIOS 220,Galicia,Pontevedra,"Porriño, O",220.0,42.138042225007,-8.6221858922911,eolica,Con permisos,RdT,,
7002.0,ATIOS 220,Galicia,Pontevedra,"Porriño, O",220.0,42.138042225007,-8.6221858922911,eolica,En curso,RdD,91.5,91.5
7002.0,ATIOS 220,Galicia,Pontevedra,"Porriño, O",220.0,42.138042225007,-8.6221858922911,eolica,En curso,RdT,,
7002.0,ATIOS 220,Galicia,Pontevedra,"Porriño, O",220.0,42.138042225007,-8.6221858922911,eolica,Puesta en servicio,RdD,2.4,2.4
7002.0,ATIOS 220,Galicia,Pontevedra,"Porriño, O",220.0,42.138042225007,-8.6221858922911,eolica,Puesta en servicio,RdT,,
7002.0,ATIOS 220,Galicia,Pontevedra,"Porriño, O",220.0,42.138042225007,-8.6221858922911,fotovoltaica,Con permisos,RdD,2.0,2.0
7002.0,ATIOS 220,Galicia,Pontevedra,"Porriño, O",220.0,42.138042225007,-8.6221858922911,fotovoltaica,Con permisos,RdT,,
7002.0,ATIOS 220,Galicia,Pontevedra,"Porriño, O",220.0,42.138042225007,-8.6221858922911,fotovoltaica,En curso,RdD,23.0,23.0
7002.0,ATIOS 220,Galicia,Pontevedra,"Porriño, O",220.0,42.138042225007,-8.6221858922911,fotovoltaica,En curso,RdT,,
7002.0,ATIOS 220,Galicia,Pontevedra,"Porriño, O",220.0,42.138042225007,-8.6221858922911,fotovoltaica,Puesta en servicio,RdD,0.33,0.33
7002.0,ATIOS 220,Galicia,Pontevedra,"Porriño, O",220.0,42.138042225007,-8.6221858922911,fotovoltaica,Puesta en servicio,RdT,,
7002.0,ATIOS 220,Galicia,Pontevedra,"Porriño, O",220.0,42.138042225007,-8.6221858922911,hidraulica,Puesta en servicio,RdD,1.25,1.25
7002.0,ATIOS 220,Galicia,Pontevedra,"Porriño, O",220.0,42.138042225007,-8.6221858922911,hidraulica,Puesta en servicio,RdT,,
7002.0,ATIOS 220,Galicia,Pontevedra,"Porriño, O",220.0,42.138042225007,-8.6221858922911,otras,Puesta en servicio,RdD,15.78,15.78
7002.0,ATIOS 220,Galicia,Pontevedra,"Porriño, O",220.0,42.138042225007,-8.6221858922911,otras,Puesta en servicio,RdT,,
7225.0,SILLEDA 400,Galicia,Pontevedra,Silleda,400.0,42.746820001203,-8.2512678695033,eolica,Con permisos,RdD,,
7225.0,SILLEDA 400,Galicia,Pontevedra,Silleda,400.0,42.746820001203,-8.2512678695033,eolica,Con permisos,RdT,178.0,178.0
13077.0,PORTODEMOUROS 220,Galicia,Pontevedra,Vila de Cruces,220.0,42.853719018805,-8.1897047374207,eolica,Con permisos,RdD,,
13077.0,PORTODEMOUROS 220,Galicia,Pontevedra,Vila de Cruces,220.0,42.853719018805,-8.1897047374207,eolica,Con permisos,RdT,60.0,60.0
13077.0,PORTODEMOUROS 220,Galicia,Pontevedra,Vila de Cruces,220.0,42.853719018805,-8.1897047374207,eolica,Puesta en servicio,RdD,60.3,60.3
13077.0,PORTODEMOUROS 220,Galicia,Pontevedra,Vila de Cruces,220.0,42.853719018805,-8.1897047374207,eolica,Puesta en servicio,RdT,31.45,31.45
13077.0,PORTODEMOUROS 220,Galicia,Pontevedra,Vila de Cruces,220.0,42.853719018805,-8.1897047374207,hidraulica,Puesta en servicio,RdD,43.51,43.51
13077.0,PORTODEMOUROS 220,Galicia,Pontevedra,Vila de Cruces,220.0,42.853719018805,-8.1897047374207,hidraulica,Puesta en servicio,RdT,95.0,88.12
13077.0,PORTODEMOUROS 220,Galicia,Pontevedra,Vila de Cruces,220.0,42.853719018805,-8.1897047374207,otras,Puesta en servicio,RdD,1.0,1.0
13077.0,PORTODEMOUROS 220,Galicia,Pontevedra,Vila de Cruces,220.0,42.853719018805,-8.1897047374207,otras,Puesta en servicio,RdT,,
7043.0,TOMEZA 220,Galicia,Pontevedra,Vilaboa,220.0,42.387121888712,-8.6289317076305,almacenamiento,En curso,RdD,,
7043.0,TOMEZA 220,Galicia,Pontevedra,Vilaboa,220.0,42.387121888712,-8.6289317076305,almacenamiento,En curso,RdT,100.0,100.0
7043.0,TOMEZA 220,Galicia,Pontevedra,Vilaboa,220.0,42.387121888712,-8.6289317076305,eolica,En curso,RdD,,
7043.0,TOMEZA 220,Galicia,Pontevedra,Vilaboa,220.0,42.387121888712,-8.6289317076305,eolica,En curso,RdT,99.4,99.4
12754.0,EL SEQUERO 220,La Rioja,La Rioja,Arrúbal,220.0,42.41738591663,-2.2524230858757,almacenamiento,Con permisos,RdD,,
12754.0,EL SEQUERO 220,La Rioja,La Rioja,Arrúbal,220.0,42.41738591663,-2.2524230858757,almacenamiento,Con permisos,RdT,,20.0
12754.0,EL SEQUERO 220,La Rioja,La Rioja,Arrúbal,220.0,42.41738591663,-2.2524230858757,eolica,En curso,RdD,24.0,24.0
12754.0,EL SEQUERO 220,La Rioja,La Rioja,Arrúbal,220.0,42.41738591663,-2.2524230858757,eolica,En curso,RdT,258.0,262.4
12754.0,EL SEQUERO 220,La Rioja,La Rioja,Arrúbal,220.0,42.41738591663,-2.2524230858757,eolica,Puesta en servicio,RdD,65.5,65.5
12754.0,EL SEQUERO 220,La Rioja,La Rioja,Arrúbal,220.0,42.41738591663,-2.2524230858757,eolica,Puesta en servicio,RdT,157.25,157.25
12754.0,EL SEQUERO 220,La Rioja,La Rioja,Arrúbal,220.0,42.41738591663,-2.2524230858757,fotovoltaica,Con permisos,RdD,64.0,71.0
12754.0,EL SEQUERO 220,La Rioja,La Rioja,Arrúbal,220.0,42.41738591663,-2.2524230858757,fotovoltaica,Con permisos,RdT,25.0,64.0
12754.0,EL SEQUERO 220,La Rioja,La Rioja,Arrúbal,220.0,42.41738591663,-2.2524230858757,fotovoltaica,En curso,RdD,23.5,26.4
12754.0,EL SEQUERO 220,La Rioja,La Rioja,Arrúbal,220.0,42.41738591663,-2.2524230858757,fotovoltaica,En curso,RdT,100.0,100.0
12754.0,EL SEQUERO 220,La Rioja,La Rioja,Arrúbal,220.0,42.41738591663,-2.2524230858757,fotovoltaica,Puesta en servicio,RdD,11.66,11.79
12754.0,EL SEQUERO 220,La Rioja,La Rioja,Arrúbal,220.0,42.41738591663,-2.2524230858757,fotovoltaica,Puesta en servicio,RdT,,
12754.0,EL SEQUERO 220,La Rioja,La Rioja,Arrúbal,220.0,42.41738591663,-2.2524230858757,hibridacion,Con permisos,RdD,,
12754.0,EL SEQUERO 220,La Rioja,La Rioja,Arrúbal,220.0,42.41738591663,-2.2524230858757,hibridacion,Con permisos,RdT,25.0,
12754.0,EL SEQUERO 220,La Rioja,La Rioja,Arrúbal,220.0,42.41738591663,-2.2524230858757,hidraulica,Puesta en servicio,RdD,3.94,3.94
12754.0,EL SEQUERO 220,La Rioja,La Rioja,Arrúbal,220.0,42.41738591663,-2.2524230858757,hidraulica,Puesta en servicio,RdT,,
12754.0,EL SEQUERO 220,La Rioja,La Rioja,Arrúbal,220.0,42.41738591663,-2.2524230858757,otras,Puesta en servicio,RdD,2.19,2.19
12754.0,EL SEQUERO 220,La Rioja,La Rioja,Arrúbal,220.0,42.41738591663,-2.2524230858757,otras,Puesta en servicio,RdT,,
12824.0,HARO 220,La Rioja,La Rioja,Haro,220.0,42.568273668005,-2.8851832394216,almacenamiento,En curso,RdD,,
12824.0,HARO 220,La Rioja,La Rioja,Haro,220.0,42.568273668005,-2.8851832394216,almacenamiento,En curso,RdT,138.0,147.99
12824.0,HARO 220,La Rioja,La Rioja,Haro,220.0,42.568273668005,-2.8851832394216,eolica,En curso,RdD,47.8,47.8
12824.0,HARO 220,La Rioja,La Rioja,Haro,220.0,42.568273668005,-2.8851832394216,eolica,En curso,RdT,155.0,155.0
12824.0,HARO 220,La Rioja,La Rioja,Haro,220.0,42.568273668005,-2.8851832394216,fotovoltaica,Con permisos,RdD,,
12824.0,HARO 220,La Rioja,La Rioja,Haro,220.0,42.568273668005,-2.8851832394216,fotovoltaica,Con permisos,RdT,212.0,260.0
12824.0,HARO 220,La Rioja,La Rioja,Haro,220.0,42.568273668005,-2.8851832394216,fotovoltaica,Puesta en servicio,RdD,,
12824.0,HARO 220,La Rioja,La Rioja,Haro,220.0,42.568273668005,-2.8851832394216,fotovoltaica,Puesta en servicio,RdT,68.04,84.9
12915.0,LOGROÑO 220,La Rioja,La Rioja,Logroño,220.0,42.458061777222,-2.4909167617805,almacenamiento,En curso,RdD,4.95,4.95
12915.0,LOGROÑO 220,La Rioja,La Rioja,Logroño,220.0,42.458061777222,-2.4909167617805,almacenamiento,En curso,RdT,,
12915.0,LOGROÑO 220,La Rioja,La Rioja,Logroño,220.0,42.458061777222,-2.4909167617805,eolica,En curso,RdD,58.2,59.88
12915.0,LOGROÑO 220,La Rioja,La Rioja,Logroño,220.0,42.458061777222,-2.4909167617805,eolica,En curso,RdT,,
12915.0,LOGROÑO 220,La Rioja,La Rioja,Logroño,220.0,42.458061777222,-2.4909167617805,fotovoltaica,Puesta en servicio,RdD,42.63,42.63
12915.0,LOGROÑO 220,La Rioja,La Rioja,Logroño,220.0,42.458061777222,-2.4909167617805,fotovoltaica,Puesta en servicio,RdT,,
12915.0,LOGROÑO 220,La Rioja,La Rioja,Logroño,220.0,42.458061777222,-2.4909167617805,hidraulica,Puesta en servicio,RdD,35.59,35.59
12915.0,LOGROÑO 220,La Rioja,La Rioja,Logroño,220.0,42.458061777222,-2.4909167617805,hidraulica,Puesta en servicio,RdT,,
12915.0,LOGROÑO 220,La Rioja,La Rioja,Logroño,220.0,42.458061777222,-2.4909167617805,otras,Puesta en servicio,RdD,13.61,13.61
12915.0,LOGROÑO 220,La Rioja,La Rioja,Logroño,220.0,42.458061777222,-2.4909167617805,otras,Puesta en servicio,RdT,,
13102.0,QUEL 220,La Rioja,La Rioja,Quel,220.0,42.278211401573,-2.0186642341795,almacenamiento,Con permisos,RdD,,
13102.0,QUEL 220,La Rioja,La Rioja,Quel,220.0,42.278211401573,-2.0186642341795,almacenamiento,Con permisos,RdT,,5.0
13102.0,QUEL 220,La Rioja,La Rioja,Quel,220.0,42.278211401573,-2.0186642341795,eolica,Con permisos,RdD,10.0,10.0
13102.0,QUEL 220,La Rioja,La Rioja,Quel,220.0,42.278211401573,-2.0186642341795,eolica,Con permisos,RdT,,
13102.0,QUEL 220,La Rioja,La Rioja,Quel,220.0,42.278211401573,-2.0186642341795,eolica,En curso,RdD,33.49,34.99
13102.0,QUEL 220,La Rioja,La Rioja,Quel,220.0,42.278211401573,-2.0186642341795,eolica,En curso,RdT,,
13102.0,QUEL 220,La Rioja,La Rioja,Quel,220.0,42.278211401573,-2.0186642341795,eolica,Puesta en servicio,RdD,29.37,29.37
13102.0,QUEL 220,La Rioja,La Rioja,Quel,220.0,42.278211401573,-2.0186642341795,eolica,Puesta en servicio,RdT,146.1,186.6
13102.0,QUEL 220,La Rioja,La Rioja,Quel,220.0,42.278211401573,-2.0186642341795,fotovoltaica,Con permisos,RdD,17.0,18.0
13102.0,QUEL 220,La Rioja,La Rioja,Quel,220.0,42.278211401573,-2.0186642341795,fotovoltaica,Con permisos,RdT,,16.0
13102.0,QUEL 220,La Rioja,La Rioja,Quel,220.0,42.278211401573,-2.0186642341795,fotovoltaica,En curso,RdD,30.0,38.16
13102.0,QUEL 220,La Rioja,La Rioja,Quel,220.0,42.278211401573,-2.0186642341795,fotovoltaica,En curso,RdT,,
13102.0,QUEL 220,La Rioja,La Rioja,Quel,220.0,42.278211401573,-2.0186642341795,fotovoltaica,Puesta en servicio,RdD,58.9,60.1
13102.0,QUEL 220,La Rioja,La Rioja,Quel,220.0,42.278211401573,-2.0186642341795,fotovoltaica,Puesta en servicio,RdT,,
13102.0,QUEL 220,La Rioja,La Rioja,Quel,220.0,42.278211401573,-2.0186642341795,hibridacion,Puesta en servicio,RdD,,
13102.0,QUEL 220,La Rioja,La Rioja,Quel,220.0,42.278211401573,-2.0186642341795,hibridacion,Puesta en servicio,RdT,40.5,
13102.0,QUEL 220,La Rioja,La Rioja,Quel,220.0,42.278211401573,-2.0186642341795,hidraulica,Puesta en servicio,RdD,16.68,16.68
13102.0,QUEL 220,La Rioja,La Rioja,Quel,220.0,42.278211401573,-2.0186642341795,hidraulica,Puesta en servicio,RdT,,
13102.0,QUEL 220,La Rioja,La Rioja,Quel,220.0,42.278211401573,-2.0186642341795,otras,Puesta en servicio,RdD,16.71,16.71
13102.0,QUEL 220,La Rioja,La Rioja,Quel,220.0,42.278211401573,-2.0186642341795,otras,Puesta en servicio,RdT,,
7207.0,SANTA ENGRACIA 400,La Rioja,La Rioja,Santa Engracia del Jubera,400.0,42.347560699672,-2.2634854562014,eolica,Con permisos,RdD,,
7207.0,SANTA ENGRACIA 400,La Rioja,La Rioja,Santa Engracia del Jubera,400.0,42.347560699672,-2.2634854562014,eolica,Con permisos,RdT,113.0,113.0
7207.0,SANTA ENGRACIA 400,La Rioja,La Rioja,Santa Engracia del Jubera,400.0,42.347560699672,-2.2634854562014,fotovoltaica,Con permisos,RdD,,
7207.0,SANTA ENGRACIA 400,La Rioja,La Rioja,Santa Engracia del Jubera,400.0,42.347560699672,-2.2634854562014,fotovoltaica,Con permisos,RdT,225.0,250.0
7207.0,SANTA ENGRACIA 400,La Rioja,La Rioja,Santa Engracia del Jubera,400.0,42.347560699672,-2.2634854562014,otras,Con permisos,RdD,,
7207.0,SANTA ENGRACIA 400,La Rioja,La Rioja,Santa Engracia del Jubera,400.0,42.347560699672,-2.2634854562014,otras,Con permisos,RdT,,400.0
7207.0,SANTA ENGRACIA 400,La Rioja,La Rioja,Santa Engracia del Jubera,400.0,42.347560699672,-2.2634854562014,otras,Puesta en servicio,RdD,,
7207.0,SANTA ENGRACIA 400,La Rioja,La Rioja,Santa Engracia del Jubera,400.0,42.347560699672,-2.2634854562014,otras,Puesta en servicio,RdT,784.7,794.64
12664.0,SANTA ENGRACIA 220,La Rioja,La Rioja,Santa Engracia del Jubera,220.0,42.347560699672,-2.2634854562014,almacenamiento,Con permisos,RdD,,
12664.0,SANTA ENGRACIA 220,La Rioja,La Rioja,Santa Engracia del Jubera,220.0,42.347560699672,-2.2634854562014,almacenamiento,Con permisos,RdT,,46.0
12664.0,SANTA ENGRACIA 220,La Rioja,La Rioja,Santa Engracia del Jubera,220.0,42.347560699672,-2.2634854562014,eolica,Puesta en servicio,RdD,,
12664.0,SANTA ENGRACIA 220,La Rioja,La Rioja,Santa Engracia del Jubera,220.0,42.347560699672,-2.2634854562014,eolica,Puesta en servicio,RdT,63.8,63.8
12664.0,SANTA ENGRACIA 220,La Rioja,La Rioja,Santa Engracia del Jubera,220.0,42.347560699672,-2.2634854562014,fotovoltaica,Con permisos,RdD,,
12664.0,SANTA ENGRACIA 220,La Rioja,La Rioja,Santa Engracia del Jubera,220.0,42.347560699672,-2.2634854562014,fotovoltaica,Con permisos,RdT,43.0,99.0
12664.0,SANTA ENGRACIA 220,La Rioja,La Rioja,Santa Engracia del Jubera,220.0,42.347560699672,-2.2634854562014,hibridacion,Con permisos,RdD,,
12664.0,SANTA ENGRACIA 220,La Rioja,La Rioja,Santa Engracia del Jubera,220.0,42.347560699672,-2.2634854562014,hibridacion,Con permisos,RdT,40.0,
7133.0,AENA 220,Madrid,Madrid,Alcobendas,220.0,40.509656664434,-3.5978670194379,fotovoltaica,Con permisos,RdD,,
7133.0,AENA 220,Madrid,Madrid,Alcobendas,220.0,40.509656664434,-3.5978670194379,fotovoltaica,Con permisos,RdT,45.0,45.0
7133.0,AENA 220,Madrid,Madrid,Alcobendas,220.0,40.509656664434,-3.5978670194379,fotovoltaica,Puesta en servicio,RdD,,
7133.0,AENA 220,Madrid,Madrid,Alcobendas,220.0,40.509656664434,-3.5978670194379,fotovoltaica,Puesta en servicio,RdT,120.0,121.0
7133.0,AENA 220,Madrid,Madrid,Alcobendas,220.0,40.509656664434,-3.5978670194379,otras,Puesta en servicio,RdD,33.0,33.0
7133.0,AENA 220,Madrid,Madrid,Alcobendas,220.0,40.509656664434,-3.5978670194379,otras,Puesta en servicio,RdT,,
7325.0,ARROYO DE LA VEGA 220,Madrid,Madrid,Alcobendas,220.0,40.536015748573,-3.5966544337879,almacenamiento,Con permisos,RdD,,
7325.0,ARROYO DE LA VEGA 220,Madrid,Madrid,Alcobendas,220.0,40.536015748573,-3.5966544337879,almacenamiento,Con permisos,RdT,,149.0
7325.0,ARROYO DE LA VEGA 220,Madrid,Madrid,Alcobendas,220.0,40.536015748573,-3.5966544337879,fotovoltaica,Con permisos,RdD,1.0,1.0
7325.0,ARROYO DE LA VEGA 220,Madrid,Madrid,Alcobendas,220.0,40.536015748573,-3.5966544337879,fotovoltaica,Con permisos,RdT,,114.0
7325.0,ARROYO DE LA VEGA 220,Madrid,Madrid,Alcobendas,220.0,40.536015748573,-3.5966544337879,hibridacion,Con permisos,RdD,,
7325.0,ARROYO DE LA VEGA 220,Madrid,Madrid,Alcobendas,220.0,40.536015748573,-3.5966544337879,hibridacion,Con permisos,RdT,250.0,
7310.0,ALGETE 220,Madrid,Madrid,Algete,220.0,40.592767731029,-3.552025003115,fotovoltaica,En curso,RdD,40.0,40.0
7310.0,ALGETE 220,Madrid,Madrid,Algete,220.0,40.592767731029,-3.552025003115,fotovoltaica,En curso,RdT,49.9,49.9
7256.0,ANCHUELO 400,Madrid,Madrid,Anchuelo,400.0,40.464874696833,-3.2966944948981,fotovoltaica,Con permisos,RdD,,
7256.0,ANCHUELO 400,Madrid,Madrid,Anchuelo,400.0,40.464874696833,-3.2966944948981,fotovoltaica,Con permisos,RdT,412.0,422.0
12580.0,ANCHUELO 220,Madrid,Madrid,Anchuelo,220.0,40.464874696833,-3.2966944948981,fotovoltaica,Con permisos,RdD,,
12580.0,ANCHUELO 220,Madrid,Madrid,Anchuelo,220.0,40.464874696833,-3.2966944948981,fotovoltaica,Con permisos,RdT,115.0,119.0
12580.0,ANCHUELO 220,Madrid,Madrid,Anchuelo,220.0,40.464874696833,-3.2966944948981,fotovoltaica,En curso,RdD,,
12580.0,ANCHUELO 220,Madrid,Madrid,Anchuelo,220.0,40.464874696833,-3.2966944948981,fotovoltaica,En curso,RdT,52.0,52.0
7272.0,ARGANDA 220,Madrid,Madrid,Arganda del Rey,220.0,40.302014356465,-3.4592199083513,almacenamiento,Con permisos,RdD,40.0,44.0
7272.0,ARGANDA 220,Madrid,Madrid,Arganda del Rey,220.0,40.302014356465,-3.4592199083513,almacenamiento,Con permisos,RdT,,196.0
7272.0,ARGANDA 220,Madrid,Madrid,Arganda del Rey,220.0,40.302014356465,-3.4592199083513,fotovoltaica,Con permisos,RdD,10.0,10.0
7272.0,ARGANDA 220,Madrid,Madrid,Arganda del Rey,220.0,40.302014356465,-3.4592199083513,fotovoltaica,Con permisos,RdT,176.0,448.0
7272.0,ARGANDA 220,Madrid,Madrid,Arganda del Rey,220.0,40.302014356465,-3.4592199083513,hibridacion,Con permisos,RdD,,
7272.0,ARGANDA 220,Madrid,Madrid,Arganda del Rey,220.0,40.302014356465,-3.4592199083513,hibridacion,Con permisos,RdT,176.0,
7289.0,BOADILLA 220,Madrid,Madrid,Boadilla del Monte,220.0,40.407646843348,-3.908878647081,almacenamiento,En curso,RdD,15.0,15.0
7289.0,BOADILLA 220,Madrid,Madrid,Boadilla del Monte,220.0,40.407646843348,-3.908878647081,almacenamiento,En curso,RdT,35.0,35.0
7289.0,BOADILLA 220,Madrid,Madrid,Boadilla del Monte,220.0,40.407646843348,-3.908878647081,fotovoltaica,Con permisos,RdD,1.0,1.0
7289.0,BOADILLA 220,Madrid,Madrid,Boadilla del Monte,220.0,40.407646843348,-3.908878647081,fotovoltaica,Con permisos,RdT,182.0,200.0
12716.0,COSLADA 220,Madrid,Madrid,Coslada,220.0,40.421996953704,-3.5756151037646,fotovoltaica,Con permisos,RdD,5.0,5.0
12716.0,COSLADA 220,Madrid,Madrid,Coslada,220.0,40.421996953704,-3.5756151037646,fotovoltaica,Con permisos,RdT,,
12716.0,COSLADA 220,Madrid,Madrid,Coslada,220.0,40.421996953704,-3.5756151037646,otras,Puesta en servicio,RdD,2.0,2.0
12716.0,COSLADA 220,Madrid,Madrid,Coslada,220.0,40.421996953704,-3.5756151037646,otras,Puesta en servicio,RdT,,
12722.0,DAGANZO 220,Madrid,Madrid,Daganzo de Arriba,220.0,40.553760345925,-3.4788420298066,almacenamiento,Con permisos,RdD,,10.0
12722.0,DAGANZO 220,Madrid,Madrid,Daganzo de Arriba,220.0,40.553760345925,-3.4788420298066,almacenamiento,Con permisos,RdT,,60.0
12722.0,DAGANZO 220,Madrid,Madrid,Daganzo de Arriba,220.0,40.553760345925,-3.4788420298066,eolica,Con permisos,RdD,,5.0
12722.0,DAGANZO 220,Madrid,Madrid,Daganzo de Arriba,220.0,40.553760345925,-3.4788420298066,eolica,Con permisos,RdT,,
12722.0,DAGANZO 220,Madrid,Madrid,Daganzo de Arriba,220.0,40.553760345925,-3.4788420298066,fotovoltaica,Con permisos,RdD,,5.0
12722.0,DAGANZO 220,Madrid,Madrid,Daganzo de Arriba,220.0,40.553760345925,-3.4788420298066,fotovoltaica,Con permisos,RdT,54.0,196.0
12722.0,DAGANZO 220,Madrid,Madrid,Daganzo de Arriba,220.0,40.553760345925,-3.4788420298066,fotovoltaica,Puesta en servicio,RdD,1.98,1.98
12722.0,DAGANZO 220,Madrid,Madrid,Daganzo de Arriba,220.0,40.553760345925,-3.4788420298066,fotovoltaica,Puesta en servicio,RdT,,
12722.0,DAGANZO 220,Madrid,Madrid,Daganzo de Arriba,220.0,40.553760345925,-3.4788420298066,hibridacion,Con permisos,RdD,9.0,
12722.0,DAGANZO 220,Madrid,Madrid,Daganzo de Arriba,220.0,40.553760345925,-3.4788420298066,hibridacion,Con permisos,RdT,120.0,
7281.0,CAMINO FREGACEDOS 220,Madrid,Madrid,Fuenlabrada,220.0,40.291515590373,-3.8169904272935,almacenamiento,En curso,RdD,19.9,19.9
7281.0,CAMINO FREGACEDOS 220,Madrid,Madrid,Fuenlabrada,220.0,40.291515590373,-3.8169904272935,almacenamiento,En curso,RdT,,
12782.0,FUENLABRADA 220,Madrid,Madrid,Fuenlabrada,220.0,40.276599629086,-3.7817081594034,almacenamiento,Con permisos,RdD,,
12782.0,FUENLABRADA 220,Madrid,Madrid,Fuenlabrada,220.0,40.276599629086,-3.7817081594034,almacenamiento,Con permisos,RdT,25.0,25.0
12782.0,FUENLABRADA 220,Madrid,Madrid,Fuenlabrada,220.0,40.276599629086,-3.7817081594034,almacenamiento,En curso,RdD,49.43,62.7
12782.0,FUENLABRADA 220,Madrid,Madrid,Fuenlabrada,220.0,40.276599629086,-3.7817081594034,almacenamiento,En curso,RdT,,
12782.0,FUENLABRADA 220,Madrid,Madrid,Fuenlabrada,220.0,40.276599629086,-3.7817081594034,fotovoltaica,En curso,RdD,,
12782.0,FUENLABRADA 220,Madrid,Madrid,Fuenlabrada,220.0,40.276599629086,-3.7817081594034,fotovoltaica,En curso,RdT,75.0,75.0
12782.0,FUENLABRADA 220,Madrid,Madrid,Fuenlabrada,220.0,40.276599629086,-3.7817081594034,otras,Con permisos,RdD,,
12782.0,FUENLABRADA 220,Madrid,Madrid,Fuenlabrada,220.0,40.276599629086,-3.7817081594034,otras,Con permisos,RdT,8.0,8.0
12782.0,FUENLABRADA 220,Madrid,Madrid,Fuenlabrada,220.0,40.276599629086,-3.7817081594034,otras,En curso,RdD,,
12782.0,FUENLABRADA 220,Madrid,Madrid,Fuenlabrada,220.0,40.276599629086,-3.7817081594034,otras,En curso,RdT,1.0,1.0
12782.0,FUENLABRADA 220,Madrid,Madrid,Fuenlabrada,220.0,40.276599629086,-3.7817081594034,otras,Puesta en servicio,RdD,,
12782.0,FUENLABRADA 220,Madrid,Madrid,Fuenlabrada,220.0,40.276599629086,-3.7817081594034,otras,Puesta en servicio,RdT,38.47,38.47
13079.0,PRADO SANTO DOMINGO 220,Madrid,Madrid,Fuenlabrada,220.0,40.325518194615,-3.8382158453674,almacenamiento,En curso,RdD,7.48,10.0
13079.0,PRADO SANTO DOMINGO 220,Madrid,Madrid,Fuenlabrada,220.0,40.325518194615,-3.8382158453674,almacenamiento,En curso,RdT,,
13079.0,PRADO SANTO DOMINGO 220,Madrid,Madrid,Fuenlabrada,220.0,40.325518194615,-3.8382158453674,fotovoltaica,Con permisos,RdD,,
13079.0,PRADO SANTO DOMINGO 220,Madrid,Madrid,Fuenlabrada,220.0,40.325518194615,-3.8382158453674,fotovoltaica,Con permisos,RdT,147.0,196.0
13079.0,PRADO SANTO DOMINGO 220,Madrid,Madrid,Fuenlabrada,220.0,40.325518194615,-3.8382158453674,fotovoltaica,En curso,RdD,,
13079.0,PRADO SANTO DOMINGO 220,Madrid,Madrid,Fuenlabrada,220.0,40.325518194615,-3.8382158453674,fotovoltaica,En curso,RdT,147.56,178.2
13079.0,PRADO SANTO DOMINGO 220,Madrid,Madrid,Fuenlabrada,220.0,40.325518194615,-3.8382158453674,otras,En curso,RdD,,
13079.0,PRADO SANTO DOMINGO 220,Madrid,Madrid,Fuenlabrada,220.0,40.325518194615,-3.8382158453674,otras,En curso,RdT,1.0,1.0
12787.0,GALAPAGAR 220,Madrid,Madrid,Galapagar,220.0,40.598573125215,-4.0048783101222,fotovoltaica,Con permisos,RdD,,
12787.0,GALAPAGAR 220,Madrid,Madrid,Galapagar,220.0,40.598573125215,-4.0048783101222,fotovoltaica,Con permisos,RdT,50.0,50.0
7285.0,BUENAVISTA 220,Madrid,Madrid,Getafe,220.0,40.310427152976,-3.7507057823692,almacenamiento,En curso,RdD,5.0,5.0
7285.0,BUENAVISTA 220,Madrid,Madrid,Getafe,220.0,40.310427152976,-3.7507057823692,almacenamiento,En curso,RdT,,
7285.0,BUENAVISTA 220,Madrid,Madrid,Getafe,220.0,40.310427152976,-3.7507057823692,fotovoltaica,Con permisos,RdD,3.0,3.0
7285.0,BUENAVISTA 220,Madrid,Madrid,Getafe,220.0,40.310427152976,-3.7507057823692,fotovoltaica,Con permisos,RdT,95.0,108.0
7285.0,BUENAVISTA 220,Madrid,Madrid,Getafe,220.0,40.310427152976,-3.7507057823692,otras,Con permisos,RdD,,
7285.0,BUENAVISTA 220,Madrid,Madrid,Getafe,220.0,40.310427152976,-3.7507057823692,otras,Con permisos,RdT,1.0,1.0
7285.0,BUENAVISTA 220,Madrid,Madrid,Getafe,220.0,40.310427152976,-3.7507057823692,otras,En curso,RdD,,
7285.0,BUENAVISTA 220,Madrid,Madrid,Getafe,220.0,40.310427152976,-3.7507057823692,otras,En curso,RdT,25.0,
12798.0,GETAFE 220,Madrid,Madrid,Getafe,220.0,40.318622902488,-3.6908837628158,almacenamiento,Con permisos,RdD,31.0,54.0
12798.0,GETAFE 220,Madrid,Madrid,Getafe,220.0,40.318622902488,-3.6908837628158,almacenamiento,Con permisos,RdT,,
12798.0,GETAFE 220,Madrid,Madrid,Getafe,220.0,40.318622902488,-3.6908837628158,fotovoltaica,Con permisos,RdD,46.0,47.0
12798.0,GETAFE 220,Madrid,Madrid,Getafe,220.0,40.318622902488,-3.6908837628158,fotovoltaica,Con permisos,RdT,,
12798.0,GETAFE 220,Madrid,Madrid,Getafe,220.0,40.318622902488,-3.6908837628158,fotovoltaica,Puesta en servicio,RdD,4.44,4.44
12798.0,GETAFE 220,Madrid,Madrid,Getafe,220.0,40.318622902488,-3.6908837628158,fotovoltaica,Puesta en servicio,RdT,,
12798.0,GETAFE 220,Madrid,Madrid,Getafe,220.0,40.318622902488,-3.6908837628158,hidraulica,Puesta en servicio,RdD,0.18,0.18
12798.0,GETAFE 220,Madrid,Madrid,Getafe,220.0,40.318622902488,-3.6908837628158,hidraulica,Puesta en servicio,RdT,,
12798.0,GETAFE 220,Madrid,Madrid,Getafe,220.0,40.318622902488,-3.6908837628158,otras,Puesta en servicio,RdD,59.02,59.02
12798.0,GETAFE 220,Madrid,Madrid,Getafe,220.0,40.318622902488,-3.6908837628158,otras,Puesta en servicio,RdT,,
12905.0,LEGANES 220,Madrid,Madrid,Leganés,220.0,40.313760320713,-3.7771897551866,almacenamiento,Con permisos,RdD,,
12905.0,LEGANES 220,Madrid,Madrid,Leganés,220.0,40.313760320713,-3.7771897551866,almacenamiento,Con permisos,RdT,,110.0
12905.0,LEGANES 220,Madrid,Madrid,Leganés,220.0,40.313760320713,-3.7771897551866,almacenamiento,En curso,RdD,42.65,62.88
12905.0,LEGANES 220,Madrid,Madrid,Leganés,220.0,40.313760320713,-3.7771897551866,almacenamiento,En curso,RdT,,
12905.0,LEGANES 220,Madrid,Madrid,Leganés,220.0,40.313760320713,-3.7771897551866,fotovoltaica,Con permisos,RdD,,
12905.0,LEGANES 220,Madrid,Madrid,Leganés,220.0,40.313760320713,-3.7771897551866,fotovoltaica,Con permisos,RdT,303.0,593.0
12905.0,LEGANES 220,Madrid,Madrid,Leganés,220.0,40.313760320713,-3.7771897551866,hibridacion,Con permisos,RdD,,
12905.0,LEGANES 220,Madrid,Madrid,Leganés,220.0,40.313760320713,-3.7771897551866,hibridacion,Con permisos,RdT,176.0,
12905.0,LEGANES 220,Madrid,Madrid,Leganés,220.0,40.313760320713,-3.7771897551866,otras,Con permisos,RdD,,
12905.0,LEGANES 220,Madrid,Madrid,Leganés,220.0,40.313760320713,-3.7771897551866,otras,Con permisos,RdT,1.0,1.0
12905.0,LEGANES 220,Madrid,Madrid,Leganés,220.0,40.313760320713,-3.7771897551866,otras,En curso,RdD,,
12905.0,LEGANES 220,Madrid,Madrid,Leganés,220.0,40.313760320713,-3.7771897551866,otras,En curso,RdT,15.0,
13394.0,FORTUNA 220,Madrid,Madrid,Leganés,220.0,40.347154075172,-3.7832894848541,almacenamiento,En curso,RdD,61.44,63.15
13394.0,FORTUNA 220,Madrid,Madrid,Leganés,220.0,40.347154075172,-3.7832894848541,almacenamiento,En curso,RdT,,
13394.0,FORTUNA 220,Madrid,Madrid,Leganés,220.0,40.347154075172,-3.7832894848541,fotovoltaica,Con permisos,RdD,,
13394.0,FORTUNA 220,Madrid,Madrid,Leganés,220.0,40.347154075172,-3.7832894848541,fotovoltaica,Con permisos,RdT,400.0,461.0
13394.0,FORTUNA 220,Madrid,Madrid,Leganés,220.0,40.347154075172,-3.7832894848541,fotovoltaica,En curso,RdD,,
13394.0,FORTUNA 220,Madrid,Madrid,Leganés,220.0,40.347154075172,-3.7832894848541,fotovoltaica,En curso,RdT,325.0,368.82
12912.0,LOECHES 220,Madrid,Madrid,Loeches,220.0,40.387765029587,-3.4223267022387,fotovoltaica,Con permisos,RdD,280.0,344.0
12912.0,LOECHES 220,Madrid,Madrid,Loeches,220.0,40.387765029587,-3.4223267022387,fotovoltaica,Con permisos,RdT,,
12912.0,LOECHES 220,Madrid,Madrid,Loeches,220.0,40.387765029587,-3.4223267022387,fotovoltaica,Puesta en servicio,RdD,46.97,50.97
12912.0,LOECHES 220,Madrid,Madrid,Loeches,220.0,40.387765029587,-3.4223267022387,fotovoltaica,Puesta en servicio,RdT,,
12912.0,LOECHES 220,Madrid,Madrid,Loeches,220.0,40.387765029587,-3.4223267022387,hibridacion,Con permisos,RdD,21.0,
12912.0,LOECHES 220,Madrid,Madrid,Loeches,220.0,40.387765029587,-3.4223267022387,hibridacion,Con permisos,RdT,,
12912.0,LOECHES 220,Madrid,Madrid,Loeches,220.0,40.387765029587,-3.4223267022387,otras,Con permisos,RdD,1.0,23.0
12912.0,LOECHES 220,Madrid,Madrid,Loeches,220.0,40.387765029587,-3.4223267022387,otras,Con permisos,RdT,,
12912.0,LOECHES 220,Madrid,Madrid,Loeches,220.0,40.387765029587,-3.4223267022387,otras,Puesta en servicio,RdD,32.16,32.16
12912.0,LOECHES 220,Madrid,Madrid,Loeches,220.0,40.387765029587,-3.4223267022387,otras,Puesta en servicio,RdT,,
12913.0,LOECHES 400,Madrid,Madrid,Loeches,400.0,40.387765029587,-3.4223267022387,fotovoltaica,Con permisos,RdD,,
12913.0,LOECHES 400,Madrid,Madrid,Loeches,400.0,40.387765029587,-3.4223267022387,fotovoltaica,Con permisos,RdT,907.0,983.0
7153.0,VALLECAS 220,Madrid,Madrid,Madrid,220.0,40.388796437031,-3.6201289949159,almacenamiento,En curso,RdD,9.95,9.95
7153.0,VALLECAS 220,Madrid,Madrid,Madrid,220.0,40.388796437031,-3.6201289949159,almacenamiento,En curso,RdT,,
7153.0,VALLECAS 220,Madrid,Madrid,Madrid,220.0,40.388796437031,-3.6201289949159,fotovoltaica,Con permisos,RdD,2.0,2.0
7153.0,VALLECAS 220,Madrid,Madrid,Madrid,220.0,40.388796437031,-3.6201289949159,fotovoltaica,Con permisos,RdT,,
7153.0,VALLECAS 220,Madrid,Madrid,Madrid,220.0,40.388796437031,-3.6201289949159,fotovoltaica,Puesta en servicio,RdD,1.75,2.06
7153.0,VALLECAS 220,Madrid,Madrid,Madrid,220.0,40.388796437031,-3.6201289949159,fotovoltaica,Puesta en servicio,RdT,,
7153.0,VALLECAS 220,Madrid,Madrid,Madrid,220.0,40.388796437031,-3.6201289949159,otras,Puesta en servicio,RdD,35.87,35.87
7153.0,VALLECAS 220,Madrid,Madrid,Madrid,220.0,40.388796437031,-3.6201289949159,otras,Puesta en servicio,RdT,,
7154.0,VENTAS DEL BATAN 220,Madrid,Madrid,Madrid,220.0,40.400735738435,-3.7610118597277,almacenamiento,En curso,RdD,9.9,9.9
7154.0,VENTAS DEL BATAN 220,Madrid,Madrid,Madrid,220.0,40.400735738435,-3.7610118597277,almacenamiento,En curso,RdT,,
7155.0,VILLAVERDE 220,Madrid,Madrid,Madrid,220.0,40.341387135582,-3.6688761588655,otras,Puesta en servicio,RdD,18.0,18.0
7155.0,VILLAVERDE 220,Madrid,Madrid,Madrid,220.0,40.341387135582,-3.6688761588655,otras,Puesta en servicio,RdT,,
7270.0,AGUACATE 220,Madrid,Madrid,Madrid,220.0,40.364870861594,-3.7482780606073,almacenamiento,Con permisos,RdD,30.0,30.0
7270.0,AGUACATE 220,Madrid,Madrid,Madrid,220.0,40.364870861594,-3.7482780606073,almacenamiento,Con permisos,RdT,,
7277.0,SIMANCAS 220,Madrid,Madrid,Madrid,220.0,40.436190442131,-3.6282861137216,fotovoltaica,Puesta en servicio,RdD,0.31,0.33
7277.0,SIMANCAS 220,Madrid,Madrid,Madrid,220.0,40.436190442131,-3.6282861137216,fotovoltaica,Puesta en servicio,RdT,,
7342.0,ARAVACA 220,Madrid,Madrid,Madrid,220.0,40.464407871975,-3.806383243601,almacenamiento,Con permisos,RdD,30.0,30.0
7342.0,ARAVACA 220,Madrid,Madrid,Madrid,220.0,40.464407871975,-3.806383243601,almacenamiento,Con permisos,RdT,,
7353.0,CANILLEJAS 220,Madrid,Madrid,Madrid,220.0,40.434469434996,-3.6144400949218,almacenamiento,Con permisos,RdD,35.0,35.0
7353.0,CANILLEJAS 220,Madrid,Madrid,Madrid,220.0,40.434469434996,-3.6144400949218,almacenamiento,Con permisos,RdT,,
7353.0,CANILLEJAS 220,Madrid,Madrid,Madrid,220.0,40.434469434996,-3.6144400949218,otras,Puesta en servicio,RdD,2.25,2.25
7353.0,CANILLEJAS 220,Madrid,Madrid,Madrid,220.0,40.434469434996,-3.6144400949218,otras,Puesta en servicio,RdT,,
12701.0,CISNEROS 220,Madrid,Madrid,Madrid,220.0,40.438678157558,-3.70310569754,fotovoltaica,Con permisos,RdD,,
12701.0,CISNEROS 220,Madrid,Madrid,Madrid,220.0,40.438678157558,-3.70310569754,fotovoltaica,Con permisos,RdT,45.0,45.0
12778.0,FUENCARRAL 220,Madrid,Madrid,Madrid,220.0,40.519064977862,-3.6716869733939,almacenamiento,En curso,RdD,85.0,85.0
12778.0,FUENCARRAL 220,Madrid,Madrid,Madrid,220.0,40.519064977862,-3.6716869733939,almacenamiento,En curso,RdT,,
12778.0,FUENCARRAL 220,Madrid,Madrid,Madrid,220.0,40.519064977862,-3.6716869733939,fotovoltaica,Con permisos,RdD,4.0,4.0
12778.0,FUENCARRAL 220,Madrid,Madrid,Madrid,220.0,40.519064977862,-3.6716869733939,fotovoltaica,Con permisos,RdT,424.0,515.0
12778.0,FUENCARRAL 220,Madrid,Madrid,Madrid,220.0,40.519064977862,-3.6716869733939,hidraulica,Puesta en servicio,RdD,13.2,13.2
12778.0,FUENCARRAL 220,Madrid,Madrid,Madrid,220.0,40.519064977862,-3.6716869733939,hidraulica,Puesta en servicio,RdT,,
12778.0,FUENCARRAL 220,Madrid,Madrid,Madrid,220.0,40.519064977862,-3.6716869733939,otras,Puesta en servicio,RdD,2.08,2.08
12778.0,FUENCARRAL 220,Madrid,Madrid,Madrid,220.0,40.519064977862,-3.6716869733939,otras,Puesta en servicio,RdT,,
12779.0,FUENCARRAL 400,Madrid,Madrid,Madrid,400.0,40.519064977862,-3.6716869733939,fotovoltaica,Con permisos,RdD,,
12779.0,FUENCARRAL 400,Madrid,Madrid,Madrid,400.0,40.519064977862,-3.6716869733939,fotovoltaica,Con permisos,RdT,300.0,361.0
12904.0,LA TORRECILLA 220,Madrid,Madrid,Madrid,220.0,40.318913356552,-3.613377896574,almacenamiento,Con permisos,RdD,,
12904.0,LA TORRECILLA 220,Madrid,Madrid,Madrid,220.0,40.318913356552,-3.613377896574,almacenamiento,Con permisos,RdT,149.0,149.0
12904.0,LA TORRECILLA 220,Madrid,Madrid,Madrid,220.0,40.318913356552,-3.613377896574,almacenamiento,En curso,RdD,,
12904.0,LA TORRECILLA 220,Madrid,Madrid,Madrid,220.0,40.318913356552,-3.613377896574,almacenamiento,En curso,RdT,147.28,147.28
12904.0,LA TORRECILLA 220,Madrid,Madrid,Madrid,220.0,40.318913356552,-3.613377896574,fotovoltaica,Con permisos,RdD,,
12904.0,LA TORRECILLA 220,Madrid,Madrid,Madrid,220.0,40.318913356552,-3.613377896574,fotovoltaica,Con permisos,RdT,110.0,110.0
12904.0,LA TORRECILLA 220,Madrid,Madrid,Madrid,220.0,40.318913356552,-3.613377896574,otras,Puesta en servicio,RdD,,
12904.0,LA TORRECILLA 220,Madrid,Madrid,Madrid,220.0,40.318913356552,-3.613377896574,otras,Puesta en servicio,RdT,24.13,24.13
12960.0,MEDIODIA 220,Madrid,Madrid,Madrid,220.0,40.406429922909,-3.691706393892,otras,Puesta en servicio,RdD,1.27,1.27
12960.0,MEDIODIA 220,Madrid,Madrid,Madrid,220.0,40.406429922909,-3.691706393892,otras,Puesta en servicio,RdT,,
12976.0,MIRASIERRA 220,Madrid,Madrid,Madrid,220.0,40.490934163066,-3.7180725732749,otras,Puesta en servicio,RdD,4.8,4.8
12976.0,MIRASIERRA 220,Madrid,Madrid,Madrid,220.0,40.490934163066,-3.7180725732749,otras,Puesta en servicio,RdT,,
13041.0,PARQUE INGENIEROS 220,Madrid,Madrid,Madrid,220.0,40.350236033001,-3.7023276755217,almacenamiento,Con permisos,RdD,30.0,30.0
13041.0,PARQUE INGENIEROS 220,Madrid,Madrid,Madrid,220.0,40.350236033001,-3.7023276755217,almacenamiento,Con permisos,RdT,,
13072.0,POLIGONO C 220,Madrid,Madrid,Madrid,220.0,40.379078168733,-3.7622957366254,almacenamiento,Con permisos,RdD,168.0,189.0
13072.0,POLIGONO C 220,Madrid,Madrid,Madrid,220.0,40.379078168733,-3.7622957366254,almacenamiento,Con permisos,RdT,,
13072.0,POLIGONO C 220,Madrid,Madrid,Madrid,220.0,40.379078168733,-3.7622957366254,fotovoltaica,Con permisos,RdD,19.0,21.0
13072.0,POLIGONO C 220,Madrid,Madrid,Madrid,220.0,40.379078168733,-3.7622957366254,fotovoltaica,Con permisos,RdT,,
13072.0,POLIGONO C 220,Madrid,Madrid,Madrid,220.0,40.379078168733,-3.7622957366254,otras,Puesta en servicio,RdD,5.81,5.81
13072.0,POLIGONO C 220,Madrid,Madrid,Madrid,220.0,40.379078168733,-3.7622957366254,otras,Puesta en servicio,RdT,,
13086.0,PUENTE PRINCESA 220,Madrid,Madrid,Madrid,220.0,40.383512088993,-3.6932769874215,almacenamiento,Con permisos,RdD,30.0,30.0
13086.0,PUENTE PRINCESA 220,Madrid,Madrid,Madrid,220.0,40.383512088993,-3.6932769874215,almacenamiento,Con permisos,RdT,,
13171.0,RETAMAR 220,Madrid,Madrid,Madrid,220.0,40.33481619064,-3.7225964775276,almacenamiento,En curso,RdD,27.0,30.0
13171.0,RETAMAR 220,Madrid,Madrid,Madrid,220.0,40.33481619064,-3.7225964775276,almacenamiento,En curso,RdT,,
13171.0,RETAMAR 220,Madrid,Madrid,Madrid,220.0,40.33481619064,-3.7225964775276,fotovoltaica,Con permisos,RdD,6.0,7.0
13171.0,RETAMAR 220,Madrid,Madrid,Madrid,220.0,40.33481619064,-3.7225964775276,fotovoltaica,Con permisos,RdT,,
13171.0,RETAMAR 220,Madrid,Madrid,Madrid,220.0,40.33481619064,-3.7225964775276,hibridacion,Con permisos,RdD,2.0,
13171.0,RETAMAR 220,Madrid,Madrid,Madrid,220.0,40.33481619064,-3.7225964775276,hibridacion,Con permisos,RdT,,
13171.0,RETAMAR 220,Madrid,Madrid,Madrid,220.0,40.33481619064,-3.7225964775276,otras,Con permisos,RdD,,2.0
13171.0,RETAMAR 220,Madrid,Madrid,Madrid,220.0,40.33481619064,-3.7225964775276,otras,Con permisos,RdT,,
13171.0,RETAMAR 220,Madrid,Madrid,Madrid,220.0,40.33481619064,-3.7225964775276,otras,Puesta en servicio,RdD,3.4,3.4
13171.0,RETAMAR 220,Madrid,Madrid,Madrid,220.0,40.33481619064,-3.7225964775276,otras,Puesta en servicio,RdT,,
13389.0,CERRO PLATA 220,Madrid,Madrid,Madrid,220.0,40.39677591872,-3.6764711960596,almacenamiento,Con permisos,RdD,20.0,20.0
13389.0,CERRO PLATA 220,Madrid,Madrid,Madrid,220.0,40.39677591872,-3.6764711960596,almacenamiento,Con permisos,RdT,,
13391.0,COMPLUTUM 220,Madrid,Madrid,Madrid,220.0,40.449594517008,-3.6055232181547,fotovoltaica,Con permisos,RdD,,
13391.0,COMPLUTUM 220,Madrid,Madrid,Madrid,220.0,40.449594517008,-3.6055232181547,fotovoltaica,Con permisos,RdT,226.0,246.0
7359.0,VALLE DEL ARCIPRESTE 220,Madrid,Madrid,Majadahonda,220.0,40.48782187646,-3.8942855238114,almacenamiento,Con permisos,RdD,30.0,35.0
7359.0,VALLE DEL ARCIPRESTE 220,Madrid,Madrid,Majadahonda,220.0,40.48782187646,-3.8942855238114,almacenamiento,Con permisos,RdT,,
7359.0,VALLE DEL ARCIPRESTE 220,Madrid,Madrid,Majadahonda,220.0,40.48782187646,-3.8942855238114,fotovoltaica,Con permisos,RdD,30.0,35.0
7359.0,VALLE DEL ARCIPRESTE 220,Madrid,Madrid,Majadahonda,220.0,40.48782187646,-3.8942855238114,fotovoltaica,Con permisos,RdT,,
12940.0,MAJADAHONDA 220,Madrid,Madrid,Majadahonda,220.0,40.448521406292,-3.8843172502465,almacenamiento,En curso,RdD,55.0,80.0
12940.0,MAJADAHONDA 220,Madrid,Madrid,Majadahonda,220.0,40.448521406292,-3.8843172502465,almacenamiento,En curso,RdT,,
12940.0,MAJADAHONDA 220,Madrid,Madrid,Majadahonda,220.0,40.448521406292,-3.8843172502465,fotovoltaica,Con permisos,RdD,6.0,6.0
12940.0,MAJADAHONDA 220,Madrid,Madrid,Majadahonda,220.0,40.448521406292,-3.8843172502465,fotovoltaica,Con permisos,RdT,,
12940.0,MAJADAHONDA 220,Madrid,Madrid,Majadahonda,220.0,40.448521406292,-3.8843172502465,fotovoltaica,Puesta en servicio,RdD,18.0,18.0
12940.0,MAJADAHONDA 220,Madrid,Madrid,Majadahonda,220.0,40.448521406292,-3.8843172502465,fotovoltaica,Puesta en servicio,RdT,,
12956.0,MECO 220,Madrid,Madrid,Meco,220.0,40.540402039474,-3.3141649089708,eolica,Con permisos,RdD,4.0,4.0
12956.0,MECO 220,Madrid,Madrid,Meco,220.0,40.540402039474,-3.3141649089708,eolica,Con permisos,RdT,,
12956.0,MECO 220,Madrid,Madrid,Meco,220.0,40.540402039474,-3.3141649089708,eolica,Puesta en servicio,RdD,187.63,187.63
12956.0,MECO 220,Madrid,Madrid,Meco,220.0,40.540402039474,-3.3141649089708,eolica,Puesta en servicio,RdT,,
12956.0,MECO 220,Madrid,Madrid,Meco,220.0,40.540402039474,-3.3141649089708,fotovoltaica,Con permisos,RdD,179.0,211.0
12956.0,MECO 220,Madrid,Madrid,Meco,220.0,40.540402039474,-3.3141649089708,fotovoltaica,Con permisos,RdT,,
12956.0,MECO 220,Madrid,Madrid,Meco,220.0,40.540402039474,-3.3141649089708,fotovoltaica,Puesta en servicio,RdD,219.46,226.56
12956.0,MECO 220,Madrid,Madrid,Meco,220.0,40.540402039474,-3.3141649089708,fotovoltaica,Puesta en servicio,RdT,,
12956.0,MECO 220,Madrid,Madrid,Meco,220.0,40.540402039474,-3.3141649089708,otras,Puesta en servicio,RdD,26.81,26.81
12956.0,MECO 220,Madrid,Madrid,Meco,220.0,40.540402039474,-3.3141649089708,otras,Puesta en servicio,RdT,,
12991.0,MORALEJA 220,Madrid,Madrid,Moraleja de Enmedio,220.0,40.260026194064,-3.8755278617186,almacenamiento,En curso,RdD,103.65,103.65
12991.0,MORALEJA 220,Madrid,Madrid,Moraleja de Enmedio,220.0,40.260026194064,-3.8755278617186,almacenamiento,En curso,RdT,,
12991.0,MORALEJA 220,Madrid,Madrid,Moraleja de Enmedio,220.0,40.260026194064,-3.8755278617186,fotovoltaica,Con permisos,RdD,,
12991.0,MORALEJA 220,Madrid,Madrid,Moraleja de Enmedio,220.0,40.260026194064,-3.8755278617186,fotovoltaica,Con permisos,RdT,469.0,498.0
12991.0,MORALEJA 220,Madrid,Madrid,Moraleja de Enmedio,220.0,40.260026194064,-3.8755278617186,fotovoltaica,En curso,RdD,48.36,69.5
12991.0,MORALEJA 220,Madrid,Madrid,Moraleja de Enmedio,220.0,40.260026194064,-3.8755278617186,fotovoltaica,En curso,RdT,468.56,496.88
12991.0,MORALEJA 220,Madrid,Madrid,Moraleja de Enmedio,220.0,40.260026194064,-3.8755278617186,otras,Con permisos,RdD,81.0,
12991.0,MORALEJA 220,Madrid,Madrid,Moraleja de Enmedio,220.0,40.260026194064,-3.8755278617186,otras,Con permisos,RdT,,
12992.0,MORALEJA 400,Madrid,Madrid,Moraleja de Enmedio,400.0,40.260026194064,-3.8755278617186,fotovoltaica,Con permisos,RdD,,
12992.0,MORALEJA 400,Madrid,Madrid,Moraleja de Enmedio,400.0,40.260026194064,-3.8755278617186,fotovoltaica,Con permisos,RdT,160.0,173.0
12993.0,MORATA 220,Madrid,Madrid,Morata de Tajuña,220.0,40.255879960875,-3.44265591791,fotovoltaica,Con permisos,RdD,56.0,78.0
12993.0,MORATA 220,Madrid,Madrid,Morata de Tajuña,220.0,40.255879960875,-3.44265591791,fotovoltaica,Con permisos,RdT,312.0,343.0
12993.0,MORATA 220,Madrid,Madrid,Morata de Tajuña,220.0,40.255879960875,-3.44265591791,fotovoltaica,En curso,RdD,,
12993.0,MORATA 220,Madrid,Madrid,Morata de Tajuña,220.0,40.255879960875,-3.44265591791,fotovoltaica,En curso,RdT,249.87,271.59
12994.0,MORATA 400,Madrid,Madrid,Morata de Tajuña,400.0,40.255879960875,-3.44265591791,fotovoltaica,Con permisos,RdD,,
12994.0,MORATA 400,Madrid,Madrid,Morata de Tajuña,400.0,40.255879960875,-3.44265591791,fotovoltaica,Con permisos,RdT,436.0,466.0
12928.0,LUCERO 220,Madrid,Madrid,Móstoles,220.0,40.340865260229,-3.8835311486655,almacenamiento,En curso,RdD,54.99,64.91
12928.0,LUCERO 220,Madrid,Madrid,Móstoles,220.0,40.340865260229,-3.8835311486655,almacenamiento,En curso,RdT,,
12928.0,LUCERO 220,Madrid,Madrid,Móstoles,220.0,40.340865260229,-3.8835311486655,fotovoltaica,Con permisos,RdD,1.0,1.0
12928.0,LUCERO 220,Madrid,Madrid,Móstoles,220.0,40.340865260229,-3.8835311486655,fotovoltaica,Con permisos,RdT,217.0,259.0
12928.0,LUCERO 220,Madrid,Madrid,Móstoles,220.0,40.340865260229,-3.8835311486655,otras,Puesta en servicio,RdD,1.2,1.2
12928.0,LUCERO 220,Madrid,Madrid,Móstoles,220.0,40.340865260229,-3.8835311486655,otras,Puesta en servicio,RdT,,
13038.0,PARLA 220,Madrid,Madrid,Parla,220.0,40.222452805061,-3.7651427075192,almacenamiento,Con permisos,RdD,,
13038.0,PARLA 220,Madrid,Madrid,Parla,220.0,40.222452805061,-3.7651427075192,almacenamiento,Con permisos,RdT,,181.0
13038.0,PARLA 220,Madrid,Madrid,Parla,220.0,40.222452805061,-3.7651427075192,almacenamiento,En curso,RdD,19.8,20.0
13038.0,PARLA 220,Madrid,Madrid,Parla,220.0,40.222452805061,-3.7651427075192,almacenamiento,En curso,RdT,,
13038.0,PARLA 220,Madrid,Madrid,Parla,220.0,40.222452805061,-3.7651427075192,fotovoltaica,Con permisos,RdD,,
13038.0,PARLA 220,Madrid,Madrid,Parla,220.0,40.222452805061,-3.7651427075192,fotovoltaica,Con permisos,RdT,120.0,329.0
13038.0,PARLA 220,Madrid,Madrid,Parla,220.0,40.222452805061,-3.7651427075192,fotovoltaica,En curso,RdD,14.84,15.46
13038.0,PARLA 220,Madrid,Madrid,Parla,220.0,40.222452805061,-3.7651427075192,fotovoltaica,En curso,RdT,,
13038.0,PARLA 220,Madrid,Madrid,Parla,220.0,40.222452805061,-3.7651427075192,hibridacion,Con permisos,RdD,,
13038.0,PARLA 220,Madrid,Madrid,Parla,220.0,40.222452805061,-3.7651427075192,hibridacion,Con permisos,RdT,163.0,
13063.0,PINTO 220,Madrid,Madrid,Pinto,220.0,40.253519574028,-3.7397234617742,almacenamiento,En curso,RdD,127.75,130.0
13063.0,PINTO 220,Madrid,Madrid,Pinto,220.0,40.253519574028,-3.7397234617742,almacenamiento,En curso,RdT,,
13063.0,PINTO 220,Madrid,Madrid,Pinto,220.0,40.253519574028,-3.7397234617742,fotovoltaica,Con permisos,RdD,4.0,4.0
13063.0,PINTO 220,Madrid,Madrid,Pinto,220.0,40.253519574028,-3.7397234617742,fotovoltaica,Con permisos,RdT,,
13063.0,PINTO 220,Madrid,Madrid,Pinto,220.0,40.253519574028,-3.7397234617742,fotovoltaica,En curso,RdD,35.23,35.38
13063.0,PINTO 220,Madrid,Madrid,Pinto,220.0,40.253519574028,-3.7397234617742,fotovoltaica,En curso,RdT,,
13063.0,PINTO 220,Madrid,Madrid,Pinto,220.0,40.253519574028,-3.7397234617742,fotovoltaica,Puesta en servicio,RdD,1.4,1.4
13063.0,PINTO 220,Madrid,Madrid,Pinto,220.0,40.253519574028,-3.7397234617742,fotovoltaica,Puesta en servicio,RdT,,
13063.0,PINTO 220,Madrid,Madrid,Pinto,220.0,40.253519574028,-3.7397234617742,otras,Con permisos,RdD,,
13063.0,PINTO 220,Madrid,Madrid,Pinto,220.0,40.253519574028,-3.7397234617742,otras,Con permisos,RdT,1.0,1.0
13063.0,PINTO 220,Madrid,Madrid,Pinto,220.0,40.253519574028,-3.7397234617742,otras,Puesta en servicio,RdD,1.02,1.02
13063.0,PINTO 220,Madrid,Madrid,Pinto,220.0,40.253519574028,-3.7397234617742,otras,Puesta en servicio,RdT,,
13064.0,PINTO AYUDEN 220,Madrid,Madrid,Pinto,220.0,40.263505441354,-3.7228641563046,fotovoltaica,Con permisos,RdD,9.0,9.0
13064.0,PINTO AYUDEN 220,Madrid,Madrid,Pinto,220.0,40.263505441354,-3.7228641563046,fotovoltaica,Con permisos,RdT,,
13064.0,PINTO AYUDEN 220,Madrid,Madrid,Pinto,220.0,40.263505441354,-3.7228641563046,fotovoltaica,Puesta en servicio,RdD,0.8,0.8
13064.0,PINTO AYUDEN 220,Madrid,Madrid,Pinto,220.0,40.263505441354,-3.7228641563046,fotovoltaica,Puesta en servicio,RdT,,
13064.0,PINTO AYUDEN 220,Madrid,Madrid,Pinto,220.0,40.263505441354,-3.7228641563046,otras,Con permisos,RdD,,
13064.0,PINTO AYUDEN 220,Madrid,Madrid,Pinto,220.0,40.263505441354,-3.7228641563046,otras,Con permisos,RdT,1.0,1.0
13207.0,SAN FERNANDO 400,Madrid,Madrid,San Fernando de Henares,400.0,40.443955739158,-3.5081734189753,fotovoltaica,Con permisos,RdD,,
13207.0,SAN FERNANDO 400,Madrid,Madrid,San Fernando de Henares,400.0,40.443955739158,-3.5081734189753,fotovoltaica,Con permisos,RdT,447.0,480.0
13405.0,PTE.SAN FERNANDO 220,Madrid,Madrid,San Fernando de Henares,220.0,40.449327893929,-3.5140798702383,almacenamiento,Con permisos,RdD,67.0,67.0
13405.0,PTE.SAN FERNANDO 220,Madrid,Madrid,San Fernando de Henares,220.0,40.449327893929,-3.5140798702383,almacenamiento,Con permisos,RdT,,
13405.0,PTE.SAN FERNANDO 220,Madrid,Madrid,San Fernando de Henares,220.0,40.449327893929,-3.5140798702383,almacenamiento,En curso,RdD,67.95,67.95
13405.0,PTE.SAN FERNANDO 220,Madrid,Madrid,San Fernando de Henares,220.0,40.449327893929,-3.5140798702383,almacenamiento,En curso,RdT,,
13405.0,PTE.SAN FERNANDO 220,Madrid,Madrid,San Fernando de Henares,220.0,40.449327893929,-3.5140798702383,fotovoltaica,Con permisos,RdD,77.0,81.0
13405.0,PTE.SAN FERNANDO 220,Madrid,Madrid,San Fernando de Henares,220.0,40.449327893929,-3.5140798702383,fotovoltaica,Con permisos,RdT,,
13405.0,PTE.SAN FERNANDO 220,Madrid,Madrid,San Fernando de Henares,220.0,40.449327893929,-3.5140798702383,fotovoltaica,Puesta en servicio,RdD,2.0,2.0
13405.0,PTE.SAN FERNANDO 220,Madrid,Madrid,San Fernando de Henares,220.0,40.449327893929,-3.5140798702383,fotovoltaica,Puesta en servicio,RdT,,
13405.0,PTE.SAN FERNANDO 220,Madrid,Madrid,San Fernando de Henares,220.0,40.449327893929,-3.5140798702383,otras,Puesta en servicio,RdD,11.64,11.64
13405.0,PTE.SAN FERNANDO 220,Madrid,Madrid,San Fernando de Henares,220.0,40.449327893929,-3.5140798702383,otras,Puesta en servicio,RdT,,
7134.0,ARDOZ 220,Madrid,Madrid,Torrejón de Ardoz,220.0,40.441524571176,-3.4829268372544,almacenamiento,Con permisos,RdD,,
7134.0,ARDOZ 220,Madrid,Madrid,Torrejón de Ardoz,220.0,40.441524571176,-3.4829268372544,almacenamiento,Con permisos,RdT,,10.0
7134.0,ARDOZ 220,Madrid,Madrid,Torrejón de Ardoz,220.0,40.441524571176,-3.4829268372544,fotovoltaica,Con permisos,RdD,6.0,6.0
7134.0,ARDOZ 220,Madrid,Madrid,Torrejón de Ardoz,220.0,40.441524571176,-3.4829268372544,fotovoltaica,Con permisos,RdT,322.0,372.0
7134.0,ARDOZ 220,Madrid,Madrid,Torrejón de Ardoz,220.0,40.441524571176,-3.4829268372544,fotovoltaica,En curso,RdD,68.6,68.6
7134.0,ARDOZ 220,Madrid,Madrid,Torrejón de Ardoz,220.0,40.441524571176,-3.4829268372544,fotovoltaica,En curso,RdT,,
7134.0,ARDOZ 220,Madrid,Madrid,Torrejón de Ardoz,220.0,40.441524571176,-3.4829268372544,hibridacion,Con permisos,RdD,,
7134.0,ARDOZ 220,Madrid,Madrid,Torrejón de Ardoz,220.0,40.441524571176,-3.4829268372544,hibridacion,Con permisos,RdT,40.0,
7228.0,TORREJON DE VELASCO 400,Madrid,Madrid,Torrejón de Velasco,400.0,40.176829282134,-3.7450378131286,almacenamiento,Con permisos,RdD,,
7228.0,TORREJON DE VELASCO 400,Madrid,Madrid,Torrejón de Velasco,400.0,40.176829282134,-3.7450378131286,almacenamiento,Con permisos,RdT,,21.0
7228.0,TORREJON DE VELASCO 400,Madrid,Madrid,Torrejón de Velasco,400.0,40.176829282134,-3.7450378131286,fotovoltaica,Con permisos,RdD,,
7228.0,TORREJON DE VELASCO 400,Madrid,Madrid,Torrejón de Velasco,400.0,40.176829282134,-3.7450378131286,fotovoltaica,Con permisos,RdT,128.0,200.0
7228.0,TORREJON DE VELASCO 400,Madrid,Madrid,Torrejón de Velasco,400.0,40.176829282134,-3.7450378131286,hibridacion,Con permisos,RdD,,
7228.0,TORREJON DE VELASCO 400,Madrid,Madrid,Torrejón de Velasco,400.0,40.176829282134,-3.7450378131286,hibridacion,Con permisos,RdT,81.0,
7151.0,TRES CANTOS 220,Madrid,Madrid,Tres Cantos,220.0,40.617334534675,-3.7047988071297,fotovoltaica,Con permisos,RdD,76.0,111.0
7151.0,TRES CANTOS 220,Madrid,Madrid,Tres Cantos,220.0,40.617334534675,-3.7047988071297,fotovoltaica,Con permisos,RdT,,
7151.0,TRES CANTOS 220,Madrid,Madrid,Tres Cantos,220.0,40.617334534675,-3.7047988071297,fotovoltaica,En curso,RdD,24.67,30.19
7151.0,TRES CANTOS 220,Madrid,Madrid,Tres Cantos,220.0,40.617334534675,-3.7047988071297,fotovoltaica,En curso,RdT,,
7151.0,TRES CANTOS 220,Madrid,Madrid,Tres Cantos,220.0,40.617334534675,-3.7047988071297,fotovoltaica,Puesta en servicio,RdD,2.0,2.0
7151.0,TRES CANTOS 220,Madrid,Madrid,Tres Cantos,220.0,40.617334534675,-3.7047988071297,fotovoltaica,Puesta en servicio,RdT,,
7151.0,TRES CANTOS 220,Madrid,Madrid,Tres Cantos,220.0,40.617334534675,-3.7047988071297,hidraulica,Puesta en servicio,RdD,41.34,41.34
7151.0,TRES CANTOS 220,Madrid,Madrid,Tres Cantos,220.0,40.617334534675,-3.7047988071297,hidraulica,Puesta en servicio,RdT,,
7151.0,TRES CANTOS 220,Madrid,Madrid,Tres Cantos,220.0,40.617334534675,-3.7047988071297,otras,Puesta en servicio,RdD,4.24,4.24
7151.0,TRES CANTOS 220,Madrid,Madrid,Tres Cantos,220.0,40.617334534675,-3.7047988071297,otras,Puesta en servicio,RdT,,
7290.0,TRES CANTOS GIS 220,Madrid,Madrid,Tres Cantos,220.0,40.616316361692,-3.7057460062864,fotovoltaica,Con permisos,RdD,,
7290.0,TRES CANTOS GIS 220,Madrid,Madrid,Tres Cantos,220.0,40.616316361692,-3.7057460062864,fotovoltaica,Con permisos,RdT,165.0,177.0
7290.0,TRES CANTOS GIS 220,Madrid,Madrid,Tres Cantos,220.0,40.616316361692,-3.7057460062864,fotovoltaica,En curso,RdD,,
7290.0,TRES CANTOS GIS 220,Madrid,Madrid,Tres Cantos,220.0,40.616316361692,-3.7057460062864,fotovoltaica,En curso,RdT,75.0,86.25
12863.0,LA CEREAL 400,Madrid,Madrid,Tres Cantos,400.0,40.600449501864,-3.7230739277753,fotovoltaica,Con permisos,RdD,,
12863.0,LA CEREAL 400,Madrid,Madrid,Tres Cantos,400.0,40.600449501864,-3.7230739277753,fotovoltaica,Con permisos,RdT,397.0,474.0
12863.0,LA CEREAL 400,Madrid,Madrid,Tres Cantos,400.0,40.600449501864,-3.7230739277753,fotovoltaica,En curso,RdD,,
12863.0,LA CEREAL 400,Madrid,Madrid,Tres Cantos,400.0,40.600449501864,-3.7230739277753,fotovoltaica,En curso,RdT,377.63,449.3
7152.0,VALDEMORO 220,Madrid,Madrid,Valdemoro,220.0,40.162850668185,-3.6444944479402,almacenamiento,Con permisos,RdD,,1.0
7152.0,VALDEMORO 220,Madrid,Madrid,Valdemoro,220.0,40.162850668185,-3.6444944479402,almacenamiento,Con permisos,RdT,,
7152.0,VALDEMORO 220,Madrid,Madrid,Valdemoro,220.0,40.162850668185,-3.6444944479402,almacenamiento,En curso,RdD,,
7152.0,VALDEMORO 220,Madrid,Madrid,Valdemoro,220.0,40.162850668185,-3.6444944479402,almacenamiento,En curso,RdT,150.0,150.0
7152.0,VALDEMORO 220,Madrid,Madrid,Valdemoro,220.0,40.162850668185,-3.6444944479402,eolica,Con permisos,RdD,,6.0
7152.0,VALDEMORO 220,Madrid,Madrid,Valdemoro,220.0,40.162850668185,-3.6444944479402,eolica,Con permisos,RdT,,
7152.0,VALDEMORO 220,Madrid,Madrid,Valdemoro,220.0,40.162850668185,-3.6444944479402,eolica,Puesta en servicio,RdD,21.25,21.25
7152.0,VALDEMORO 220,Madrid,Madrid,Valdemoro,220.0,40.162850668185,-3.6444944479402,eolica,Puesta en servicio,RdT,,
7152.0,VALDEMORO 220,Madrid,Madrid,Valdemoro,220.0,40.162850668185,-3.6444944479402,fotovoltaica,Con permisos,RdD,44.0,51.0
7152.0,VALDEMORO 220,Madrid,Madrid,Valdemoro,220.0,40.162850668185,-3.6444944479402,fotovoltaica,Con permisos,RdT,191.0,233.0
7152.0,VALDEMORO 220,Madrid,Madrid,Valdemoro,220.0,40.162850668185,-3.6444944479402,fotovoltaica,Puesta en servicio,RdD,119.62,154.6
7152.0,VALDEMORO 220,Madrid,Madrid,Valdemoro,220.0,40.162850668185,-3.6444944479402,fotovoltaica,Puesta en servicio,RdT,,
7152.0,VALDEMORO 220,Madrid,Madrid,Valdemoro,220.0,40.162850668185,-3.6444944479402,hibridacion,Con permisos,RdD,6.0,
7152.0,VALDEMORO 220,Madrid,Madrid,Valdemoro,220.0,40.162850668185,-3.6444944479402,hibridacion,Con permisos,RdT,,
7152.0,VALDEMORO 220,Madrid,Madrid,Valdemoro,220.0,40.162850668185,-3.6444944479402,hidraulica,Puesta en servicio,RdD,2.84,2.84
7152.0,VALDEMORO 220,Madrid,Madrid,Valdemoro,220.0,40.162850668185,-3.6444944479402,hidraulica,Puesta en servicio,RdT,,
7152.0,VALDEMORO 220,Madrid,Madrid,Valdemoro,220.0,40.162850668185,-3.6444944479402,otras,Puesta en servicio,RdD,70.7,50.26
7152.0,VALDEMORO 220,Madrid,Madrid,Valdemoro,220.0,40.162850668185,-3.6444944479402,otras,Puesta en servicio,RdT,,
7156.0,VILLAVICIOSA 220,Madrid,Madrid,Villaviciosa de Odón,220.0,40.34673951265,-3.9061399641776,fotovoltaica,Con permisos,RdD,42.0,49.0
7156.0,VILLAVICIOSA 220,Madrid,Madrid,Villaviciosa de Odón,220.0,40.34673951265,-3.9061399641776,fotovoltaica,Con permisos,RdT,98.0,135.0
7156.0,VILLAVICIOSA 220,Madrid,Madrid,Villaviciosa de Odón,220.0,40.34673951265,-3.9061399641776,fotovoltaica,Puesta en servicio,RdD,0.65,0.65
7156.0,VILLAVICIOSA 220,Madrid,Madrid,Villaviciosa de Odón,220.0,40.34673951265,-3.9061399641776,fotovoltaica,Puesta en servicio,RdT,,
7156.0,VILLAVICIOSA 220,Madrid,Madrid,Villaviciosa de Odón,220.0,40.34673951265,-3.9061399641776,hidraulica,Puesta en servicio,RdD,148.81,148.81
7156.0,VILLAVICIOSA 220,Madrid,Madrid,Villaviciosa de Odón,220.0,40.34673951265,-3.9061399641776,hidraulica,Puesta en servicio,RdT,,
7156.0,VILLAVICIOSA 220,Madrid,Madrid,Villaviciosa de Odón,220.0,40.34673951265,-3.9061399641776,otras,Puesta en servicio,RdD,1.98,1.98
7156.0,VILLAVICIOSA 220,Madrid,Madrid,Villaviciosa de Odón,220.0,40.34673951265,-3.9061399641776,otras,Puesta en servicio,RdT,,
12678.0,VILLAVICIOSA 400,Madrid,Madrid,Villaviciosa de Odón,400.0,40.34673951265,-3.9061399641776,almacenamiento,Con permisos,RdD,,
12678.0,VILLAVICIOSA 400,Madrid,Madrid,Villaviciosa de Odón,400.0,40.34673951265,-3.9061399641776,almacenamiento,Con permisos,RdT,,194.0
12678.0,VILLAVICIOSA 400,Madrid,Madrid,Villaviciosa de Odón,400.0,40.34673951265,-3.9061399641776,fotovoltaica,Con permisos,RdD,,
12678.0,VILLAVICIOSA 400,Madrid,Madrid,Villaviciosa de Odón,400.0,40.34673951265,-3.9061399641776,fotovoltaica,Con permisos,RdT,35.0,474.0
12678.0,VILLAVICIOSA 400,Madrid,Madrid,Villaviciosa de Odón,400.0,40.34673951265,-3.9061399641776,hibridacion,Con permisos,RdD,,
12678.0,VILLAVICIOSA 400,Madrid,Madrid,Villaviciosa de Odón,400.0,40.34673951265,-3.9061399641776,hibridacion,Con permisos,RdT,390.0,
12835.0,HOYA MORENA 220,Murcia,Murcia,"Alcázares, Los",220.0,37.741752902842,-0.87447557291662,fotovoltaica,Con permisos,RdD,81.0,93.0
12835.0,HOYA MORENA 220,Murcia,Murcia,"Alcázares, Los",220.0,37.741752902842,-0.87447557291662,fotovoltaica,Con permisos,RdT,,
12835.0,HOYA MORENA 220,Murcia,Murcia,"Alcázares, Los",220.0,37.741752902842,-0.87447557291662,fotovoltaica,Puesta en servicio,RdD,33.98,34.01
12835.0,HOYA MORENA 220,Murcia,Murcia,"Alcázares, Los",220.0,37.741752902842,-0.87447557291662,fotovoltaica,Puesta en servicio,RdT,,
7158.0,ASOMADA 400,Murcia,Murcia,Cartagena,400.0,37.633022475259,-0.96077841988102,fotovoltaica,Con permisos,RdD,466.0,546.0
7158.0,ASOMADA 400,Murcia,Murcia,Cartagena,400.0,37.633022475259,-0.96077841988102,fotovoltaica,Con permisos,RdT,,
7158.0,ASOMADA 400,Murcia,Murcia,Cartagena,400.0,37.633022475259,-0.96077841988102,fotovoltaica,Puesta en servicio,RdD,243.97,254.67
7158.0,ASOMADA 400,Murcia,Murcia,Cartagena,400.0,37.633022475259,-0.96077841988102,fotovoltaica,Puesta en servicio,RdT,,
7158.0,ASOMADA 400,Murcia,Murcia,Cartagena,400.0,37.633022475259,-0.96077841988102,otras,Puesta en servicio,RdD,115.47,115.47
7158.0,ASOMADA 400,Murcia,Murcia,Cartagena,400.0,37.633022475259,-0.96077841988102,otras,Puesta en servicio,RdT,,
12771.0,FAUSITA 220,Murcia,Murcia,Cartagena,220.0,37.564229204828,-0.95104815090237,almacenamiento,Con permisos,RdD,,
12771.0,FAUSITA 220,Murcia,Murcia,Cartagena,220.0,37.564229204828,-0.95104815090237,almacenamiento,Con permisos,RdT,,114.0
12771.0,FAUSITA 220,Murcia,Murcia,Cartagena,220.0,37.564229204828,-0.95104815090237,eolica,Puesta en servicio,RdD,6.6,6.6
12771.0,FAUSITA 220,Murcia,Murcia,Cartagena,220.0,37.564229204828,-0.95104815090237,eolica,Puesta en servicio,RdT,,
12771.0,FAUSITA 220,Murcia,Murcia,Cartagena,220.0,37.564229204828,-0.95104815090237,fotovoltaica,Con permisos,RdD,40.0,44.0
12771.0,FAUSITA 220,Murcia,Murcia,Cartagena,220.0,37.564229204828,-0.95104815090237,fotovoltaica,Con permisos,RdT,170.0,286.0
12771.0,FAUSITA 220,Murcia,Murcia,Cartagena,220.0,37.564229204828,-0.95104815090237,fotovoltaica,En curso,RdD,62.94,82.77
12771.0,FAUSITA 220,Murcia,Murcia,Cartagena,220.0,37.564229204828,-0.95104815090237,fotovoltaica,En curso,RdT,,
12771.0,FAUSITA 220,Murcia,Murcia,Cartagena,220.0,37.564229204828,-0.95104815090237,fotovoltaica,Puesta en servicio,RdD,28.02,29.21
12771.0,FAUSITA 220,Murcia,Murcia,Cartagena,220.0,37.564229204828,-0.95104815090237,fotovoltaica,Puesta en servicio,RdT,,
12771.0,FAUSITA 220,Murcia,Murcia,Cartagena,220.0,37.564229204828,-0.95104815090237,hibridacion,Con permisos,RdD,,
12771.0,FAUSITA 220,Murcia,Murcia,Cartagena,220.0,37.564229204828,-0.95104815090237,hibridacion,Con permisos,RdT,90.0,
12771.0,FAUSITA 220,Murcia,Murcia,Cartagena,220.0,37.564229204828,-0.95104815090237,otras,Puesta en servicio,RdD,129.84,129.84
12771.0,FAUSITA 220,Murcia,Murcia,Cartagena,220.0,37.564229204828,-0.95104815090237,otras,Puesta en servicio,RdT,,
12772.0,FAUSITA 400,Murcia,Murcia,Cartagena,400.0,37.564229204828,-0.95104815090237,fotovoltaica,Con permisos,RdD,,
12772.0,FAUSITA 400,Murcia,Murcia,Cartagena,400.0,37.564229204828,-0.95104815090237,fotovoltaica,Con permisos,RdT,219.0,266.0
12772.0,FAUSITA 400,Murcia,Murcia,Cartagena,400.0,37.564229204828,-0.95104815090237,otras,Puesta en servicio,RdD,,
12772.0,FAUSITA 400,Murcia,Murcia,Cartagena,400.0,37.564229204828,-0.95104815090237,otras,Puesta en servicio,RdT,815.64,815.64
13015.0,NUEVA ESCOMBRERAS 400,Murcia,Murcia,Cartagena,400.0,37.572600738515,-0.9415164426037,otras,Puesta en servicio,RdD,,
13015.0,NUEVA ESCOMBRERAS 400,Murcia,Murcia,Cartagena,400.0,37.572600738515,-0.9415164426037,otras,Puesta en servicio,RdT,2407.2,2448.07
13050.0,PEÑARRUBIA 400,Murcia,Murcia,Jumilla,400.0,38.521850629052,-1.3334159742664,eolica,Puesta en servicio,RdD,,
13050.0,PEÑARRUBIA 400,Murcia,Murcia,Jumilla,400.0,38.521850629052,-1.3334159742664,eolica,Puesta en servicio,RdT,167.05,249.09
13050.0,PEÑARRUBIA 400,Murcia,Murcia,Jumilla,400.0,38.521850629052,-1.3334159742664,fotovoltaica,Con permisos,RdD,,
13050.0,PEÑARRUBIA 400,Murcia,Murcia,Jumilla,400.0,38.521850629052,-1.3334159742664,fotovoltaica,Con permisos,RdT,,65.0
13050.0,PEÑARRUBIA 400,Murcia,Murcia,Jumilla,400.0,38.521850629052,-1.3334159742664,fotovoltaica,En curso,RdD,166.66,193.36
13050.0,PEÑARRUBIA 400,Murcia,Murcia,Jumilla,400.0,38.521850629052,-1.3334159742664,fotovoltaica,En curso,RdT,,
13050.0,PEÑARRUBIA 400,Murcia,Murcia,Jumilla,400.0,38.521850629052,-1.3334159742664,fotovoltaica,Puesta en servicio,RdD,,
13050.0,PEÑARRUBIA 400,Murcia,Murcia,Jumilla,400.0,38.521850629052,-1.3334159742664,fotovoltaica,Puesta en servicio,RdT,226.1,255.82
13050.0,PEÑARRUBIA 400,Murcia,Murcia,Jumilla,400.0,38.521850629052,-1.3334159742664,hibridacion,Puesta en servicio,RdD,,
13050.0,PEÑARRUBIA 400,Murcia,Murcia,Jumilla,400.0,38.521850629052,-1.3334159742664,hibridacion,Puesta en servicio,RdT,82.04,
13050.0,PEÑARRUBIA 400,Murcia,Murcia,Jumilla,400.0,38.521850629052,-1.3334159742664,termosolar,Con permisos,RdD,50.0,50.0
13050.0,PEÑARRUBIA 400,Murcia,Murcia,Jumilla,400.0,38.521850629052,-1.3334159742664,termosolar,Con permisos,RdT,,
7160.0,CARRIL 400,Murcia,Murcia,Lorca,400.0,37.43693987784,-1.7184744527726,eolica,Puesta en servicio,RdD,48.5,48.5
7160.0,CARRIL 400,Murcia,Murcia,Lorca,400.0,37.43693987784,-1.7184744527726,eolica,Puesta en servicio,RdT,,
7160.0,CARRIL 400,Murcia,Murcia,Lorca,400.0,37.43693987784,-1.7184744527726,fotovoltaica,Con permisos,RdD,26.0,26.0
7160.0,CARRIL 400,Murcia,Murcia,Lorca,400.0,37.43693987784,-1.7184744527726,fotovoltaica,Con permisos,RdT,220.0,220.0
7160.0,CARRIL 400,Murcia,Murcia,Lorca,400.0,37.43693987784,-1.7184744527726,fotovoltaica,En curso,RdD,410.85,513.95
7160.0,CARRIL 400,Murcia,Murcia,Lorca,400.0,37.43693987784,-1.7184744527726,fotovoltaica,En curso,RdT,50.0,50.0
7160.0,CARRIL 400,Murcia,Murcia,Lorca,400.0,37.43693987784,-1.7184744527726,fotovoltaica,Puesta en servicio,RdD,157.01,164.98
7160.0,CARRIL 400,Murcia,Murcia,Lorca,400.0,37.43693987784,-1.7184744527726,fotovoltaica,Puesta en servicio,RdT,,
7160.0,CARRIL 400,Murcia,Murcia,Lorca,400.0,37.43693987784,-1.7184744527726,otras,Puesta en servicio,RdD,3.15,3.15
7160.0,CARRIL 400,Murcia,Murcia,Lorca,400.0,37.43693987784,-1.7184744527726,otras,Puesta en servicio,RdT,,
12589.0,CAMPOS 400,Murcia,Murcia,Murcia,400.0,37.838495840567,-1.2153980844706,fotovoltaica,Con permisos,RdD,,
12589.0,CAMPOS 400,Murcia,Murcia,Murcia,400.0,37.838495840567,-1.2153980844706,fotovoltaica,Con permisos,RdT,234.0,289.0
12589.0,CAMPOS 400,Murcia,Murcia,Murcia,400.0,37.838495840567,-1.2153980844706,fotovoltaica,En curso,RdD,,
12589.0,CAMPOS 400,Murcia,Murcia,Murcia,400.0,37.838495840567,-1.2153980844706,fotovoltaica,En curso,RdT,105.0,114.8
12589.0,CAMPOS 400,Murcia,Murcia,Murcia,400.0,37.838495840567,-1.2153980844706,fotovoltaica,Puesta en servicio,RdD,,
12589.0,CAMPOS 400,Murcia,Murcia,Murcia,400.0,37.838495840567,-1.2153980844706,fotovoltaica,Puesta en servicio,RdT,75.0,84.8
12744.0,EL PALMAR 220,Murcia,Murcia,Murcia,220.0,37.940667559295,-1.1882425758825,fotovoltaica,Con permisos,RdD,222.0,263.0
12744.0,EL PALMAR 220,Murcia,Murcia,Murcia,220.0,37.940667559295,-1.1882425758825,fotovoltaica,Con permisos,RdT,,
12744.0,EL PALMAR 220,Murcia,Murcia,Murcia,220.0,37.940667559295,-1.1882425758825,fotovoltaica,Puesta en servicio,RdD,274.54,302.75
12744.0,EL PALMAR 220,Murcia,Murcia,Murcia,220.0,37.940667559295,-1.1882425758825,fotovoltaica,Puesta en servicio,RdT,,
12744.0,EL PALMAR 220,Murcia,Murcia,Murcia,220.0,37.940667559295,-1.1882425758825,hidraulica,Puesta en servicio,RdD,2.33,2.33
12744.0,EL PALMAR 220,Murcia,Murcia,Murcia,220.0,37.940667559295,-1.1882425758825,hidraulica,Puesta en servicio,RdT,,
12744.0,EL PALMAR 220,Murcia,Murcia,Murcia,220.0,37.940667559295,-1.1882425758825,otras,Con permisos,RdD,3.0,3.0
12744.0,EL PALMAR 220,Murcia,Murcia,Murcia,220.0,37.940667559295,-1.1882425758825,otras,Con permisos,RdT,,
12745.0,EL PALMAR 400,Murcia,Murcia,Murcia,400.0,37.940667559295,-1.1882425758825,fotovoltaica,Con permisos,RdD,,
12745.0,EL PALMAR 400,Murcia,Murcia,Murcia,400.0,37.940667559295,-1.1882425758825,fotovoltaica,Con permisos,RdT,214.0,255.0
12745.0,EL PALMAR 400,Murcia,Murcia,Murcia,400.0,37.940667559295,-1.1882425758825,fotovoltaica,Puesta en servicio,RdD,,
12745.0,EL PALMAR 400,Murcia,Murcia,Murcia,400.0,37.940667559295,-1.1882425758825,fotovoltaica,Puesta en servicio,RdT,392.89,493.66
13213.0,SAN PEDRO DEL PINATAR 220,Murcia,Murcia,San Pedro del Pinatar,220.0,37.859452600986,-0.81486222248847,fotovoltaica,Con permisos,RdD,27.0,34.0
13213.0,SAN PEDRO DEL PINATAR 220,Murcia,Murcia,San Pedro del Pinatar,220.0,37.859452600986,-0.81486222248847,fotovoltaica,Con permisos,RdT,241.0,283.0
13213.0,SAN PEDRO DEL PINATAR 220,Murcia,Murcia,San Pedro del Pinatar,220.0,37.859452600986,-0.81486222248847,fotovoltaica,Puesta en servicio,RdD,6.92,7.23
13213.0,SAN PEDRO DEL PINATAR 220,Murcia,Murcia,San Pedro del Pinatar,220.0,37.859452600986,-0.81486222248847,fotovoltaica,Puesta en servicio,RdT,,
13213.0,SAN PEDRO DEL PINATAR 220,Murcia,Murcia,San Pedro del Pinatar,220.0,37.859452600986,-0.81486222248847,otras,Puesta en servicio,RdD,2.0,2.0
13213.0,SAN PEDRO DEL PINATAR 220,Murcia,Murcia,San Pedro del Pinatar,220.0,37.859452600986,-0.81486222248847,otras,Puesta en servicio,RdT,,
7253.0,BALSICAS 220,Murcia,Murcia,Torre-Pacheco,220.0,37.797171813312,-0.9584470803927,fotovoltaica,Con permisos,RdD,18.0,19.0
7253.0,BALSICAS 220,Murcia,Murcia,Torre-Pacheco,220.0,37.797171813312,-0.9584470803927,fotovoltaica,Con permisos,RdT,193.0,214.0
7253.0,BALSICAS 220,Murcia,Murcia,Torre-Pacheco,220.0,37.797171813312,-0.9584470803927,fotovoltaica,En curso,RdD,18.2,21.91
7253.0,BALSICAS 220,Murcia,Murcia,Torre-Pacheco,220.0,37.797171813312,-0.9584470803927,fotovoltaica,En curso,RdT,,
7253.0,BALSICAS 220,Murcia,Murcia,Torre-Pacheco,220.0,37.797171813312,-0.9584470803927,fotovoltaica,Puesta en servicio,RdD,1.13,1.13
7253.0,BALSICAS 220,Murcia,Murcia,Torre-Pacheco,220.0,37.797171813312,-0.9584470803927,fotovoltaica,Puesta en servicio,RdT,76.0,85.93
7169.0,TOTANA 400,Murcia,Murcia,Totana,400.0,37.765552285107,-1.4453634978329,almacenamiento,Con permisos,RdD,,
7169.0,TOTANA 400,Murcia,Murcia,Totana,400.0,37.765552285107,-1.4453634978329,almacenamiento,Con permisos,RdT,,167.0
7169.0,TOTANA 400,Murcia,Murcia,Totana,400.0,37.765552285107,-1.4453634978329,fotovoltaica,Con permisos,RdD,1.0,1.0
7169.0,TOTANA 400,Murcia,Murcia,Totana,400.0,37.765552285107,-1.4453634978329,fotovoltaica,Con permisos,RdT,,368.0
7169.0,TOTANA 400,Murcia,Murcia,Totana,400.0,37.765552285107,-1.4453634978329,fotovoltaica,En curso,RdD,168.5,195.6
7169.0,TOTANA 400,Murcia,Murcia,Totana,400.0,37.765552285107,-1.4453634978329,fotovoltaica,En curso,RdT,,
7169.0,TOTANA 400,Murcia,Murcia,Totana,400.0,37.765552285107,-1.4453634978329,fotovoltaica,Puesta en servicio,RdD,110.86,121.77
7169.0,TOTANA 400,Murcia,Murcia,Totana,400.0,37.765552285107,-1.4453634978329,fotovoltaica,Puesta en servicio,RdT,,
7169.0,TOTANA 400,Murcia,Murcia,Totana,400.0,37.765552285107,-1.4453634978329,hibridacion,Con permisos,RdD,,
7169.0,TOTANA 400,Murcia,Murcia,Totana,400.0,37.765552285107,-1.4453634978329,hibridacion,Con permisos,RdT,319.0,
7169.0,TOTANA 400,Murcia,Murcia,Totana,400.0,37.765552285107,-1.4453634978329,otras,Puesta en servicio,RdD,55.02,55.02
7169.0,TOTANA 400,Murcia,Murcia,Totana,400.0,37.765552285107,-1.4453634978329,otras,Puesta en servicio,RdT,,
7170.0,CASTEJON 400,Navarra,Navarra,Castejón,400.0,42.170707531561,-1.6757924782149,eolica,Con permisos,RdD,,
7170.0,CASTEJON 400,Navarra,Navarra,Castejón,400.0,42.170707531561,-1.6757924782149,eolica,Con permisos,RdT,,85.0
7170.0,CASTEJON 400,Navarra,Navarra,Castejón,400.0,42.170707531561,-1.6757924782149,eolica,En curso,RdD,,
7170.0,CASTEJON 400,Navarra,Navarra,Castejón,400.0,42.170707531561,-1.6757924782149,eolica,En curso,RdT,92.8,92.8
7170.0,CASTEJON 400,Navarra,Navarra,Castejón,400.0,42.170707531561,-1.6757924782149,fotovoltaica,Con permisos,RdD,,
7170.0,CASTEJON 400,Navarra,Navarra,Castejón,400.0,42.170707531561,-1.6757924782149,fotovoltaica,Con permisos,RdT,300.0,382.0
7170.0,CASTEJON 400,Navarra,Navarra,Castejón,400.0,42.170707531561,-1.6757924782149,fotovoltaica,En curso,RdD,,
7170.0,CASTEJON 400,Navarra,Navarra,Castejón,400.0,42.170707531561,-1.6757924782149,fotovoltaica,En curso,RdT,528.0,592.59
7170.0,CASTEJON 400,Navarra,Navarra,Castejón,400.0,42.170707531561,-1.6757924782149,fotovoltaica,Puesta en servicio,RdD,,
7170.0,CASTEJON 400,Navarra,Navarra,Castejón,400.0,42.170707531561,-1.6757924782149,fotovoltaica,Puesta en servicio,RdT,79.7,89.5
7170.0,CASTEJON 400,Navarra,Navarra,Castejón,400.0,42.170707531561,-1.6757924782149,hibridacion,Puesta en servicio,RdD,,
7170.0,CASTEJON 400,Navarra,Navarra,Castejón,400.0,42.170707531561,-1.6757924782149,hibridacion,Puesta en servicio,RdT,392.69,
7170.0,CASTEJON 400,Navarra,Navarra,Castejón,400.0,42.170707531561,-1.6757924782149,otras,Puesta en servicio,RdD,,
7170.0,CASTEJON 400,Navarra,Navarra,Castejón,400.0,42.170707531561,-1.6757924782149,otras,Puesta en servicio,RdT,797.36,1222.32
12714.0,CORDOVILLA 220,Navarra,Navarra,Galar,220.0,42.786256562998,-1.6348402520133,almacenamiento,Con permisos,RdD,,
12714.0,CORDOVILLA 220,Navarra,Navarra,Galar,220.0,42.786256562998,-1.6348402520133,almacenamiento,Con permisos,RdT,49.0,49.0
12714.0,CORDOVILLA 220,Navarra,Navarra,Galar,220.0,42.786256562998,-1.6348402520133,almacenamiento,En curso,RdD,,
12714.0,CORDOVILLA 220,Navarra,Navarra,Galar,220.0,42.786256562998,-1.6348402520133,almacenamiento,En curso,RdT,149.95,149.95
12714.0,CORDOVILLA 220,Navarra,Navarra,Galar,220.0,42.786256562998,-1.6348402520133,eolica,Puesta en servicio,RdD,60.92,60.92
12714.0,CORDOVILLA 220,Navarra,Navarra,Galar,220.0,42.786256562998,-1.6348402520133,eolica,Puesta en servicio,RdT,,
12714.0,CORDOVILLA 220,Navarra,Navarra,Galar,220.0,42.786256562998,-1.6348402520133,fotovoltaica,Con permisos,RdD,3.0,3.0
12714.0,CORDOVILLA 220,Navarra,Navarra,Galar,220.0,42.786256562998,-1.6348402520133,fotovoltaica,Con permisos,RdT,,
12714.0,CORDOVILLA 220,Navarra,Navarra,Galar,220.0,42.786256562998,-1.6348402520133,hidraulica,Puesta en servicio,RdD,62.63,62.63
12714.0,CORDOVILLA 220,Navarra,Navarra,Galar,220.0,42.786256562998,-1.6348402520133,hidraulica,Puesta en servicio,RdT,,
12714.0,CORDOVILLA 220,Navarra,Navarra,Galar,220.0,42.786256562998,-1.6348402520133,otras,Puesta en servicio,RdD,24.01,24.01
12714.0,CORDOVILLA 220,Navarra,Navarra,Galar,220.0,42.786256562998,-1.6348402520133,otras,Puesta en servicio,RdT,,
13018.0,OLITE 220,Navarra,Navarra,Olite/Erriberri,220.0,42.41316169163,-1.6794487180566,almacenamiento,Con permisos,RdD,,
13018.0,OLITE 220,Navarra,Navarra,Olite/Erriberri,220.0,42.41316169163,-1.6794487180566,almacenamiento,Con permisos,RdT,40.0,76.0
13018.0,OLITE 220,Navarra,Navarra,Olite/Erriberri,220.0,42.41316169163,-1.6794487180566,almacenamiento,En curso,RdD,,
13018.0,OLITE 220,Navarra,Navarra,Olite/Erriberri,220.0,42.41316169163,-1.6794487180566,almacenamiento,En curso,RdT,499.96,507.92
13018.0,OLITE 220,Navarra,Navarra,Olite/Erriberri,220.0,42.41316169163,-1.6794487180566,eolica,Puesta en servicio,RdD,,
13018.0,OLITE 220,Navarra,Navarra,Olite/Erriberri,220.0,42.41316169163,-1.6794487180566,eolica,Puesta en servicio,RdT,106.5,175.61
13018.0,OLITE 220,Navarra,Navarra,Olite/Erriberri,220.0,42.41316169163,-1.6794487180566,fotovoltaica,Puesta en servicio,RdD,,
13018.0,OLITE 220,Navarra,Navarra,Olite/Erriberri,220.0,42.41316169163,-1.6794487180566,fotovoltaica,Puesta en servicio,RdT,49.8,49.8
13018.0,OLITE 220,Navarra,Navarra,Olite/Erriberri,220.0,42.41316169163,-1.6794487180566,hibridacion,Puesta en servicio,RdD,,
13018.0,OLITE 220,Navarra,Navarra,Olite/Erriberri,220.0,42.41316169163,-1.6794487180566,hibridacion,Puesta en servicio,RdT,63.0,
13025.0,ORCOYEN 220,Navarra,Navarra,Orkoien,220.0,42.819141057656,-1.7087618025945,almacenamiento,Con permisos,RdD,,
13025.0,ORCOYEN 220,Navarra,Navarra,Orkoien,220.0,42.819141057656,-1.7087618025945,almacenamiento,Con permisos,RdT,81.0,81.0
13025.0,ORCOYEN 220,Navarra,Navarra,Orkoien,220.0,42.819141057656,-1.7087618025945,almacenamiento,En curso,RdD,69.91,69.91
13025.0,ORCOYEN 220,Navarra,Navarra,Orkoien,220.0,42.819141057656,-1.7087618025945,almacenamiento,En curso,RdT,80.73,80.73
13025.0,ORCOYEN 220,Navarra,Navarra,Orkoien,220.0,42.819141057656,-1.7087618025945,almacenamiento,Puesta en servicio,RdD,1.15,1.15
13025.0,ORCOYEN 220,Navarra,Navarra,Orkoien,220.0,42.819141057656,-1.7087618025945,almacenamiento,Puesta en servicio,RdT,,
13025.0,ORCOYEN 220,Navarra,Navarra,Orkoien,220.0,42.819141057656,-1.7087618025945,eolica,Con permisos,RdD,48.0,48.0
13025.0,ORCOYEN 220,Navarra,Navarra,Orkoien,220.0,42.819141057656,-1.7087618025945,eolica,Con permisos,RdT,,
13025.0,ORCOYEN 220,Navarra,Navarra,Orkoien,220.0,42.819141057656,-1.7087618025945,eolica,En curso,RdD,14.94,14.94
13025.0,ORCOYEN 220,Navarra,Navarra,Orkoien,220.0,42.819141057656,-1.7087618025945,eolica,En curso,RdT,,
13025.0,ORCOYEN 220,Navarra,Navarra,Orkoien,220.0,42.819141057656,-1.7087618025945,eolica,Puesta en servicio,RdD,11.4,11.4
13025.0,ORCOYEN 220,Navarra,Navarra,Orkoien,220.0,42.819141057656,-1.7087618025945,eolica,Puesta en servicio,RdT,,
13025.0,ORCOYEN 220,Navarra,Navarra,Orkoien,220.0,42.819141057656,-1.7087618025945,fotovoltaica,Con permisos,RdD,1.0,1.0
13025.0,ORCOYEN 220,Navarra,Navarra,Orkoien,220.0,42.819141057656,-1.7087618025945,fotovoltaica,Con permisos,RdT,50.0,50.0
13025.0,ORCOYEN 220,Navarra,Navarra,Orkoien,220.0,42.819141057656,-1.7087618025945,hidraulica,Con permisos,RdD,1.0,1.0
13025.0,ORCOYEN 220,Navarra,Navarra,Orkoien,220.0,42.819141057656,-1.7087618025945,hidraulica,Con permisos,RdT,,
13025.0,ORCOYEN 220,Navarra,Navarra,Orkoien,220.0,42.819141057656,-1.7087618025945,hidraulica,Puesta en servicio,RdD,13.98,13.98
13025.0,ORCOYEN 220,Navarra,Navarra,Orkoien,220.0,42.819141057656,-1.7087618025945,hidraulica,Puesta en servicio,RdT,,
13025.0,ORCOYEN 220,Navarra,Navarra,Orkoien,220.0,42.819141057656,-1.7087618025945,otras,Puesta en servicio,RdD,1.1,1.1
13025.0,ORCOYEN 220,Navarra,Navarra,Orkoien,220.0,42.819141057656,-1.7087618025945,otras,Puesta en servicio,RdT,,
13208.0,SANGÜESA 220,Navarra,Navarra,Sangüesa/Zangoza,220.0,42.598407704878,-1.2754482023973,eolica,Con permisos,RdD,,24.0
13208.0,SANGÜESA 220,Navarra,Navarra,Sangüesa/Zangoza,220.0,42.598407704878,-1.2754482023973,eolica,Con permisos,RdT,,
13208.0,SANGÜESA 220,Navarra,Navarra,Sangüesa/Zangoza,220.0,42.598407704878,-1.2754482023973,eolica,En curso,RdD,,
13208.0,SANGÜESA 220,Navarra,Navarra,Sangüesa/Zangoza,220.0,42.598407704878,-1.2754482023973,eolica,En curso,RdT,55.14,55.14
13208.0,SANGÜESA 220,Navarra,Navarra,Sangüesa/Zangoza,220.0,42.598407704878,-1.2754482023973,eolica,Puesta en servicio,RdD,,
13208.0,SANGÜESA 220,Navarra,Navarra,Sangüesa/Zangoza,220.0,42.598407704878,-1.2754482023973,eolica,Puesta en servicio,RdT,198.76,198.76
13208.0,SANGÜESA 220,Navarra,Navarra,Sangüesa/Zangoza,220.0,42.598407704878,-1.2754482023973,fotovoltaica,Con permisos,RdD,,50.0
13208.0,SANGÜESA 220,Navarra,Navarra,Sangüesa/Zangoza,220.0,42.598407704878,-1.2754482023973,fotovoltaica,Con permisos,RdT,41.0,41.0
13208.0,SANGÜESA 220,Navarra,Navarra,Sangüesa/Zangoza,220.0,42.598407704878,-1.2754482023973,fotovoltaica,Puesta en servicio,RdD,,7.75
13208.0,SANGÜESA 220,Navarra,Navarra,Sangüesa/Zangoza,220.0,42.598407704878,-1.2754482023973,fotovoltaica,Puesta en servicio,RdT,,
13208.0,SANGÜESA 220,Navarra,Navarra,Sangüesa/Zangoza,220.0,42.598407704878,-1.2754482023973,hibridacion,Con permisos,RdD,20.0,
13208.0,SANGÜESA 220,Navarra,Navarra,Sangüesa/Zangoza,220.0,42.598407704878,-1.2754482023973,hibridacion,Con permisos,RdT,,
13208.0,SANGÜESA 220,Navarra,Navarra,Sangüesa/Zangoza,220.0,42.598407704878,-1.2754482023973,hibridacion,Puesta en servicio,RdD,56.55,
13208.0,SANGÜESA 220,Navarra,Navarra,Sangüesa/Zangoza,220.0,42.598407704878,-1.2754482023973,hibridacion,Puesta en servicio,RdT,,
13208.0,SANGÜESA 220,Navarra,Navarra,Sangüesa/Zangoza,220.0,42.598407704878,-1.2754482023973,otras,Puesta en servicio,RdD,38.48,95.03
13208.0,SANGÜESA 220,Navarra,Navarra,Sangüesa/Zangoza,220.0,42.598407704878,-1.2754482023973,otras,Puesta en servicio,RdT,,
7179.0,TAFALLA 220,Navarra,Navarra,Tafalla,220.0,42.502106011776,-1.6842081672765,almacenamiento,En curso,RdD,5.0,5.0
7179.0,TAFALLA 220,Navarra,Navarra,Tafalla,220.0,42.502106011776,-1.6842081672765,almacenamiento,En curso,RdT,539.52,546.59
7179.0,TAFALLA 220,Navarra,Navarra,Tafalla,220.0,42.502106011776,-1.6842081672765,eolica,En curso,RdD,12.41,14.8
7179.0,TAFALLA 220,Navarra,Navarra,Tafalla,220.0,42.502106011776,-1.6842081672765,eolica,En curso,RdT,,
7179.0,TAFALLA 220,Navarra,Navarra,Tafalla,220.0,42.502106011776,-1.6842081672765,eolica,Puesta en servicio,RdD,59.1,59.1
7179.0,TAFALLA 220,Navarra,Navarra,Tafalla,220.0,42.502106011776,-1.6842081672765,eolica,Puesta en servicio,RdT,130.85,130.85
7179.0,TAFALLA 220,Navarra,Navarra,Tafalla,220.0,42.502106011776,-1.6842081672765,fotovoltaica,Con permisos,RdD,1.0,1.0
7179.0,TAFALLA 220,Navarra,Navarra,Tafalla,220.0,42.502106011776,-1.6842081672765,fotovoltaica,Con permisos,RdT,71.0,84.0
7179.0,TAFALLA 220,Navarra,Navarra,Tafalla,220.0,42.502106011776,-1.6842081672765,fotovoltaica,Puesta en servicio,RdD,11.48,11.48
7179.0,TAFALLA 220,Navarra,Navarra,Tafalla,220.0,42.502106011776,-1.6842081672765,fotovoltaica,Puesta en servicio,RdT,,
7179.0,TAFALLA 220,Navarra,Navarra,Tafalla,220.0,42.502106011776,-1.6842081672765,hibridacion,Con permisos,RdD,15.0,
7179.0,TAFALLA 220,Navarra,Navarra,Tafalla,220.0,42.502106011776,-1.6842081672765,hibridacion,Con permisos,RdT,,
7179.0,TAFALLA 220,Navarra,Navarra,Tafalla,220.0,42.502106011776,-1.6842081672765,hidraulica,Puesta en servicio,RdD,22.92,22.92
7179.0,TAFALLA 220,Navarra,Navarra,Tafalla,220.0,42.502106011776,-1.6842081672765,hidraulica,Puesta en servicio,RdT,,
7179.0,TAFALLA 220,Navarra,Navarra,Tafalla,220.0,42.502106011776,-1.6842081672765,otras,Con permisos,RdD,,15.0
7179.0,TAFALLA 220,Navarra,Navarra,Tafalla,220.0,42.502106011776,-1.6842081672765,otras,Con permisos,RdT,,
7179.0,TAFALLA 220,Navarra,Navarra,Tafalla,220.0,42.502106011776,-1.6842081672765,otras,Puesta en servicio,RdD,25.6,25.6
7179.0,TAFALLA 220,Navarra,Navarra,Tafalla,220.0,42.502106011776,-1.6842081672765,otras,Puesta en servicio,RdT,,
13008.0,MURUARTE 220,Navarra,Navarra,Tiebas-Muruarte de Reta,220.0,42.669471165403,-1.6541361829362,almacenamiento,En curso,RdD,,
13008.0,MURUARTE 220,Navarra,Navarra,Tiebas-Muruarte de Reta,220.0,42.669471165403,-1.6541361829362,almacenamiento,En curso,RdT,479.88,496.76
13008.0,MURUARTE 220,Navarra,Navarra,Tiebas-Muruarte de Reta,220.0,42.669471165403,-1.6541361829362,eolica,Con permisos,RdD,,
13008.0,MURUARTE 220,Navarra,Navarra,Tiebas-Muruarte de Reta,220.0,42.669471165403,-1.6541361829362,eolica,Con permisos,RdT,33.0,33.0
13008.0,MURUARTE 220,Navarra,Navarra,Tiebas-Muruarte de Reta,220.0,42.669471165403,-1.6541361829362,eolica,En curso,RdD,,
13008.0,MURUARTE 220,Navarra,Navarra,Tiebas-Muruarte de Reta,220.0,42.669471165403,-1.6541361829362,eolica,En curso,RdT,56.19,56.29
13008.0,MURUARTE 220,Navarra,Navarra,Tiebas-Muruarte de Reta,220.0,42.669471165403,-1.6541361829362,eolica,Puesta en servicio,RdD,,
13008.0,MURUARTE 220,Navarra,Navarra,Tiebas-Muruarte de Reta,220.0,42.669471165403,-1.6541361829362,eolica,Puesta en servicio,RdT,194.57,194.57
7177.0,SERNA 220,Navarra,Navarra,Tudela,220.0,42.097232760776,-1.6670924383779,almacenamiento,Con permisos,RdD,,
7177.0,SERNA 220,Navarra,Navarra,Tudela,220.0,42.097232760776,-1.6670924383779,almacenamiento,Con permisos,RdT,,14.0
7177.0,SERNA 220,Navarra,Navarra,Tudela,220.0,42.097232760776,-1.6670924383779,eolica,Con permisos,RdD,,
7177.0,SERNA 220,Navarra,Navarra,Tudela,220.0,42.097232760776,-1.6670924383779,eolica,Con permisos,RdT,30.0,31.0
7177.0,SERNA 220,Navarra,Navarra,Tudela,220.0,42.097232760776,-1.6670924383779,eolica,Puesta en servicio,RdD,,
7177.0,SERNA 220,Navarra,Navarra,Tudela,220.0,42.097232760776,-1.6670924383779,eolica,Puesta en servicio,RdT,112.17,177.77
7177.0,SERNA 220,Navarra,Navarra,Tudela,220.0,42.097232760776,-1.6670924383779,fotovoltaica,Con permisos,RdD,2.0,2.0
7177.0,SERNA 220,Navarra,Navarra,Tudela,220.0,42.097232760776,-1.6670924383779,fotovoltaica,Con permisos,RdT,,11.0
7177.0,SERNA 220,Navarra,Navarra,Tudela,220.0,42.097232760776,-1.6670924383779,fotovoltaica,En curso,RdD,6.0,7.13
7177.0,SERNA 220,Navarra,Navarra,Tudela,220.0,42.097232760776,-1.6670924383779,fotovoltaica,En curso,RdT,,
7177.0,SERNA 220,Navarra,Navarra,Tudela,220.0,42.097232760776,-1.6670924383779,fotovoltaica,Puesta en servicio,RdD,125.17,135.45
7177.0,SERNA 220,Navarra,Navarra,Tudela,220.0,42.097232760776,-1.6670924383779,fotovoltaica,Puesta en servicio,RdT,,
7177.0,SERNA 220,Navarra,Navarra,Tudela,220.0,42.097232760776,-1.6670924383779,hibridacion,Puesta en servicio,RdD,,
7177.0,SERNA 220,Navarra,Navarra,Tudela,220.0,42.097232760776,-1.6670924383779,hibridacion,Puesta en servicio,RdT,60.04,
7177.0,SERNA 220,Navarra,Navarra,Tudela,220.0,42.097232760776,-1.6670924383779,otras,Puesta en servicio,RdD,12.32,12.32
7177.0,SERNA 220,Navarra,Navarra,Tudela,220.0,42.097232760776,-1.6670924383779,otras,Puesta en servicio,RdT,,
7178.0,SERNA 400,Navarra,Navarra,Tudela,400.0,42.097232760776,-1.6670924383779,eolica,Con permisos,RdD,,
7178.0,SERNA 400,Navarra,Navarra,Tudela,400.0,42.097232760776,-1.6670924383779,eolica,Con permisos,RdT,81.0,81.0
7178.0,SERNA 400,Navarra,Navarra,Tudela,400.0,42.097232760776,-1.6670924383779,eolica,Puesta en servicio,RdD,,
7178.0,SERNA 400,Navarra,Navarra,Tudela,400.0,42.097232760776,-1.6670924383779,eolica,Puesta en servicio,RdT,453.87,570.39
7178.0,SERNA 400,Navarra,Navarra,Tudela,400.0,42.097232760776,-1.6670924383779,fotovoltaica,Con permisos,RdD,,
7178.0,SERNA 400,Navarra,Navarra,Tudela,400.0,42.097232760776,-1.6670924383779,fotovoltaica,Con permisos,RdT,94.0,126.0
7178.0,SERNA 400,Navarra,Navarra,Tudela,400.0,42.097232760776,-1.6670924383779,fotovoltaica,Puesta en servicio,RdD,,
7178.0,SERNA 400,Navarra,Navarra,Tudela,400.0,42.097232760776,-1.6670924383779,fotovoltaica,Puesta en servicio,RdT,90.0,101.77
7178.0,SERNA 400,Navarra,Navarra,Tudela,400.0,42.097232760776,-1.6670924383779,hibridacion,Puesta en servicio,RdD,,
7178.0,SERNA 400,Navarra,Navarra,Tudela,400.0,42.097232760776,-1.6670924383779,hibridacion,Puesta en servicio,RdT,110.71,
7180.0,TUDELA 220,Navarra,Navarra,Tudela,220.0,42.050543438821,-1.6155198755241,almacenamiento,En curso,RdD,10.0,10.0
7180.0,TUDELA 220,Navarra,Navarra,Tudela,220.0,42.050543438821,-1.6155198755241,almacenamiento,En curso,RdT,,
7180.0,TUDELA 220,Navarra,Navarra,Tudela,220.0,42.050543438821,-1.6155198755241,eolica,Con permisos,RdD,24.0,24.0
7180.0,TUDELA 220,Navarra,Navarra,Tudela,220.0,42.050543438821,-1.6155198755241,eolica,Con permisos,RdT,25.0,25.0
7180.0,TUDELA 220,Navarra,Navarra,Tudela,220.0,42.050543438821,-1.6155198755241,eolica,En curso,RdD,64.19,64.19
7180.0,TUDELA 220,Navarra,Navarra,Tudela,220.0,42.050543438821,-1.6155198755241,eolica,En curso,RdT,,
7180.0,TUDELA 220,Navarra,Navarra,Tudela,220.0,42.050543438821,-1.6155198755241,eolica,Puesta en servicio,RdD,43.0,43.0
7180.0,TUDELA 220,Navarra,Navarra,Tudela,220.0,42.050543438821,-1.6155198755241,eolica,Puesta en servicio,RdT,,
7180.0,TUDELA 220,Navarra,Navarra,Tudela,220.0,42.050543438821,-1.6155198755241,fotovoltaica,Con permisos,RdD,,
7180.0,TUDELA 220,Navarra,Navarra,Tudela,220.0,42.050543438821,-1.6155198755241,fotovoltaica,Con permisos,RdT,100.0,100.0
7180.0,TUDELA 220,Navarra,Navarra,Tudela,220.0,42.050543438821,-1.6155198755241,fotovoltaica,En curso,RdD,31.21,37.16
7180.0,TUDELA 220,Navarra,Navarra,Tudela,220.0,42.050543438821,-1.6155198755241,fotovoltaica,En curso,RdT,,
7180.0,TUDELA 220,Navarra,Navarra,Tudela,220.0,42.050543438821,-1.6155198755241,fotovoltaica,Puesta en servicio,RdD,33.53,33.68
7180.0,TUDELA 220,Navarra,Navarra,Tudela,220.0,42.050543438821,-1.6155198755241,fotovoltaica,Puesta en servicio,RdT,,
7180.0,TUDELA 220,Navarra,Navarra,Tudela,220.0,42.050543438821,-1.6155198755241,hidraulica,Puesta en servicio,RdD,4.5,4.5
7180.0,TUDELA 220,Navarra,Navarra,Tudela,220.0,42.050543438821,-1.6155198755241,hidraulica,Puesta en servicio,RdT,,
7180.0,TUDELA 220,Navarra,Navarra,Tudela,220.0,42.050543438821,-1.6155198755241,otras,Puesta en servicio,RdD,9.91,9.91
7180.0,TUDELA 220,Navarra,Navarra,Tudela,220.0,42.050543438821,-1.6155198755241,otras,Puesta en servicio,RdT,,
7252.0,AYALA 220,País Vasco,Araba/Álava,Ayala/Aiara,220.0,43.084683783817,-3.0113443868469,almacenamiento,Con permisos,RdD,23.0,30.0
7252.0,AYALA 220,País Vasco,Araba/Álava,Ayala/Aiara,220.0,43.084683783817,-3.0113443868469,almacenamiento,Con permisos,RdT,,
7252.0,AYALA 220,País Vasco,Araba/Álava,Ayala/Aiara,220.0,43.084683783817,-3.0113443868469,eolica,Con permisos,RdD,57.0,72.0
7252.0,AYALA 220,País Vasco,Araba/Álava,Ayala/Aiara,220.0,43.084683783817,-3.0113443868469,eolica,Con permisos,RdT,,
12742.0,ELGEA 220,País Vasco,Araba/Álava,Barrundia,220.0,42.892538703735,-2.450244324786,almacenamiento,Con permisos,RdD,,
12742.0,ELGEA 220,País Vasco,Araba/Álava,Barrundia,220.0,42.892538703735,-2.450244324786,almacenamiento,Con permisos,RdT,108.0,112.0
12742.0,ELGEA 220,País Vasco,Araba/Álava,Barrundia,220.0,42.892538703735,-2.450244324786,almacenamiento,Puesta en servicio,RdD,,5.53
12742.0,ELGEA 220,País Vasco,Araba/Álava,Barrundia,220.0,42.892538703735,-2.450244324786,almacenamiento,Puesta en servicio,RdT,,
12742.0,ELGEA 220,País Vasco,Araba/Álava,Barrundia,220.0,42.892538703735,-2.450244324786,eolica,Con permisos,RdD,2.0,2.0
12742.0,ELGEA 220,País Vasco,Araba/Álava,Barrundia,220.0,42.892538703735,-2.450244324786,eolica,Con permisos,RdT,40.0,40.0
12742.0,ELGEA 220,País Vasco,Araba/Álava,Barrundia,220.0,42.892538703735,-2.450244324786,eolica,Puesta en servicio,RdD,26.97,59.27
12742.0,ELGEA 220,País Vasco,Araba/Álava,Barrundia,220.0,42.892538703735,-2.450244324786,eolica,Puesta en servicio,RdT,,
12742.0,ELGEA 220,País Vasco,Araba/Álava,Barrundia,220.0,42.892538703735,-2.450244324786,fotovoltaica,Con permisos,RdD,,
12742.0,ELGEA 220,País Vasco,Araba/Álava,Barrundia,220.0,42.892538703735,-2.450244324786,fotovoltaica,Con permisos,RdT,95.0,108.0
12742.0,ELGEA 220,País Vasco,Araba/Álava,Barrundia,220.0,42.892538703735,-2.450244324786,hibridacion,Puesta en servicio,RdD,32.3,
12742.0,ELGEA 220,País Vasco,Araba/Álava,Barrundia,220.0,42.892538703735,-2.450244324786,hibridacion,Puesta en servicio,RdT,,
12874.0,LAGUARDIA 220,País Vasco,Araba/Álava,Laguardia,220.0,42.507702415905,-2.5847435302586,eolica,Con permisos,RdD,,
12874.0,LAGUARDIA 220,País Vasco,Araba/Álava,Laguardia,220.0,42.507702415905,-2.5847435302586,eolica,Con permisos,RdT,72.0,75.0
12874.0,LAGUARDIA 220,País Vasco,Araba/Álava,Laguardia,220.0,42.507702415905,-2.5847435302586,eolica,Puesta en servicio,RdD,,
12874.0,LAGUARDIA 220,País Vasco,Araba/Álava,Laguardia,220.0,42.507702415905,-2.5847435302586,eolica,Puesta en servicio,RdT,126.2,126.2
7182.0,ALI 220,País Vasco,Araba/Álava,Vitoria-Gasteiz,220.0,42.856350240787,-2.7075554382817,eolica,En curso,RdD,97.61,119.3
7182.0,ALI 220,País Vasco,Araba/Álava,Vitoria-Gasteiz,220.0,42.856350240787,-2.7075554382817,eolica,En curso,RdT,,
7182.0,ALI 220,País Vasco,Araba/Álava,Vitoria-Gasteiz,220.0,42.856350240787,-2.7075554382817,fotovoltaica,En curso,RdD,20.0,24.98
7182.0,ALI 220,País Vasco,Araba/Álava,Vitoria-Gasteiz,220.0,42.856350240787,-2.7075554382817,fotovoltaica,En curso,RdT,,
7201.0,VITORIA 220,País Vasco,Araba/Álava,Vitoria-Gasteiz,220.0,42.88361421737,-2.6030418443219,eolica,En curso,RdD,4.95,4.95
7201.0,VITORIA 220,País Vasco,Araba/Álava,Vitoria-Gasteiz,220.0,42.88361421737,-2.6030418443219,eolica,En curso,RdT,,
7201.0,VITORIA 220,País Vasco,Araba/Álava,Vitoria-Gasteiz,220.0,42.88361421737,-2.6030418443219,fotovoltaica,Con permisos,RdD,1.0,1.0
7201.0,VITORIA 220,País Vasco,Araba/Álava,Vitoria-Gasteiz,220.0,42.88361421737,-2.6030418443219,fotovoltaica,Con permisos,RdT,98.0,106.0
7201.0,VITORIA 220,País Vasco,Araba/Álava,Vitoria-Gasteiz,220.0,42.88361421737,-2.6030418443219,fotovoltaica,En curso,RdD,39.61,39.84
7201.0,VITORIA 220,País Vasco,Araba/Álava,Vitoria-Gasteiz,220.0,42.88361421737,-2.6030418443219,fotovoltaica,En curso,RdT,,
7230.0,VITORIA 400,País Vasco,Araba/Álava,Vitoria-Gasteiz,400.0,42.88361421737,-2.6030418443219,fotovoltaica,Con permisos,RdD,,
7230.0,VITORIA 400,País Vasco,Araba/Álava,Vitoria-Gasteiz,400.0,42.88361421737,-2.6030418443219,fotovoltaica,Con permisos,RdT,1.0,1.0
12789.0,GAMARRA 220,País Vasco,Araba/Álava,Vitoria-Gasteiz,220.0,42.869100938432,-2.6657187938278,eolica,En curso,RdD,4.95,4.95
12789.0,GAMARRA 220,País Vasco,Araba/Álava,Vitoria-Gasteiz,220.0,42.869100938432,-2.6657187938278,eolica,En curso,RdT,,
12789.0,GAMARRA 220,País Vasco,Araba/Álava,Vitoria-Gasteiz,220.0,42.869100938432,-2.6657187938278,fotovoltaica,En curso,RdD,20.0,26.4
12789.0,GAMARRA 220,País Vasco,Araba/Álava,Vitoria-Gasteiz,220.0,42.869100938432,-2.6657187938278,fotovoltaica,En curso,RdT,,
12789.0,GAMARRA 220,País Vasco,Araba/Álava,Vitoria-Gasteiz,220.0,42.869100938432,-2.6657187938278,fotovoltaica,Puesta en servicio,RdD,2.53,2.53
12789.0,GAMARRA 220,País Vasco,Araba/Álava,Vitoria-Gasteiz,220.0,42.869100938432,-2.6657187938278,fotovoltaica,Puesta en servicio,RdT,,
12789.0,GAMARRA 220,País Vasco,Araba/Álava,Vitoria-Gasteiz,220.0,42.869100938432,-2.6657187938278,otras,Puesta en servicio,RdD,11.97,11.97
12789.0,GAMARRA 220,País Vasco,Araba/Álava,Vitoria-Gasteiz,220.0,42.869100938432,-2.6657187938278,otras,Puesta en servicio,RdT,47.0,47.0
12860.0,JUNDIZ 220,País Vasco,Araba/Álava,Vitoria-Gasteiz,220.0,42.836157833959,-2.7465567914302,almacenamiento,En curso,RdD,5.0,5.0
12860.0,JUNDIZ 220,País Vasco,Araba/Álava,Vitoria-Gasteiz,220.0,42.836157833959,-2.7465567914302,almacenamiento,En curso,RdT,,
12860.0,JUNDIZ 220,País Vasco,Araba/Álava,Vitoria-Gasteiz,220.0,42.836157833959,-2.7465567914302,eolica,Con permisos,RdD,49.0,49.0
12860.0,JUNDIZ 220,País Vasco,Araba/Álava,Vitoria-Gasteiz,220.0,42.836157833959,-2.7465567914302,eolica,Con permisos,RdT,,
12860.0,JUNDIZ 220,País Vasco,Araba/Álava,Vitoria-Gasteiz,220.0,42.836157833959,-2.7465567914302,eolica,En curso,RdD,4.99,5.0
12860.0,JUNDIZ 220,País Vasco,Araba/Álava,Vitoria-Gasteiz,220.0,42.836157833959,-2.7465567914302,eolica,En curso,RdT,,
12860.0,JUNDIZ 220,País Vasco,Araba/Álava,Vitoria-Gasteiz,220.0,42.836157833959,-2.7465567914302,eolica,Puesta en servicio,RdD,49.98,49.98
12860.0,JUNDIZ 220,País Vasco,Araba/Álava,Vitoria-Gasteiz,220.0,42.836157833959,-2.7465567914302,eolica,Puesta en servicio,RdT,,
12860.0,JUNDIZ 220,País Vasco,Araba/Álava,Vitoria-Gasteiz,220.0,42.836157833959,-2.7465567914302,fotovoltaica,Puesta en servicio,RdD,5.39,5.39
12860.0,JUNDIZ 220,País Vasco,Araba/Álava,Vitoria-Gasteiz,220.0,42.836157833959,-2.7465567914302,fotovoltaica,Puesta en servicio,RdT,,
7181.0,ABADIANO 220,País Vasco,Bizkaia/Vizcaya,Abadiño,220.0,43.138192221348,-2.5959973413703,almacenamiento,Puesta en servicio,RdD,6.0,6.0
7181.0,ABADIANO 220,País Vasco,Bizkaia/Vizcaya,Abadiño,220.0,43.138192221348,-2.5959973413703,almacenamiento,Puesta en servicio,RdT,,
7181.0,ABADIANO 220,País Vasco,Bizkaia/Vizcaya,Abadiño,220.0,43.138192221348,-2.5959973413703,eolica,Con permisos,RdD,60.0,60.0
7181.0,ABADIANO 220,País Vasco,Bizkaia/Vizcaya,Abadiño,220.0,43.138192221348,-2.5959973413703,eolica,Con permisos,RdT,,
7181.0,ABADIANO 220,País Vasco,Bizkaia/Vizcaya,Abadiño,220.0,43.138192221348,-2.5959973413703,eolica,Puesta en servicio,RdD,34.0,34.0
7181.0,ABADIANO 220,País Vasco,Bizkaia/Vizcaya,Abadiño,220.0,43.138192221348,-2.5959973413703,eolica,Puesta en servicio,RdT,,
7181.0,ABADIANO 220,País Vasco,Bizkaia/Vizcaya,Abadiño,220.0,43.138192221348,-2.5959973413703,fotovoltaica,Con permisos,RdD,2.0,2.0
7181.0,ABADIANO 220,País Vasco,Bizkaia/Vizcaya,Abadiño,220.0,43.138192221348,-2.5959973413703,fotovoltaica,Con permisos,RdT,,
7181.0,ABADIANO 220,País Vasco,Bizkaia/Vizcaya,Abadiño,220.0,43.138192221348,-2.5959973413703,otras,Puesta en servicio,RdD,31.22,31.22
7181.0,ABADIANO 220,País Vasco,Bizkaia/Vizcaya,Abadiño,220.0,43.138192221348,-2.5959973413703,otras,Puesta en servicio,RdT,,
7184.0,AMOREBIETA 400,País Vasco,Bizkaia/Vizcaya,Amorebieta-Etxano,400.0,43.235916724217,-2.7494350648614,otras,Puesta en servicio,RdD,,
7184.0,AMOREBIETA 400,País Vasco,Bizkaia/Vizcaya,Amorebieta-Etxano,400.0,43.235916724217,-2.7494350648614,otras,Puesta en servicio,RdT,786.42,786.42
7187.0,BASAURI 220,País Vasco,Bizkaia/Vizcaya,Basauri,220.0,43.221080067006,-2.8952644929154,almacenamiento,Con permisos,RdD,400.0,490.0
7187.0,BASAURI 220,País Vasco,Bizkaia/Vizcaya,Basauri,220.0,43.221080067006,-2.8952644929154,almacenamiento,Con permisos,RdT,,
7187.0,BASAURI 220,País Vasco,Bizkaia/Vizcaya,Basauri,220.0,43.221080067006,-2.8952644929154,eolica,Con permisos,RdD,113.0,113.0
7187.0,BASAURI 220,País Vasco,Bizkaia/Vizcaya,Basauri,220.0,43.221080067006,-2.8952644929154,eolica,Con permisos,RdT,,
7187.0,BASAURI 220,País Vasco,Bizkaia/Vizcaya,Basauri,220.0,43.221080067006,-2.8952644929154,eolica,En curso,RdD,135.0,147.5
7187.0,BASAURI 220,País Vasco,Bizkaia/Vizcaya,Basauri,220.0,43.221080067006,-2.8952644929154,eolica,En curso,RdT,,
7187.0,BASAURI 220,País Vasco,Bizkaia/Vizcaya,Basauri,220.0,43.221080067006,-2.8952644929154,hidraulica,Puesta en servicio,RdD,2.59,2.59
7187.0,BASAURI 220,País Vasco,Bizkaia/Vizcaya,Basauri,220.0,43.221080067006,-2.8952644929154,hidraulica,Puesta en servicio,RdT,,
7187.0,BASAURI 220,País Vasco,Bizkaia/Vizcaya,Basauri,220.0,43.221080067006,-2.8952644929154,otras,Puesta en servicio,RdD,7.17,7.17
7187.0,BASAURI 220,País Vasco,Bizkaia/Vizcaya,Basauri,220.0,43.221080067006,-2.8952644929154,otras,Puesta en servicio,RdT,,
7183.0,ALONSOTEGUI 220,País Vasco,Bizkaia/Vizcaya,Bilbao,220.0,43.247115567084,-2.9824952929925,hidraulica,Puesta en servicio,RdD,4.22,4.22
7183.0,ALONSOTEGUI 220,País Vasco,Bizkaia/Vizcaya,Bilbao,220.0,43.247115567084,-2.9824952929925,hidraulica,Puesta en servicio,RdT,,
7183.0,ALONSOTEGUI 220,País Vasco,Bizkaia/Vizcaya,Bilbao,220.0,43.247115567084,-2.9824952929925,otras,Puesta en servicio,RdD,109.72,109.72
7183.0,ALONSOTEGUI 220,País Vasco,Bizkaia/Vizcaya,Bilbao,220.0,43.247115567084,-2.9824952929925,otras,Puesta en servicio,RdT,,
12794.0,GATICA 220,País Vasco,Bizkaia/Vizcaya,Gatika,220.0,43.349959128408,-2.8802517863082,eolica,Puesta en servicio,RdD,10.0,10.0
12794.0,GATICA 220,País Vasco,Bizkaia/Vizcaya,Gatika,220.0,43.349959128408,-2.8802517863082,eolica,Puesta en servicio,RdT,,
12794.0,GATICA 220,País Vasco,Bizkaia/Vizcaya,Gatika,220.0,43.349959128408,-2.8802517863082,fotovoltaica,Puesta en servicio,RdD,2.85,2.85
12794.0,GATICA 220,País Vasco,Bizkaia/Vizcaya,Gatika,220.0,43.349959128408,-2.8802517863082,fotovoltaica,Puesta en servicio,RdT,,
12794.0,GATICA 220,País Vasco,Bizkaia/Vizcaya,Gatika,220.0,43.349959128408,-2.8802517863082,otras,Puesta en servicio,RdD,53.04,53.04
12794.0,GATICA 220,País Vasco,Bizkaia/Vizcaya,Gatika,220.0,43.349959128408,-2.8802517863082,otras,Puesta en servicio,RdT,,
12795.0,GATICA 400,País Vasco,Bizkaia/Vizcaya,Gatika,400.0,43.349959128408,-2.8802517863082,otras,Puesta en servicio,RdD,13.0,13.0
12795.0,GATICA 400,País Vasco,Bizkaia/Vizcaya,Gatika,400.0,43.349959128408,-2.8802517863082,otras,Puesta en servicio,RdT,,
12875.0,LA JARA 220,País Vasco,Bizkaia/Vizcaya,Güeñes,220.0,43.20342019821,-3.1041916725665,almacenamiento,Con permisos,RdD,20.0,24.0
12875.0,LA JARA 220,País Vasco,Bizkaia/Vizcaya,Güeñes,220.0,43.20342019821,-3.1041916725665,almacenamiento,Con permisos,RdT,,
12875.0,LA JARA 220,País Vasco,Bizkaia/Vizcaya,Güeñes,220.0,43.20342019821,-3.1041916725665,eolica,Con permisos,RdD,119.0,147.0
12875.0,LA JARA 220,País Vasco,Bizkaia/Vizcaya,Güeñes,220.0,43.20342019821,-3.1041916725665,eolica,Con permisos,RdT,,
12875.0,LA JARA 220,País Vasco,Bizkaia/Vizcaya,Güeñes,220.0,43.20342019821,-3.1041916725665,hidraulica,Puesta en servicio,RdD,5.38,5.38
12875.0,LA JARA 220,País Vasco,Bizkaia/Vizcaya,Güeñes,220.0,43.20342019821,-3.1041916725665,hidraulica,Puesta en servicio,RdT,,
12875.0,LA JARA 220,País Vasco,Bizkaia/Vizcaya,Güeñes,220.0,43.20342019821,-3.1041916725665,otras,Puesta en servicio,RdD,12.0,12.0
12875.0,LA JARA 220,País Vasco,Bizkaia/Vizcaya,Güeñes,220.0,43.20342019821,-3.1041916725665,otras,Puesta en servicio,RdT,,
13028.0,ORTUELLA 220,País Vasco,Bizkaia/Vizcaya,Ortuella,220.0,43.314172672309,-3.0374518181994,almacenamiento,Con permisos,RdD,70.0,74.0
13028.0,ORTUELLA 220,País Vasco,Bizkaia/Vizcaya,Ortuella,220.0,43.314172672309,-3.0374518181994,almacenamiento,Con permisos,RdT,,
13028.0,ORTUELLA 220,País Vasco,Bizkaia/Vizcaya,Ortuella,220.0,43.314172672309,-3.0374518181994,eolica,Con permisos,RdD,264.0,264.0
13028.0,ORTUELLA 220,País Vasco,Bizkaia/Vizcaya,Ortuella,220.0,43.314172672309,-3.0374518181994,eolica,Con permisos,RdT,,
13028.0,ORTUELLA 220,País Vasco,Bizkaia/Vizcaya,Ortuella,220.0,43.314172672309,-3.0374518181994,eolica,En curso,RdD,50.0,50.0
13028.0,ORTUELLA 220,País Vasco,Bizkaia/Vizcaya,Ortuella,220.0,43.314172672309,-3.0374518181994,eolica,En curso,RdT,,
13028.0,ORTUELLA 220,País Vasco,Bizkaia/Vizcaya,Ortuella,220.0,43.314172672309,-3.0374518181994,eolica,Puesta en servicio,RdD,10.0,10.0
13028.0,ORTUELLA 220,País Vasco,Bizkaia/Vizcaya,Ortuella,220.0,43.314172672309,-3.0374518181994,eolica,Puesta en servicio,RdT,,
13028.0,ORTUELLA 220,País Vasco,Bizkaia/Vizcaya,Ortuella,220.0,43.314172672309,-3.0374518181994,fotovoltaica,Puesta en servicio,RdD,1.43,1.43
13028.0,ORTUELLA 220,País Vasco,Bizkaia/Vizcaya,Ortuella,220.0,43.314172672309,-3.0374518181994,fotovoltaica,Puesta en servicio,RdT,,
13028.0,ORTUELLA 220,País Vasco,Bizkaia/Vizcaya,Ortuella,220.0,43.314172672309,-3.0374518181994,otras,Puesta en servicio,RdD,128.07,128.07
13028.0,ORTUELLA 220,País Vasco,Bizkaia/Vizcaya,Ortuella,220.0,43.314172672309,-3.0374518181994,otras,Puesta en servicio,RdT,,
13515.0,BARRUNDIA 220,País Vasco,Bizkaia/Vizcaya,Otxandio,220.0,43.043269952452,-2.6681269978578,almacenamiento,Con permisos,RdD,,
13515.0,BARRUNDIA 220,País Vasco,Bizkaia/Vizcaya,Otxandio,220.0,43.043269952452,-2.6681269978578,almacenamiento,Con permisos,RdT,22.0,26.0
13515.0,BARRUNDIA 220,País Vasco,Bizkaia/Vizcaya,Otxandio,220.0,43.043269952452,-2.6681269978578,eolica,Con permisos,RdD,,
13515.0,BARRUNDIA 220,País Vasco,Bizkaia/Vizcaya,Otxandio,220.0,43.043269952452,-2.6681269978578,eolica,Con permisos,RdT,50.0,50.0
7199.0,SANTURCE 220,País Vasco,Bizkaia/Vizcaya,Santurtzi,220.0,43.338399627148,-3.0529918440389,almacenamiento,Con permisos,RdD,,
7199.0,SANTURCE 220,País Vasco,Bizkaia/Vizcaya,Santurtzi,220.0,43.338399627148,-3.0529918440389,almacenamiento,Con permisos,RdT,99.0,330.0
7199.0,SANTURCE 220,País Vasco,Bizkaia/Vizcaya,Santurtzi,220.0,43.338399627148,-3.0529918440389,almacenamiento,En curso,RdD,,
7199.0,SANTURCE 220,País Vasco,Bizkaia/Vizcaya,Santurtzi,220.0,43.338399627148,-3.0529918440389,almacenamiento,En curso,RdT,75.0,75.0
7199.0,SANTURCE 220,País Vasco,Bizkaia/Vizcaya,Santurtzi,220.0,43.338399627148,-3.0529918440389,fotovoltaica,Con permisos,RdD,,
7199.0,SANTURCE 220,País Vasco,Bizkaia/Vizcaya,Santurtzi,220.0,43.338399627148,-3.0529918440389,fotovoltaica,Con permisos,RdT,100.0,100.0
7199.0,SANTURCE 220,País Vasco,Bizkaia/Vizcaya,Santurtzi,220.0,43.338399627148,-3.0529918440389,otras,Puesta en servicio,RdD,12.2,12.2
7199.0,SANTURCE 220,País Vasco,Bizkaia/Vizcaya,Santurtzi,220.0,43.338399627148,-3.0529918440389,otras,Puesta en servicio,RdT,396.4,396.4
7240.0,ZAMUDIO 220,País Vasco,Bizkaia/Vizcaya,Zamudio,220.0,43.301252213455,-2.8640628593411,fotovoltaica,Puesta en servicio,RdD,1.18,1.18
7240.0,ZAMUDIO 220,País Vasco,Bizkaia/Vizcaya,Zamudio,220.0,43.301252213455,-2.8640628593411,fotovoltaica,Puesta en servicio,RdT,,
7240.0,ZAMUDIO 220,País Vasco,Bizkaia/Vizcaya,Zamudio,220.0,43.301252213455,-2.8640628593411,otras,Puesta en servicio,RdD,1.1,1.1
7240.0,ZAMUDIO 220,País Vasco,Bizkaia/Vizcaya,Zamudio,220.0,43.301252213455,-2.8640628593411,otras,Puesta en servicio,RdT,,
7202.0,ZIERBENA 400,País Vasco,Bizkaia/Vizcaya,Zierbena,400.0,43.358791763558,-3.0910294480591,bombeo,En curso,RdD,,
7202.0,ZIERBENA 400,País Vasco,Bizkaia/Vizcaya,Zierbena,400.0,43.358791763558,-3.0910294480591,bombeo,En curso,RdT,50.0,50.0
7202.0,ZIERBENA 400,País Vasco,Bizkaia/Vizcaya,Zierbena,400.0,43.358791763558,-3.0910294480591,eolica,Con permisos,RdD,,
7202.0,ZIERBENA 400,País Vasco,Bizkaia/Vizcaya,Zierbena,400.0,43.358791763558,-3.0910294480591,eolica,Con permisos,RdT,34.0,34.0
7202.0,ZIERBENA 400,País Vasco,Bizkaia/Vizcaya,Zierbena,400.0,43.358791763558,-3.0910294480591,fotovoltaica,Con permisos,RdD,,
7202.0,ZIERBENA 400,País Vasco,Bizkaia/Vizcaya,Zierbena,400.0,43.358791763558,-3.0910294480591,fotovoltaica,Con permisos,RdT,1252.0,1287.0
7202.0,ZIERBENA 400,País Vasco,Bizkaia/Vizcaya,Zierbena,400.0,43.358791763558,-3.0910294480591,fotovoltaica,En curso,RdD,,
7202.0,ZIERBENA 400,País Vasco,Bizkaia/Vizcaya,Zierbena,400.0,43.358791763558,-3.0910294480591,fotovoltaica,En curso,RdT,100.0,100.0
7202.0,ZIERBENA 400,País Vasco,Bizkaia/Vizcaya,Zierbena,400.0,43.358791763558,-3.0910294480591,otras,Puesta en servicio,RdD,,
7202.0,ZIERBENA 400,País Vasco,Bizkaia/Vizcaya,Zierbena,400.0,43.358791763558,-3.0910294480591,otras,Puesta en servicio,RdT,785.2,785.25
13085.0,PUENTELARRA 220,País Vasco,Burgos,Lantarón,220.0,42.755782053215,-3.0485198860428,fotovoltaica,Con permisos,RdD,96.0,110.0
13085.0,PUENTELARRA 220,País Vasco,Burgos,Lantarón,220.0,42.755782053215,-3.0485198860428,fotovoltaica,Con permisos,RdT,,
13085.0,PUENTELARRA 220,País Vasco,Burgos,Lantarón,220.0,42.755782053215,-3.0485198860428,fotovoltaica,En curso,RdD,175.91,268.82
13085.0,PUENTELARRA 220,País Vasco,Burgos,Lantarón,220.0,42.755782053215,-3.0485198860428,fotovoltaica,En curso,RdT,,
13085.0,PUENTELARRA 220,País Vasco,Burgos,Lantarón,220.0,42.755782053215,-3.0485198860428,fotovoltaica,Puesta en servicio,RdD,1.0,1.0
13085.0,PUENTELARRA 220,País Vasco,Burgos,Lantarón,220.0,42.755782053215,-3.0485198860428,fotovoltaica,Puesta en servicio,RdT,,
13085.0,PUENTELARRA 220,País Vasco,Burgos,Lantarón,220.0,42.755782053215,-3.0485198860428,otras,Puesta en servicio,RdD,28.32,28.32
13085.0,PUENTELARRA 220,País Vasco,Burgos,Lantarón,220.0,42.755782053215,-3.0485198860428,otras,Puesta en servicio,RdT,,
7186.0,AZPEITIA 400,País Vasco,Gipuzkoa/Guipúzcoa,Azpeitia,400.0,43.213070141681,-2.2523394896168,eolica,Con permisos,RdD,33.0,33.0
7186.0,AZPEITIA 400,País Vasco,Gipuzkoa/Guipúzcoa,Azpeitia,400.0,43.213070141681,-2.2523394896168,eolica,Con permisos,RdT,,
7186.0,AZPEITIA 400,País Vasco,Gipuzkoa/Guipúzcoa,Azpeitia,400.0,43.213070141681,-2.2523394896168,fotovoltaica,Puesta en servicio,RdD,1.21,1.21
7186.0,AZPEITIA 400,País Vasco,Gipuzkoa/Guipúzcoa,Azpeitia,400.0,43.213070141681,-2.2523394896168,fotovoltaica,Puesta en servicio,RdT,,
12825.0,HERNANI 220,País Vasco,Gipuzkoa/Guipúzcoa,Hernani,220.0,43.25629964625,-1.9754143138308,hidraulica,Puesta en servicio,RdD,7.88,7.88
12825.0,HERNANI 220,País Vasco,Gipuzkoa/Guipúzcoa,Hernani,220.0,43.25629964625,-1.9754143138308,hidraulica,Puesta en servicio,RdT,,
12825.0,HERNANI 220,País Vasco,Gipuzkoa/Guipúzcoa,Hernani,220.0,43.25629964625,-1.9754143138308,otras,Puesta en servicio,RdD,22.72,22.72
12825.0,HERNANI 220,País Vasco,Gipuzkoa/Guipúzcoa,Hernani,220.0,43.25629964625,-1.9754143138308,otras,Puesta en servicio,RdT,,
12826.0,HERNANI 400,País Vasco,Gipuzkoa/Guipúzcoa,Hernani,400.0,43.25629964625,-1.9754143138308,otras,Puesta en servicio,RdD,203.36,203.37
12826.0,HERNANI 400,País Vasco,Gipuzkoa/Guipúzcoa,Hernani,400.0,43.25629964625,-1.9754143138308,otras,Puesta en servicio,RdT,,
12845.0,IRUN 220,País Vasco,Gipuzkoa/Guipúzcoa,Irun,220.0,43.337859732503,-1.8117402632223,almacenamiento,Con permisos,RdD,80.0,80.0
12845.0,IRUN 220,País Vasco,Gipuzkoa/Guipúzcoa,Irun,220.0,43.337859732503,-1.8117402632223,almacenamiento,Con permisos,RdT,,
12845.0,IRUN 220,País Vasco,Gipuzkoa/Guipúzcoa,Irun,220.0,43.337859732503,-1.8117402632223,eolica,Con permisos,RdD,60.0,64.0
12845.0,IRUN 220,País Vasco,Gipuzkoa/Guipúzcoa,Irun,220.0,43.337859732503,-1.8117402632223,eolica,Con permisos,RdT,,
7185.0,ARKALE 220,País Vasco,Gipuzkoa/Guipúzcoa,Oiartzun,220.0,43.305040159341,-1.8430489500769,almacenamiento,Con permisos,RdD,50.0,50.0
7185.0,ARKALE 220,País Vasco,Gipuzkoa/Guipúzcoa,Oiartzun,220.0,43.305040159341,-1.8430489500769,almacenamiento,Con permisos,RdT,,
7185.0,ARKALE 220,País Vasco,Gipuzkoa/Guipúzcoa,Oiartzun,220.0,43.305040159341,-1.8430489500769,eolica,Con permisos,RdD,249.0,253.0
7185.0,ARKALE 220,País Vasco,Gipuzkoa/Guipúzcoa,Oiartzun,220.0,43.305040159341,-1.8430489500769,eolica,Con permisos,RdT,,
7185.0,ARKALE 220,País Vasco,Gipuzkoa/Guipúzcoa,Oiartzun,220.0,43.305040159341,-1.8430489500769,hidraulica,Puesta en servicio,RdD,3.7,3.7
7185.0,ARKALE 220,País Vasco,Gipuzkoa/Guipúzcoa,Oiartzun,220.0,43.305040159341,-1.8430489500769,hidraulica,Puesta en servicio,RdT,,
13027.0,ORMAIZTEGUI 220,País Vasco,Gipuzkoa/Guipúzcoa,Ormaiztegi,220.0,43.044022550429,-2.2417786883062,eolica,En curso,RdD,30.0,36.0
13027.0,ORMAIZTEGUI 220,País Vasco,Gipuzkoa/Guipúzcoa,Ormaiztegi,220.0,43.044022550429,-2.2417786883062,eolica,En curso,RdT,,
13027.0,ORMAIZTEGUI 220,País Vasco,Gipuzkoa/Guipúzcoa,Ormaiztegi,220.0,43.044022550429,-2.2417786883062,eolica,Puesta en servicio,RdD,19.2,19.2
13027.0,ORMAIZTEGUI 220,País Vasco,Gipuzkoa/Guipúzcoa,Ormaiztegi,220.0,43.044022550429,-2.2417786883062,eolica,Puesta en servicio,RdT,,
13027.0,ORMAIZTEGUI 220,País Vasco,Gipuzkoa/Guipúzcoa,Ormaiztegi,220.0,43.044022550429,-2.2417786883062,hidraulica,Puesta en servicio,RdD,6.83,6.83
13027.0,ORMAIZTEGUI 220,País Vasco,Gipuzkoa/Guipúzcoa,Ormaiztegi,220.0,43.044022550429,-2.2417786883062,hidraulica,Puesta en servicio,RdT,,
13027.0,ORMAIZTEGUI 220,País Vasco,Gipuzkoa/Guipúzcoa,Ormaiztegi,220.0,43.044022550429,-2.2417786883062,otras,Puesta en servicio,RdD,38.06,38.06
13027.0,ORMAIZTEGUI 220,País Vasco,Gipuzkoa/Guipúzcoa,Ormaiztegi,220.0,43.044022550429,-2.2417786883062,otras,Puesta en servicio,RdT,,
