zone,zone_detail,node_id,node_name,voltage,lat,lng,section,technology,technology_label,status,grid,value_mw
NACIONAL,Nacional,,,,,,capacidad_acceso,eolica,Eólica,En curso,RdT,10794.47
NACIONAL,Nacional,,,,,,capacidad_acceso,eolica,Eólica,En curso,RdD,1862.25
NACIONAL,Nacional,,,,,,capacidad_acceso,eolica,Eólica,Con permisos,RdT,12398
NACIONAL,Nacional,,,,,,capacidad_acceso,eolica,Eólica,Con permisos,RdD,3876
NACIONAL,Nacional,,,,,,capacidad_acceso,eolica,Eólica,Puesta en servicio,RdT,14888.38
NACIONAL,Nacional,,,,,,capacidad_acceso,eolica,Eólica,Puesta en servicio,RdD,8985.89
NACIONAL,Nacional,,,,,,capacidad_acceso,fotovoltaica,Fotovoltaica,En curso,RdT,7981.95
NACIONAL,Nacional,,,,,,capacidad_acceso,fotovoltaica,Fotovoltaica,En curso,RdD,5389.35
NACIONAL,Nacional,,,,,,capacidad_acceso,fotovoltaica,Fotovoltaica,Con permisos,RdT,32969
NACIONAL,Nacional,,,,,,capacidad_acceso,fotovoltaica,Fotovoltaica,Con permisos,RdD,12711
NACIONAL,Nacional,,,,,,capacidad_acceso,fotovoltaica,Fotovoltaica,Puesta en servicio,RdT,13546.82
NACIONAL,Nacional,,,,,,capacidad_acceso,fotovoltaica,Fotovoltaica,Puesta en servicio,RdD,10102.23
NACIONAL,Nacional,,,,,,capacidad_acceso,almacenamiento,Baterías,En curso,RdT,9815.0
NACIONAL,Nacional,,,,,,capacidad_acceso,almacenamiento,Baterías,En curso,RdD,3431.22
NACIONAL,Nacional,,,,,,capacidad_acceso,almacenamiento,Baterías,Con permisos,RdT,5078
NACIONAL,Nacional,,,,,,capacidad_acceso,almacenamiento,Baterías,Con permisos,RdD,5909
NACIONAL,Nacional,,,,,,capacidad_acceso,almacenamiento,Baterías,Puesta en servicio,RdT,
NACIONAL,Nacional,,,,,,capacidad_acceso,almacenamiento,Baterías,Puesta en servicio,RdD,12.15
NACIONAL,Nacional,,,,,,capacidad_acceso,hibridacion,Hibridación,En curso,RdT,1653.71
NACIONAL,Nacional,,,,,,capacidad_acceso,hibridacion,Hibridación,En curso,RdD,178.18
NACIONAL,Nacional,,,,,,capacidad_acceso,hibridacion,Hibridación,Con permisos,RdT,10134
NACIONAL,Nacional,,,,,,capacidad_acceso,hibridacion,Hibridación,Con permisos,RdD,1484
NACIONAL,Nacional,,,,,,capacidad_acceso,hibridacion,Hibridación,Puesta en servicio,RdT,22199.75
NACIONAL,Nacional,,,,,,capacidad_acceso,hibridacion,Hibridación,Puesta en servicio,RdD,3131.03
NACIONAL,Nacional,,,,,,capacidad_acceso,termosolar,Termosolar,Con permisos,RdT,
NACIONAL,Nacional,,,,,,capacidad_acceso,termosolar,Termosolar,Con permisos,RdD,50
NACIONAL,Nacional,,,,,,capacidad_acceso,termosolar,Termosolar,Puesta en servicio,RdT,1147.0
NACIONAL,Nacional,,,,,,capacidad_acceso,termosolar,Termosolar,Puesta en servicio,RdD,520.5
NACIONAL,Nacional,,,,,,capacidad_acceso,hidraulica,Hidráulica,Con permisos,RdT,191
NACIONAL,Nacional,,,,,,capacidad_acceso,hidraulica,Hidráulica,Con permisos,RdD,48
NACIONAL,Nacional,,,,,,capacidad_acceso,hidraulica,Hidráulica,Puesta en servicio,RdT,6402.18
NACIONAL,Nacional,,,,,,capacidad_acceso,hidraulica,Hidráulica,Puesta en servicio,RdD,6022.6
NACIONAL,Nacional,,,,,,capacidad_acceso,bombeo,Bombeo,En curso,RdT,1009
NACIONAL,Nacional,,,,,,capacidad_acceso,bombeo,Bombeo,En curso,RdD,
NACIONAL,Nacional,,,,,,capacidad_acceso,bombeo,Bombeo,Con permisos,RdT,3356
NACIONAL,Nacional,,,,,,capacidad_acceso,bombeo,Bombeo,Con permisos,RdD,
NACIONAL,Nacional,,,,,,capacidad_acceso,bombeo,Bombeo,Puesta en servicio,RdT,5377.85
NACIONAL,Nacional,,,,,,capacidad_acceso,bombeo,Bombeo,Puesta en servicio,RdD,
NACIONAL,Nacional,,,,,,capacidad_acceso,otras,Otras tecnologías,En curso,RdT,4570.06
NACIONAL,Nacional,,,,,,capacidad_acceso,otras,Otras tecnologías,En curso,RdD,55.82
NACIONAL,Nacional,,,,,,capacidad_acceso,otras,Otras tecnologías,Con permisos,RdT,249
NACIONAL,Nacional,,,,,,capacidad_acceso,otras,Otras tecnologías,Con permisos,RdD,516
NACIONAL,Nacional,,,,,,capacidad_acceso,otras,Otras tecnologías,Puesta en servicio,RdT,35351.69
NACIONAL,Nacional,,,,,,capacidad_acceso,otras,Otras tecnologías,Puesta en servicio,RdD,6287.3
NACIONAL,Nacional,,,,,,potencia_instalada,eolica,Eólica,En curso,RdT,11622.2
NACIONAL,Nacional,,,,,,potencia_instalada,eolica,Eólica,En curso,RdD,1982.29
NACIONAL,Nacional,,,,,,potencia_instalada,eolica,Eólica,Con permisos,RdT,18308
NACIONAL,Nacional,,,,,,potencia_instalada,eolica,Eólica,Con permisos,RdD,4927
NACIONAL,Nacional,,,,,,potencia_instalada,eolica,Eólica,Puesta en servicio,RdT,22329.22
NACIONAL,Nacional,,,,,,potencia_instalada,eolica,Eólica,Puesta en servicio,RdD,10223.85
NACIONAL,Nacional,,,,,,potencia_instalada,fotovoltaica,Fotovoltaica,En curso,RdT,10227.14
NACIONAL,Nacional,,,,,,potencia_instalada,fotovoltaica,Fotovoltaica,En curso,RdD,5853.34
NACIONAL,Nacional,,,,,,potencia_instalada,fotovoltaica,Fotovoltaica,Con permisos,RdT,51668
NACIONAL,Nacional,,,,,,potencia_instalada,fotovoltaica,Fotovoltaica,Con permisos,RdD,16275
NACIONAL,Nacional,,,,,,potencia_instalada,fotovoltaica,Fotovoltaica,Puesta en servicio,RdT,30612.0
NACIONAL,Nacional,,,,,,potencia_instalada,fotovoltaica,Fotovoltaica,Puesta en servicio,RdD,12991.75
NACIONAL,Nacional,,,,,,potencia_instalada,almacenamiento,Baterías,En curso,RdT,10251.6
NACIONAL,Nacional,,,,,,potencia_instalada,almacenamiento,Baterías,En curso,RdD,3716.54
NACIONAL,Nacional,,,,,,potencia_instalada,almacenamiento,Baterías,Con permisos,RdT,20045
NACIONAL,Nacional,,,,,,potencia_instalada,almacenamiento,Baterías,Con permisos,RdD,8263
NACIONAL,Nacional,,,,,,potencia_instalada,almacenamiento,Baterías,Puesta en servicio,RdT,140.38
NACIONAL,Nacional,,,,,,potencia_instalada,almacenamiento,Baterías,Puesta en servicio,RdD,80.04
NACIONAL,Nacional,,,,,,potencia_instalada,termosolar,Termosolar,Con permisos,RdT,
NACIONAL,Nacional,,,,,,potencia_instalada,termosolar,Termosolar,Con permisos,RdD,81
NACIONAL,Nacional,,,,,,potencia_instalada,termosolar,Termosolar,Puesta en servicio,RdT,1698.6
NACIONAL,Nacional,,,,,,potencia_instalada,termosolar,Termosolar,Puesta en servicio,RdD,570.5
NACIONAL,Nacional,,,,,,potencia_instalada,hidraulica,Hidráulica,En curso,RdT,
NACIONAL,Nacional,,,,,,potencia_instalada,hidraulica,Hidráulica,En curso,RdD,15.2
NACIONAL,Nacional,,,,,,potencia_instalada,hidraulica,Hidráulica,Con permisos,RdT,495
NACIONAL,Nacional,,,,,,potencia_instalada,hidraulica,Hidráulica,Con permisos,RdD,100
NACIONAL,Nacional,,,,,,potencia_instalada,hidraulica,Hidráulica,Puesta en servicio,RdT,6908.14
NACIONAL,Nacional,,,,,,potencia_instalada,hidraulica,Hidráulica,Puesta en servicio,RdD,6029.68
NACIONAL,Nacional,,,,,,potencia_instalada,bombeo,Bombeo,En curso,RdT,1009
NACIONAL,Nacional,,,,,,potencia_instalada,bombeo,Bombeo,En curso,RdD,
NACIONAL,Nacional,,,,,,potencia_instalada,bombeo,Bombeo,Con permisos,RdT,2966
NACIONAL,Nacional,,,,,,potencia_instalada,bombeo,Bombeo,Con permisos,RdD,
NACIONAL,Nacional,,,,,,potencia_instalada,bombeo,Bombeo,Puesta en servicio,RdT,5454.03
NACIONAL,Nacional,,,,,,potencia_instalada,bombeo,Bombeo,Puesta en servicio,RdD,
NACIONAL,Nacional,,,,,,potencia_instalada,otras,Otras tecnologías,En curso,RdT,5428.8
NACIONAL,Nacional,,,,,,potencia_instalada,otras,Otras tecnologías,En curso,RdD,41.84
NACIONAL,Nacional,,,,,,potencia_instalada,otras,Otras tecnologías,Con permisos,RdT,744
NACIONAL,Nacional,,,,,,potencia_instalada,otras,Otras tecnologías,Con permisos,RdD,742
NACIONAL,Nacional,,,,,,potencia_instalada,otras,Otras tecnologías,Puesta en servicio,RdT,39326.38
NACIONAL,Nacional,,,,,,potencia_instalada,otras,Otras tecnologías,Puesta en servicio,RdD,6666.48
PENINSULAR,Peninsular,,,,,,capacidad_acceso,eolica,Eólica,En curso,RdT,10794.47
PENINSULAR,Peninsular,,,,,,capacidad_acceso,eolica,Eólica,En curso,RdD,1862.25
PENINSULAR,Peninsular,,,,,,capacidad_acceso,eolica,Eólica,Con permisos,RdT,12398
PENINSULAR,Peninsular,,,,,,capacidad_acceso,eolica,Eólica,Con permisos,RdD,3876
PENINSULAR,Peninsular,,,,,,capacidad_acceso,eolica,Eólica,Puesta en servicio,RdT,14888.38
PENINSULAR,Peninsular,,,,,,capacidad_acceso,eolica,Eólica,Puesta en servicio,RdD,8985.89
PENINSULAR,Peninsular,,,,,,capacidad_acceso,fotovoltaica,Fotovoltaica,En curso,RdT,7981.95
PENINSULAR,Peninsular,,,,,,capacidad_acceso,fotovoltaica,Fotovoltaica,En curso,RdD,5389.35
PENINSULAR,Peninsular,,,,,,capacidad_acceso,fotovoltaica,Fotovoltaica,Con permisos,RdT,32969
PENINSULAR,Peninsular,,,,,,capacidad_acceso,fotovoltaica,Fotovoltaica,Con permisos,RdD,12711
PENINSULAR,Peninsular,,,,,,capacidad_acceso,fotovoltaica,Fotovoltaica,Puesta en servicio,RdT,13546.82
PENINSULAR,Peninsular,,,,,,capacidad_acceso,fotovoltaica,Fotovoltaica,Puesta en servicio,RdD,10102.23
PENINSULAR,Peninsular,,,,,,capacidad_acceso,almacenamiento,Baterías,En curso,RdT,9815.0
PENINSULAR,Peninsular,,,,,,capacidad_acceso,almacenamiento,Baterías,En curso,RdD,3431.22
PENINSULAR,Peninsular,,,,,,capacidad_acceso,almacenamiento,Baterías,Con permisos,RdT,5078
PENINSULAR,Peninsular,,,,,,capacidad_acceso,almacenamiento,Baterías,Con permisos,RdD,5909
PENINSULAR,Peninsular,,,,,,capacidad_acceso,almacenamiento,Baterías,Puesta en servicio,RdT,
PENINSULAR,Peninsular,,,,,,capacidad_acceso,almacenamiento,Baterías,Puesta en servicio,RdD,12.15
PENINSULAR,Peninsular,,,,,,capacidad_acceso,hibridacion,Hibridación,En curso,RdT,1653.71
PENINSULAR,Peninsular,,,,,,capacidad_acceso,hibridacion,Hibridación,En curso,RdD,178.18
PENINSULAR,Peninsular,,,,,,capacidad_acceso,hibridacion,Hibridación,Con permisos,RdT,10134
PENINSULAR,Peninsular,,,,,,capacidad_acceso,hibridacion,Hibridación,Con permisos,RdD,1484
PENINSULAR,Peninsular,,,,,,capacidad_acceso,hibridacion,Hibridación,Puesta en servicio,RdT,22199.75
PENINSULAR,Peninsular,,,,,,capacidad_acceso,hibridacion,Hibridación,Puesta en servicio,RdD,3131.03
PENINSULAR,Peninsular,,,,,,capacidad_acceso,termosolar,Termosolar,Con permisos,RdT,
PENINSULAR,Peninsular,,,,,,capacidad_acceso,termosolar,Termosolar,Con permisos,RdD,50
PENINSULAR,Peninsular,,,,,,capacidad_acceso,termosolar,Termosolar,Puesta en servicio,RdT,1147.0
PENINSULAR,Peninsular,,,,,,capacidad_acceso,termosolar,Termosolar,Puesta en servicio,RdD,520.5
PENINSULAR,Peninsular,,,,,,capacidad_acceso,hidraulica,Hidráulica,Con permisos,RdT,191
PENINSULAR,Peninsular,,,,,,capacidad_acceso,hidraulica,Hidráulica,Con permisos,RdD,48
PENINSULAR,Peninsular,,,,,,capacidad_acceso,hidraulica,Hidráulica,Puesta en servicio,RdT,6402.18
PENINSULAR,Peninsular,,,,,,capacidad_acceso,hidraulica,Hidráulica,Puesta en servicio,RdD,6022.6
PENINSULAR,Peninsular,,,,,,capacidad_acceso,bombeo,Bombeo,En curso,RdT,1009
PENINSULAR,Peninsular,,,,,,capacidad_acceso,bombeo,Bombeo,En curso,RdD,
PENINSULAR,Peninsular,,,,,,capacidad_acceso,bombeo,Bombeo,Con permisos,RdT,3356
PENINSULAR,Peninsular,,,,,,capacidad_acceso,bombeo,Bombeo,Con permisos,RdD,
PENINSULAR,Peninsular,,,,,,capacidad_acceso,bombeo,Bombeo,Puesta en servicio,RdT,5377.85
PENINSULAR,Peninsular,,,,,,capacidad_acceso,bombeo,Bombeo,Puesta en servicio,RdD,
PENINSULAR,Peninsular,,,,,,capacidad_acceso,otras,Otras tecnologías,En curso,RdT,4570.06
PENINSULAR,Peninsular,,,,,,capacidad_acceso,otras,Otras tecnologías,En curso,RdD,55.82
PENINSULAR,Peninsular,,,,,,capacidad_acceso,otras,Otras tecnologías,Con permisos,RdT,249
PENINSULAR,Peninsular,,,,,,capacidad_acceso,otras,Otras tecnologías,Con permisos,RdD,516
PENINSULAR,Peninsular,,,,,,capacidad_acceso,otras,Otras tecnologías,Puesta en servicio,RdT,35351.69
PENINSULAR,Peninsular,,,,,,capacidad_acceso,otras,Otras tecnologías,Puesta en servicio,RdD,6287.3
PENINSULAR,Peninsular,,,,,,potencia_instalada,eolica,Eólica,En curso,RdT,11622.2
PENINSULAR,Peninsular,,,,,,potencia_instalada,eolica,Eólica,En curso,RdD,1982.29
PENINSULAR,Peninsular,,,,,,potencia_instalada,eolica,Eólica,Con permisos,RdT,18308
PENINSULAR,Peninsular,,,,,,potencia_instalada,eolica,Eólica,Con permisos,RdD,4927
PENINSULAR,Peninsular,,,,,,potencia_instalada,eolica,Eólica,Puesta en servicio,RdT,22329.22
PENINSULAR,Peninsular,,,,,,potencia_instalada,eolica,Eólica,Puesta en servicio,RdD,10223.85
PENINSULAR,Peninsular,,,,,,potencia_instalada,fotovoltaica,Fotovoltaica,En curso,RdT,10227.14
PENINSULAR,Peninsular,,,,,,potencia_instalada,fotovoltaica,Fotovoltaica,En curso,RdD,5853.34
PENINSULAR,Peninsular,,,,,,potencia_instalada,fotovoltaica,Fotovoltaica,Con permisos,RdT,51668
PENINSULAR,Peninsular,,,,,,potencia_instalada,fotovoltaica,Fotovoltaica,Con permisos,RdD,16275
PENINSULAR,Peninsular,,,,,,potencia_instalada,fotovoltaica,Fotovoltaica,Puesta en servicio,RdT,30612.0
PENINSULAR,Peninsular,,,,,,potencia_instalada,fotovoltaica,Fotovoltaica,Puesta en servicio,RdD,12991.75
PENINSULAR,Peninsular,,,,,,potencia_instalada,almacenamiento,Baterías,En curso,RdT,10251.6
PENINSULAR,Peninsular,,,,,,potencia_instalada,almacenamiento,Baterías,En curso,RdD,3716.54
PENINSULAR,Peninsular,,,,,,potencia_instalada,almacenamiento,Baterías,Con permisos,RdT,20045
PENINSULAR,Peninsular,,,,,,potencia_instalada,almacenamiento,Baterías,Con permisos,RdD,8263
PENINSULAR,Peninsular,,,,,,potencia_instalada,almacenamiento,Baterías,Puesta en servicio,RdT,140.38
PENINSULAR,Peninsular,,,,,,potencia_instalada,almacenamiento,Baterías,Puesta en servicio,RdD,80.04
PENINSULAR,Peninsular,,,,,,potencia_instalada,termosolar,Termosolar,Con permisos,RdT,
PENINSULAR,Peninsular,,,,,,potencia_instalada,termosolar,Termosolar,Con permisos,RdD,81
PENINSULAR,Peninsular,,,,,,potencia_instalada,termosolar,Termosolar,Puesta en servicio,RdT,1698.6
PENINSULAR,Peninsular,,,,,,potencia_instalada,termosolar,Termosolar,Puesta en servicio,RdD,570.5
PENINSULAR,Peninsular,,,,,,potencia_instalada,hidraulica,Hidráulica,En curso,RdT,
PENINSULAR,Peninsular,,,,,,potencia_instalada,hidraulica,Hidráulica,En curso,RdD,15.2
PENINSULAR,Peninsular,,,,,,potencia_instalada,hidraulica,Hidráulica,Con permisos,RdT,495
PENINSULAR,Peninsular,,,,,,potencia_instalada,hidraulica,Hidráulica,Con permisos,RdD,100
PENINSULAR,Peninsular,,,,,,potencia_instalada,hidraulica,Hidráulica,Puesta en servicio,RdT,6908.14
PENINSULAR,Peninsular,,,,,,potencia_instalada,hidraulica,Hidráulica,Puesta en servicio,RdD,6029.68
PENINSULAR,Peninsular,,,,,,potencia_instalada,bombeo,Bombeo,En curso,RdT,1009
PENINSULAR,Peninsular,,,,,,potencia_instalada,bombeo,Bombeo,En curso,RdD,
PENINSULAR,Peninsular,,,,,,potencia_instalada,bombeo,Bombeo,Con permisos,RdT,2966
PENINSULAR,Peninsular,,,,,,potencia_instalada,bombeo,Bombeo,Con permisos,RdD,
PENINSULAR,Peninsular,,,,,,potencia_instalada,bombeo,Bombeo,Puesta en servicio,RdT,5454.03
PENINSULAR,Peninsular,,,,,,potencia_instalada,bombeo,Bombeo,Puesta en servicio,RdD,
PENINSULAR,Peninsular,,,,,,potencia_instalada,otras,Otras tecnologías,En curso,RdT,5428.8
PENINSULAR,Peninsular,,,,,,potencia_instalada,otras,Otras tecnologías,En curso,RdD,41.84
PENINSULAR,Peninsular,,,,,,potencia_instalada,otras,Otras tecnologías,Con permisos,RdT,744
PENINSULAR,Peninsular,,,,,,potencia_instalada,otras,Otras tecnologías,Con permisos,RdD,742
PENINSULAR,Peninsular,,,,,,potencia_instalada,otras,Otras tecnologías,Puesta en servicio,RdT,39326.38
PENINSULAR,Peninsular,,,,,,potencia_instalada,otras,Otras tecnologías,Puesta en servicio,RdD,6666.48
CCAA,Andalucía,,,,,,capacidad_acceso,eolica,Eólica,En curso,RdT,10794.47
CCAA,Andalucía,,,,,,capacidad_acceso,eolica,Eólica,En curso,RdD,1862.25
CCAA,Andalucía,,,,,,capacidad_acceso,eolica,Eólica,Con permisos,RdT,12398
CCAA,Andalucía,,,,,,capacidad_acceso,eolica,Eólica,Con permisos,RdD,3876
CCAA,Andalucía,,,,,,capacidad_acceso,eolica,Eólica,Puesta en servicio,RdT,14888.38
CCAA,Andalucía,,,,,,capacidad_acceso,eolica,Eólica,Puesta en servicio,RdD,8985.89
CCAA,Andalucía,,,,,,capacidad_acceso,fotovoltaica,Fotovoltaica,En curso,RdT,7981.95
CCAA,Andalucía,,,,,,capacidad_acceso,fotovoltaica,Fotovoltaica,En curso,RdD,5389.35
CCAA,Andalucía,,,,,,capacidad_acceso,fotovoltaica,Fotovoltaica,Con permisos,RdT,32969
CCAA,Andalucía,,,,,,capacidad_acceso,fotovoltaica,Fotovoltaica,Con permisos,RdD,12711
CCAA,Andalucía,,,,,,capacidad_acceso,fotovoltaica,Fotovoltaica,Puesta en servicio,RdT,13546.82
CCAA,Andalucía,,,,,,capacidad_acceso,fotovoltaica,Fotovoltaica,Puesta en servicio,RdD,10102.23
CCAA,Andalucía,,,,,,capacidad_acceso,almacenamiento,Baterías,En curso,RdT,9815.0
CCAA,Andalucía,,,,,,capacidad_acceso,almacenamiento,Baterías,En curso,RdD,3431.22
CCAA,Andalucía,,,,,,capacidad_acceso,almacenamiento,Baterías,Con permisos,RdT,5078
CCAA,Andalucía,,,,,,capacidad_acceso,almacenamiento,Baterías,Con permisos,RdD,5909
CCAA,Andalucía,,,,,,capacidad_acceso,almacenamiento,Baterías,Puesta en servicio,RdT,
CCAA,Andalucía,,,,,,capacidad_acceso,almacenamiento,Baterías,Puesta en servicio,RdD,12.15
CCAA,Andalucía,,,,,,capacidad_acceso,hibridacion,Hibridación,En curso,RdT,1653.71
CCAA,Andalucía,,,,,,capacidad_acceso,hibridacion,Hibridación,En curso,RdD,178.18
CCAA,Andalucía,,,,,,capacidad_acceso,hibridacion,Hibridación,Con permisos,RdT,10134
CCAA,Andalucía,,,,,,capacidad_acceso,hibridacion,Hibridación,Con permisos,RdD,1484
CCAA,Andalucía,,,,,,capacidad_acceso,hibridacion,Hibridación,Puesta en servicio,RdT,22199.75
CCAA,Andalucía,,,,,,capacidad_acceso,hibridacion,Hibridación,Puesta en servicio,RdD,3131.03
CCAA,Andalucía,,,,,,capacidad_acceso,termosolar,Termosolar,Con permisos,RdT,
CCAA,Andalucía,,,,,,capacidad_acceso,termosolar,Termosolar,Con permisos,RdD,50
CCAA,Andalucía,,,,,,capacidad_acceso,termosolar,Termosolar,Puesta en servicio,RdT,1147.0
CCAA,Andalucía,,,,,,capacidad_acceso,termosolar,Termosolar,Puesta en servicio,RdD,520.5
CCAA,Andalucía,,,,,,capacidad_acceso,hidraulica,Hidráulica,Con permisos,RdT,191
CCAA,Andalucía,,,,,,capacidad_acceso,hidraulica,Hidráulica,Con permisos,RdD,48
CCAA,Andalucía,,,,,,capacidad_acceso,hidraulica,Hidráulica,Puesta en servicio,RdT,6402.18
CCAA,Andalucía,,,,,,capacidad_acceso,hidraulica,Hidráulica,Puesta en servicio,RdD,6022.6
CCAA,Andalucía,,,,,,capacidad_acceso,bombeo,Bombeo,En curso,RdT,1009
CCAA,Andalucía,,,,,,capacidad_acceso,bombeo,Bombeo,En curso,RdD,
CCAA,Andalucía,,,,,,capacidad_acceso,bombeo,Bombeo,Con permisos,RdT,3356
CCAA,Andalucía,,,,,,capacidad_acceso,bombeo,Bombeo,Con permisos,RdD,
CCAA,Andalucía,,,,,,capacidad_acceso,bombeo,Bombeo,Puesta en servicio,RdT,5377.85
CCAA,Andalucía,,,,,,capacidad_acceso,bombeo,Bombeo,Puesta en servicio,RdD,
CCAA,Andalucía,,,,,,capacidad_acceso,otras,Otras tecnologías,En curso,RdT,4570.06
CCAA,Andalucía,,,,,,capacidad_acceso,otras,Otras tecnologías,En curso,RdD,55.82
CCAA,Andalucía,,,,,,capacidad_acceso,otras,Otras tecnologías,Con permisos,RdT,249
CCAA,Andalucía,,,,,,capacidad_acceso,otras,Otras tecnologías,Con permisos,RdD,516
CCAA,Andalucía,,,,,,capacidad_acceso,otras,Otras tecnologías,Puesta en servicio,RdT,35351.69
CCAA,Andalucía,,,,,,capacidad_acceso,otras,Otras tecnologías,Puesta en servicio,RdD,6287.3
CCAA,Andalucía,,,,,,potencia_instalada,eolica,Eólica,En curso,RdT,11622.2
CCAA,Andalucía,,,,,,potencia_instalada,eolica,Eólica,En curso,RdD,1982.29
CCAA,Andalucía,,,,,,potencia_instalada,eolica,Eólica,Con permisos,RdT,18308
CCAA,Andalucía,,,,,,potencia_instalada,eolica,Eólica,Con permisos,RdD,4927
CCAA,Andalucía,,,,,,potencia_instalada,eolica,Eólica,Puesta en servicio,RdT,22329.22
CCAA,Andalucía,,,,,,potencia_instalada,eolica,Eólica,Puesta en servicio,RdD,10223.85
CCAA,Andalucía,,,,,,potencia_instalada,fotovoltaica,Fotovoltaica,En curso,RdT,10227.14
CCAA,Andalucía,,,,,,potencia_instalada,fotovoltaica,Fotovoltaica,En curso,RdD,5853.34
CCAA,Andalucía,,,,,,potencia_instalada,fotovoltaica,Fotovoltaica,Con permisos,RdT,51668
CCAA,Andalucía,,,,,,potencia_instalada,fotovoltaica,Fotovoltaica,Con permisos,RdD,16275
CCAA,Andalucía,,,,,,potencia_instalada,fotovoltaica,Fotovoltaica,Puesta en servicio,RdT,30612.0
CCAA,Andalucía,,,,,,potencia_instalada,fotovoltaica,Fotovoltaica,Puesta en servicio,RdD,12991.75
CCAA,Andalucía,,,,,,potencia_instalada,almacenamiento,Baterías,En curso,RdT,10251.6
CCAA,Andalucía,,,,,,potencia_instalada,almacenamiento,Baterías,En curso,RdD,3716.54
CCAA,Andalucía,,,,,,potencia_instalada,almacenamiento,Baterías,Con permisos,RdT,20045
CCAA,Andalucía,,,,,,potencia_instalada,almacenamiento,Baterías,Con permisos,RdD,8263
CCAA,Andalucía,,,,,,potencia_instalada,almacenamiento,Baterías,Puesta en servicio,RdT,140.38
CCAA,Andalucía,,,,,,potencia_instalada,almacenamiento,Baterías,Puesta en servicio,RdD,80.04
CCAA,Andalucía,,,,,,potencia_instalada,termosolar,Termosolar,Con permisos,RdT,
CCAA,Andalucía,,,,,,potencia_instalada,termosolar,Termosolar,Con permisos,RdD,81
CCAA,Andalucía,,,,,,potencia_instalada,termosolar,Termosolar,Puesta en servicio,RdT,1698.6
CCAA,Andalucía,,,,,,potencia_instalada,termosolar,Termosolar,Puesta en servicio,RdD,570.5
CCAA,Andalucía,,,,,,potencia_instalada,hidraulica,Hidráulica,En curso,RdT,
CCAA,Andalucía,,,,,,potencia_instalada,hidraulica,Hidráulica,En curso,RdD,15.2
CCAA,Andalucía,,,,,,potencia_instalada,hidraulica,Hidráulica,Con permisos,RdT,495
CCAA,Andalucía,,,,,,potencia_instalada,hidraulica,Hidráulica,Con permisos,RdD,100
CCAA,Andalucía,,,,,,potencia_instalada,hidraulica,Hidráulica,Puesta en servicio,RdT,6908.14
CCAA,Andalucía,,,,,,potencia_instalada,hidraulica,Hidráulica,Puesta en servicio,RdD,6029.68
CCAA,Andalucía,,,,,,potencia_instalada,bombeo,Bombeo,En curso,RdT,1009
CCAA,Andalucía,,,,,,potencia_instalada,bombeo,Bombeo,En curso,RdD,
CCAA,Andalucía,,,,,,potencia_instalada,bombeo,Bombeo,Con permisos,RdT,2966
CCAA,Andalucía,,,,,,potencia_instalada,bombeo,Bombeo,Con permisos,RdD,
CCAA,Andalucía,,,,,,potencia_instalada,bombeo,Bombeo,Puesta en servicio,RdT,5454.03
CCAA,Andalucía,,,,,,potencia_instalada,bombeo,Bombeo,Puesta en servicio,RdD,
CCAA,Andalucía,,,,,,potencia_instalada,otras,Otras tecnologías,En curso,RdT,5428.8
CCAA,Andalucía,,,,,,potencia_instalada,otras,Otras tecnologías,En curso,RdD,41.84
CCAA,Andalucía,,,,,,potencia_instalada,otras,Otras tecnologías,Con permisos,RdT,744
CCAA,Andalucía,,,,,,potencia_instalada,otras,Otras tecnologías,Con permisos,RdD,742
CCAA,Andalucía,,,,,,potencia_instalada,otras,Otras tecnologías,Puesta en servicio,RdT,39326.38
CCAA,Andalucía,,,,,,potencia_instalada,otras,Otras tecnologías,Puesta en servicio,RdD,6666.48
CCAA,Aragón,,,,,,capacidad_acceso,eolica,Eólica,En curso,RdT,10794.47
CCAA,Aragón,,,,,,capacidad_acceso,eolica,Eólica,En curso,RdD,1862.25
CCAA,Aragón,,,,,,capacidad_acceso,eolica,Eólica,Con permisos,RdT,12398
CCAA,Aragón,,,,,,capacidad_acceso,eolica,Eólica,Con permisos,RdD,3876
CCAA,Aragón,,,,,,capacidad_acceso,eolica,Eólica,Puesta en servicio,RdT,14888.38
CCAA,Aragón,,,,,,capacidad_acceso,eolica,Eólica,Puesta en servicio,RdD,8985.89
CCAA,Aragón,,,,,,capacidad_acceso,fotovoltaica,Fotovoltaica,En curso,RdT,7981.95
CCAA,Aragón,,,,,,capacidad_acceso,fotovoltaica,Fotovoltaica,En curso,RdD,5389.35
CCAA,Aragón,,,,,,capacidad_acceso,fotovoltaica,Fotovoltaica,Con permisos,RdT,32969
CCAA,Aragón,,,,,,capacidad_acceso,fotovoltaica,Fotovoltaica,Con permisos,RdD,12711
CCAA,Aragón,,,,,,capacidad_acceso,fotovoltaica,Fotovoltaica,Puesta en servicio,RdT,13546.82
CCAA,Aragón,,,,,,capacidad_acceso,fotovoltaica,Fotovoltaica,Puesta en servicio,RdD,10102.23
CCAA,Aragón,,,,,,capacidad_acceso,almacenamiento,Baterías,En curso,RdT,9815.0
CCAA,Aragón,,,,,,capacidad_acceso,almacenamiento,Baterías,En curso,RdD,3431.22
CCAA,Aragón,,,,,,capacidad_acceso,almacenamiento,Baterías,Con permisos,RdT,5078
CCAA,Aragón,,,,,,capacidad_acceso,almacenamiento,Baterías,Con permisos,RdD,5909
CCAA,Aragón,,,,,,capacidad_acceso,almacenamiento,Baterías,Puesta en servicio,RdT,
CCAA,Aragón,,,,,,capacidad_acceso,almacenamiento,Baterías,Puesta en servicio,RdD,12.15
CCAA,Aragón,,,,,,capacidad_acceso,hibridacion,Hibridación,En curso,RdT,1653.71
CCAA,Aragón,,,,,,capacidad_acceso,hibridacion,Hibridación,En curso,RdD,178.18
CCAA,Aragón,,,,,,capacidad_acceso,hibridacion,Hibridación,Con permisos,RdT,10134
CCAA,Aragón,,,,,,capacidad_acceso,hibridacion,Hibridación,Con permisos,RdD,1484
CCAA,Aragón,,,,,,capacidad_acceso,hibridacion,Hibridación,Puesta en servicio,RdT,22199.75
CCAA,Aragón,,,,,,capacidad_acceso,hibridacion,Hibridación,Puesta en servicio,RdD,3131.03
CCAA,Aragón,,,,,,capacidad_acceso,termosolar,Termosolar,Con permisos,RdT,
CCAA,Aragón,,,,,,capacidad_acceso,termosolar,Termosolar,Con permisos,RdD,50
CCAA,Aragón,,,,,,capacidad_acceso,termosolar,Termosolar,Puesta en servicio,RdT,1147.0
CCAA,Aragón,,,,,,capacidad_acceso,termosolar,Termosolar,Puesta en servicio,RdD,520.5
CCAA,Aragón,,,,,,capacidad_acceso,hidraulica,Hidráulica,Con permisos,RdT,191
CCAA,Aragón,,,,,,capacidad_acceso,hidraulica,Hidráulica,Con permisos,RdD,48
CCAA,Aragón,,,,,,capacidad_acceso,hidraulica,Hidráulica,Puesta en servicio,RdT,6402.18
CCAA,Aragón,,,,,,capacidad_acceso,hidraulica,Hidráulica,Puesta en servicio,RdD,6022.6
CCAA,Aragón,,,,,,capacidad_acceso,bombeo,Bombeo,En curso,RdT,1009
CCAA,Aragón,,,,,,capacidad_acceso,bombeo,Bombeo,En curso,RdD,
CCAA,Aragón,,,,,,capacidad_acceso,bombeo,Bombeo,Con permisos,RdT,3356
CCAA,Aragón,,,,,,capacidad_acceso,bombeo,Bombeo,Con permisos,RdD,
CCAA,Aragón,,,,,,capacidad_acceso,bombeo,Bombeo,Puesta en servicio,RdT,5377.85
CCAA,Aragón,,,,,,capacidad_acceso,bombeo,Bombeo,Puesta en servicio,RdD,
CCAA,Aragón,,,,,,capacidad_acceso,otras,Otras tecnologías,En curso,RdT,4570.06
CCAA,Aragón,,,,,,capacidad_acceso,otras,Otras tecnologías,En curso,RdD,55.82
CCAA,Aragón,,,,,,capacidad_acceso,otras,Otras tecnologías,Con permisos,RdT,249
CCAA,Aragón,,,,,,capacidad_acceso,otras,Otras tecnologías,Con permisos,RdD,516
CCAA,Aragón,,,,,,capacidad_acceso,otras,Otras tecnologías,Puesta en servicio,RdT,35351.69
CCAA,Aragón,,,,,,capacidad_acceso,otras,Otras tecnologías,Puesta en servicio,RdD,6287.3
CCAA,Aragón,,,,,,potencia_instalada,eolica,Eólica,En curso,RdT,11622.2
CCAA,Aragón,,,,,,potencia_instalada,eolica,Eólica,En curso,RdD,1982.29
CCAA,Aragón,,,,,,potencia_instalada,eolica,Eólica,Con permisos,RdT,18308
CCAA,Aragón,,,,,,potencia_instalada,eolica,Eólica,Con permisos,RdD,4927
CCAA,Aragón,,,,,,potencia_instalada,eolica,Eólica,Puesta en servicio,RdT,22329.22
CCAA,Aragón,,,,,,potencia_instalada,eolica,Eólica,Puesta en servicio,RdD,10223.85
CCAA,Aragón,,,,,,potencia_instalada,fotovoltaica,Fotovoltaica,En curso,RdT,10227.14
CCAA,Aragón,,,,,,potencia_instalada,fotovoltaica,Fotovoltaica,En curso,RdD,5853.34
CCAA,Aragón,,,,,,potencia_instalada,fotovoltaica,Fotovoltaica,Con permisos,RdT,51668
CCAA,Aragón,,,,,,potencia_instalada,fotovoltaica,Fotovoltaica,Con permisos,RdD,16275
CCAA,Aragón,,,,,,potencia_instalada,fotovoltaica,Fotovoltaica,Puesta en servicio,RdT,30612.0
CCAA,Aragón,,,,,,potencia_instalada,fotovoltaica,Fotovoltaica,Puesta en servicio,RdD,12991.75
CCAA,Aragón,,,,,,potencia_instalada,almacenamiento,Baterías,En curso,RdT,10251.6
CCAA,Aragón,,,,,,potencia_instalada,almacenamiento,Baterías,En curso,RdD,3716.54
CCAA,Aragón,,,,,,potencia_instalada,almacenamiento,Baterías,Con permisos,RdT,20045
CCAA,Aragón,,,,,,potencia_instalada,almacenamiento,Baterías,Con permisos,RdD,8263
CCAA,Aragón,,,,,,potencia_instalada,almacenamiento,Baterías,Puesta en servicio,RdT,140.38
CCAA,Aragón,,,,,,potencia_instalada,almacenamiento,Baterías,Puesta en servicio,RdD,80.04
CCAA,Aragón,,,,,,potencia_instalada,termosolar,Termosolar,Con permisos,RdT,
CCAA,Aragón,,,,,,potencia_instalada,termosolar,Termosolar,Con permisos,RdD,81
CCAA,Aragón,,,,,,potencia_instalada,termosolar,Termosolar,Puesta en servicio,RdT,1698.6
CCAA,Aragón,,,,,,potencia_instalada,termosolar,Termosolar,Puesta en servicio,RdD,570.5
CCAA,Aragón,,,,,,potencia_instalada,hidraulica,Hidráulica,En curso,RdT,
CCAA,Aragón,,,,,,potencia_instalada,hidraulica,Hidráulica,En curso,RdD,15.2
CCAA,Aragón,,,,,,potencia_instalada,hidraulica,Hidráulica,Con permisos,RdT,495
CCAA,Aragón,,,,,,potencia_instalada,hidraulica,Hidráulica,Con permisos,RdD,100
CCAA,Aragón,,,,,,potencia_instalada,hidraulica,Hidráulica,Puesta en servicio,RdT,6908.14
CCAA,Aragón,,,,,,potencia_instalada,hidraulica,Hidráulica,Puesta en servicio,RdD,6029.68
CCAA,Aragón,,,,,,potencia_instalada,bombeo,Bombeo,En curso,RdT,1009
CCAA,Aragón,,,,,,potencia_instalada,bombeo,Bombeo,En curso,RdD,
CCAA,Aragón,,,,,,potencia_instalada,bombeo,Bombeo,Con permisos,RdT,2966
CCAA,Aragón,,,,,,potencia_instalada,bombeo,Bombeo,Con permisos,RdD,
CCAA,Aragón,,,,,,potencia_instalada,bombeo,Bombeo,Puesta en servicio,RdT,5454.03
CCAA,Aragón,,,,,,potencia_instalada,bombeo,Bombeo,Puesta en servicio,RdD,
CCAA,Aragón,,,,,,potencia_instalada,otras,Otras tecnologías,En curso,RdT,5428.8
CCAA,Aragón,,,,,,potencia_instalada,otras,Otras tecnologías,En curso,RdD,41.84
CCAA,Aragón,,,,,,potencia_instalada,otras,Otras tecnologías,Con permisos,RdT,744
CCAA,Aragón,,,,,,potencia_instalada,otras,Otras tecnologías,Con permisos,RdD,742
CCAA,Aragón,,,,,,potencia_instalada,otras,Otras tecnologías,Puesta en servicio,RdT,39326.38
CCAA,Aragón,,,,,,potencia_instalada,otras,Otras tecnologías,Puesta en servicio,RdD,6666.48
CCAA,Asturias,,,,,,capacidad_acceso,eolica,Eólica,En curso,RdT,10794.47
CCAA,Asturias,,,,,,capacidad_acceso,eolica,Eólica,En curso,RdD,1862.25
CCAA,Asturias,,,,,,capacidad_acceso,eolica,Eólica,Con permisos,RdT,12398
CCAA,Asturias,,,,,,capacidad_acceso,eolica,Eólica,Con permisos,RdD,3876
CCAA,Asturias,,,,,,capacidad_acceso,eolica,Eólica,Puesta en servicio,RdT,14888.38
CCAA,Asturias,,,,,,capacidad_acceso,eolica,Eólica,Puesta en servicio,RdD,8985.89
CCAA,Asturias,,,,,,capacidad_acceso,fotovoltaica,Fotovoltaica,En curso,RdT,7981.95
CCAA,Asturias,,,,,,capacidad_acceso,fotovoltaica,Fotovoltaica,En curso,RdD,5389.35
CCAA,Asturias,,,,,,capacidad_acceso,fotovoltaica,Fotovoltaica,Con permisos,RdT,32969
CCAA,Asturias,,,,,,capacidad_acceso,fotovoltaica,Fotovoltaica,Con permisos,RdD,12711
CCAA,Asturias,,,,,,capacidad_acceso,fotovoltaica,Fotovoltaica,Puesta en servicio,RdT,13546.82
CCAA,Asturias,,,,,,capacidad_acceso,fotovoltaica,Fotovoltaica,Puesta en servicio,RdD,10102.23
CCAA,Asturias,,,,,,capacidad_acceso,almacenamiento,Baterías,En curso,RdT,9815.0
CCAA,Asturias,,,,,,capacidad_acceso,almacenamiento,Baterías,En curso,RdD,3431.22
CCAA,Asturias,,,,,,capacidad_acceso,almacenamiento,Baterías,Con permisos,RdT,5078
CCAA,Asturias,,,,,,capacidad_acceso,almacenamiento,Baterías,Con permisos,RdD,5909
CCAA,Asturias,,,,,,capacidad_acceso,almacenamiento,Baterías,Puesta en servicio,RdT,
CCAA,Asturias,,,,,,capacidad_acceso,almacenamiento,Baterías,Puesta en servicio,RdD,12.15
CCAA,Asturias,,,,,,capacidad_acceso,hibridacion,Hibridación,En curso,RdT,1653.71
CCAA,Asturias,,,,,,capacidad_acceso,hibridacion,Hibridación,En curso,RdD,178.18
CCAA,Asturias,,,,,,capacidad_acceso,hibridacion,Hibridación,Con permisos,RdT,10134
CCAA,Asturias,,,,,,capacidad_acceso,hibridacion,Hibridación,Con permisos,RdD,1484
CCAA,Asturias,,,,,,capacidad_acceso,hibridacion,Hibridación,Puesta en servicio,RdT,22199.75
CCAA,Asturias,,,,,,capacidad_acceso,hibridacion,Hibridación,Puesta en servicio,RdD,3131.03
CCAA,Asturias,,,,,,capacidad_acceso,termosolar,Termosolar,Con permisos,RdT,
CCAA,Asturias,,,,,,capacidad_acceso,termosolar,Termosolar,Con permisos,RdD,50
CCAA,Asturias,,,,,,capacidad_acceso,termosolar,Termosolar,Puesta en servicio,RdT,1147.0
CCAA,Asturias,,,,,,capacidad_acceso,termosolar,Termosolar,Puesta en servicio,RdD,520.5
CCAA,Asturias,,,,,,capacidad_acceso,hidraulica,Hidráulica,Con permisos,RdT,191
CCAA,Asturias,,,,,,capacidad_acceso,hidraulica,Hidráulica,Con permisos,RdD,48
CCAA,Asturias,,,,,,capacidad_acceso,hidraulica,Hidráulica,Puesta en servicio,RdT,6402.18
CCAA,Asturias,,,,,,capacidad_acceso,hidraulica,Hidráulica,Puesta en servicio,RdD,6022.6
CCAA,Asturias,,,,,,capacidad_acceso,bombeo,Bombeo,En curso,RdT,1009
CCAA,Asturias,,,,,,capacidad_acceso,bombeo,Bombeo,En curso,RdD,
CCAA,Asturias,,,,,,capacidad_acceso,bombeo,Bombeo,Con permisos,RdT,3356
CCAA,Asturias,,,,,,capacidad_acceso,bombeo,Bombeo,Con permisos,RdD,
CCAA,Asturias,,,,,,capacidad_acceso,bombeo,Bombeo,Puesta en servicio,RdT,5377.85
CCAA,Asturias,,,,,,capacidad_acceso,bombeo,Bombeo,Puesta en servicio,RdD,
CCAA,Asturias,,,,,,capacidad_acceso,otras,Otras tecnologías,En curso,RdT,4570.06
CCAA,Asturias,,,,,,capacidad_acceso,otras,Otras tecnologías,En curso,RdD,55.82
CCAA,Asturias,,,,,,capacidad_acceso,otras,Otras tecnologías,Con permisos,RdT,249
CCAA,Asturias,,,,,,capacidad_acceso,otras,Otras tecnologías,Con permisos,RdD,516
CCAA,Asturias,,,,,,capacidad_acceso,otras,Otras tecnologías,Puesta en servicio,RdT,35351.69
CCAA,Asturias,,,,,,capacidad_acceso,otras,Otras tecnologías,Puesta en servicio,RdD,6287.3
CCAA,Asturias,,,,,,potencia_instalada,eolica,Eólica,En curso,RdT,11622.2
CCAA,Asturias,,,,,,potencia_instalada,eolica,Eólica,En curso,RdD,1982.29
CCAA,Asturias,,,,,,potencia_instalada,eolica,Eólica,Con permisos,RdT,18308
CCAA,Asturias,,,,,,potencia_instalada,eolica,Eólica,Con permisos,RdD,4927
CCAA,Asturias,,,,,,potencia_instalada,eolica,Eólica,Puesta en servicio,RdT,22329.22
CCAA,Asturias,,,,,,potencia_instalada,eolica,Eólica,Puesta en servicio,RdD,10223.85
CCAA,Asturias,,,,,,potencia_instalada,fotovoltaica,Fotovoltaica,En curso,RdT,10227.14
CCAA,Asturias,,,,,,potencia_instalada,fotovoltaica,Fotovoltaica,En curso,RdD,5853.34
CCAA,Asturias,,,,,,potencia_instalada,fotovoltaica,Fotovoltaica,Con permisos,RdT,51668
CCAA,Asturias,,,,,,potencia_instalada,fotovoltaica,Fotovoltaica,Con permisos,RdD,16275
CCAA,Asturias,,,,,,potencia_instalada,fotovoltaica,Fotovoltaica,Puesta en servicio,RdT,30612.0
CCAA,Asturias,,,,,,potencia_instalada,fotovoltaica,Fotovoltaica,Puesta en servicio,RdD,12991.75
CCAA,Asturias,,,,,,potencia_instalada,almacenamiento,Baterías,En curso,RdT,10251.6
CCAA,Asturias,,,,,,potencia_instalada,almacenamiento,Baterías,En curso,RdD,3716.54
CCAA,Asturias,,,,,,potencia_instalada,almacenamiento,Baterías,Con permisos,RdT,20045
CCAA,Asturias,,,,,,potencia_instalada,almacenamiento,Baterías,Con permisos,RdD,8263
CCAA,Asturias,,,,,,potencia_instalada,almacenamiento,Baterías,Puesta en servicio,RdT,140.38
CCAA,Asturias,,,,,,potencia_instalada,almacenamiento,Baterías,Puesta en servicio,RdD,80.04
CCAA,Asturias,,,,,,potencia_instalada,termosolar,Termosolar,Con permisos,RdT,
CCAA,Asturias,,,,,,potencia_instalada,termosolar,Termosolar,Con permisos,RdD,81
CCAA,Asturias,,,,,,potencia_instalada,termosolar,Termosolar,Puesta en servicio,RdT,1698.6
CCAA,Asturias,,,,,,potencia_instalada,termosolar,Termosolar,Puesta en servicio,RdD,570.5
CCAA,Asturias,,,,,,potencia_instalada,hidraulica,Hidráulica,En curso,RdT,
CCAA,Asturias,,,,,,potencia_instalada,hidraulica,Hidráulica,En curso,RdD,15.2
CCAA,Asturias,,,,,,potencia_instalada,hidraulica,Hidráulica,Con permisos,RdT,495
CCAA,Asturias,,,,,,potencia_instalada,hidraulica,Hidráulica,Con permisos,RdD,100
CCAA,Asturias,,,,,,potencia_instalada,hidraulica,Hidráulica,Puesta en servicio,RdT,6908.14
CCAA,Asturias,,,,,,potencia_instalada,hidraulica,Hidráulica,Puesta en servicio,RdD,6029.68
CCAA,Asturias,,,,,,potencia_instalada,bombeo,Bombeo,En curso,RdT,1009
CCAA,Asturias,,,,,,potencia_instalada,bombeo,Bombeo,En curso,RdD,
CCAA,Asturias,,,,,,potencia_instalada,bombeo,Bombeo,Con permisos,RdT,2966
CCAA,Asturias,,,,,,potencia_instalada,bombeo,Bombeo,Con permisos,RdD,
CCAA,Asturias,,,,,,potencia_instalada,bombeo,Bombeo,Puesta en servicio,RdT,5454.03
CCAA,Asturias,,,,,,potencia_instalada,bombeo,Bombeo,Puesta en servicio,RdD,
CCAA,Asturias,,,,,,potencia_instalada,otras,Otras tecnologías,En curso,RdT,5428.8
CCAA,Asturias,,,,,,potencia_instalada,otras,Otras tecnologías,En curso,RdD,41.84
CCAA,Asturias,,,,,,potencia_instalada,otras,Otras tecnologías,Con permisos,RdT,744
CCAA,Asturias,,,,,,potencia_instalada,otras,Otras tecnologías,Con permisos,RdD,742
CCAA,Asturias,,,,,,potencia_instalada,otras,Otras tecnologías,Puesta en servicio,RdT,39326.38
CCAA,Asturias,,,,,,potencia_instalada,otras,Otras tecnologías,Puesta en servicio,RdD,6666.48
CCAA,Canarias,,,,,,capacidad_acceso,eolica,Eólica,En curso,RdT,10794.47
CCAA,Canarias,,,,,,capacidad_acceso,eolica,Eólica,En curso,RdD,1862.25
CCAA,Canarias,,,,,,capacidad_acceso,eolica,Eólica,Con permisos,RdT,12398
CCAA,Canarias,,,,,,capacidad_acceso,eolica,Eólica,Con permisos,RdD,3876
CCAA,Canarias,,,,,,capacidad_acceso,eolica,Eólica,Puesta en servicio,RdT,14888.38
CCAA,Canarias,,,,,,capacidad_acceso,eolica,Eólica,Puesta en servicio,RdD,8985.89
CCAA,Canarias,,,,,,capacidad_acceso,fotovoltaica,Fotovoltaica,En curso,RdT,7981.95
CCAA,Canarias,,,,,,capacidad_acceso,fotovoltaica,Fotovoltaica,En curso,RdD,5389.35
CCAA,Canarias,,,,,,capacidad_acceso,fotovoltaica,Fotovoltaica,Con permisos,RdT,32969
CCAA,Canarias,,,,,,capacidad_acceso,fotovoltaica,Fotovoltaica,Con permisos,RdD,12711
CCAA,Canarias,,,,,,capacidad_acceso,fotovoltaica,Fotovoltaica,Puesta en servicio,RdT,13546.82
CCAA,Canarias,,,,,,capacidad_acceso,fotovoltaica,Fotovoltaica,Puesta en servicio,RdD,10102.23
CCAA,Canarias,,,,,,capacidad_acceso,almacenamiento,Baterías,En curso,RdT,9815.0
CCAA,Canarias,,,,,,capacidad_acceso,almacenamiento,Baterías,En curso,RdD,3431.22
CCAA,Canarias,,,,,,capacidad_acceso,almacenamiento,Baterías,Con permisos,RdT,5078
CCAA,Canarias,,,,,,capacidad_acceso,almacenamiento,Baterías,Con permisos,RdD,5909
CCAA,Canarias,,,,,,capacidad_acceso,almacenamiento,Baterías,Puesta en servicio,RdT,
CCAA,Canarias,,,,,,capacidad_acceso,almacenamiento,Baterías,Puesta en servicio,RdD,12.15
CCAA,Canarias,,,,,,capacidad_acceso,hibridacion,Hibridación,En curso,RdT,1653.71
CCAA,Canarias,,,,,,capacidad_acceso,hibridacion,Hibridación,En curso,RdD,178.18
CCAA,Canarias,,,,,,capacidad_acceso,hibridacion,Hibridación,Con permisos,RdT,10134
CCAA,Canarias,,,,,,capacidad_acceso,hibridacion,Hibridación,Con permisos,RdD,1484
CCAA,Canarias,,,,,,capacidad_acceso,hibridacion,Hibridación,Puesta en servicio,RdT,22199.75
CCAA,Canarias,,,,,,capacidad_acceso,hibridacion,Hibridación,Puesta en servicio,RdD,3131.03
CCAA,Canarias,,,,,,capacidad_acceso,termosolar,Termosolar,Con permisos,RdT,
CCAA,Canarias,,,,,,capacidad_acceso,termosolar,Termosolar,Con permisos,RdD,50
CCAA,Canarias,,,,,,capacidad_acceso,termosolar,Termosolar,Puesta en servicio,RdT,1147.0
CCAA,Canarias,,,,,,capacidad_acceso,termosolar,Termosolar,Puesta en servicio,RdD,520.5
CCAA,Canarias,,,,,,capacidad_acceso,hidraulica,Hidráulica,Con permisos,RdT,191
CCAA,Canarias,,,,,,capacidad_acceso,hidraulica,Hidráulica,Con permisos,RdD,48
CCAA,Canarias,,,,,,capacidad_acceso,hidraulica,Hidráulica,Puesta en servicio,RdT,6402.18
CCAA,Canarias,,,,,,capacidad_acceso,hidraulica,Hidráulica,Puesta en servicio,RdD,6022.6
CCAA,Canarias,,,,,,capacidad_acceso,bombeo,Bombeo,En curso,RdT,1009
CCAA,Canarias,,,,,,capacidad_acceso,bombeo,Bombeo,En curso,RdD,
CCAA,Canarias,,,,,,capacidad_acceso,bombeo,Bombeo,Con permisos,RdT,3356
CCAA,Canarias,,,,,,capacidad_acceso,bombeo,Bombeo,Con permisos,RdD,
CCAA,Canarias,,,,,,capacidad_acceso,bombeo,Bombeo,Puesta en servicio,RdT,5377.85
CCAA,Canarias,,,,,,capacidad_acceso,bombeo,Bombeo,Puesta en servicio,RdD,
CCAA,Canarias,,,,,,capacidad_acceso,otras,Otras tecnologías,En curso,RdT,4570.06
CCAA,Canarias,,,,,,capacidad_acceso,otras,Otras tecnologías,En curso,RdD,55.82
CCAA,Canarias,,,,,,capacidad_acceso,otras,Otras tecnologías,Con permisos,RdT,249
CCAA,Canarias,,,,,,capacidad_acceso,otras,Otras tecnologías,Con permisos,RdD,516
CCAA,Canarias,,,,,,capacidad_acceso,otras,Otras tecnologías,Puesta en servicio,RdT,35351.69
CCAA,Canarias,,,,,,capacidad_acceso,otras,Otras tecnologías,Puesta en servicio,RdD,6287.3
CCAA,Canarias,,,,,,potencia_instalada,eolica,Eólica,En curso,RdT,11622.2
CCAA,Canarias,,,,,,potencia_instalada,eolica,Eólica,En curso,RdD,1982.29
CCAA,Canarias,,,,,,potencia_instalada,eolica,Eólica,Con permisos,RdT,18308
CCAA,Canarias,,,,,,potencia_instalada,eolica,Eólica,Con permisos,RdD,4927
CCAA,Canarias,,,,,,potencia_instalada,eolica,Eólica,Puesta en servicio,RdT,22329.22
CCAA,Canarias,,,,,,potencia_instalada,eolica,Eólica,Puesta en servicio,RdD,10223.85
CCAA,Canarias,,,,,,potencia_instalada,fotovoltaica,Fotovoltaica,En curso,RdT,10227.14
CCAA,Canarias,,,,,,potencia_instalada,fotovoltaica,Fotovoltaica,En curso,RdD,5853.34
CCAA,Canarias,,,,,,potencia_instalada,fotovoltaica,Fotovoltaica,Con permisos,RdT,51668
CCAA,Canarias,,,,,,potencia_instalada,fotovoltaica,Fotovoltaica,Con permisos,RdD,16275
CCAA,Canarias,,,,,,potencia_instalada,fotovoltaica,Fotovoltaica,Puesta en servicio,RdT,30612.0
CCAA,Canarias,,,,,,potencia_instalada,fotovoltaica,Fotovoltaica,Puesta en servicio,RdD,12991.75
CCAA,Canarias,,,,,,potencia_instalada,almacenamiento,Baterías,En curso,RdT,10251.6
CCAA,Canarias,,,,,,potencia_instalada,almacenamiento,Baterías,En curso,RdD,3716.54
CCAA,Canarias,,,,,,potencia_instalada,almacenamiento,Baterías,Con permisos,RdT,20045
CCAA,Canarias,,,,,,potencia_instalada,almacenamiento,Baterías,Con permisos,RdD,8263
CCAA,Canarias,,,,,,potencia_instalada,almacenamiento,Baterías,Puesta en servicio,RdT,140.38
CCAA,Canarias,,,,,,potencia_instalada,almacenamiento,Baterías,Puesta en servicio,RdD,80.04
CCAA,Canarias,,,,,,potencia_instalada,termosolar,Termosolar,Con permisos,RdT,
CCAA,Canarias,,,,,,potencia_instalada,termosolar,Termosolar,Con permisos,RdD,81
CCAA,Canarias,,,,,,potencia_instalada,termosolar,Termosolar,Puesta en servicio,RdT,1698.6
CCAA,Canarias,,,,,,potencia_instalada,termosolar,Termosolar,Puesta en servicio,RdD,570.5
CCAA,Canarias,,,,,,potencia_instalada,hidraulica,Hidráulica,En curso,RdT,
CCAA,Canarias,,,,,,potencia_instalada,hidraulica,Hidráulica,En curso,RdD,15.2
CCAA,Canarias,,,,,,potencia_instalada,hidraulica,Hidráulica,Con permisos,RdT,495
CCAA,Canarias,,,,,,potencia_instalada,hidraulica,Hidráulica,Con permisos,RdD,100
CCAA,Canarias,,,,,,potencia_instalada,hidraulica,Hidráulica,Puesta en servicio,RdT,6908.14
CCAA,Canarias,,,,,,potencia_instalada,hidraulica,Hidráulica,Puesta en servicio,RdD,6029.68
CCAA,Canarias,,,,,,potencia_instalada,bombeo,Bombeo,En curso,RdT,1009
CCAA,Canarias,,,,,,potencia_instalada,bombeo,Bombeo,En curso,RdD,
CCAA,Canarias,,,,,,potencia_instalada,bombeo,Bombeo,Con permisos,RdT,2966
CCAA,Canarias,,,,,,potencia_instalada,bombeo,Bombeo,Con permisos,RdD,
CCAA,Canarias,,,,,,potencia_instalada,bombeo,Bombeo,Puesta en servicio,RdT,5454.03
CCAA,Canarias,,,,,,potencia_instalada,bombeo,Bombeo,Puesta en servicio,RdD,
CCAA,Canarias,,,,,,potencia_instalada,otras,Otras tecnologías,En curso,RdT,5428.8
CCAA,Canarias,,,,,,potencia_instalada,otras,Otras tecnologías,En curso,RdD,41.84
CCAA,Canarias,,,,,,potencia_instalada,otras,Otras tecnologías,Con permisos,RdT,744
CCAA,Canarias,,,,,,potencia_instalada,otras,Otras tecnologías,Con permisos,RdD,742
CCAA,Canarias,,,,,,potencia_instalada,otras,Otras tecnologías,Puesta en servicio,RdT,39326.38
CCAA,Canarias,,,,,,potencia_instalada,otras,Otras tecnologías,Puesta en servicio,RdD,6666.48
CCAA,Cantabria,,,,,,capacidad_acceso,eolica,Eólica,En curso,RdT,10794.47
CCAA,Cantabria,,,,,,capacidad_acceso,eolica,Eólica,En curso,RdD,1862.25
CCAA,Cantabria,,,,,,capacidad_acceso,eolica,Eólica,Con permisos,RdT,12398
CCAA,Cantabria,,,,,,capacidad_acceso,eolica,Eólica,Con permisos,RdD,3876
CCAA,Cantabria,,,,,,capacidad_acceso,eolica,Eólica,Puesta en servicio,RdT,14888.38
CCAA,Cantabria,,,,,,capacidad_acceso,eolica,Eólica,Puesta en servicio,RdD,8985.89
CCAA,Cantabria,,,,,,capacidad_acceso,fotovoltaica,Fotovoltaica,En curso,RdT,7981.95
CCAA,Cantabria,,,,,,capacidad_acceso,fotovoltaica,Fotovoltaica,En curso,RdD,5389.35
CCAA,Cantabria,,,,,,capacidad_acceso,fotovoltaica,Fotovoltaica,Con permisos,RdT,32969
CCAA,Cantabria,,,,,,capacidad_acceso,fotovoltaica,Fotovoltaica,Con permisos,RdD,12711
CCAA,Cantabria,,,,,,capacidad_acceso,fotovoltaica,Fotovoltaica,Puesta en servicio,RdT,13546.82
CCAA,Cantabria,,,,,,capacidad_acceso,fotovoltaica,Fotovoltaica,Puesta en servicio,RdD,10102.23
CCAA,Cantabria,,,,,,capacidad_acceso,almacenamiento,Baterías,En curso,RdT,9815.0
CCAA,Cantabria,,,,,,capacidad_acceso,almacenamiento,Baterías,En curso,RdD,3431.22
CCAA,Cantabria,,,,,,capacidad_acceso,almacenamiento,Baterías,Con permisos,RdT,5078
CCAA,Cantabria,,,,,,capacidad_acceso,almacenamiento,Baterías,Con permisos,RdD,5909
CCAA,Cantabria,,,,,,capacidad_acceso,almacenamiento,Baterías,Puesta en servicio,RdT,
CCAA,Cantabria,,,,,,capacidad_acceso,almacenamiento,Baterías,Puesta en servicio,RdD,12.15
CCAA,Cantabria,,,,,,capacidad_acceso,hibridacion,Hibridación,En curso,RdT,1653.71
CCAA,Cantabria,,,,,,capacidad_acceso,hibridacion,Hibridación,En curso,RdD,178.18
CCAA,Cantabria,,,,,,capacidad_acceso,hibridacion,Hibridación,Con permisos,RdT,10134
CCAA,Cantabria,,,,,,capacidad_acceso,hibridacion,Hibridación,Con permisos,RdD,1484
CCAA,Cantabria,,,,,,capacidad_acceso,hibridacion,Hibridación,Puesta en servicio,RdT,22199.75
CCAA,Cantabria,,,,,,capacidad_acceso,hibridacion,Hibridación,Puesta en servicio,RdD,3131.03
CCAA,Cantabria,,,,,,capacidad_acceso,termosolar,Termosolar,Con permisos,RdT,
CCAA,Cantabria,,,,,,capacidad_acceso,termosolar,Termosolar,Con permisos,RdD,50
CCAA,Cantabria,,,,,,capacidad_acceso,termosolar,Termosolar,Puesta en servicio,RdT,1147.0
CCAA,Cantabria,,,,,,capacidad_acceso,termosolar,Termosolar,Puesta en servicio,RdD,520.5
CCAA,Cantabria,,,,,,capacidad_acceso,hidraulica,Hidráulica,Con permisos,RdT,191
CCAA,Cantabria,,,,,,capacidad_acceso,hidraulica,Hidráulica,Con permisos,RdD,48
CCAA,Cantabria,,,,,,capacidad_acceso,hidraulica,Hidráulica,Puesta en servicio,RdT,6402.18
CCAA,Cantabria,,,,,,capacidad_acceso,hidraulica,Hidráulica,Puesta en servicio,RdD,6022.6
CCAA,Cantabria,,,,,,capacidad_acceso,bombeo,Bombeo,En curso,RdT,1009
CCAA,Cantabria,,,,,,capacidad_acceso,bombeo,Bombeo,En curso,RdD,
CCAA,Cantabria,,,,,,capacidad_acceso,bombeo,Bombeo,Con permisos,RdT,3356
CCAA,Cantabria,,,,,,capacidad_acceso,bombeo,Bombeo,Con permisos,RdD,
CCAA,Cantabria,,,,,,capacidad_acceso,bombeo,Bombeo,Puesta en servicio,RdT,5377.85
CCAA,Cantabria,,,,,,capacidad_acceso,bombeo,Bombeo,Puesta en servicio,RdD,
CCAA,Cantabria,,,,,,capacidad_acceso,otras,Otras tecnologías,En curso,RdT,4570.06
CCAA,Cantabria,,,,,,capacidad_acceso,otras,Otras tecnologías,En curso,RdD,55.82
CCAA,Cantabria,,,,,,capacidad_acceso,otras,Otras tecnologías,Con permisos,RdT,249
CCAA,Cantabria,,,,,,capacidad_acceso,otras,Otras tecnologías,Con permisos,RdD,516
CCAA,Cantabria,,,,,,capacidad_acceso,otras,Otras tecnologías,Puesta en servicio,RdT,35351.69
CCAA,Cantabria,,,,,,capacidad_acceso,otras,Otras tecnologías,Puesta en servicio,RdD,6287.3
CCAA,Cantabria,,,,,,potencia_instalada,eolica,Eólica,En curso,RdT,11622.2
CCAA,Cantabria,,,,,,potencia_instalada,eolica,Eólica,En curso,RdD,1982.29
CCAA,Cantabria,,,,,,potencia_instalada,eolica,Eólica,Con permisos,RdT,18308
CCAA,Cantabria,,,,,,potencia_instalada,eolica,Eólica,Con permisos,RdD,4927
CCAA,Cantabria,,,,,,potencia_instalada,eolica,Eólica,Puesta en servicio,RdT,22329.22
CCAA,Cantabria,,,,,,potencia_instalada,eolica,Eólica,Puesta en servicio,RdD,10223.85
CCAA,Cantabria,,,,,,potencia_instalada,fotovoltaica,Fotovoltaica,En curso,RdT,10227.14
CCAA,Cantabria,,,,,,potencia_instalada,fotovoltaica,Fotovoltaica,En curso,RdD,5853.34
CCAA,Cantabria,,,,,,potencia_instalada,fotovoltaica,Fotovoltaica,Con permisos,RdT,51668
CCAA,Cantabria,,,,,,potencia_instalada,fotovoltaica,Fotovoltaica,Con permisos,RdD,16275
CCAA,Cantabria,,,,,,potencia_instalada,fotovoltaica,Fotovoltaica,Puesta en servicio,RdT,30612.0
CCAA,Cantabria,,,,,,potencia_instalada,fotovoltaica,Fotovoltaica,Puesta en servicio,RdD,12991.75
CCAA,Cantabria,,,,,,potencia_instalada,almacenamiento,Baterías,En curso,RdT,10251.6
CCAA,Cantabria,,,,,,potencia_instalada,almacenamiento,Baterías,En curso,RdD,3716.54
CCAA,Cantabria,,,,,,potencia_instalada,almacenamiento,Baterías,Con permisos,RdT,20045
CCAA,Cantabria,,,,,,potencia_instalada,almacenamiento,Baterías,Con permisos,RdD,8263
CCAA,Cantabria,,,,,,potencia_instalada,almacenamiento,Baterías,Puesta en servicio,RdT,140.38
CCAA,Cantabria,,,,,,potencia_instalada,almacenamiento,Baterías,Puesta en servicio,RdD,80.04
CCAA,Cantabria,,,,,,potencia_instalada,termosolar,Termosolar,Con permisos,RdT,
CCAA,Cantabria,,,,,,potencia_instalada,termosolar,Termosolar,Con permisos,RdD,81
CCAA,Cantabria,,,,,,potencia_instalada,termosolar,Termosolar,Puesta en servicio,RdT,1698.6
CCAA,Cantabria,,,,,,potencia_instalada,termosolar,Termosolar,Puesta en servicio,RdD,570.5
CCAA,Cantabria,,,,,,potencia_instalada,hidraulica,Hidráulica,En curso,RdT,
CCAA,Cantabria,,,,,,potencia_instalada,hidraulica,Hidráulica,En curso,RdD,15.2
CCAA,Cantabria,,,,,,potencia_instalada,hidraulica,Hidráulica,Con permisos,RdT,495
CCAA,Cantabria,,,,,,potencia_instalada,hidraulica,Hidráulica,Con permisos,RdD,100
CCAA,Cantabria,,,,,,potencia_instalada,hidraulica,Hidráulica,Puesta en servicio,RdT,6908.14
CCAA,Cantabria,,,,,,potencia_instalada,hidraulica,Hidráulica,Puesta en servicio,RdD,6029.68
CCAA,Cantabria,,,,,,potencia_instalada,bombeo,Bombeo,En curso,RdT,1009
CCAA,Cantabria,,,,,,potencia_instalada,bombeo,Bombeo,En curso,RdD,
CCAA,Cantabria,,,,,,potencia_instalada,bombeo,Bombeo,Con permisos,RdT,2966
CCAA,Cantabria,,,,,,potencia_instalada,bombeo,Bombeo,Con permisos,RdD,
CCAA,Cantabria,,,,,,potencia_instalada,bombeo,Bombeo,Puesta en servicio,RdT,5454.03
CCAA,Cantabria,,,,,,potencia_instalada,bombeo,Bombeo,Puesta en servicio,RdD,
CCAA,Cantabria,,,,,,potencia_instalada,otras,Otras tecnologías,En curso,RdT,5428.8
CCAA,Cantabria,,,,,,potencia_instalada,otras,Otras tecnologías,En curso,RdD,41.84
CCAA,Cantabria,,,,,,potencia_instalada,otras,Otras tecnologías,Con permisos,RdT,744
CCAA,Cantabria,,,,,,potencia_instalada,otras,Otras tecnologías,Con permisos,RdD,742
CCAA,Cantabria,,,,,,potencia_instalada,otras,Otras tecnologías,Puesta en servicio,RdT,39326.38
CCAA,Cantabria,,,,,,potencia_instalada,otras,Otras tecnologías,Puesta en servicio,RdD,6666.48
CCAA,Castilla y León,,,,,,capacidad_acceso,eolica,Eólica,En curso,RdT,10794.47
CCAA,Castilla y León,,,,,,capacidad_acceso,eolica,Eólica,En curso,RdD,1862.25
CCAA,Castilla y León,,,,,,capacidad_acceso,eolica,Eólica,Con permisos,RdT,12398
CCAA,Castilla y León,,,,,,capacidad_acceso,eolica,Eólica,Con permisos,RdD,3876
CCAA,Castilla y León,,,,,,capacidad_acceso,eolica,Eólica,Puesta en servicio,RdT,14888.38
CCAA,Castilla y León,,,,,,capacidad_acceso,eolica,Eólica,Puesta en servicio,RdD,8985.89
CCAA,Castilla y León,,,,,,capacidad_acceso,fotovoltaica,Fotovoltaica,En curso,RdT,7981.95
CCAA,Castilla y León,,,,,,capacidad_acceso,fotovoltaica,Fotovoltaica,En curso,RdD,5389.35
CCAA,Castilla y León,,,,,,capacidad_acceso,fotovoltaica,Fotovoltaica,Con permisos,RdT,32969
CCAA,Castilla y León,,,,,,capacidad_acceso,fotovoltaica,Fotovoltaica,Con permisos,RdD,12711
CCAA,Castilla y León,,,,,,capacidad_acceso,fotovoltaica,Fotovoltaica,Puesta en servicio,RdT,13546.82
CCAA,Castilla y León,,,,,,capacidad_acceso,fotovoltaica,Fotovoltaica,Puesta en servicio,RdD,10102.23
CCAA,Castilla y León,,,,,,capacidad_acceso,almacenamiento,Baterías,En curso,RdT,9815.0
CCAA,Castilla y León,,,,,,capacidad_acceso,almacenamiento,Baterías,En curso,RdD,3431.22
CCAA,Castilla y León,,,,,,capacidad_acceso,almacenamiento,Baterías,Con permisos,RdT,5078
CCAA,Castilla y León,,,,,,capacidad_acceso,almacenamiento,Baterías,Con permisos,RdD,5909
CCAA,Castilla y León,,,,,,capacidad_acceso,almacenamiento,Baterías,Puesta en servicio,RdT,
CCAA,Castilla y León,,,,,,capacidad_acceso,almacenamiento,Baterías,Puesta en servicio,RdD,12.15
CCAA,Castilla y León,,,,,,capacidad_acceso,hibridacion,Hibridación,En curso,RdT,1653.71
CCAA,Castilla y León,,,,,,capacidad_acceso,hibridacion,Hibridación,En curso,RdD,178.18
CCAA,Castilla y León,,,,,,capacidad_acceso,hibridacion,Hibridación,Con permisos,RdT,10134
CCAA,Castilla y León,,,,,,capacidad_acceso,hibridacion,Hibridación,Con permisos,RdD,1484
CCAA,Castilla y León,,,,,,capacidad_acceso,hibridacion,Hibridación,Puesta en servicio,RdT,22199.75
CCAA,Castilla y León,,,,,,capacidad_acceso,hibridacion,Hibridación,Puesta en servicio,RdD,3131.03
CCAA,Castilla y León,,,,,,capacidad_acceso,termosolar,Termosolar,Con permisos,RdT,
CCAA,Castilla y León,,,,,,capacidad_acceso,termosolar,Termosolar,Con permisos,RdD,50
CCAA,Castilla y León,,,,,,capacidad_acceso,termosolar,Termosolar,Puesta en servicio,RdT,1147.0
CCAA,Castilla y León,,,,,,capacidad_acceso,termosolar,Termosolar,Puesta en servicio,RdD,520.5
CCAA,Castilla y León,,,,,,capacidad_acceso,hidraulica,Hidráulica,Con permisos,RdT,191
CCAA,Castilla y León,,,,,,capacidad_acceso,hidraulica,Hidráulica,Con permisos,RdD,48
CCAA,Castilla y León,,,,,,capacidad_acceso,hidraulica,Hidráulica,Puesta en servicio,RdT,6402.18
CCAA,Castilla y León,,,,,,capacidad_acceso,hidraulica,Hidráulica,Puesta en servicio,RdD,6022.6
CCAA,Castilla y León,,,,,,capacidad_acceso,bombeo,Bombeo,En curso,RdT,1009
CCAA,Castilla y León,,,,,,capacidad_acceso,bombeo,Bombeo,En curso,RdD,
CCAA,Castilla y León,,,,,,capacidad_acceso,bombeo,Bombeo,Con permisos,RdT,3356
CCAA,Castilla y León,,,,,,capacidad_acceso,bombeo,Bombeo,Con permisos,RdD,
CCAA,Castilla y León,,,,,,capacidad_acceso,bombeo,Bombeo,Puesta en servicio,RdT,5377.85
CCAA,Castilla y León,,,,,,capacidad_acceso,bombeo,Bombeo,Puesta en servicio,RdD,
CCAA,Castilla y León,,,,,,capacidad_acceso,otras,Otras tecnologías,En curso,RdT,4570.06
CCAA,Castilla y León,,,,,,capacidad_acceso,otras,Otras tecnologías,En curso,RdD,55.82
CCAA,Castilla y León,,,,,,capacidad_acceso,otras,Otras tecnologías,Con permisos,RdT,249
CCAA,Castilla y León,,,,,,capacidad_acceso,otras,Otras tecnologías,Con permisos,RdD,516
CCAA,Castilla y León,,,,,,capacidad_acceso,otras,Otras tecnologías,Puesta en servicio,RdT,35351.69
CCAA,Castilla y León,,,,,,capacidad_acceso,otras,Otras tecnologías,Puesta en servicio,RdD,6287.3
CCAA,Castilla y León,,,,,,potencia_instalada,eolica,Eólica,En curso,RdT,11622.2
CCAA,Castilla y León,,,,,,potencia_instalada,eolica,Eólica,En curso,RdD,1982.29
CCAA,Castilla y León,,,,,,potencia_instalada,eolica,Eólica,Con permisos,RdT,18308
CCAA,Castilla y León,,,,,,potencia_instalada,eolica,Eólica,Con permisos,RdD,4927
CCAA,Castilla y León,,,,,,potencia_instalada,eolica,Eólica,Puesta en servicio,RdT,22329.22
CCAA,Castilla y León,,,,,,potencia_instalada,eolica,Eólica,Puesta en servicio,RdD,10223.85
CCAA,Castilla y León,,,,,,potencia_instalada,fotovoltaica,Fotovoltaica,En curso,RdT,10227.14
CCAA,Castilla y León,,,,,,potencia_instalada,fotovoltaica,Fotovoltaica,En curso,RdD,5853.34
CCAA,Castilla y León,,,,,,potencia_instalada,fotovoltaica,Fotovoltaica,Con permisos,RdT,51668
CCAA,Castilla y León,,,,,,potencia_instalada,fotovoltaica,Fotovoltaica,Con permisos,RdD,16275
CCAA,Castilla y León,,,,,,potencia_instalada,fotovoltaica,Fotovoltaica,Puesta en servicio,RdT,30612.0
CCAA,Castilla y León,,,,,,potencia_instalada,fotovoltaica,Fotovoltaica,Puesta en servicio,RdD,12991.75
CCAA,Castilla y León,,,,,,potencia_instalada,almacenamiento,Baterías,En curso,RdT,10251.6
CCAA,Castilla y León,,,,,,potencia_instalada,almacenamiento,Baterías,En curso,RdD,3716.54
CCAA,Castilla y León,,,,,,potencia_instalada,almacenamiento,Baterías,Con permisos,RdT,20045
CCAA,Castilla y León,,,,,,potencia_instalada,almacenamiento,Baterías,Con permisos,RdD,8263
CCAA,Castilla y León,,,,,,potencia_instalada,almacenamiento,Baterías,Puesta en servicio,RdT,140.38
CCAA,Castilla y León,,,,,,potencia_instalada,almacenamiento,Baterías,Puesta en servicio,RdD,80.04
CCAA,Castilla y León,,,,,,potencia_instalada,termosolar,Termosolar,Con permisos,RdT,
CCAA,Castilla y León,,,,,,potencia_instalada,termosolar,Termosolar,Con permisos,RdD,81
CCAA,Castilla y León,,,,,,potencia_instalada,termosolar,Termosolar,Puesta en servicio,RdT,1698.6
CCAA,Castilla y León,,,,,,potencia_instalada,termosolar,Termosolar,Puesta en servicio,RdD,570.5
CCAA,Castilla y León,,,,,,potencia_instalada,hidraulica,Hidráulica,En curso,RdT,
CCAA,Castilla y León,,,,,,potencia_instalada,hidraulica,Hidráulica,En curso,RdD,15.2
CCAA,Castilla y León,,,,,,potencia_instalada,hidraulica,Hidráulica,Con permisos,RdT,495
CCAA,Castilla y León,,,,,,potencia_instalada,hidraulica,Hidráulica,Con permisos,RdD,100
CCAA,Castilla y León,,,,,,potencia_instalada,hidraulica,Hidráulica,Puesta en servicio,RdT,6908.14
CCAA,Castilla y León,,,,,,potencia_instalada,hidraulica,Hidráulica,Puesta en servicio,RdD,6029.68
CCAA,Castilla y León,,,,,,potencia_instalada,bombeo,Bombeo,En curso,RdT,1009
CCAA,Castilla y León,,,,,,potencia_instalada,bombeo,Bombeo,En curso,RdD,
CCAA,Castilla y León,,,,,,potencia_instalada,bombeo,Bombeo,Con permisos,RdT,2966
CCAA,Castilla y León,,,,,,potencia_instalada,bombeo,Bombeo,Con permisos,RdD,
CCAA,Castilla y León,,,,,,potencia_instalada,bombeo,Bombeo,Puesta en servicio,RdT,5454.03
CCAA,Castilla y León,,,,,,potencia_instalada,bombeo,Bombeo,Puesta en servicio,RdD,
CCAA,Castilla y León,,,,,,potencia_instalada,otras,Otras tecnologías,En curso,RdT,5428.8
CCAA,Castilla y León,,,,,,potencia_instalada,otras,Otras tecnologías,En curso,RdD,41.84
CCAA,Castilla y León,,,,,,potencia_instalada,otras,Otras tecnologías,Con permisos,RdT,744
CCAA,Castilla y León,,,,,,potencia_instalada,otras,Otras tecnologías,Con permisos,RdD,742
CCAA,Castilla y León,,,,,,potencia_instalada,otras,Otras tecnologías,Puesta en servicio,RdT,39326.38
CCAA,Castilla y León,,,,,,potencia_instalada,otras,Otras tecnologías,Puesta en servicio,RdD,6666.48
CCAA,Castilla La Mancha,,,,,,capacidad_acceso,eolica,Eólica,En curso,RdT,10794.47
CCAA,Castilla La Mancha,,,,,,capacidad_acceso,eolica,Eólica,En curso,RdD,1862.25
CCAA,Castilla La Mancha,,,,,,capacidad_acceso,eolica,Eólica,Con permisos,RdT,12398
CCAA,Castilla La Mancha,,,,,,capacidad_acceso,eolica,Eólica,Con permisos,RdD,3876
CCAA,Castilla La Mancha,,,,,,capacidad_acceso,eolica,Eólica,Puesta en servicio,RdT,14888.38
CCAA,Castilla La Mancha,,,,,,capacidad_acceso,eolica,Eólica,Puesta en servicio,RdD,8985.89
CCAA,Castilla La Mancha,,,,,,capacidad_acceso,fotovoltaica,Fotovoltaica,En curso,RdT,7981.95
CCAA,Castilla La Mancha,,,,,,capacidad_acceso,fotovoltaica,Fotovoltaica,En curso,RdD,5389.35
CCAA,Castilla La Mancha,,,,,,capacidad_acceso,fotovoltaica,Fotovoltaica,Con permisos,RdT,32969
CCAA,Castilla La Mancha,,,,,,capacidad_acceso,fotovoltaica,Fotovoltaica,Con permisos,RdD,12711
CCAA,Castilla La Mancha,,,,,,capacidad_acceso,fotovoltaica,Fotovoltaica,Puesta en servicio,RdT,13546.82
CCAA,Castilla La Mancha,,,,,,capacidad_acceso,fotovoltaica,Fotovoltaica,Puesta en servicio,RdD,10102.23
CCAA,Castilla La Mancha,,,,,,capacidad_acceso,almacenamiento,Baterías,En curso,RdT,9815.0
CCAA,Castilla La Mancha,,,,,,capacidad_acceso,almacenamiento,Baterías,En curso,RdD,3431.22
CCAA,Castilla La Mancha,,,,,,capacidad_acceso,almacenamiento,Baterías,Con permisos,RdT,5078
CCAA,Castilla La Mancha,,,,,,capacidad_acceso,almacenamiento,Baterías,Con permisos,RdD,5909
CCAA,Castilla La Mancha,,,,,,capacidad_acceso,almacenamiento,Baterías,Puesta en servicio,RdT,
CCAA,Castilla La Mancha,,,,,,capacidad_acceso,almacenamiento,Baterías,Puesta en servicio,RdD,12.15
CCAA,Castilla La Mancha,,,,,,capacidad_acceso,hibridacion,Hibridación,En curso,RdT,1653.71
CCAA,Castilla La Mancha,,,,,,capacidad_acceso,hibridacion,Hibridación,En curso,RdD,178.18
CCAA,Castilla La Mancha,,,,,,capacidad_acceso,hibridacion,Hibridación,Con permisos,RdT,10134
CCAA,Castilla La Mancha,,,,,,capacidad_acceso,hibridacion,Hibridación,Con permisos,RdD,1484
CCAA,Castilla La Mancha,,,,,,capacidad_acceso,hibridacion,Hibridación,Puesta en servicio,RdT,22199.75
CCAA,Castilla La Mancha,,,,,,capacidad_acceso,hibridacion,Hibridación,Puesta en servicio,RdD,3131.03
CCAA,Castilla La Mancha,,,,,,capacidad_acceso,termosolar,Termosolar,Con permisos,RdT,
CCAA,Castilla La Mancha,,,,,,capacidad_acceso,termosolar,Termosolar,Con permisos,RdD,50
CCAA,Castilla La Mancha,,,,,,capacidad_acceso,termosolar,Termosolar,Puesta en servicio,RdT,1147.0
CCAA,Castilla La Mancha,,,,,,capacidad_acceso,termosolar,Termosolar,Puesta en servicio,RdD,520.5
CCAA,Castilla La Mancha,,,,,,capacidad_acceso,hidraulica,Hidráulica,Con permisos,RdT,191
CCAA,Castilla La Mancha,,,,,,capacidad_acceso,hidraulica,Hidráulica,Con permisos,RdD,48
CCAA,Castilla La Mancha,,,,,,capacidad_acceso,hidraulica,Hidráulica,Puesta en servicio,RdT,6402.18
CCAA,Castilla La Mancha,,,,,,capacidad_acceso,hidraulica,Hidráulica,Puesta en servicio,RdD,6022.6
CCAA,Castilla La Mancha,,,,,,capacidad_acceso,bombeo,Bombeo,En curso,RdT,1009
CCAA,Castilla La Mancha,,,,,,capacidad_acceso,bombeo,Bombeo,En curso,RdD,
CCAA,Castilla La Mancha,,,,,,capacidad_acceso,bombeo,Bombeo,Con permisos,RdT,3356
CCAA,Castilla La Mancha,,,,,,capacidad_acceso,bombeo,Bombeo,Con permisos,RdD,
CCAA,Castilla La Mancha,,,,,,capacidad_acceso,bombeo,Bombeo,Puesta en servicio,RdT,5377.85
CCAA,Castilla La Mancha,,,,,,capacidad_acceso,bombeo,Bombeo,Puesta en servicio,RdD,
CCAA,Castilla La Mancha,,,,,,capacidad_acceso,otras,Otras tecnologías,En curso,RdT,4570.06
CCAA,Castilla La Mancha,,,,,,capacidad_acceso,otras,Otras tecnologías,En curso,RdD,55.82
CCAA,Castilla La Mancha,,,,,,capacidad_acceso,otras,Otras tecnologías,Con permisos,RdT,249
CCAA,Castilla La Mancha,,,,,,capacidad_acceso,otras,Otras tecnologías,Con permisos,RdD,516
CCAA,Castilla La Mancha,,,,,,capacidad_acceso,otras,Otras tecnologías,Puesta en servicio,RdT,35351.69
CCAA,Castilla La Mancha,,,,,,capacidad_acceso,otras,Otras tecnologías,Puesta en servicio,RdD,6287.3
CCAA,Castilla La Mancha,,,,,,potencia_instalada,eolica,Eólica,En curso,RdT,11622.2
CCAA,Castilla La Mancha,,,,,,potencia_instalada,eolica,Eólica,En curso,RdD,1982.29
CCAA,Castilla La Mancha,,,,,,potencia_instalada,eolica,Eólica,Con permisos,RdT,18308
CCAA,Castilla La Mancha,,,,,,potencia_instalada,eolica,Eólica,Con permisos,RdD,4927
CCAA,Castilla La Mancha,,,,,,potencia_instalada,eolica,Eólica,Puesta en servicio,RdT,22329.22
CCAA,Castilla La Mancha,,,,,,potencia_instalada,eolica,Eólica,Puesta en servicio,RdD,10223.85
CCAA,Castilla La Mancha,,,,,,potencia_instalada,fotovoltaica,Fotovoltaica,En curso,RdT,10227.14
CCAA,Castilla La Mancha,,,,,,potencia_instalada,fotovoltaica,Fotovoltaica,En curso,RdD,5853.34
CCAA,Castilla La Mancha,,,,,,potencia_instalada,fotovoltaica,Fotovoltaica,Con permisos,RdT,51668
CCAA,Castilla La Mancha,,,,,,potencia_instalada,fotovoltaica,Fotovoltaica,Con permisos,RdD,16275
CCAA,Castilla La Mancha,,,,,,potencia_instalada,fotovoltaica,Fotovoltaica,Puesta en servicio,RdT,30612.0
CCAA,Castilla La Mancha,,,,,,potencia_instalada,fotovoltaica,Fotovoltaica,Puesta en servicio,RdD,12991.75
CCAA,Castilla La Mancha,,,,,,potencia_instalada,almacenamiento,Baterías,En curso,RdT,10251.6
CCAA,Castilla La Mancha,,,,,,potencia_instalada,almacenamiento,Baterías,En curso,RdD,3716.54
CCAA,Castilla La Mancha,,,,,,potencia_instalada,almacenamiento,Baterías,Con permisos,RdT,20045
CCAA,Castilla La Mancha,,,,,,potencia_instalada,almacenamiento,Baterías,Con permisos,RdD,8263
CCAA,Castilla La Mancha,,,,,,potencia_instalada,almacenamiento,Baterías,Puesta en servicio,RdT,140.38
CCAA,Castilla La Mancha,,,,,,potencia_instalada,almacenamiento,Baterías,Puesta en servicio,RdD,80.04
CCAA,Castilla La Mancha,,,,,,potencia_instalada,termosolar,Termosolar,Con permisos,RdT,
CCAA,Castilla La Mancha,,,,,,potencia_instalada,termosolar,Termosolar,Con permisos,RdD,81
CCAA,Castilla La Mancha,,,,,,potencia_instalada,termosolar,Termosolar,Puesta en servicio,RdT,1698.6
CCAA,Castilla La Mancha,,,,,,potencia_instalada,termosolar,Termosolar,Puesta en servicio,RdD,570.5
CCAA,Castilla La Mancha,,,,,,potencia_instalada,hidraulica,Hidráulica,En curso,RdT,
CCAA,Castilla La Mancha,,,,,,potencia_instalada,hidraulica,Hidráulica,En curso,RdD,15.2
CCAA,Castilla La Mancha,,,,,,potencia_instalada,hidraulica,Hidráulica,Con permisos,RdT,495
CCAA,Castilla La Mancha,,,,,,potencia_instalada,hidraulica,Hidráulica,Con permisos,RdD,100
CCAA,Castilla La Mancha,,,,,,potencia_instalada,hidraulica,Hidráulica,Puesta en servicio,RdT,6908.14
CCAA,Castilla La Mancha,,,,,,potencia_instalada,hidraulica,Hidráulica,Puesta en servicio,RdD,6029.68
CCAA,Castilla La Mancha,,,,,,potencia_instalada,bombeo,Bombeo,En curso,RdT,1009
CCAA,Castilla La Mancha,,,,,,potencia_instalada,bombeo,Bombeo,En curso,RdD,
CCAA,Castilla La Mancha,,,,,,potencia_instalada,bombeo,Bombeo,Con permisos,RdT,2966
CCAA,Castilla La Mancha,,,,,,potencia_instalada,bombeo,Bombeo,Con permisos,RdD,
CCAA,Castilla La Mancha,,,,,,potencia_instalada,bombeo,Bombeo,Puesta en servicio,RdT,5454.03
CCAA,Castilla La Mancha,,,,,,potencia_instalada,bombeo,Bombeo,Puesta en servicio,RdD,
CCAA,Castilla La Mancha,,,,,,potencia_instalada,otras,Otras tecnologías,En curso,RdT,5428.8
CCAA,Castilla La Mancha,,,,,,potencia_instalada,otras,Otras tecnologías,En curso,RdD,41.84
CCAA,Castilla La Mancha,,,,,,potencia_instalada,otras,Otras tecnologías,Con permisos,RdT,744
CCAA,Castilla La Mancha,,,,,,potencia_instalada,otras,Otras tecnologías,Con permisos,RdD,742
CCAA,Castilla La Mancha,,,,,,potencia_instalada,otras,Otras tecnologías,Puesta en servicio,RdT,39326.38
CCAA,Castilla La Mancha,,,,,,potencia_instalada,otras,Otras tecnologías,Puesta en servicio,RdD,6666.48
CCAA,Cataluña,,,,,,capacidad_acceso,eolica,Eólica,En curso,RdT,10794.47
CCAA,Cataluña,,,,,,capacidad_acceso,eolica,Eólica,En curso,RdD,1862.25
CCAA,Cataluña,,,,,,capacidad_acceso,eolica,Eólica,Con permisos,RdT,12398
CCAA,Cataluña,,,,,,capacidad_acceso,eolica,Eólica,Con permisos,RdD,3876
CCAA,Cataluña,,,,,,capacidad_acceso,eolica,Eólica,Puesta en servicio,RdT,14888.38
CCAA,Cataluña,,,,,,capacidad_acceso,eolica,Eólica,Puesta en servicio,RdD,8985.89
CCAA,Cataluña,,,,,,capacidad_acceso,fotovoltaica,Fotovoltaica,En curso,RdT,7981.95
CCAA,Cataluña,,,,,,capacidad_acceso,fotovoltaica,Fotovoltaica,En curso,RdD,5389.35
CCAA,Cataluña,,,,,,capacidad_acceso,fotovoltaica,Fotovoltaica,Con permisos,RdT,32969
CCAA,Cataluña,,,,,,capacidad_acceso,fotovoltaica,Fotovoltaica,Con permisos,RdD,12711
CCAA,Cataluña,,,,,,capacidad_acceso,fotovoltaica,Fotovoltaica,Puesta en servicio,RdT,13546.82
CCAA,Cataluña,,,,,,capacidad_acceso,fotovoltaica,Fotovoltaica,Puesta en servicio,RdD,10102.23
CCAA,Cataluña,,,,,,capacidad_acceso,almacenamiento,Baterías,En curso,RdT,9815.0
CCAA,Cataluña,,,,,,capacidad_acceso,almacenamiento,Baterías,En curso,RdD,3431.22
CCAA,Cataluña,,,,,,capacidad_acceso,almacenamiento,Baterías,Con permisos,RdT,5078
CCAA,Cataluña,,,,,,capacidad_acceso,almacenamiento,Baterías,Con permisos,RdD,5909
CCAA,Cataluña,,,,,,capacidad_acceso,almacenamiento,Baterías,Puesta en servicio,RdT,
CCAA,Cataluña,,,,,,capacidad_acceso,almacenamiento,Baterías,Puesta en servicio,RdD,12.15
CCAA,Cataluña,,,,,,capacidad_acceso,hibridacion,Hibridación,En curso,RdT,1653.71
CCAA,Cataluña,,,,,,capacidad_acceso,hibridacion,Hibridación,En curso,RdD,178.18
CCAA,Cataluña,,,,,,capacidad_acceso,hibridacion,Hibridación,Con permisos,RdT,10134
CCAA,Cataluña,,,,,,capacidad_acceso,hibridacion,Hibridación,Con permisos,RdD,1484
CCAA,Cataluña,,,,,,capacidad_acceso,hibridacion,Hibridación,Puesta en servicio,RdT,22199.75
CCAA,Cataluña,,,,,,capacidad_acceso,hibridacion,Hibridación,Puesta en servicio,RdD,3131.03
CCAA,Cataluña,,,,,,capacidad_acceso,termosolar,Termosolar,Con permisos,RdT,
CCAA,Cataluña,,,,,,capacidad_acceso,termosolar,Termosolar,Con permisos,RdD,50
CCAA,Cataluña,,,,,,capacidad_acceso,termosolar,Termosolar,Puesta en servicio,RdT,1147.0
CCAA,Cataluña,,,,,,capacidad_acceso,termosolar,Termosolar,Puesta en servicio,RdD,520.5
CCAA,Cataluña,,,,,,capacidad_acceso,hidraulica,Hidráulica,Con permisos,RdT,191
CCAA,Cataluña,,,,,,capacidad_acceso,hidraulica,Hidráulica,Con permisos,RdD,48
CCAA,Cataluña,,,,,,capacidad_acceso,hidraulica,Hidráulica,Puesta en servicio,RdT,6402.18
CCAA,Cataluña,,,,,,capacidad_acceso,hidraulica,Hidráulica,Puesta en servicio,RdD,6022.6
CCAA,Cataluña,,,,,,capacidad_acceso,bombeo,Bombeo,En curso,RdT,1009
CCAA,Cataluña,,,,,,capacidad_acceso,bombeo,Bombeo,En curso,RdD,
CCAA,Cataluña,,,,,,capacidad_acceso,bombeo,Bombeo,Con permisos,RdT,3356
CCAA,Cataluña,,,,,,capacidad_acceso,bombeo,Bombeo,Con permisos,RdD,
CCAA,Cataluña,,,,,,capacidad_acceso,bombeo,Bombeo,Puesta en servicio,RdT,5377.85
CCAA,Cataluña,,,,,,capacidad_acceso,bombeo,Bombeo,Puesta en servicio,RdD,
CCAA,Cataluña,,,,,,capacidad_acceso,otras,Otras tecnologías,En curso,RdT,4570.06
CCAA,Cataluña,,,,,,capacidad_acceso,otras,Otras tecnologías,En curso,RdD,55.82
CCAA,Cataluña,,,,,,capacidad_acceso,otras,Otras tecnologías,Con permisos,RdT,249
CCAA,Cataluña,,,,,,capacidad_acceso,otras,Otras tecnologías,Con permisos,RdD,516
CCAA,Cataluña,,,,,,capacidad_acceso,otras,Otras tecnologías,Puesta en servicio,RdT,35351.69
CCAA,Cataluña,,,,,,capacidad_acceso,otras,Otras tecnologías,Puesta en servicio,RdD,6287.3
CCAA,Cataluña,,,,,,potencia_instalada,eolica,Eólica,En curso,RdT,11622.2
CCAA,Cataluña,,,,,,potencia_instalada,eolica,Eólica,En curso,RdD,1982.29
CCAA,Cataluña,,,,,,potencia_instalada,eolica,Eólica,Con permisos,RdT,18308
CCAA,Cataluña,,,,,,potencia_instalada,eolica,Eólica,Con permisos,RdD,4927
CCAA,Cataluña,,,,,,potencia_instalada,eolica,Eólica,Puesta en servicio,RdT,22329.22
CCAA,Cataluña,,,,,,potencia_instalada,eolica,Eólica,Puesta en servicio,RdD,10223.85
CCAA,Cataluña,,,,,,potencia_instalada,fotovoltaica,Fotovoltaica,En curso,RdT,10227.14
CCAA,Cataluña,,,,,,potencia_instalada,fotovoltaica,Fotovoltaica,En curso,RdD,5853.34
CCAA,Cataluña,,,,,,potencia_instalada,fotovoltaica,Fotovoltaica,Con permisos,RdT,51668
CCAA,Cataluña,,,,,,potencia_instalada,fotovoltaica,Fotovoltaica,Con permisos,RdD,16275
CCAA,Cataluña,,,,,,potencia_instalada,fotovoltaica,Fotovoltaica,Puesta en servicio,RdT,30612.0
CCAA,Cataluña,,,,,,potencia_instalada,fotovoltaica,Fotovoltaica,Puesta en servicio,RdD,12991.75
CCAA,Cataluña,,,,,,potencia_instalada,almacenamiento,Baterías,En curso,RdT,10251.6
CCAA,Cataluña,,,,,,potencia_instalada,almacenamiento,Baterías,En curso,RdD,3716.54
CCAA,Cataluña,,,,,,potencia_instalada,almacenamiento,Baterías,Con permisos,RdT,20045
CCAA,Cataluña,,,,,,potencia_instalada,almacenamiento,Baterías,Con permisos,RdD,8263
CCAA,Cataluña,,,,,,potencia_instalada,almacenamiento,Baterías,Puesta en servicio,RdT,140.38
CCAA,Cataluña,,,,,,potencia_instalada,almacenamiento,Baterías,Puesta en servicio,RdD,80.04
CCAA,Cataluña,,,,,,potencia_instalada,termosolar,Termosolar,Con permisos,RdT,
CCAA,Cataluña,,,,,,potencia_instalada,termosolar,Termosolar,Con permisos,RdD,81
CCAA,Cataluña,,,,,,potencia_instalada,termosolar,Termosolar,Puesta en servicio,RdT,1698.6
CCAA,Cataluña,,,,,,potencia_instalada,termosolar,Termosolar,Puesta en servicio,RdD,570.5
CCAA,Cataluña,,,,,,potencia_instalada,hidraulica,Hidráulica,En curso,RdT,
CCAA,Cataluña,,,,,,potencia_instalada,hidraulica,Hidráulica,En curso,RdD,15.2
CCAA,Cataluña,,,,,,potencia_instalada,hidraulica,Hidráulica,Con permisos,RdT,495
CCAA,Cataluña,,,,,,potencia_instalada,hidraulica,Hidráulica,Con permisos,RdD,100
CCAA,Cataluña,,,,,,potencia_instalada,hidraulica,Hidráulica,Puesta en servicio,RdT,6908.14
CCAA,Cataluña,,,,,,potencia_instalada,hidraulica,Hidráulica,Puesta en servicio,RdD,6029.68
CCAA,Cataluña,,,,,,potencia_instalada,bombeo,Bombeo,En curso,RdT,1009
CCAA,Cataluña,,,,,,potencia_instalada,bombeo,Bombeo,En curso,RdD,
CCAA,Cataluña,,,,,,potencia_instalada,bombeo,Bombeo,Con permisos,RdT,2966
CCAA,Cataluña,,,,,,potencia_instalada,bombeo,Bombeo,Con permisos,RdD,
CCAA,Cataluña,,,,,,potencia_instalada,bombeo,Bombeo,Puesta en servicio,RdT,5454.03
CCAA,Cataluña,,,,,,potencia_instalada,bombeo,Bombeo,Puesta en servicio,RdD,
CCAA,Cataluña,,,,,,potencia_instalada,otras,Otras tecnologías,En curso,RdT,5428.8
CCAA,Cataluña,,,,,,potencia_instalada,otras,Otras tecnologías,En curso,RdD,41.84
CCAA,Cataluña,,,,,,potencia_instalada,otras,Otras tecnologías,Con permisos,RdT,744
CCAA,Cataluña,,,,,,potencia_instalada,otras,Otras tecnologías,Con permisos,RdD,742
CCAA,Cataluña,,,,,,potencia_instalada,otras,Otras tecnologías,Puesta en servicio,RdT,39326.38
CCAA,Cataluña,,,,,,potencia_instalada,otras,Otras tecnologías,Puesta en servicio,RdD,6666.48
CCAA,Comunidad Valenciana,,,,,,capacidad_acceso,eolica,Eólica,En curso,RdT,10794.47
CCAA,Comunidad Valenciana,,,,,,capacidad_acceso,eolica,Eólica,En curso,RdD,1862.25
CCAA,Comunidad Valenciana,,,,,,capacidad_acceso,eolica,Eólica,Con permisos,RdT,12398
CCAA,Comunidad Valenciana,,,,,,capacidad_acceso,eolica,Eólica,Con permisos,RdD,3876
CCAA,Comunidad Valenciana,,,,,,capacidad_acceso,eolica,Eólica,Puesta en servicio,RdT,14888.38
CCAA,Comunidad Valenciana,,,,,,capacidad_acceso,eolica,Eólica,Puesta en servicio,RdD,8985.89
CCAA,Comunidad Valenciana,,,,,,capacidad_acceso,fotovoltaica,Fotovoltaica,En curso,RdT,7981.95
CCAA,Comunidad Valenciana,,,,,,capacidad_acceso,fotovoltaica,Fotovoltaica,En curso,RdD,5389.35
CCAA,Comunidad Valenciana,,,,,,capacidad_acceso,fotovoltaica,Fotovoltaica,Con permisos,RdT,32969
CCAA,Comunidad Valenciana,,,,,,capacidad_acceso,fotovoltaica,Fotovoltaica,Con permisos,RdD,12711
CCAA,Comunidad Valenciana,,,,,,capacidad_acceso,fotovoltaica,Fotovoltaica,Puesta en servicio,RdT,13546.82
CCAA,Comunidad Valenciana,,,,,,capacidad_acceso,fotovoltaica,Fotovoltaica,Puesta en servicio,RdD,10102.23
CCAA,Comunidad Valenciana,,,,,,capacidad_acceso,almacenamiento,Baterías,En curso,RdT,9815.0
CCAA,Comunidad Valenciana,,,,,,capacidad_acceso,almacenamiento,Baterías,En curso,RdD,3431.22
CCAA,Comunidad Valenciana,,,,,,capacidad_acceso,almacenamiento,Baterías,Con permisos,RdT,5078
CCAA,Comunidad Valenciana,,,,,,capacidad_acceso,almacenamiento,Baterías,Con permisos,RdD,5909
CCAA,Comunidad Valenciana,,,,,,capacidad_acceso,almacenamiento,Baterías,Puesta en servicio,RdT,
CCAA,Comunidad Valenciana,,,,,,capacidad_acceso,almacenamiento,Baterías,Puesta en servicio,RdD,12.15
CCAA,Comunidad Valenciana,,,,,,capacidad_acceso,hibridacion,Hibridación,En curso,RdT,1653.71
CCAA,Comunidad Valenciana,,,,,,capacidad_acceso,hibridacion,Hibridación,En curso,RdD,178.18
CCAA,Comunidad Valenciana,,,,,,capacidad_acceso,hibridacion,Hibridación,Con permisos,RdT,10134
CCAA,Comunidad Valenciana,,,,,,capacidad_acceso,hibridacion,Hibridación,Con permisos,RdD,1484
CCAA,Comunidad Valenciana,,,,,,capacidad_acceso,hibridacion,Hibridación,Puesta en servicio,RdT,22199.75
CCAA,Comunidad Valenciana,,,,,,capacidad_acceso,hibridacion,Hibridación,Puesta en servicio,RdD,3131.03
CCAA,Comunidad Valenciana,,,,,,capacidad_acceso,termosolar,Termosolar,Con permisos,RdT,
CCAA,Comunidad Valenciana,,,,,,capacidad_acceso,termosolar,Termosolar,Con permisos,RdD,50
CCAA,Comunidad Valenciana,,,,,,capacidad_acceso,termosolar,Termosolar,Puesta en servicio,RdT,1147.0
CCAA,Comunidad Valenciana,,,,,,capacidad_acceso,termosolar,Termosolar,Puesta en servicio,RdD,520.5
CCAA,Comunidad Valenciana,,,,,,capacidad_acceso,hidraulica,Hidráulica,Con permisos,RdT,191
CCAA,Comunidad Valenciana,,,,,,capacidad_acceso,hidraulica,Hidráulica,Con permisos,RdD,48
CCAA,Comunidad Valenciana,,,,,,capacidad_acceso,hidraulica,Hidráulica,Puesta en servicio,RdT,6402.18
CCAA,Comunidad Valenciana,,,,,,capacidad_acceso,hidraulica,Hidráulica,Puesta en servicio,RdD,6022.6
CCAA,Comunidad Valenciana,,,,,,capacidad_acceso,bombeo,Bombeo,En curso,RdT,1009
CCAA,Comunidad Valenciana,,,,,,capacidad_acceso,bombeo,Bombeo,En curso,RdD,
CCAA,Comunidad Valenciana,,,,,,capacidad_acceso,bombeo,Bombeo,Con permisos,RdT,3356
CCAA,Comunidad Valenciana,,,,,,capacidad_acceso,bombeo,Bombeo,Con permisos,RdD,
CCAA,Comunidad Valenciana,,,,,,capacidad_acceso,bombeo,Bombeo,Puesta en servicio,RdT,5377.85
CCAA,Comunidad Valenciana,,,,,,capacidad_acceso,bombeo,Bombeo,Puesta en servicio,RdD,
CCAA,Comunidad Valenciana,,,,,,capacidad_acceso,otras,Otras tecnologías,En curso,RdT,4570.06
CCAA,Comunidad Valenciana,,,,,,capacidad_acceso,otras,Otras tecnologías,En curso,RdD,55.82
CCAA,Comunidad Valenciana,,,,,,capacidad_acceso,otras,Otras tecnologías,Con permisos,RdT,249
CCAA,Comunidad Valenciana,,,,,,capacidad_acceso,otras,Otras tecnologías,Con permisos,RdD,516
CCAA,Comunidad Valenciana,,,,,,capacidad_acceso,otras,Otras tecnologías,Puesta en servicio,RdT,35351.69
CCAA,Comunidad Valenciana,,,,,,capacidad_acceso,otras,Otras tecnologías,Puesta en servicio,RdD,6287.3
CCAA,Comunidad Valenciana,,,,,,potencia_instalada,eolica,Eólica,En curso,RdT,11622.2
CCAA,Comunidad Valenciana,,,,,,potencia_instalada,eolica,Eólica,En curso,RdD,1982.29
CCAA,Comunidad Valenciana,,,,,,potencia_instalada,eolica,Eólica,Con permisos,RdT,18308
CCAA,Comunidad Valenciana,,,,,,potencia_instalada,eolica,Eólica,Con permisos,RdD,4927
CCAA,Comunidad Valenciana,,,,,,potencia_instalada,eolica,Eólica,Puesta en servicio,RdT,22329.22
CCAA,Comunidad Valenciana,,,,,,potencia_instalada,eolica,Eólica,Puesta en servicio,RdD,10223.85
CCAA,Comunidad Valenciana,,,,,,potencia_instalada,fotovoltaica,Fotovoltaica,En curso,RdT,10227.14
CCAA,Comunidad Valenciana,,,,,,potencia_instalada,fotovoltaica,Fotovoltaica,En curso,RdD,5853.34
CCAA,Comunidad Valenciana,,,,,,potencia_instalada,fotovoltaica,Fotovoltaica,Con permisos,RdT,51668
CCAA,Comunidad Valenciana,,,,,,potencia_instalada,fotovoltaica,Fotovoltaica,Con permisos,RdD,16275
CCAA,Comunidad Valenciana,,,,,,potencia_instalada,fotovoltaica,Fotovoltaica,Puesta en servicio,RdT,30612.0
CCAA,Comunidad Valenciana,,,,,,potencia_instalada,fotovoltaica,Fotovoltaica,Puesta en servicio,RdD,12991.75
CCAA,Comunidad Valenciana,,,,,,potencia_instalada,almacenamiento,Baterías,En curso,RdT,10251.6
CCAA,Comunidad Valenciana,,,,,,potencia_instalada,almacenamiento,Baterías,En curso,RdD,3716.54
CCAA,Comunidad Valenciana,,,,,,potencia_instalada,almacenamiento,Baterías,Con permisos,RdT,20045
CCAA,Comunidad Valenciana,,,,,,potencia_instalada,almacenamiento,Baterías,Con permisos,RdD,8263
CCAA,Comunidad Valenciana,,,,,,potencia_instalada,almacenamiento,Baterías,Puesta en servicio,RdT,140.38
CCAA,Comunidad Valenciana,,,,,,potencia_instalada,almacenamiento,Baterías,Puesta en servicio,RdD,80.04
CCAA,Comunidad Valenciana,,,,,,potencia_instalada,termosolar,Termosolar,Con permisos,RdT,
CCAA,Comunidad Valenciana,,,,,,potencia_instalada,termosolar,Termosolar,Con permisos,RdD,81
CCAA,Comunidad Valenciana,,,,,,potencia_instalada,termosolar,Termosolar,Puesta en servicio,RdT,1698.6
CCAA,Comunidad Valenciana,,,,,,potencia_instalada,termosolar,Termosolar,Puesta en servicio,RdD,570.5
CCAA,Comunidad Valenciana,,,,,,potencia_instalada,hidraulica,Hidráulica,En curso,RdT,
CCAA,Comunidad Valenciana,,,,,,potencia_instalada,hidraulica,Hidráulica,En curso,RdD,15.2
CCAA,Comunidad Valenciana,,,,,,potencia_instalada,hidraulica,Hidráulica,Con permisos,RdT,495
CCAA,Comunidad Valenciana,,,,,,potencia_instalada,hidraulica,Hidráulica,Con permisos,RdD,100
CCAA,Comunidad Valenciana,,,,,,potencia_instalada,hidraulica,Hidráulica,Puesta en servicio,RdT,6908.14
CCAA,Comunidad Valenciana,,,,,,potencia_instalada,hidraulica,Hidráulica,Puesta en servicio,RdD,6029.68
CCAA,Comunidad Valenciana,,,,,,potencia_instalada,bombeo,Bombeo,En curso,RdT,1009
CCAA,Comunidad Valenciana,,,,,,potencia_instalada,bombeo,Bombeo,En curso,RdD,
CCAA,Comunidad Valenciana,,,,,,potencia_instalada,bombeo,Bombeo,Con permisos,RdT,2966
CCAA,Comunidad Valenciana,,,,,,potencia_instalada,bombeo,Bombeo,Con permisos,RdD,
CCAA,Comunidad Valenciana,,,,,,potencia_instalada,bombeo,Bombeo,Puesta en servicio,RdT,5454.03
CCAA,Comunidad Valenciana,,,,,,potencia_instalada,bombeo,Bombeo,Puesta en servicio,RdD,
CCAA,Comunidad Valenciana,,,,,,potencia_instalada,otras,Otras tecnologías,En curso,RdT,5428.8
CCAA,Comunidad Valenciana,,,,,,potencia_instalada,otras,Otras tecnologías,En curso,RdD,41.84
CCAA,Comunidad Valenciana,,,,,,potencia_instalada,otras,Otras tecnologías,Con permisos,RdT,744
CCAA,Comunidad Valenciana,,,,,,potencia_instalada,otras,Otras tecnologías,Con permisos,RdD,742
CCAA,Comunidad Valenciana,,,,,,potencia_instalada,otras,Otras tecnologías,Puesta en servicio,RdT,39326.38
CCAA,Comunidad Valenciana,,,,,,potencia_instalada,otras,Otras tecnologías,Puesta en servicio,RdD,6666.48
CCAA,Extremadura,,,,,,capacidad_acceso,eolica,Eólica,En curso,RdT,10794.47
CCAA,Extremadura,,,,,,capacidad_acceso,eolica,Eólica,En curso,RdD,1862.25
CCAA,Extremadura,,,,,,capacidad_acceso,eolica,Eólica,Con permisos,RdT,12398
CCAA,Extremadura,,,,,,capacidad_acceso,eolica,Eólica,Con permisos,RdD,3876
CCAA,Extremadura,,,,,,capacidad_acceso,eolica,Eólica,Puesta en servicio,RdT,14888.38
CCAA,Extremadura,,,,,,capacidad_acceso,eolica,Eólica,Puesta en servicio,RdD,8985.89
CCAA,Extremadura,,,,,,capacidad_acceso,fotovoltaica,Fotovoltaica,En curso,RdT,7981.95
CCAA,Extremadura,,,,,,capacidad_acceso,fotovoltaica,Fotovoltaica,En curso,RdD,5389.35
CCAA,Extremadura,,,,,,capacidad_acceso,fotovoltaica,Fotovoltaica,Con permisos,RdT,32969
CCAA,Extremadura,,,,,,capacidad_acceso,fotovoltaica,Fotovoltaica,Con permisos,RdD,12711
CCAA,Extremadura,,,,,,capacidad_acceso,fotovoltaica,Fotovoltaica,Puesta en servicio,RdT,13546.82
CCAA,Extremadura,,,,,,capacidad_acceso,fotovoltaica,Fotovoltaica,Puesta en servicio,RdD,10102.23
CCAA,Extremadura,,,,,,capacidad_acceso,almacenamiento,Baterías,En curso,RdT,9815.0
CCAA,Extremadura,,,,,,capacidad_acceso,almacenamiento,Baterías,En curso,RdD,3431.22
CCAA,Extremadura,,,,,,capacidad_acceso,almacenamiento,Baterías,Con permisos,RdT,5078
CCAA,Extremadura,,,,,,capacidad_acceso,almacenamiento,Baterías,Con permisos,RdD,5909
CCAA,Extremadura,,,,,,capacidad_acceso,almacenamiento,Baterías,Puesta en servicio,RdT,
CCAA,Extremadura,,,,,,capacidad_acceso,almacenamiento,Baterías,Puesta en servicio,RdD,12.15
CCAA,Extremadura,,,,,,capacidad_acceso,hibridacion,Hibridación,En curso,RdT,1653.71
CCAA,Extremadura,,,,,,capacidad_acceso,hibridacion,Hibridación,En curso,RdD,178.18
CCAA,Extremadura,,,,,,capacidad_acceso,hibridacion,Hibridación,Con permisos,RdT,10134
CCAA,Extremadura,,,,,,capacidad_acceso,hibridacion,Hibridación,Con permisos,RdD,1484
CCAA,Extremadura,,,,,,capacidad_acceso,hibridacion,Hibridación,Puesta en servicio,RdT,22199.75
CCAA,Extremadura,,,,,,capacidad_acceso,hibridacion,Hibridación,Puesta en servicio,RdD,3131.03
CCAA,Extremadura,,,,,,capacidad_acceso,termosolar,Termosolar,Con permisos,RdT,
CCAA,Extremadura,,,,,,capacidad_acceso,termosolar,Termosolar,Con permisos,RdD,50
CCAA,Extremadura,,,,,,capacidad_acceso,termosolar,Termosolar,Puesta en servicio,RdT,1147.0
CCAA,Extremadura,,,,,,capacidad_acceso,termosolar,Termosolar,Puesta en servicio,RdD,520.5
CCAA,Extremadura,,,,,,capacidad_acceso,hidraulica,Hidráulica,Con permisos,RdT,191
CCAA,Extremadura,,,,,,capacidad_acceso,hidraulica,Hidráulica,Con permisos,RdD,48
CCAA,Extremadura,,,,,,capacidad_acceso,hidraulica,Hidráulica,Puesta en servicio,RdT,6402.18
CCAA,Extremadura,,,,,,capacidad_acceso,hidraulica,Hidráulica,Puesta en servicio,RdD,6022.6
CCAA,Extremadura,,,,,,capacidad_acceso,bombeo,Bombeo,En curso,RdT,1009
CCAA,Extremadura,,,,,,capacidad_acceso,bombeo,Bombeo,En curso,RdD,
CCAA,Extremadura,,,,,,capacidad_acceso,bombeo,Bombeo,Con permisos,RdT,3356
CCAA,Extremadura,,,,,,capacidad_acceso,bombeo,Bombeo,Con permisos,RdD,
CCAA,Extremadura,,,,,,capacidad_acceso,bombeo,Bombeo,Puesta en servicio,RdT,5377.85
CCAA,Extremadura,,,,,,capacidad_acceso,bombeo,Bombeo,Puesta en servicio,RdD,
CCAA,Extremadura,,,,,,capacidad_acceso,otras,Otras tecnologías,En curso,RdT,4570.06
CCAA,Extremadura,,,,,,capacidad_acceso,otras,Otras tecnologías,En curso,RdD,55.82
CCAA,Extremadura,,,,,,capacidad_acceso,otras,Otras tecnologías,Con permisos,RdT,249
CCAA,Extremadura,,,,,,capacidad_acceso,otras,Otras tecnologías,Con permisos,RdD,516
CCAA,Extremadura,,,,,,capacidad_acceso,otras,Otras tecnologías,Puesta en servicio,RdT,35351.69
CCAA,Extremadura,,,,,,capacidad_acceso,otras,Otras tecnologías,Puesta en servicio,RdD,6287.3
CCAA,Extremadura,,,,,,potencia_instalada,eolica,Eólica,En curso,RdT,11622.2
CCAA,Extremadura,,,,,,potencia_instalada,eolica,Eólica,En curso,RdD,1982.29
CCAA,Extremadura,,,,,,potencia_instalada,eolica,Eólica,Con permisos,RdT,18308
CCAA,Extremadura,,,,,,potencia_instalada,eolica,Eólica,Con permisos,RdD,4927
CCAA,Extremadura,,,,,,potencia_instalada,eolica,Eólica,Puesta en servicio,RdT,22329.22
CCAA,Extremadura,,,,,,potencia_instalada,eolica,Eólica,Puesta en servicio,RdD,10223.85
CCAA,Extremadura,,,,,,potencia_instalada,fotovoltaica,Fotovoltaica,En curso,RdT,10227.14
CCAA,Extremadura,,,,,,potencia_instalada,fotovoltaica,Fotovoltaica,En curso,RdD,5853.34
CCAA,Extremadura,,,,,,potencia_instalada,fotovoltaica,Fotovoltaica,Con permisos,RdT,51668
CCAA,Extremadura,,,,,,potencia_instalada,fotovoltaica,Fotovoltaica,Con permisos,RdD,16275
CCAA,Extremadura,,,,,,potencia_instalada,fotovoltaica,Fotovoltaica,Puesta en servicio,RdT,30612.0
CCAA,Extremadura,,,,,,potencia_instalada,fotovoltaica,Fotovoltaica,Puesta en servicio,RdD,12991.75
CCAA,Extremadura,,,,,,potencia_instalada,almacenamiento,Baterías,En curso,RdT,10251.6
CCAA,Extremadura,,,,,,potencia_instalada,almacenamiento,Baterías,En curso,RdD,3716.54
CCAA,Extremadura,,,,,,potencia_instalada,almacenamiento,Baterías,Con permisos,RdT,20045
CCAA,Extremadura,,,,,,potencia_instalada,almacenamiento,Baterías,Con permisos,RdD,8263
CCAA,Extremadura,,,,,,potencia_instalada,almacenamiento,Baterías,Puesta en servicio,RdT,140.38
CCAA,Extremadura,,,,,,potencia_instalada,almacenamiento,Baterías,Puesta en servicio,RdD,80.04
CCAA,Extremadura,,,,,,potencia_instalada,termosolar,Termosolar,Con permisos,RdT,
CCAA,Extremadura,,,,,,potencia_instalada,termosolar,Termosolar,Con permisos,RdD,81
CCAA,Extremadura,,,,,,potencia_instalada,termosolar,Termosolar,Puesta en servicio,RdT,1698.6
CCAA,Extremadura,,,,,,potencia_instalada,termosolar,Termosolar,Puesta en servicio,RdD,570.5
CCAA,Extremadura,,,,,,potencia_instalada,hidraulica,Hidráulica,En curso,RdT,
CCAA,Extremadura,,,,,,potencia_instalada,hidraulica,Hidráulica,En curso,RdD,15.2
CCAA,Extremadura,,,,,,potencia_instalada,hidraulica,Hidráulica,Con permisos,RdT,495
CCAA,Extremadura,,,,,,potencia_instalada,hidraulica,Hidráulica,Con permisos,RdD,100
CCAA,Extremadura,,,,,,potencia_instalada,hidraulica,Hidráulica,Puesta en servicio,RdT,6908.14
CCAA,Extremadura,,,,,,potencia_instalada,hidraulica,Hidráulica,Puesta en servicio,RdD,6029.68
CCAA,Extremadura,,,,,,potencia_instalada,bombeo,Bombeo,En curso,RdT,1009
CCAA,Extremadura,,,,,,potencia_instalada,bombeo,Bombeo,En curso,RdD,
CCAA,Extremadura,,,,,,potencia_instalada,bombeo,Bombeo,Con permisos,RdT,2966
CCAA,Extremadura,,,,,,potencia_instalada,bombeo,Bombeo,Con permisos,RdD,
CCAA,Extremadura,,,,,,potencia_instalada,bombeo,Bombeo,Puesta en servicio,RdT,5454.03
CCAA,Extremadura,,,,,,potencia_instalada,bombeo,Bombeo,Puesta en servicio,RdD,
CCAA,Extremadura,,,,,,potencia_instalada,otras,Otras tecnologías,En curso,RdT,5428.8
CCAA,Extremadura,,,,,,potencia_instalada,otras,Otras tecnologías,En curso,RdD,41.84
CCAA,Extremadura,,,,,,potencia_instalada,otras,Otras tecnologías,Con permisos,RdT,744
CCAA,Extremadura,,,,,,potencia_instalada,otras,Otras tecnologías,Con permisos,RdD,742
CCAA,Extremadura,,,,,,potencia_instalada,otras,Otras tecnologías,Puesta en servicio,RdT,39326.38
CCAA,Extremadura,,,,,,potencia_instalada,otras,Otras tecnologías,Puesta en servicio,RdD,6666.48
CCAA,Galicia,,,,,,capacidad_acceso,eolica,Eólica,En curso,RdT,10794.47
CCAA,Galicia,,,,,,capacidad_acceso,eolica,Eólica,En curso,RdD,1862.25
CCAA,Galicia,,,,,,capacidad_acceso,eolica,Eólica,Con permisos,RdT,12398
CCAA,Galicia,,,,,,capacidad_acceso,eolica,Eólica,Con permisos,RdD,3876
CCAA,Galicia,,,,,,capacidad_acceso,eolica,Eólica,Puesta en servicio,RdT,14888.38
CCAA,Galicia,,,,,,capacidad_acceso,eolica,Eólica,Puesta en servicio,RdD,8985.89
CCAA,Galicia,,,,,,capacidad_acceso,fotovoltaica,Fotovoltaica,En curso,RdT,7981.95
CCAA,Galicia,,,,,,capacidad_acceso,fotovoltaica,Fotovoltaica,En curso,RdD,5389.35
CCAA,Galicia,,,,,,capacidad_acceso,fotovoltaica,Fotovoltaica,Con permisos,RdT,32969
CCAA,Galicia,,,,,,capacidad_acceso,fotovoltaica,Fotovoltaica,Con permisos,RdD,12711
CCAA,Galicia,,,,,,capacidad_acceso,fotovoltaica,Fotovoltaica,Puesta en servicio,RdT,13546.82
CCAA,Galicia,,,,,,capacidad_acceso,fotovoltaica,Fotovoltaica,Puesta en servicio,RdD,10102.23
CCAA,Galicia,,,,,,capacidad_acceso,almacenamiento,Baterías,En curso,RdT,9815.0
CCAA,Galicia,,,,,,capacidad_acceso,almacenamiento,Baterías,En curso,RdD,3431.22
CCAA,Galicia,,,,,,capacidad_acceso,almacenamiento,Baterías,Con permisos,RdT,5078
CCAA,Galicia,,,,,,capacidad_acceso,almacenamiento,Baterías,Con permisos,RdD,5909
CCAA,Galicia,,,,,,capacidad_acceso,almacenamiento,Baterías,Puesta en servicio,RdT,
CCAA,Galicia,,,,,,capacidad_acceso,almacenamiento,Baterías,Puesta en servicio,RdD,12.15
CCAA,Galicia,,,,,,capacidad_acceso,hibridacion,Hibridación,En curso,RdT,1653.71
CCAA,Galicia,,,,,,capacidad_acceso,hibridacion,Hibridación,En curso,RdD,178.18
CCAA,Galicia,,,,,,capacidad_acceso,hibridacion,Hibridación,Con permisos,RdT,10134
CCAA,Galicia,,,,,,capacidad_acceso,hibridacion,Hibridación,Con permisos,RdD,1484
CCAA,Galicia,,,,,,capacidad_acceso,hibridacion,Hibridación,Puesta en servicio,RdT,22199.75
CCAA,Galicia,,,,,,capacidad_acceso,hibridacion,Hibridación,Puesta en servicio,RdD,3131.03
CCAA,Galicia,,,,,,capacidad_acceso,termosolar,Termosolar,Con permisos,RdT,
CCAA,Galicia,,,,,,capacidad_acceso,termosolar,Termosolar,Con permisos,RdD,50
CCAA,Galicia,,,,,,capacidad_acceso,termosolar,Termosolar,Puesta en servicio,RdT,1147.0
CCAA,Galicia,,,,,,capacidad_acceso,termosolar,Termosolar,Puesta en servicio,RdD,520.5
CCAA,Galicia,,,,,,capacidad_acceso,hidraulica,Hidráulica,Con permisos,RdT,191
CCAA,Galicia,,,,,,capacidad_acceso,hidraulica,Hidráulica,Con permisos,RdD,48
CCAA,Galicia,,,,,,capacidad_acceso,hidraulica,Hidráulica,Puesta en servicio,RdT,6402.18
CCAA,Galicia,,,,,,capacidad_acceso,hidraulica,Hidráulica,Puesta en servicio,RdD,6022.6
CCAA,Galicia,,,,,,capacidad_acceso,bombeo,Bombeo,En curso,RdT,1009
CCAA,Galicia,,,,,,capacidad_acceso,bombeo,Bombeo,En curso,RdD,
CCAA,Galicia,,,,,,capacidad_acceso,bombeo,Bombeo,Con permisos,RdT,3356
CCAA,Galicia,,,,,,capacidad_acceso,bombeo,Bombeo,Con permisos,RdD,
CCAA,Galicia,,,,,,capacidad_acceso,bombeo,Bombeo,Puesta en servicio,RdT,5377.85
CCAA,Galicia,,,,,,capacidad_acceso,bombeo,Bombeo,Puesta en servicio,RdD,
CCAA,Galicia,,,,,,capacidad_acceso,otras,Otras tecnologías,En curso,RdT,4570.06
CCAA,Galicia,,,,,,capacidad_acceso,otras,Otras tecnologías,En curso,RdD,55.82
CCAA,Galicia,,,,,,capacidad_acceso,otras,Otras tecnologías,Con permisos,RdT,249
CCAA,Galicia,,,,,,capacidad_acceso,otras,Otras tecnologías,Con permisos,RdD,516
CCAA,Galicia,,,,,,capacidad_acceso,otras,Otras tecnologías,Puesta en servicio,RdT,35351.69
CCAA,Galicia,,,,,,capacidad_acceso,otras,Otras tecnologías,Puesta en servicio,RdD,6287.3
CCAA,Galicia,,,,,,potencia_instalada,eolica,Eólica,En curso,RdT,11622.2
CCAA,Galicia,,,,,,potencia_instalada,eolica,Eólica,En curso,RdD,1982.29
CCAA,Galicia,,,,,,potencia_instalada,eolica,Eólica,Con permisos,RdT,18308
CCAA,Galicia,,,,,,potencia_instalada,eolica,Eólica,Con permisos,RdD,4927
CCAA,Galicia,,,,,,potencia_instalada,eolica,Eólica,Puesta en servicio,RdT,22329.22
CCAA,Galicia,,,,,,potencia_instalada,eolica,Eólica,Puesta en servicio,RdD,10223.85
CCAA,Galicia,,,,,,potencia_instalada,fotovoltaica,Fotovoltaica,En curso,RdT,10227.14
CCAA,Galicia,,,,,,potencia_instalada,fotovoltaica,Fotovoltaica,En curso,RdD,5853.34
CCAA,Galicia,,,,,,potencia_instalada,fotovoltaica,Fotovoltaica,Con permisos,RdT,51668
CCAA,Galicia,,,,,,potencia_instalada,fotovoltaica,Fotovoltaica,Con permisos,RdD,16275
CCAA,Galicia,,,,,,potencia_instalada,fotovoltaica,Fotovoltaica,Puesta en servicio,RdT,30612.0
CCAA,Galicia,,,,,,potencia_instalada,fotovoltaica,Fotovoltaica,Puesta en servicio,RdD,12991.75
CCAA,Galicia,,,,,,potencia_instalada,almacenamiento,Baterías,En curso,RdT,10251.6
CCAA,Galicia,,,,,,potencia_instalada,almacenamiento,Baterías,En curso,RdD,3716.54
CCAA,Galicia,,,,,,potencia_instalada,almacenamiento,Baterías,Con permisos,RdT,20045
CCAA,Galicia,,,,,,potencia_instalada,almacenamiento,Baterías,Con permisos,RdD,8263
CCAA,Galicia,,,,,,potencia_instalada,almacenamiento,Baterías,Puesta en servicio,RdT,140.38
CCAA,Galicia,,,,,,potencia_instalada,almacenamiento,Baterías,Puesta en servicio,RdD,80.04
CCAA,Galicia,,,,,,potencia_instalada,termosolar,Termosolar,Con permisos,RdT,
CCAA,Galicia,,,,,,potencia_instalada,termosolar,Termosolar,Con permisos,RdD,81
CCAA,Galicia,,,,,,potencia_instalada,termosolar,Termosolar,Puesta en servicio,RdT,1698.6
CCAA,Galicia,,,,,,potencia_instalada,termosolar,Termosolar,Puesta en servicio,RdD,570.5
CCAA,Galicia,,,,,,potencia_instalada,hidraulica,Hidráulica,En curso,RdT,
CCAA,Galicia,,,,,,potencia_instalada,hidraulica,Hidráulica,En curso,RdD,15.2
CCAA,Galicia,,,,,,potencia_instalada,hidraulica,Hidráulica,Con permisos,RdT,495
CCAA,Galicia,,,,,,potencia_instalada,hidraulica,Hidráulica,Con permisos,RdD,100
CCAA,Galicia,,,,,,potencia_instalada,hidraulica,Hidráulica,Puesta en servicio,RdT,6908.14
CCAA,Galicia,,,,,,potencia_instalada,hidraulica,Hidráulica,Puesta en servicio,RdD,6029.68
CCAA,Galicia,,,,,,potencia_instalada,bombeo,Bombeo,En curso,RdT,1009
CCAA,Galicia,,,,,,potencia_instalada,bombeo,Bombeo,En curso,RdD,
CCAA,Galicia,,,,,,potencia_instalada,bombeo,Bombeo,Con permisos,RdT,2966
CCAA,Galicia,,,,,,potencia_instalada,bombeo,Bombeo,Con permisos,RdD,
CCAA,Galicia,,,,,,potencia_instalada,bombeo,Bombeo,Puesta en servicio,RdT,5454.03
CCAA,Galicia,,,,,,potencia_instalada,bombeo,Bombeo,Puesta en servicio,RdD,
CCAA,Galicia,,,,,,potencia_instalada,otras,Otras tecnologías,En curso,RdT,5428.8
CCAA,Galicia,,,,,,potencia_instalada,otras,Otras tecnologías,En curso,RdD,41.84
CCAA,Galicia,,,,,,potencia_instalada,otras,Otras tecnologías,Con permisos,RdT,744
CCAA,Galicia,,,,,,potencia_instalada,otras,Otras tecnologías,Con permisos,RdD,742
CCAA,Galicia,,,,,,potencia_instalada,otras,Otras tecnologías,Puesta en servicio,RdT,39326.38
CCAA,Galicia,,,,,,potencia_instalada,otras,Otras tecnologías,Puesta en servicio,RdD,6666.48
CCAA,Baleares,,,,,,capacidad_acceso,eolica,Eólica,En curso,RdT,10794.47
CCAA,Baleares,,,,,,capacidad_acceso,eolica,Eólica,En curso,RdD,1862.25
CCAA,Baleares,,,,,,capacidad_acceso,eolica,Eólica,Con permisos,RdT,12398
CCAA,Baleares,,,,,,capacidad_acceso,eolica,Eólica,Con permisos,RdD,3876
CCAA,Baleares,,,,,,capacidad_acceso,eolica,Eólica,Puesta en servicio,RdT,14888.38
CCAA,Baleares,,,,,,capacidad_acceso,eolica,Eólica,Puesta en servicio,RdD,8985.89
CCAA,Baleares,,,,,,capacidad_acceso,fotovoltaica,Fotovoltaica,En curso,RdT,7981.95
CCAA,Baleares,,,,,,capacidad_acceso,fotovoltaica,Fotovoltaica,En curso,RdD,5389.35
CCAA,Baleares,,,,,,capacidad_acceso,fotovoltaica,Fotovoltaica,Con permisos,RdT,32969
CCAA,Baleares,,,,,,capacidad_acceso,fotovoltaica,Fotovoltaica,Con permisos,RdD,12711
CCAA,Baleares,,,,,,capacidad_acceso,fotovoltaica,Fotovoltaica,Puesta en servicio,RdT,13546.82
CCAA,Baleares,,,,,,capacidad_acceso,fotovoltaica,Fotovoltaica,Puesta en servicio,RdD,10102.23
CCAA,Baleares,,,,,,capacidad_acceso,almacenamiento,Baterías,En curso,RdT,9815.0
CCAA,Baleares,,,,,,capacidad_acceso,almacenamiento,Baterías,En curso,RdD,3431.22
CCAA,Baleares,,,,,,capacidad_acceso,almacenamiento,Baterías,Con permisos,RdT,5078
CCAA,Baleares,,,,,,capacidad_acceso,almacenamiento,Baterías,Con permisos,RdD,5909
CCAA,Baleares,,,,,,capacidad_acceso,almacenamiento,Baterías,Puesta en servicio,RdT,
CCAA,Baleares,,,,,,capacidad_acceso,almacenamiento,Baterías,Puesta en servicio,RdD,12.15
CCAA,Baleares,,,,,,capacidad_acceso,hibridacion,Hibridación,En curso,RdT,1653.71
CCAA,Baleares,,,,,,capacidad_acceso,hibridacion,Hibridación,En curso,RdD,178.18
CCAA,Baleares,,,,,,capacidad_acceso,hibridacion,Hibridación,Con permisos,RdT,10134
CCAA,Baleares,,,,,,capacidad_acceso,hibridacion,Hibridación,Con permisos,RdD,1484
CCAA,Baleares,,,,,,capacidad_acceso,hibridacion,Hibridación,Puesta en servicio,RdT,22199.75
CCAA,Baleares,,,,,,capacidad_acceso,hibridacion,Hibridación,Puesta en servicio,RdD,3131.03
CCAA,Baleares,,,,,,capacidad_acceso,termosolar,Termosolar,Con permisos,RdT,
CCAA,Baleares,,,,,,capacidad_acceso,termosolar,Termosolar,Con permisos,RdD,50
CCAA,Baleares,,,,,,capacidad_acceso,termosolar,Termosolar,Puesta en servicio,RdT,1147.0
CCAA,Baleares,,,,,,capacidad_acceso,termosolar,Termosolar,Puesta en servicio,RdD,520.5
CCAA,Baleares,,,,,,capacidad_acceso,hidraulica,Hidráulica,Con permisos,RdT,191
CCAA,Baleares,,,,,,capacidad_acceso,hidraulica,Hidráulica,Con permisos,RdD,48
CCAA,Baleares,,,,,,capacidad_acceso,hidraulica,Hidráulica,Puesta en servicio,RdT,6402.18
CCAA,Baleares,,,,,,capacidad_acceso,hidraulica,Hidráulica,Puesta en servicio,RdD,6022.6
CCAA,Baleares,,,,,,capacidad_acceso,bombeo,Bombeo,En curso,RdT,1009
CCAA,Baleares,,,,,,capacidad_acceso,bombeo,Bombeo,En curso,RdD,
CCAA,Baleares,,,,,,capacidad_acceso,bombeo,Bombeo,Con permisos,RdT,3356
CCAA,Baleares,,,,,,capacidad_acceso,bombeo,Bombeo,Con permisos,RdD,
CCAA,Baleares,,,,,,capacidad_acceso,bombeo,Bombeo,Puesta en servicio,RdT,5377.85
CCAA,Baleares,,,,,,capacidad_acceso,bombeo,Bombeo,Puesta en servicio,RdD,
CCAA,Baleares,,,,,,capacidad_acceso,otras,Otras tecnologías,En curso,RdT,4570.06
CCAA,Baleares,,,,,,capacidad_acceso,otras,Otras tecnologías,En curso,RdD,55.82
CCAA,Baleares,,,,,,capacidad_acceso,otras,Otras tecnologías,Con permisos,RdT,249
CCAA,Baleares,,,,,,capacidad_acceso,otras,Otras tecnologías,Con permisos,RdD,516
CCAA,Baleares,,,,,,capacidad_acceso,otras,Otras tecnologías,Puesta en servicio,RdT,35351.69
CCAA,Baleares,,,,,,capacidad_acceso,otras,Otras tecnologías,Puesta en servicio,RdD,6287.3
CCAA,Baleares,,,,,,potencia_instalada,eolica,Eólica,En curso,RdT,11622.2
CCAA,Baleares,,,,,,potencia_instalada,eolica,Eólica,En curso,RdD,1982.29
CCAA,Baleares,,,,,,potencia_instalada,eolica,Eólica,Con permisos,RdT,18308
CCAA,Baleares,,,,,,potencia_instalada,eolica,Eólica,Con permisos,RdD,4927
CCAA,Baleares,,,,,,potencia_instalada,eolica,Eólica,Puesta en servicio,RdT,22329.22
CCAA,Baleares,,,,,,potencia_instalada,eolica,Eólica,Puesta en servicio,RdD,10223.85
CCAA,Baleares,,,,,,potencia_instalada,fotovoltaica,Fotovoltaica,En curso,RdT,10227.14
CCAA,Baleares,,,,,,potencia_instalada,fotovoltaica,Fotovoltaica,En curso,RdD,5853.34
CCAA,Baleares,,,,,,potencia_instalada,fotovoltaica,Fotovoltaica,Con permisos,RdT,51668
CCAA,Baleares,,,,,,potencia_instalada,fotovoltaica,Fotovoltaica,Con permisos,RdD,16275
CCAA,Baleares,,,,,,potencia_instalada,fotovoltaica,Fotovoltaica,Puesta en servicio,RdT,30612.0
CCAA,Baleares,,,,,,potencia_instalada,fotovoltaica,Fotovoltaica,Puesta en servicio,RdD,12991.75
CCAA,Baleares,,,,,,potencia_instalada,almacenamiento,Baterías,En curso,RdT,10251.6
CCAA,Baleares,,,,,,potencia_instalada,almacenamiento,Baterías,En curso,RdD,3716.54
CCAA,Baleares,,,,,,potencia_instalada,almacenamiento,Baterías,Con permisos,RdT,20045
CCAA,Baleares,,,,,,potencia_instalada,almacenamiento,Baterías,Con permisos,RdD,8263
CCAA,Baleares,,,,,,potencia_instalada,almacenamiento,Baterías,Puesta en servicio,RdT,140.38
CCAA,Baleares,,,,,,potencia_instalada,almacenamiento,Baterías,Puesta en servicio,RdD,80.04
CCAA,Baleares,,,,,,potencia_instalada,termosolar,Termosolar,Con permisos,RdT,
CCAA,Baleares,,,,,,potencia_instalada,termosolar,Termosolar,Con permisos,RdD,81
CCAA,Baleares,,,,,,potencia_instalada,termosolar,Termosolar,Puesta en servicio,RdT,1698.6
CCAA,Baleares,,,,,,potencia_instalada,termosolar,Termosolar,Puesta en servicio,RdD,570.5
CCAA,Baleares,,,,,,potencia_instalada,hidraulica,Hidráulica,En curso,RdT,
CCAA,Baleares,,,,,,potencia_instalada,hidraulica,Hidráulica,En curso,RdD,15.2
CCAA,Baleares,,,,,,potencia_instalada,hidraulica,Hidráulica,Con permisos,RdT,495
CCAA,Baleares,,,,,,potencia_instalada,hidraulica,Hidráulica,Con permisos,RdD,100
CCAA,Baleares,,,,,,potencia_instalada,hidraulica,Hidráulica,Puesta en servicio,RdT,6908.14
CCAA,Baleares,,,,,,potencia_instalada,hidraulica,Hidráulica,Puesta en servicio,RdD,6029.68
CCAA,Baleares,,,,,,potencia_instalada,bombeo,Bombeo,En curso,RdT,1009
CCAA,Baleares,,,,,,potencia_instalada,bombeo,Bombeo,En curso,RdD,
CCAA,Baleares,,,,,,potencia_instalada,bombeo,Bombeo,Con permisos,RdT,2966
CCAA,Baleares,,,,,,potencia_instalada,bombeo,Bombeo,Con permisos,RdD,
CCAA,Baleares,,,,,,potencia_instalada,bombeo,Bombeo,Puesta en servicio,RdT,5454.03
CCAA,Baleares,,,,,,potencia_instalada,bombeo,Bombeo,Puesta en servicio,RdD,
CCAA,Baleares,,,,,,potencia_instalada,otras,Otras tecnologías,En curso,RdT,5428.8
CCAA,Baleares,,,,,,potencia_instalada,otras,Otras tecnologías,En curso,RdD,41.84
CCAA,Baleares,,,,,,potencia_instalada,otras,Otras tecnologías,Con permisos,RdT,744
CCAA,Baleares,,,,,,potencia_instalada,otras,Otras tecnologías,Con permisos,RdD,742
CCAA,Baleares,,,,,,potencia_instalada,otras,Otras tecnologías,Puesta en servicio,RdT,39326.38
CCAA,Baleares,,,,,,potencia_instalada,otras,Otras tecnologías,Puesta en servicio,RdD,6666.48
CCAA,La Rioja,,,,,,capacidad_acceso,eolica,Eólica,En curso,RdT,10794.47
CCAA,La Rioja,,,,,,capacidad_acceso,eolica,Eólica,En curso,RdD,1862.25
CCAA,La Rioja,,,,,,capacidad_acceso,eolica,Eólica,Con permisos,RdT,12398
CCAA,La Rioja,,,,,,capacidad_acceso,eolica,Eólica,Con permisos,RdD,3876
CCAA,La Rioja,,,,,,capacidad_acceso,eolica,Eólica,Puesta en servicio,RdT,14888.38
CCAA,La Rioja,,,,,,capacidad_acceso,eolica,Eólica,Puesta en servicio,RdD,8985.89
CCAA,La Rioja,,,,,,capacidad_acceso,fotovoltaica,Fotovoltaica,En curso,RdT,7981.95
CCAA,La Rioja,,,,,,capacidad_acceso,fotovoltaica,Fotovoltaica,En curso,RdD,5389.35
CCAA,La Rioja,,,,,,capacidad_acceso,fotovoltaica,Fotovoltaica,Con permisos,RdT,32969
CCAA,La Rioja,,,,,,capacidad_acceso,fotovoltaica,Fotovoltaica,Con permisos,RdD,12711
CCAA,La Rioja,,,,,,capacidad_acceso,fotovoltaica,Fotovoltaica,Puesta en servicio,RdT,13546.82
CCAA,La Rioja,,,,,,capacidad_acceso,fotovoltaica,Fotovoltaica,Puesta en servicio,RdD,10102.23
CCAA,La Rioja,,,,,,capacidad_acceso,almacenamiento,Baterías,En curso,RdT,9815.0
CCAA,La Rioja,,,,,,capacidad_acceso,almacenamiento,Baterías,En curso,RdD,3431.22
CCAA,La Rioja,,,,,,capacidad_acceso,almacenamiento,Baterías,Con permisos,RdT,5078
CCAA,La Rioja,,,,,,capacidad_acceso,almacenamiento,Baterías,Con permisos,RdD,5909
CCAA,La Rioja,,,,,,capacidad_acceso,almacenamiento,Baterías,Puesta en servicio,RdT,
CCAA,La Rioja,,,,,,capacidad_acceso,almacenamiento,Baterías,Puesta en servicio,RdD,12.15
CCAA,La Rioja,,,,,,capacidad_acceso,hibridacion,Hibridación,En curso,RdT,1653.71
CCAA,La Rioja,,,,,,capacidad_acceso,hibridacion,Hibridación,En curso,RdD,178.18
CCAA,La Rioja,,,,,,capacidad_acceso,hibridacion,Hibridación,Con permisos,RdT,10134
CCAA,La Rioja,,,,,,capacidad_acceso,hibridacion,Hibridación,Con permisos,RdD,1484
CCAA,La Rioja,,,,,,capacidad_acceso,hibridacion,Hibridación,Puesta en servicio,RdT,22199.75
CCAA,La Rioja,,,,,,capacidad_acceso,hibridacion,Hibridación,Puesta en servicio,RdD,3131.03
CCAA,La Rioja,,,,,,capacidad_acceso,termosolar,Termosolar,Con permisos,RdT,
CCAA,La Rioja,,,,,,capacidad_acceso,termosolar,Termosolar,Con permisos,RdD,50
CCAA,La Rioja,,,,,,capacidad_acceso,termosolar,Termosolar,Puesta en servicio,RdT,1147.0
CCAA,La Rioja,,,,,,capacidad_acceso,termosolar,Termosolar,Puesta en servicio,RdD,520.5
CCAA,La Rioja,,,,,,capacidad_acceso,hidraulica,Hidráulica,Con permisos,RdT,191
CCAA,La Rioja,,,,,,capacidad_acceso,hidraulica,Hidráulica,Con permisos,RdD,48
CCAA,La Rioja,,,,,,capacidad_acceso,hidraulica,Hidráulica,Puesta en servicio,RdT,6402.18
CCAA,La Rioja,,,,,,capacidad_acceso,hidraulica,Hidráulica,Puesta en servicio,RdD,6022.6
CCAA,La Rioja,,,,,,capacidad_acceso,bombeo,Bombeo,En curso,RdT,1009
CCAA,La Rioja,,,,,,capacidad_acceso,bombeo,Bombeo,En curso,RdD,
CCAA,La Rioja,,,,,,capacidad_acceso,bombeo,Bombeo,Con permisos,RdT,3356
CCAA,La Rioja,,,,,,capacidad_acceso,bombeo,Bombeo,Con permisos,RdD,
CCAA,La Rioja,,,,,,capacidad_acceso,bombeo,Bombeo,Puesta en servicio,RdT,5377.85
CCAA,La Rioja,,,,,,capacidad_acceso,bombeo,Bombeo,Puesta en servicio,RdD,
CCAA,La Rioja,,,,,,capacidad_acceso,otras,Otras tecnologías,En curso,RdT,4570.06
CCAA,La Rioja,,,,,,capacidad_acceso,otras,Otras tecnologías,En curso,RdD,55.82
CCAA,La Rioja,,,,,,capacidad_acceso,otras,Otras tecnologías,Con permisos,RdT,249
CCAA,La Rioja,,,,,,capacidad_acceso,otras,Otras tecnologías,Con permisos,RdD,516
CCAA,La Rioja,,,,,,capacidad_acceso,otras,Otras tecnologías,Puesta en servicio,RdT,35351.69
CCAA,La Rioja,,,,,,capacidad_acceso,otras,Otras tecnologías,Puesta en servicio,RdD,6287.3
CCAA,La Rioja,,,,,,potencia_instalada,eolica,Eólica,En curso,RdT,11622.2
CCAA,La Rioja,,,,,,potencia_instalada,eolica,Eólica,En curso,RdD,1982.29
CCAA,La Rioja,,,,,,potencia_instalada,eolica,Eólica,Con permisos,RdT,18308
CCAA,La Rioja,,,,,,potencia_instalada,eolica,Eólica,Con permisos,RdD,4927
CCAA,La Rioja,,,,,,potencia_instalada,eolica,Eólica,Puesta en servicio,RdT,22329.22
CCAA,La Rioja,,,,,,potencia_instalada,eolica,Eólica,Puesta en servicio,RdD,10223.85
CCAA,La Rioja,,,,,,potencia_instalada,fotovoltaica,Fotovoltaica,En curso,RdT,10227.14
CCAA,La Rioja,,,,,,potencia_instalada,fotovoltaica,Fotovoltaica,En curso,RdD,5853.34
CCAA,La Rioja,,,,,,potencia_instalada,fotovoltaica,Fotovoltaica,Con permisos,RdT,51668
CCAA,La Rioja,,,,,,potencia_instalada,fotovoltaica,Fotovoltaica,Con permisos,RdD,16275
CCAA,La Rioja,,,,,,potencia_instalada,fotovoltaica,Fotovoltaica,Puesta en servicio,RdT,30612.0
CCAA,La Rioja,,,,,,potencia_instalada,fotovoltaica,Fotovoltaica,Puesta en servicio,RdD,12991.75
CCAA,La Rioja,,,,,,potencia_instalada,almacenamiento,Baterías,En curso,RdT,10251.6
CCAA,La Rioja,,,,,,potencia_instalada,almacenamiento,Baterías,En curso,RdD,3716.54
CCAA,La Rioja,,,,,,potencia_instalada,almacenamiento,Baterías,Con permisos,RdT,20045
CCAA,La Rioja,,,,,,potencia_instalada,almacenamiento,Baterías,Con permisos,RdD,8263
CCAA,La Rioja,,,,,,potencia_instalada,almacenamiento,Baterías,Puesta en servicio,RdT,140.38
CCAA,La Rioja,,,,,,potencia_instalada,almacenamiento,Baterías,Puesta en servicio,RdD,80.04
CCAA,La Rioja,,,,,,potencia_instalada,termosolar,Termosolar,Con permisos,RdT,
CCAA,La Rioja,,,,,,potencia_instalada,termosolar,Termosolar,Con permisos,RdD,81
CCAA,La Rioja,,,,,,potencia_instalada,termosolar,Termosolar,Puesta en servicio,RdT,1698.6
CCAA,La Rioja,,,,,,potencia_instalada,termosolar,Termosolar,Puesta en servicio,RdD,570.5
CCAA,La Rioja,,,,,,potencia_instalada,hidraulica,Hidráulica,En curso,RdT,
CCAA,La Rioja,,,,,,potencia_instalada,hidraulica,Hidráulica,En curso,RdD,15.2
CCAA,La Rioja,,,,,,potencia_instalada,hidraulica,Hidráulica,Con permisos,RdT,495
CCAA,La Rioja,,,,,,potencia_instalada,hidraulica,Hidráulica,Con permisos,RdD,100
CCAA,La Rioja,,,,,,potencia_instalada,hidraulica,Hidráulica,Puesta en servicio,RdT,6908.14
CCAA,La Rioja,,,,,,potencia_instalada,hidraulica,Hidráulica,Puesta en servicio,RdD,6029.68
CCAA,La Rioja,,,,,,potencia_instalada,bombeo,Bombeo,En curso,RdT,1009
CCAA,La Rioja,,,,,,potencia_instalada,bombeo,Bombeo,En curso,RdD,
CCAA,La Rioja,,,,,,potencia_instalada,bombeo,Bombeo,Con permisos,RdT,2966
CCAA,La Rioja,,,,,,potencia_instalada,bombeo,Bombeo,Con permisos,RdD,
CCAA,La Rioja,,,,,,potencia_instalada,bombeo,Bombeo,Puesta en servicio,RdT,5454.03
CCAA,La Rioja,,,,,,potencia_instalada,bombeo,Bombeo,Puesta en servicio,RdD,
CCAA,La Rioja,,,,,,potencia_instalada,otras,Otras tecnologías,En curso,RdT,5428.8
CCAA,La Rioja,,,,,,potencia_instalada,otras,Otras tecnologías,En curso,RdD,41.84
CCAA,La Rioja,,,,,,potencia_instalada,otras,Otras tecnologías,Con permisos,RdT,744
CCAA,La Rioja,,,,,,potencia_instalada,otras,Otras tecnologías,Con permisos,RdD,742
CCAA,La Rioja,,,,,,potencia_instalada,otras,Otras tecnologías,Puesta en servicio,RdT,39326.38
CCAA,La Rioja,,,,,,potencia_instalada,otras,Otras tecnologías,Puesta en servicio,RdD,6666.48
CCAA,Madrid,,,,,,capacidad_acceso,eolica,Eólica,En curso,RdT,10794.47
CCAA,Madrid,,,,,,capacidad_acceso,eolica,Eólica,En curso,RdD,1862.25
CCAA,Madrid,,,,,,capacidad_acceso,eolica,Eólica,Con permisos,RdT,12398
CCAA,Madrid,,,,,,capacidad_acceso,eolica,Eólica,Con permisos,RdD,3876
CCAA,Madrid,,,,,,capacidad_acceso,eolica,Eólica,Puesta en servicio,RdT,14888.38
CCAA,Madrid,,,,,,capacidad_acceso,eolica,Eólica,Puesta en servicio,RdD,8985.89
CCAA,Madrid,,,,,,capacidad_acceso,fotovoltaica,Fotovoltaica,En curso,RdT,7981.95
CCAA,Madrid,,,,,,capacidad_acceso,fotovoltaica,Fotovoltaica,En curso,RdD,5389.35
CCAA,Madrid,,,,,,capacidad_acceso,fotovoltaica,Fotovoltaica,Con permisos,RdT,32969
CCAA,Madrid,,,,,,capacidad_acceso,fotovoltaica,Fotovoltaica,Con permisos,RdD,12711
CCAA,Madrid,,,,,,capacidad_acceso,fotovoltaica,Fotovoltaica,Puesta en servicio,RdT,13546.82
CCAA,Madrid,,,,,,capacidad_acceso,fotovoltaica,Fotovoltaica,Puesta en servicio,RdD,10102.23
CCAA,Madrid,,,,,,capacidad_acceso,almacenamiento,Baterías,En curso,RdT,9815.0
CCAA,Madrid,,,,,,capacidad_acceso,almacenamiento,Baterías,En curso,RdD,3431.22
CCAA,Madrid,,,,,,capacidad_acceso,almacenamiento,Baterías,Con permisos,RdT,5078
CCAA,Madrid,,,,,,capacidad_acceso,almacenamiento,Baterías,Con permisos,RdD,5909
CCAA,Madrid,,,,,,capacidad_acceso,almacenamiento,Baterías,Puesta en servicio,RdT,
CCAA,Madrid,,,,,,capacidad_acceso,almacenamiento,Baterías,Puesta en servicio,RdD,12.15
CCAA,Madrid,,,,,,capacidad_acceso,hibridacion,Hibridación,En curso,RdT,1653.71
CCAA,Madrid,,,,,,capacidad_acceso,hibridacion,Hibridación,En curso,RdD,178.18
CCAA,Madrid,,,,,,capacidad_acceso,hibridacion,Hibridación,Con permisos,RdT,10134
CCAA,Madrid,,,,,,capacidad_acceso,hibridacion,Hibridación,Con permisos,RdD,1484
CCAA,Madrid,,,,,,capacidad_acceso,hibridacion,Hibridación,Puesta en servicio,RdT,22199.75
CCAA,Madrid,,,,,,capacidad_acceso,hibridacion,Hibridación,Puesta en servicio,RdD,3131.03
CCAA,Madrid,,,,,,capacidad_acceso,termosolar,Termosolar,Con permisos,RdT,
CCAA,Madrid,,,,,,capacidad_acceso,termosolar,Termosolar,Con permisos,RdD,50
CCAA,Madrid,,,,,,capacidad_acceso,termosolar,Termosolar,Puesta en servicio,RdT,1147.0
CCAA,Madrid,,,,,,capacidad_acceso,termosolar,Termosolar,Puesta en servicio,RdD,520.5
CCAA,Madrid,,,,,,capacidad_acceso,hidraulica,Hidráulica,Con permisos,RdT,191
CCAA,Madrid,,,,,,capacidad_acceso,hidraulica,Hidráulica,Con permisos,RdD,48
CCAA,Madrid,,,,,,capacidad_acceso,hidraulica,Hidráulica,Puesta en servicio,RdT,6402.18
CCAA,Madrid,,,,,,capacidad_acceso,hidraulica,Hidráulica,Puesta en servicio,RdD,6022.6
CCAA,Madrid,,,,,,capacidad_acceso,bombeo,Bombeo,En curso,RdT,1009
CCAA,Madrid,,,,,,capacidad_acceso,bombeo,Bombeo,En curso,RdD,
CCAA,Madrid,,,,,,capacidad_acceso,bombeo,Bombeo,Con permisos,RdT,3356
CCAA,Madrid,,,,,,capacidad_acceso,bombeo,Bombeo,Con permisos,RdD,
CCAA,Madrid,,,,,,capacidad_acceso,bombeo,Bombeo,Puesta en servicio,RdT,5377.85
CCAA,Madrid,,,,,,capacidad_acceso,bombeo,Bombeo,Puesta en servicio,RdD,
CCAA,Madrid,,,,,,capacidad_acceso,otras,Otras tecnologías,En curso,RdT,4570.06
CCAA,Madrid,,,,,,capacidad_acceso,otras,Otras tecnologías,En curso,RdD,55.82
CCAA,Madrid,,,,,,capacidad_acceso,otras,Otras tecnologías,Con permisos,RdT,249
CCAA,Madrid,,,,,,capacidad_acceso,otras,Otras tecnologías,Con permisos,RdD,516
CCAA,Madrid,,,,,,capacidad_acceso,otras,Otras tecnologías,Puesta en servicio,RdT,35351.69
CCAA,Madrid,,,,,,capacidad_acceso,otras,Otras tecnologías,Puesta en servicio,RdD,6287.3
CCAA,Madrid,,,,,,potencia_instalada,eolica,Eólica,En curso,RdT,11622.2
CCAA,Madrid,,,,,,potencia_instalada,eolica,Eólica,En curso,RdD,1982.29
CCAA,Madrid,,,,,,potencia_instalada,eolica,Eólica,Con permisos,RdT,18308
CCAA,Madrid,,,,,,potencia_instalada,eolica,Eólica,Con permisos,RdD,4927
CCAA,Madrid,,,,,,potencia_instalada,eolica,Eólica,Puesta en servicio,RdT,22329.22
CCAA,Madrid,,,,,,potencia_instalada,eolica,Eólica,Puesta en servicio,RdD,10223.85
CCAA,Madrid,,,,,,potencia_instalada,fotovoltaica,Fotovoltaica,En curso,RdT,10227.14
CCAA,Madrid,,,,,,potencia_instalada,fotovoltaica,Fotovoltaica,En curso,RdD,5853.34
CCAA,Madrid,,,,,,potencia_instalada,fotovoltaica,Fotovoltaica,Con permisos,RdT,51668
CCAA,Madrid,,,,,,potencia_instalada,fotovoltaica,Fotovoltaica,Con permisos,RdD,16275
CCAA,Madrid,,,,,,potencia_instalada,fotovoltaica,Fotovoltaica,Puesta en servicio,RdT,30612.0
CCAA,Madrid,,,,,,potencia_instalada,fotovoltaica,Fotovoltaica,Puesta en servicio,RdD,12991.75
CCAA,Madrid,,,,,,potencia_instalada,almacenamiento,Baterías,En curso,RdT,10251.6
CCAA,Madrid,,,,,,potencia_instalada,almacenamiento,Baterías,En curso,RdD,3716.54
CCAA,Madrid,,,,,,potencia_instalada,almacenamiento,Baterías,Con permisos,RdT,20045
CCAA,Madrid,,,,,,potencia_instalada,almacenamiento,Baterías,Con permisos,RdD,8263
CCAA,Madrid,,,,,,potencia_instalada,almacenamiento,Baterías,Puesta en servicio,RdT,140.38
CCAA,Madrid,,,,,,potencia_instalada,almacenamiento,Baterías,Puesta en servicio,RdD,80.04
CCAA,Madrid,,,,,,potencia_instalada,termosolar,Termosolar,Con permisos,RdT,
CCAA,Madrid,,,,,,potencia_instalada,termosolar,Termosolar,Con permisos,RdD,81
CCAA,Madrid,,,,,,potencia_instalada,termosolar,Termosolar,Puesta en servicio,RdT,1698.6
CCAA,Madrid,,,,,,potencia_instalada,termosolar,Termosolar,Puesta en servicio,RdD,570.5
CCAA,Madrid,,,,,,potencia_instalada,hidraulica,Hidráulica,En curso,RdT,
CCAA,Madrid,,,,,,potencia_instalada,hidraulica,Hidráulica,En curso,RdD,15.2
CCAA,Madrid,,,,,,potencia_instalada,hidraulica,Hidráulica,Con permisos,RdT,495
CCAA,Madrid,,,,,,potencia_instalada,hidraulica,Hidráulica,Con permisos,RdD,100
CCAA,Madrid,,,,,,potencia_instalada,hidraulica,Hidráulica,Puesta en servicio,RdT,6908.14
CCAA,Madrid,,,,,,potencia_instalada,hidraulica,Hidráulica,Puesta en servicio,RdD,6029.68
CCAA,Madrid,,,,,,potencia_instalada,bombeo,Bombeo,En curso,RdT,1009
CCAA,Madrid,,,,,,potencia_instalada,bombeo,Bombeo,En curso,RdD,
CCAA,Madrid,,,,,,potencia_instalada,bombeo,Bombeo,Con permisos,RdT,2966
CCAA,Madrid,,,,,,potencia_instalada,bombeo,Bombeo,Con permisos,RdD,
CCAA,Madrid,,,,,,potencia_instalada,bombeo,Bombeo,Puesta en servicio,RdT,5454.03
CCAA,Madrid,,,,,,potencia_instalada,bombeo,Bombeo,Puesta en servicio,RdD,
CCAA,Madrid,,,,,,potencia_instalada,otras,Otras tecnologías,En curso,RdT,5428.8
CCAA,Madrid,,,,,,potencia_instalada,otras,Otras tecnologías,En curso,RdD,41.84
CCAA,Madrid,,,,,,potencia_instalada,otras,Otras tecnologías,Con permisos,RdT,744
CCAA,Madrid,,,,,,potencia_instalada,otras,Otras tecnologías,Con permisos,RdD,742
CCAA,Madrid,,,,,,potencia_instalada,otras,Otras tecnologías,Puesta en servicio,RdT,39326.38
CCAA,Madrid,,,,,,potencia_instalada,otras,Otras tecnologías,Puesta en servicio,RdD,6666.48
CCAA,Murcia,,,,,,capacidad_acceso,eolica,Eólica,En curso,RdT,10794.47
CCAA,Murcia,,,,,,capacidad_acceso,eolica,Eólica,En curso,RdD,1862.25
CCAA,Murcia,,,,,,capacidad_acceso,eolica,Eólica,Con permisos,RdT,12398
CCAA,Murcia,,,,,,capacidad_acceso,eolica,Eólica,Con permisos,RdD,3876
CCAA,Murcia,,,,,,capacidad_acceso,eolica,Eólica,Puesta en servicio,RdT,14888.38
CCAA,Murcia,,,,,,capacidad_acceso,eolica,Eólica,Puesta en servicio,RdD,8985.89
CCAA,Murcia,,,,,,capacidad_acceso,fotovoltaica,Fotovoltaica,En curso,RdT,7981.95
CCAA,Murcia,,,,,,capacidad_acceso,fotovoltaica,Fotovoltaica,En curso,RdD,5389.35
CCAA,Murcia,,,,,,capacidad_acceso,fotovoltaica,Fotovoltaica,Con permisos,RdT,32969
CCAA,Murcia,,,,,,capacidad_acceso,fotovoltaica,Fotovoltaica,Con permisos,RdD,12711
CCAA,Murcia,,,,,,capacidad_acceso,fotovoltaica,Fotovoltaica,Puesta en servicio,RdT,13546.82
CCAA,Murcia,,,,,,capacidad_acceso,fotovoltaica,Fotovoltaica,Puesta en servicio,RdD,10102.23
CCAA,Murcia,,,,,,capacidad_acceso,almacenamiento,Baterías,En curso,RdT,9815.0
CCAA,Murcia,,,,,,capacidad_acceso,almacenamiento,Baterías,En curso,RdD,3431.22
CCAA,Murcia,,,,,,capacidad_acceso,almacenamiento,Baterías,Con permisos,RdT,5078
CCAA,Murcia,,,,,,capacidad_acceso,almacenamiento,Baterías,Con permisos,RdD,5909
CCAA,Murcia,,,,,,capacidad_acceso,almacenamiento,Baterías,Puesta en servicio,RdT,
CCAA,Murcia,,,,,,capacidad_acceso,almacenamiento,Baterías,Puesta en servicio,RdD,12.15
CCAA,Murcia,,,,,,capacidad_acceso,hibridacion,Hibridación,En curso,RdT,1653.71
CCAA,Murcia,,,,,,capacidad_acceso,hibridacion,Hibridación,En curso,RdD,178.18
CCAA,Murcia,,,,,,capacidad_acceso,hibridacion,Hibridación,Con permisos,RdT,10134
CCAA,Murcia,,,,,,capacidad_acceso,hibridacion,Hibridación,Con permisos,RdD,1484
CCAA,Murcia,,,,,,capacidad_acceso,hibridacion,Hibridación,Puesta en servicio,RdT,22199.75
CCAA,Murcia,,,,,,capacidad_acceso,hibridacion,Hibridación,Puesta en servicio,RdD,3131.03
CCAA,Murcia,,,,,,capacidad_acceso,termosolar,Termosolar,Con permisos,RdT,
CCAA,Murcia,,,,,,capacidad_acceso,termosolar,Termosolar,Con permisos,RdD,50
CCAA,Murcia,,,,,,capacidad_acceso,termosolar,Termosolar,Puesta en servicio,RdT,1147.0
CCAA,Murcia,,,,,,capacidad_acceso,termosolar,Termosolar,Puesta en servicio,RdD,520.5
CCAA,Murcia,,,,,,capacidad_acceso,hidraulica,Hidráulica,Con permisos,RdT,191
CCAA,Murcia,,,,,,capacidad_acceso,hidraulica,Hidráulica,Con permisos,RdD,48
CCAA,Murcia,,,,,,capacidad_acceso,hidraulica,Hidráulica,Puesta en servicio,RdT,6402.18
CCAA,Murcia,,,,,,capacidad_acceso,hidraulica,Hidráulica,Puesta en servicio,RdD,6022.6
CCAA,Murcia,,,,,,capacidad_acceso,bombeo,Bombeo,En curso,RdT,1009
CCAA,Murcia,,,,,,capacidad_acceso,bombeo,Bombeo,En curso,RdD,
CCAA,Murcia,,,,,,capacidad_acceso,bombeo,Bombeo,Con permisos,RdT,3356
CCAA,Murcia,,,,,,capacidad_acceso,bombeo,Bombeo,Con permisos,RdD,
CCAA,Murcia,,,,,,capacidad_acceso,bombeo,Bombeo,Puesta en servicio,RdT,5377.85
CCAA,Murcia,,,,,,capacidad_acceso,bombeo,Bombeo,Puesta en servicio,RdD,
CCAA,Murcia,,,,,,capacidad_acceso,otras,Otras tecnologías,En curso,RdT,4570.06
CCAA,Murcia,,,,,,capacidad_acceso,otras,Otras tecnologías,En curso,RdD,55.82
CCAA,Murcia,,,,,,capacidad_acceso,otras,Otras tecnologías,Con permisos,RdT,249
CCAA,Murcia,,,,,,capacidad_acceso,otras,Otras tecnologías,Con permisos,RdD,516
CCAA,Murcia,,,,,,capacidad_acceso,otras,Otras tecnologías,Puesta en servicio,RdT,35351.69
CCAA,Murcia,,,,,,capacidad_acceso,otras,Otras tecnologías,Puesta en servicio,RdD,6287.3
CCAA,Murcia,,,,,,potencia_instalada,eolica,Eólica,En curso,RdT,11622.2
CCAA,Murcia,,,,,,potencia_instalada,eolica,Eólica,En curso,RdD,1982.29
CCAA,Murcia,,,,,,potencia_instalada,eolica,Eólica,Con permisos,RdT,18308
CCAA,Murcia,,,,,,potencia_instalada,eolica,Eólica,Con permisos,RdD,4927
CCAA,Murcia,,,,,,potencia_instalada,eolica,Eólica,Puesta en servicio,RdT,22329.22
CCAA,Murcia,,,,,,potencia_instalada,eolica,Eólica,Puesta en servicio,RdD,10223.85
CCAA,Murcia,,,,,,potencia_instalada,fotovoltaica,Fotovoltaica,En curso,RdT,10227.14
CCAA,Murcia,,,,,,potencia_instalada,fotovoltaica,Fotovoltaica,En curso,RdD,5853.34
CCAA,Murcia,,,,,,potencia_instalada,fotovoltaica,Fotovoltaica,Con permisos,RdT,51668
CCAA,Murcia,,,,,,potencia_instalada,fotovoltaica,Fotovoltaica,Con permisos,RdD,16275
CCAA,Murcia,,,,,,potencia_instalada,fotovoltaica,Fotovoltaica,Puesta en servicio,RdT,30612.0
CCAA,Murcia,,,,,,potencia_instalada,fotovoltaica,Fotovoltaica,Puesta en servicio,RdD,12991.75
CCAA,Murcia,,,,,,potencia_instalada,almacenamiento,Baterías,En curso,RdT,10251.6
CCAA,Murcia,,,,,,potencia_instalada,almacenamiento,Baterías,En curso,RdD,3716.54
CCAA,Murcia,,,,,,potencia_instalada,almacenamiento,Baterías,Con permisos,RdT,20045
CCAA,Murcia,,,,,,potencia_instalada,almacenamiento,Baterías,Con permisos,RdD,8263
CCAA,Murcia,,,,,,potencia_instalada,almacenamiento,Baterías,Puesta en servicio,RdT,140.38
CCAA,Murcia,,,,,,potencia_instalada,almacenamiento,Baterías,Puesta en servicio,RdD,80.04
CCAA,Murcia,,,,,,potencia_instalada,termosolar,Termosolar,Con permisos,RdT,
CCAA,Murcia,,,,,,potencia_instalada,termosolar,Termosolar,Con permisos,RdD,81
CCAA,Murcia,,,,,,potencia_instalada,termosolar,Termosolar,Puesta en servicio,RdT,1698.6
CCAA,Murcia,,,,,,potencia_instalada,termosolar,Termosolar,Puesta en servicio,RdD,570.5
CCAA,Murcia,,,,,,potencia_instalada,hidraulica,Hidráulica,En curso,RdT,
CCAA,Murcia,,,,,,potencia_instalada,hidraulica,Hidráulica,En curso,RdD,15.2
CCAA,Murcia,,,,,,potencia_instalada,hidraulica,Hidráulica,Con permisos,RdT,495
CCAA,Murcia,,,,,,potencia_instalada,hidraulica,Hidráulica,Con permisos,RdD,100
CCAA,Murcia,,,,,,potencia_instalada,hidraulica,Hidráulica,Puesta en servicio,RdT,6908.14
CCAA,Murcia,,,,,,potencia_instalada,hidraulica,Hidráulica,Puesta en servicio,RdD,6029.68
CCAA,Murcia,,,,,,potencia_instalada,bombeo,Bombeo,En curso,RdT,1009
CCAA,Murcia,,,,,,potencia_instalada,bombeo,Bombeo,En curso,RdD,
CCAA,Murcia,,,,,,potencia_instalada,bombeo,Bombeo,Con permisos,RdT,2966
CCAA,Murcia,,,,,,potencia_instalada,bombeo,Bombeo,Con permisos,RdD,
CCAA,Murcia,,,,,,potencia_instalada,bombeo,Bombeo,Puesta en servicio,RdT,5454.03
CCAA,Murcia,,,,,,potencia_instalada,bombeo,Bombeo,Puesta en servicio,RdD,
CCAA,Murcia,,,,,,potencia_instalada,otras,Otras tecnologías,En curso,RdT,5428.8
CCAA,Murcia,,,,,,potencia_instalada,otras,Otras tecnologías,En curso,RdD,41.84
CCAA,Murcia,,,,,,potencia_instalada,otras,Otras tecnologías,Con permisos,RdT,744
CCAA,Murcia,,,,,,potencia_instalada,otras,Otras tecnologías,Con permisos,RdD,742
CCAA,Murcia,,,,,,potencia_instalada,otras,Otras tecnologías,Puesta en servicio,RdT,39326.38
CCAA,Murcia,,,,,,potencia_instalada,otras,Otras tecnologías,Puesta en servicio,RdD,6666.48
CCAA,Navarra,,,,,,capacidad_acceso,eolica,Eólica,En curso,RdT,10794.47
CCAA,Navarra,,,,,,capacidad_acceso,eolica,Eólica,En curso,RdD,1862.25
CCAA,Navarra,,,,,,capacidad_acceso,eolica,Eólica,Con permisos,RdT,12398
CCAA,Navarra,,,,,,capacidad_acceso,eolica,Eólica,Con permisos,RdD,3876
CCAA,Navarra,,,,,,capacidad_acceso,eolica,Eólica,Puesta en servicio,RdT,14888.38
CCAA,Navarra,,,,,,capacidad_acceso,eolica,Eólica,Puesta en servicio,RdD,8985.89
CCAA,Navarra,,,,,,capacidad_acceso,fotovoltaica,Fotovoltaica,En curso,RdT,7981.95
CCAA,Navarra,,,,,,capacidad_acceso,fotovoltaica,Fotovoltaica,En curso,RdD,5389.35
CCAA,Navarra,,,,,,capacidad_acceso,fotovoltaica,Fotovoltaica,Con permisos,RdT,32969
CCAA,Navarra,,,,,,capacidad_acceso,fotovoltaica,Fotovoltaica,Con permisos,RdD,12711
CCAA,Navarra,,,,,,capacidad_acceso,fotovoltaica,Fotovoltaica,Puesta en servicio,RdT,13546.82
CCAA,Navarra,,,,,,capacidad_acceso,fotovoltaica,Fotovoltaica,Puesta en servicio,RdD,10102.23
CCAA,Navarra,,,,,,capacidad_acceso,almacenamiento,Baterías,En curso,RdT,9815.0
CCAA,Navarra,,,,,,capacidad_acceso,almacenamiento,Baterías,En curso,RdD,3431.22
CCAA,Navarra,,,,,,capacidad_acceso,almacenamiento,Baterías,Con permisos,RdT,5078
CCAA,Navarra,,,,,,capacidad_acceso,almacenamiento,Baterías,Con permisos,RdD,5909
CCAA,Navarra,,,,,,capacidad_acceso,almacenamiento,Baterías,Puesta en servicio,RdT,
CCAA,Navarra,,,,,,capacidad_acceso,almacenamiento,Baterías,Puesta en servicio,RdD,12.15
CCAA,Navarra,,,,,,capacidad_acceso,hibridacion,Hibridación,En curso,RdT,1653.71
CCAA,Navarra,,,,,,capacidad_acceso,hibridacion,Hibridación,En curso,RdD,178.18
CCAA,Navarra,,,,,,capacidad_acceso,hibridacion,Hibridación,Con permisos,RdT,10134
CCAA,Navarra,,,,,,capacidad_acceso,hibridacion,Hibridación,Con permisos,RdD,1484
CCAA,Navarra,,,,,,capacidad_acceso,hibridacion,Hibridación,Puesta en servicio,RdT,22199.75
CCAA,Navarra,,,,,,capacidad_acceso,hibridacion,Hibridación,Puesta en servicio,RdD,3131.03
CCAA,Navarra,,,,,,capacidad_acceso,termosolar,Termosolar,Con permisos,RdT,
CCAA,Navarra,,,,,,capacidad_acceso,termosolar,Termosolar,Con permisos,RdD,50
CCAA,Navarra,,,,,,capacidad_acceso,termosolar,Termosolar,Puesta en servicio,RdT,1147.0
CCAA,Navarra,,,,,,capacidad_acceso,termosolar,Termosolar,Puesta en servicio,RdD,520.5
CCAA,Navarra,,,,,,capacidad_acceso,hidraulica,Hidráulica,Con permisos,RdT,191
CCAA,Navarra,,,,,,capacidad_acceso,hidraulica,Hidráulica,Con permisos,RdD,48
CCAA,Navarra,,,,,,capacidad_acceso,hidraulica,Hidráulica,Puesta en servicio,RdT,6402.18
CCAA,Navarra,,,,,,capacidad_acceso,hidraulica,Hidráulica,Puesta en servicio,RdD,6022.6
CCAA,Navarra,,,,,,capacidad_acceso,bombeo,Bombeo,En curso,RdT,1009
CCAA,Navarra,,,,,,capacidad_acceso,bombeo,Bombeo,En curso,RdD,
CCAA,Navarra,,,,,,capacidad_acceso,bombeo,Bombeo,Con permisos,RdT,3356
CCAA,Navarra,,,,,,capacidad_acceso,bombeo,Bombeo,Con permisos,RdD,
CCAA,Navarra,,,,,,capacidad_acceso,bombeo,Bombeo,Puesta en servicio,RdT,5377.85
CCAA,Navarra,,,,,,capacidad_acceso,bombeo,Bombeo,Puesta en servicio,RdD,
CCAA,Navarra,,,,,,capacidad_acceso,otras,Otras tecnologías,En curso,RdT,4570.06
CCAA,Navarra,,,,,,capacidad_acceso,otras,Otras tecnologías,En curso,RdD,55.82
CCAA,Navarra,,,,,,capacidad_acceso,otras,Otras tecnologías,Con permisos,RdT,249
CCAA,Navarra,,,,,,capacidad_acceso,otras,Otras tecnologías,Con permisos,RdD,516
CCAA,Navarra,,,,,,capacidad_acceso,otras,Otras tecnologías,Puesta en servicio,RdT,35351.69
CCAA,Navarra,,,,,,capacidad_acceso,otras,Otras tecnologías,Puesta en servicio,RdD,6287.3
CCAA,Navarra,,,,,,potencia_instalada,eolica,Eólica,En curso,RdT,11622.2
CCAA,Navarra,,,,,,potencia_instalada,eolica,Eólica,En curso,RdD,1982.29
CCAA,Navarra,,,,,,potencia_instalada,eolica,Eólica,Con permisos,RdT,18308
CCAA,Navarra,,,,,,potencia_instalada,eolica,Eólica,Con permisos,RdD,4927
CCAA,Navarra,,,,,,potencia_instalada,eolica,Eólica,Puesta en servicio,RdT,22329.22
CCAA,Navarra,,,,,,potencia_instalada,eolica,Eólica,Puesta en servicio,RdD,10223.85
CCAA,Navarra,,,,,,potencia_instalada,fotovoltaica,Fotovoltaica,En curso,RdT,10227.14
CCAA,Navarra,,,,,,potencia_instalada,fotovoltaica,Fotovoltaica,En curso,RdD,5853.34
CCAA,Navarra,,,,,,potencia_instalada,fotovoltaica,Fotovoltaica,Con permisos,RdT,51668
CCAA,Navarra,,,,,,potencia_instalada,fotovoltaica,Fotovoltaica,Con permisos,RdD,16275
CCAA,Navarra,,,,,,potencia_instalada,fotovoltaica,Fotovoltaica,Puesta en servicio,RdT,30612.0
CCAA,Navarra,,,,,,potencia_instalada,fotovoltaica,Fotovoltaica,Puesta en servicio,RdD,12991.75
CCAA,Navarra,,,,,,potencia_instalada,almacenamiento,Baterías,En curso,RdT,10251.6
CCAA,Navarra,,,,,,potencia_instalada,almacenamiento,Baterías,En curso,RdD,3716.54
CCAA,Navarra,,,,,,potencia_instalada,almacenamiento,Baterías,Con permisos,RdT,20045
CCAA,Navarra,,,,,,potencia_instalada,almacenamiento,Baterías,Con permisos,RdD,8263
CCAA,Navarra,,,,,,potencia_instalada,almacenamiento,Baterías,Puesta en servicio,RdT,140.38
CCAA,Navarra,,,,,,potencia_instalada,almacenamiento,Baterías,Puesta en servicio,RdD,80.04
CCAA,Navarra,,,,,,potencia_instalada,termosolar,Termosolar,Con permisos,RdT,
CCAA,Navarra,,,,,,potencia_instalada,termosolar,Termosolar,Con permisos,RdD,81
CCAA,Navarra,,,,,,potencia_instalada,termosolar,Termosolar,Puesta en servicio,RdT,1698.6
CCAA,Navarra,,,,,,potencia_instalada,termosolar,Termosolar,Puesta en servicio,RdD,570.5
CCAA,Navarra,,,,,,potencia_instalada,hidraulica,Hidráulica,En curso,RdT,
CCAA,Navarra,,,,,,potencia_instalada,hidraulica,Hidráulica,En curso,RdD,15.2
CCAA,Navarra,,,,,,potencia_instalada,hidraulica,Hidráulica,Con permisos,RdT,495
CCAA,Navarra,,,,,,potencia_instalada,hidraulica,Hidráulica,Con permisos,RdD,100
CCAA,Navarra,,,,,,potencia_instalada,hidraulica,Hidráulica,Puesta en servicio,RdT,6908.14
CCAA,Navarra,,,,,,potencia_instalada,hidraulica,Hidráulica,Puesta en servicio,RdD,6029.68
CCAA,Navarra,,,,,,potencia_instalada,bombeo,Bombeo,En curso,RdT,1009
CCAA,Navarra,,,,,,potencia_instalada,bombeo,Bombeo,En curso,RdD,
CCAA,Navarra,,,,,,potencia_instalada,bombeo,Bombeo,Con permisos,RdT,2966
CCAA,Navarra,,,,,,potencia_instalada,bombeo,Bombeo,Con permisos,RdD,
CCAA,Navarra,,,,,,potencia_instalada,bombeo,Bombeo,Puesta en servicio,RdT,5454.03
CCAA,Navarra,,,,,,potencia_instalada,bombeo,Bombeo,Puesta en servicio,RdD,
CCAA,Navarra,,,,,,potencia_instalada,otras,Otras tecnologías,En curso,RdT,5428.8
CCAA,Navarra,,,,,,potencia_instalada,otras,Otras tecnologías,En curso,RdD,41.84
CCAA,Navarra,,,,,,potencia_instalada,otras,Otras tecnologías,Con permisos,RdT,744
CCAA,Navarra,,,,,,potencia_instalada,otras,Otras tecnologías,Con permisos,RdD,742
CCAA,Navarra,,,,,,potencia_instalada,otras,Otras tecnologías,Puesta en servicio,RdT,39326.38
CCAA,Navarra,,,,,,potencia_instalada,otras,Otras tecnologías,Puesta en servicio,RdD,6666.48
CCAA,País Vasco,,,,,,capacidad_acceso,eolica,Eólica,En curso,RdT,10794.47
CCAA,País Vasco,,,,,,capacidad_acceso,eolica,Eólica,En curso,RdD,1862.25
CCAA,País Vasco,,,,,,capacidad_acceso,eolica,Eólica,Con permisos,RdT,12398
CCAA,País Vasco,,,,,,capacidad_acceso,eolica,Eólica,Con permisos,RdD,3876
CCAA,País Vasco,,,,,,capacidad_acceso,eolica,Eólica,Puesta en servicio,RdT,14888.38
CCAA,País Vasco,,,,,,capacidad_acceso,eolica,Eólica,Puesta en servicio,RdD,8985.89
CCAA,País Vasco,,,,,,capacidad_acceso,fotovoltaica,Fotovoltaica,En curso,RdT,7981.95
CCAA,País Vasco,,,,,,capacidad_acceso,fotovoltaica,Fotovoltaica,En curso,RdD,5389.35
CCAA,País Vasco,,,,,,capacidad_acceso,fotovoltaica,Fotovoltaica,Con permisos,RdT,32969
CCAA,País Vasco,,,,,,capacidad_acceso,fotovoltaica,Fotovoltaica,Con permisos,RdD,12711
CCAA,País Vasco,,,,,,capacidad_acceso,fotovoltaica,Fotovoltaica,Puesta en servicio,RdT,13546.82
CCAA,País Vasco,,,,,,capacidad_acceso,fotovoltaica,Fotovoltaica,Puesta en servicio,RdD,10102.23
CCAA,País Vasco,,,,,,capacidad_acceso,almacenamiento,Baterías,En curso,RdT,9815.0
CCAA,País Vasco,,,,,,capacidad_acceso,almacenamiento,Baterías,En curso,RdD,3431.22
CCAA,País Vasco,,,,,,capacidad_acceso,almacenamiento,Baterías,Con permisos,RdT,5078
CCAA,País Vasco,,,,,,capacidad_acceso,almacenamiento,Baterías,Con permisos,RdD,5909
CCAA,País Vasco,,,,,,capacidad_acceso,almacenamiento,Baterías,Puesta en servicio,RdT,
CCAA,País Vasco,,,,,,capacidad_acceso,almacenamiento,Baterías,Puesta en servicio,RdD,12.15
CCAA,País Vasco,,,,,,capacidad_acceso,hibridacion,Hibridación,En curso,RdT,1653.71
CCAA,País Vasco,,,,,,capacidad_acceso,hibridacion,Hibridación,En curso,RdD,178.18
CCAA,País Vasco,,,,,,capacidad_acceso,hibridacion,Hibridación,Con permisos,RdT,10134
CCAA,País Vasco,,,,,,capacidad_acceso,hibridacion,Hibridación,Con permisos,RdD,1484
CCAA,País Vasco,,,,,,capacidad_acceso,hibridacion,Hibridación,Puesta en servicio,RdT,22199.75
CCAA,País Vasco,,,,,,capacidad_acceso,hibridacion,Hibridación,Puesta en servicio,RdD,3131.03
CCAA,País Vasco,,,,,,capacidad_acceso,termosolar,Termosolar,Con permisos,RdT,
CCAA,País Vasco,,,,,,capacidad_acceso,termosolar,Termosolar,Con permisos,RdD,50
CCAA,País Vasco,,,,,,capacidad_acceso,termosolar,Termosolar,Puesta en servicio,RdT,1147.0
CCAA,País Vasco,,,,,,capacidad_acceso,termosolar,Termosolar,Puesta en servicio,RdD,520.5
CCAA,País Vasco,,,,,,capacidad_acceso,hidraulica,Hidráulica,Con permisos,RdT,191
CCAA,País Vasco,,,,,,capacidad_acceso,hidraulica,Hidráulica,Con permisos,RdD,48
CCAA,País Vasco,,,,,,capacidad_acceso,hidraulica,Hidráulica,Puesta en servicio,RdT,6402.18
CCAA,País Vasco,,,,,,capacidad_acceso,hidraulica,Hidráulica,Puesta en servicio,RdD,6022.6
CCAA,País Vasco,,,,,,capacidad_acceso,bombeo,Bombeo,En curso,RdT,1009
CCAA,País Vasco,,,,,,capacidad_acceso,bombeo,Bombeo,En curso,RdD,
CCAA,País Vasco,,,,,,capacidad_acceso,bombeo,Bombeo,Con permisos,RdT,3356
CCAA,País Vasco,,,,,,capacidad_acceso,bombeo,Bombeo,Con permisos,RdD,
CCAA,País Vasco,,,,,,capacidad_acceso,bombeo,Bombeo,Puesta en servicio,RdT,5377.85
CCAA,País Vasco,,,,,,capacidad_acceso,bombeo,Bombeo,Puesta en servicio,RdD,
CCAA,País Vasco,,,,,,capacidad_acceso,otras,Otras tecnologías,En curso,RdT,4570.06
CCAA,País Vasco,,,,,,capacidad_acceso,otras,Otras tecnologías,En curso,RdD,55.82
CCAA,País Vasco,,,,,,capacidad_acceso,otras,Otras tecnologías,Con permisos,RdT,249
CCAA,País Vasco,,,,,,capacidad_acceso,otras,Otras tecnologías,Con permisos,RdD,516
CCAA,País Vasco,,,,,,capacidad_acceso,otras,Otras tecnologías,Puesta en servicio,RdT,35351.69
CCAA,País Vasco,,,,,,capacidad_acceso,otras,Otras tecnologías,Puesta en servicio,RdD,6287.3
CCAA,País Vasco,,,,,,potencia_instalada,eolica,Eólica,En curso,RdT,11622.2
CCAA,País Vasco,,,,,,potencia_instalada,eolica,Eólica,En curso,RdD,1982.29
CCAA,País Vasco,,,,,,potencia_instalada,eolica,Eólica,Con permisos,RdT,18308
CCAA,País Vasco,,,,,,potencia_instalada,eolica,Eólica,Con permisos,RdD,4927
CCAA,País Vasco,,,,,,potencia_instalada,eolica,Eólica,Puesta en servicio,RdT,22329.22
CCAA,País Vasco,,,,,,potencia_instalada,eolica,Eólica,Puesta en servicio,RdD,10223.85
CCAA,País Vasco,,,,,,potencia_instalada,fotovoltaica,Fotovoltaica,En curso,RdT,10227.14
CCAA,País Vasco,,,,,,potencia_instalada,fotovoltaica,Fotovoltaica,En curso,RdD,5853.34
CCAA,País Vasco,,,,,,potencia_instalada,fotovoltaica,Fotovoltaica,Con permisos,RdT,51668
CCAA,País Vasco,,,,,,potencia_instalada,fotovoltaica,Fotovoltaica,Con permisos,RdD,16275
CCAA,País Vasco,,,,,,potencia_instalada,fotovoltaica,Fotovoltaica,Puesta en servicio,RdT,30612.0
CCAA,País Vasco,,,,,,potencia_instalada,fotovoltaica,Fotovoltaica,Puesta en servicio,RdD,12991.75
CCAA,País Vasco,,,,,,potencia_instalada,almacenamiento,Baterías,En curso,RdT,10251.6
CCAA,País Vasco,,,,,,potencia_instalada,almacenamiento,Baterías,En curso,RdD,3716.54
CCAA,País Vasco,,,,,,potencia_instalada,almacenamiento,Baterías,Con permisos,RdT,20045
CCAA,País Vasco,,,,,,potencia_instalada,almacenamiento,Baterías,Con permisos,RdD,8263
CCAA,País Vasco,,,,,,potencia_instalada,almacenamiento,Baterías,Puesta en servicio,RdT,140.38
CCAA,País Vasco,,,,,,potencia_instalada,almacenamiento,Baterías,Puesta en servicio,RdD,80.04
CCAA,País Vasco,,,,,,potencia_instalada,termosolar,Termosolar,Con permisos,RdT,
CCAA,País Vasco,,,,,,potencia_instalada,termosolar,Termosolar,Con permisos,RdD,81
CCAA,País Vasco,,,,,,potencia_instalada,termosolar,Termosolar,Puesta en servicio,RdT,1698.6
CCAA,País Vasco,,,,,,potencia_instalada,termosolar,Termosolar,Puesta en servicio,RdD,570.5
CCAA,País Vasco,,,,,,potencia_instalada,hidraulica,Hidráulica,En curso,RdT,
CCAA,País Vasco,,,,,,potencia_instalada,hidraulica,Hidráulica,En curso,RdD,15.2
CCAA,País Vasco,,,,,,potencia_instalada,hidraulica,Hidráulica,Con permisos,RdT,495
CCAA,País Vasco,,,,,,potencia_instalada,hidraulica,Hidráulica,Con permisos,RdD,100
CCAA,País Vasco,,,,,,potencia_instalada,hidraulica,Hidráulica,Puesta en servicio,RdT,6908.14
CCAA,País Vasco,,,,,,potencia_instalada,hidraulica,Hidráulica,Puesta en servicio,RdD,6029.68
CCAA,País Vasco,,,,,,potencia_instalada,bombeo,Bombeo,En curso,RdT,1009
CCAA,País Vasco,,,,,,potencia_instalada,bombeo,Bombeo,En curso,RdD,
CCAA,País Vasco,,,,,,potencia_instalada,bombeo,Bombeo,Con permisos,RdT,2966
CCAA,País Vasco,,,,,,potencia_instalada,bombeo,Bombeo,Con permisos,RdD,
CCAA,País Vasco,,,,,,potencia_instalada,bombeo,Bombeo,Puesta en servicio,RdT,5454.03
CCAA,País Vasco,,,,,,potencia_instalada,bombeo,Bombeo,Puesta en servicio,RdD,
CCAA,País Vasco,,,,,,potencia_instalada,otras,Otras tecnologías,En curso,RdT,5428.8
CCAA,País Vasco,,,,,,potencia_instalada,otras,Otras tecnologías,En curso,RdD,41.84
CCAA,País Vasco,,,,,,potencia_instalada,otras,Otras tecnologías,Con permisos,RdT,744
CCAA,País Vasco,,,,,,potencia_instalada,otras,Otras tecnologías,Con permisos,RdD,742
CCAA,País Vasco,,,,,,potencia_instalada,otras,Otras tecnologías,Puesta en servicio,RdT,39326.38
CCAA,País Vasco,,,,,,potencia_instalada,otras,Otras tecnologías,Puesta en servicio,RdD,6666.48
